tmk,area,parcel_acres,a_acres,b_acres,c_acres,d_acres,e_acres,S0_current_10pct_20ac,S3_20pct_nocap,bc_acres,de_acres,slope_le15,slope_15_30,slope_gt30,ag_use_2020,dominant_use_2020,dist_46kv_km,dist_138kv_km,owner_resolved,owner_type,in_bc_selection,lon,lat
156004037,James Campbell NWR (Kahuku),0.79,0.0,0.79,0.0,0.0,0.0,0.08,0.16,0.79,0.0,0.86,0.0,0.0,0.0,none_mapped,0.66,22.56,United States - FWS,federal,False,-157.97,21.69
156002026,James Campbell NWR (Kahuku),10.69,0.0,10.68,0.0,0.0,0.0,1.07,2.14,10.68,0.0,10.45,0.22,0.0,0.0,none_mapped,0.02,21.3,United States - FWS,federal,False,-157.95,21.68
156003004,James Campbell NWR (Kahuku),0.25,0.0,0.0,0.0,0.0,0.25,0.0,0.0,0.0,0.25,0.3,0.0,0.0,0.0,none_mapped,0.77,22.82,United States - FWS,federal,False,-157.97,21.7
156002001,James Campbell NWR (Kahuku),66.16,16.17,49.99,0.0,0.0,0.0,6.62,13.23,49.99,0.0,66.27,0.0,0.0,57.24,aquaculture,0.06,21.45,United States - FWS,federal,False,-157.96,21.68
156002002,James Campbell NWR (Kahuku),0.45,0.1,0.35,0.0,0.0,0.0,0.04,0.09,0.35,0.0,0.49,0.0,0.0,0.45,aquaculture,0.58,21.9,United States - FWS,federal,False,-157.96,21.69
156002003,James Campbell NWR (Kahuku),2.85,0.0,0.0,0.0,0.0,2.85,0.0,0.0,0.0,2.85,2.62,0.0,0.0,0.0,none_mapped,1.13,22.52,United States - FWS,federal,False,-157.96,21.69
156002006,James Campbell NWR (Kahuku),0.25,0.0,0.25,0.0,0.0,0.0,0.02,0.05,0.25,0.0,0.27,0.0,0.0,0.25,aquaculture,0.75,22.16,United States - FWS,federal,False,-157.96,21.69
156002007,James Campbell NWR (Kahuku),0.23,0.0,0.23,0.0,0.0,0.0,0.02,0.05,0.23,0.0,0.25,0.0,0.0,0.0,none_mapped,1.17,22.55,United States - FWS,federal,False,-157.96,21.69
156002008,James Campbell NWR (Kahuku),0.24,0.0,0.24,0.0,0.0,0.0,0.02,0.05,0.24,0.0,0.22,0.0,0.0,0.0,none_mapped,1.14,22.59,United States - FWS,federal,False,-157.96,21.69
156002009,James Campbell NWR (Kahuku),302.7,0.0,0.0,0.0,0.0,253.13,0.0,0.0,0.0,253.13,298.01,4.79,0.2,2.51,aquaculture,1.09,22.54,United States - FWS,federal,False,-157.96,21.7
156002019,James Campbell NWR (Kahuku),283.76,39.76,168.64,0.0,0.0,75.37,20.0,56.75,168.64,75.37,283.31,0.27,0.0,153.79,aquaculture,0.26,21.75,United States - FWS,federal,False,-157.96,21.69
156002025,James Campbell NWR (Kahuku),20.98,0.0,0.08,0.0,0.0,0.0,0.08,0.08,0.08,0.0,20.63,0.32,0.0,0.0,none_mapped,0.02,21.25,United States - FWS,federal,False,-157.95,21.68
156002042,James Campbell NWR (Kahuku),0.09,0.0,0.06,0.0,0.0,0.03,0.01,0.02,0.06,0.03,0.07,0.0,0.0,0.0,none_mapped,0.74,22.69,United States - FWS,federal,False,-157.97,21.69
156002043,James Campbell NWR (Kahuku),0.73,0.0,0.73,0.0,0.0,0.0,0.07,0.15,0.73,0.0,0.79,0.0,0.0,0.64,aquaculture,0.72,22.56,United States - FWS,federal,False,-157.97,21.69
156002044,James Campbell NWR (Kahuku),0.12,0.0,0.12,0.0,0.0,0.0,0.01,0.02,0.12,0.0,0.1,0.0,0.0,0.02,aquaculture,0.33,22.31,United States - FWS,federal,False,-157.97,21.69
156002050,James Campbell NWR (Kahuku),113.19,0.0,77.34,0.0,0.0,27.78,11.32,22.64,77.34,27.78,112.46,0.84,0.0,0.0,none_mapped,0.02,21.35,United States - FWS,federal,False,-157.95,21.69
156003006,James Campbell NWR (Kahuku),0.24,0.24,0.0,0.0,0.0,0.0,0.0,0.0,0.0,0.0,0.22,0.0,0.0,0.24,aquaculture,0.48,22.13,United States - FWS,federal,False,-157.97,21.69
156003035,James Campbell NWR (Kahuku),2.36,0.0,0.0,0.0,0.0,2.36,0.0,0.0,0.0,2.36,2.35,0.0,0.0,0.0,none_mapped,1.08,22.86,United States - FWS,federal,False,-157.96,21.7
156004034,James Campbell NWR (Kahuku),1.3,0.0,1.3,0.0,0.0,0.0,0.13,0.26,1.3,0.0,1.26,0.0,0.0,0.0,none_mapped,0.7,22.59,United States - FWS,federal,False,-157.97,21.69
156004002,James Campbell NWR (Kahuku),5.88,0.27,5.61,0.0,0.0,0.0,0.59,1.18,5.61,0.0,5.88,0.0,0.0,5.78,aquaculture,0.4,22.29,United States - FWS,federal,False,-157.97,21.69
156004003,James Campbell NWR (Kahuku),0.39,0.0,0.39,0.0,0.0,0.0,0.04,0.08,0.39,0.0,0.42,0.0,0.0,0.39,aquaculture,0.48,22.33,United States - FWS,federal,False,-157.97,21.69
156004006,James Campbell NWR (Kahuku),0.17,0.0,0.17,0.0,0.0,0.0,0.02,0.04,0.17,0.0,0.2,0.0,0.0,0.17,aquaculture,0.53,22.41,United States - FWS,federal,False,-157.97,21.69
156004009,James Campbell NWR (Kahuku),2.49,0.0,2.49,0.0,0.0,0.0,0.25,0.5,2.49,0.0,2.5,0.0,0.0,0.0,none_mapped,0.31,22.31,United States - FWS,federal,False,-157.97,21.69
156004012,James Campbell NWR (Kahuku),0.22,0.0,0.22,0.0,0.0,0.0,0.02,0.04,0.22,0.0,0.22,0.0,0.0,0.0,none_mapped,0.43,22.47,United States - FWS,federal,False,-157.97,21.69
156004015,James Campbell NWR (Kahuku),3.77,0.0,3.77,0.0,0.0,0.0,0.38,0.76,3.77,0.0,3.78,0.0,0.0,0.0,none_mapped,0.29,22.45,United States - FWS,federal,False,-157.97,21.69
156004018,James Campbell NWR (Kahuku),0.18,0.0,0.18,0.0,0.0,0.0,0.02,0.04,0.18,0.0,0.17,0.0,0.0,0.0,none_mapped,0.46,22.58,United States - FWS,federal,False,-157.97,21.69
156004022,James Campbell NWR (Kahuku),0.44,0.0,0.0,0.0,0.0,0.44,0.0,0.0,0.0,0.44,0.42,0.0,0.0,0.0,none_mapped,0.63,22.75,United States - FWS,federal,False,-157.97,21.7
156004023,James Campbell NWR (Kahuku),0.6,0.0,0.6,0.0,0.0,0.0,0.06,0.12,0.6,0.0,0.54,0.0,0.0,0.0,none_mapped,0.54,22.6,United States - FWS,federal,False,-157.97,21.69
156004024,James Campbell NWR (Kahuku),2.1,0.0,2.04,0.0,0.0,0.06,0.21,0.42,2.04,0.06,2.08,0.0,0.0,0.0,none_mapped,0.51,22.5,United States - FWS,federal,False,-157.97,21.69
156004027,James Campbell NWR (Kahuku),4.72,0.0,4.34,0.0,0.0,0.39,0.47,0.94,4.34,0.39,4.84,0.0,0.0,0.0,none_mapped,0.53,22.49,United States - FWS,federal,False,-157.97,21.69
156004039,James Campbell NWR (Kahuku),0.25,0.25,0.0,0.0,0.0,0.0,0.0,0.0,0.0,0.0,0.32,0.0,0.0,0.25,aquaculture,0.52,22.21,United States - FWS,federal,False,-157.97,21.69
156004045,James Campbell NWR (Kahuku),0.66,0.0,0.66,0.0,0.0,0.0,0.07,0.13,0.66,0.0,0.64,0.0,0.0,0.35,aquaculture,0.48,22.4,United States - FWS,federal,False,-157.97,21.69
156004046,James Campbell NWR (Kahuku),1.54,0.0,1.54,0.0,0.0,0.0,0.15,0.31,1.54,0.0,1.58,0.0,0.0,1.53,aquaculture,0.54,22.35,United States - FWS,federal,False,-157.97,21.69
149003044,Kualoa Regional Park,3.27,0.0,0.0,0.69,2.39,0.0,0.33,0.65,0.69,2.39,3.24,0.0,0.0,0.0,none_mapped,9.2,9.2,City & County of Honolulu,county,True,-157.84,21.51
149004001,Kualoa Regional Park,151.3,0.0,0.7,89.66,42.49,10.21,15.13,30.26,90.35,52.71,150.51,0.79,0.02,0.0,none_mapped,9.15,9.15,City & County of Honolulu,county,False,-157.84,21.51
194005019,Patsy T. Mink Central Oahu Regional Park,11.2,0.0,0.0,0.0,0.0,1.22,0.0,0.0,0.0,1.22,10.62,0.67,0.0,0.0,none_mapped,0.0,0.0,City & County of Honolulu,county,False,-158.01,21.43
194006014,Patsy T. Mink Central Oahu Regional Park,2.31,0.0,2.3,0.0,0.0,0.0,0.23,0.46,2.3,0.0,2.4,0.0,0.0,0.0,none_mapped,0.1,0.1,City & County of Honolulu,county,False,-158.0,21.44
194006015,Patsy T. Mink Central Oahu Regional Park,1.57,0.0,1.52,0.0,0.0,0.0,0.16,0.31,1.52,0.0,1.51,0.0,0.0,0.0,none_mapped,0.14,0.14,City & County of Honolulu,county,False,-158.0,21.44
151004001,Kualoa Ranch (Morgan family),546.07,0.0,0.0,93.33,39.75,335.97,20.0,93.33,93.33,375.72,174.23,213.5,158.79,465.89,pasture,10.63,10.63,Kualoa Ranch (Morgan family),corporate_ag,False,-157.85,21.53
149001008,Kualoa Ranch (Morgan family),0.1,0.0,0.0,0.1,0.0,0.0,0.01,0.02,0.1,0.0,0.1,0.0,0.0,0.0,none_mapped,8.97,8.97,Kualoa Ranch (Morgan family),corporate_ag,False,-157.86,21.5
149001010,Kualoa Ranch (Morgan family),0.74,0.0,0.0,0.74,0.0,0.0,0.07,0.15,0.74,0.0,0.79,0.0,0.0,0.74,pasture,9.36,9.36,Kualoa Ranch (Morgan family),corporate_ag,False,-157.86,21.51
149001031,Kualoa Ranch (Morgan family),0.24,0.0,0.0,0.04,0.0,0.2,0.02,0.04,0.04,0.2,0.07,0.1,0.05,0.0,none_mapped,9.15,9.15,Kualoa Ranch (Morgan family),corporate_ag,False,-157.86,21.51
149001001,Kualoa Ranch (Morgan family),100.25,0.0,0.0,23.26,12.18,64.69,10.02,20.05,23.26,76.86,27.87,28.39,43.84,92.57,pasture,8.4,8.4,Kualoa Ranch (Morgan family),corporate_ag,False,-157.86,21.51
149001011,Kualoa Ranch (Morgan family),2.66,0.0,0.0,2.14,0.0,0.52,0.27,0.53,2.14,0.52,2.64,0.0,0.0,0.0,none_mapped,9.26,9.26,Kualoa Ranch (Morgan family),corporate_ag,False,-157.85,21.51
149001012,Kualoa Ranch (Morgan family),0.36,0.0,0.0,0.26,0.1,0.0,0.04,0.07,0.26,0.1,0.37,0.0,0.0,0.0,none_mapped,9.06,9.06,Kualoa Ranch (Morgan family),corporate_ag,False,-157.85,21.51
149001013,Kualoa Ranch (Morgan family),1.03,0.0,0.0,0.74,0.29,0.0,0.1,0.21,0.74,0.29,0.74,0.2,0.05,0.02,taro,8.96,8.96,Kualoa Ranch (Morgan family),corporate_ag,False,-157.86,21.5
149001014,Kualoa Ranch (Morgan family),31.85,0.0,0.0,10.57,19.23,1.68,3.18,6.37,10.57,20.91,30.54,1.53,0.07,8.66,aquaculture,8.77,8.77,Kualoa Ranch (Morgan family),corporate_ag,False,-157.85,21.51
149001018,Kualoa Ranch (Morgan family),4.95,0.0,0.0,2.22,2.73,0.0,0.5,0.99,2.22,2.73,3.51,1.01,0.3,3.18,taro,8.79,8.79,Kualoa Ranch (Morgan family),corporate_ag,False,-157.85,21.5
149001019,Kualoa Ranch (Morgan family),0.11,0.0,0.0,0.06,0.0,0.05,0.01,0.02,0.06,0.05,0.12,0.0,0.0,0.0,none_mapped,9.32,9.32,Kualoa Ranch (Morgan family),corporate_ag,False,-157.86,21.51
149001029,Kualoa Ranch (Morgan family),0.15,0.0,0.0,0.0,0.0,0.15,0.0,0.0,0.0,0.15,0.12,0.0,0.0,0.01,pasture,9.01,9.01,Kualoa Ranch (Morgan family),corporate_ag,False,-157.86,21.5
149001030,Kualoa Ranch (Morgan family),1.09,0.0,0.0,0.25,0.0,0.85,0.11,0.22,0.25,0.85,0.17,0.72,0.22,0.42,pasture,8.88,8.88,Kualoa Ranch (Morgan family),corporate_ag,False,-157.86,21.5
149001032,Kualoa Ranch (Morgan family),0.76,0.0,0.0,0.38,0.14,0.23,0.08,0.15,0.38,0.37,0.67,0.07,0.02,0.0,none_mapped,9.03,9.03,Kualoa Ranch (Morgan family),corporate_ag,False,-157.86,21.51
149002001,Kualoa Ranch (Morgan family),236.62,0.0,0.06,5.47,23.12,205.87,5.53,5.53,5.53,228.99,29.28,85.82,121.68,228.53,pasture,9.43,9.43,Kualoa Ranch (Morgan family),corporate_ag,False,-157.85,21.51
149002002,Kualoa Ranch (Morgan family),0.48,0.0,0.0,0.0,0.0,0.48,0.0,0.0,0.0,0.48,0.05,0.12,0.3,0.48,pasture,9.96,9.96,Kualoa Ranch (Morgan family),corporate_ag,False,-157.85,21.51
149002003,Kualoa Ranch (Morgan family),0.13,0.0,0.0,0.1,0.0,0.03,0.01,0.02,0.1,0.03,0.0,0.07,0.02,0.13,pasture,9.5,9.5,Kualoa Ranch (Morgan family),corporate_ag,False,-157.86,21.51
149002005,Kualoa Ranch (Morgan family),0.13,0.0,0.0,0.0,0.0,0.13,0.0,0.0,0.0,0.13,0.05,0.05,0.07,0.13,pasture,9.59,9.59,Kualoa Ranch (Morgan family),corporate_ag,False,-157.86,21.51
149002008,Kualoa Ranch (Morgan family),0.16,0.0,0.0,0.0,0.0,0.16,0.0,0.0,0.0,0.16,0.1,0.05,0.0,0.1,pasture,9.55,9.55,Kualoa Ranch (Morgan family),corporate_ag,False,-157.85,21.51
149003012,Kualoa Ranch (Morgan family),0.19,0.0,0.12,0.0,0.07,0.0,0.02,0.04,0.12,0.07,0.2,0.0,0.0,0.0,none_mapped,9.43,9.43,Kualoa Ranch (Morgan family),corporate_ag,False,-157.85,21.51
149003013,Kualoa Ranch (Morgan family),0.29,0.0,0.0,0.0,0.29,0.0,0.0,0.0,0.0,0.29,0.27,0.0,0.0,0.15,diversified_crop,9.49,9.49,Kualoa Ranch (Morgan family),corporate_ag,False,-157.85,21.51
149003014,Kualoa Ranch (Morgan family),0.24,0.0,0.0,0.0,0.24,0.0,0.0,0.0,0.0,0.24,0.25,0.0,0.0,0.0,none_mapped,9.52,9.52,Kualoa Ranch (Morgan family),corporate_ag,False,-157.85,21.51
149003001,Kualoa Ranch (Morgan family),47.09,0.0,29.22,3.1,13.96,0.0,4.71,9.42,32.32,13.96,37.07,8.82,1.31,5.93,diversified_crop,9.16,9.16,Kualoa Ranch (Morgan family),corporate_ag,False,-157.85,21.51
149003002,Kualoa Ranch (Morgan family),3.36,0.0,0.0,3.14,0.0,0.0,0.34,0.67,3.14,0.0,3.29,0.0,0.0,0.0,none_mapped,9.03,9.03,Kualoa Ranch (Morgan family),corporate_ag,False,-157.85,21.51
149003005,Kualoa Ranch (Morgan family),0.72,0.0,0.14,0.54,0.03,0.0,0.07,0.14,0.69,0.03,0.69,0.0,0.0,0.0,none_mapped,9.3,9.3,Kualoa Ranch (Morgan family),corporate_ag,False,-157.85,21.51
149003011,Kualoa Ranch (Morgan family),0.22,0.0,0.0,0.0,0.22,0.0,0.0,0.0,0.0,0.22,0.2,0.0,0.0,0.0,none_mapped,9.52,9.52,Kualoa Ranch (Morgan family),corporate_ag,False,-157.85,21.51
149003015,Kualoa Ranch (Morgan family),0.2,0.0,0.0,0.0,0.2,0.0,0.0,0.0,0.0,0.2,0.17,0.05,0.0,0.0,none_mapped,9.55,9.55,Kualoa Ranch (Morgan family),corporate_ag,False,-157.85,21.51
149003016,Kualoa Ranch (Morgan family),0.42,0.0,0.42,0.0,0.0,0.0,0.04,0.08,0.42,0.0,0.35,0.07,0.0,0.0,none_mapped,9.64,9.64,Kualoa Ranch (Morgan family),corporate_ag,False,-157.85,21.51
149003018,Kualoa Ranch (Morgan family),0.44,0.0,0.44,0.0,0.0,0.0,0.04,0.09,0.44,0.0,0.15,0.27,0.0,0.0,none_mapped,9.72,9.72,Kualoa Ranch (Morgan family),corporate_ag,False,-157.85,21.51
149003020,Kualoa Ranch (Morgan family),0.1,0.0,0.0,0.08,0.02,0.0,0.01,0.02,0.08,0.02,0.07,0.0,0.0,0.0,none_mapped,9.2,9.2,Kualoa Ranch (Morgan family),corporate_ag,False,-157.85,21.51
149003024,Kualoa Ranch (Morgan family),0.43,0.0,0.0,0.0,0.43,0.0,0.0,0.0,0.0,0.43,0.47,0.0,0.0,0.0,none_mapped,9.48,9.48,Kualoa Ranch (Morgan family),corporate_ag,False,-157.85,21.51
149003027,Kualoa Ranch (Morgan family),0.44,0.0,0.0,0.39,0.06,0.0,0.04,0.09,0.39,0.06,0.49,0.0,0.0,0.0,none_mapped,9.15,9.15,Kualoa Ranch (Morgan family),corporate_ag,False,-157.85,21.51
149003032,Kualoa Ranch (Morgan family),1.95,0.0,0.0,0.16,1.8,0.0,0.16,0.16,0.16,1.8,1.63,0.32,0.0,0.0,none_mapped,9.4,9.4,Kualoa Ranch (Morgan family),corporate_ag,False,-157.85,21.51
149003042,Kualoa Ranch (Morgan family),0.02,0.0,0.0,0.0,0.02,0.0,0.0,0.0,0.0,0.02,0.02,0.0,0.0,0.0,none_mapped,9.53,9.53,Kualoa Ranch (Morgan family),corporate_ag,False,-157.85,21.51
149003043,Kualoa Ranch (Morgan family),133.1,0.0,2.17,7.65,3.84,0.96,9.82,9.82,9.82,4.8,132.89,0.12,0.0,11.46,aquaculture,9.13,9.13,Kualoa Ranch (Morgan family),corporate_ag,True,-157.85,21.51
149003045,Kualoa Ranch (Morgan family),0.47,0.0,0.0,0.0,0.47,0.0,0.0,0.0,0.0,0.47,0.49,0.0,0.0,0.0,none_mapped,9.44,9.44,Kualoa Ranch (Morgan family),corporate_ag,False,-157.85,21.51
149004002,Kualoa Ranch (Morgan family),118.71,0.0,0.04,44.14,6.31,66.46,11.87,23.74,44.18,72.77,58.34,33.36,27.08,92.36,pasture,10.0,10.0,Kualoa Ranch (Morgan family),corporate_ag,False,-157.84,21.52
149004009,Kualoa Ranch (Morgan family),1.23,0.0,0.0,0.0,0.0,1.23,0.0,0.0,0.0,1.23,0.0,0.07,1.16,0.0,none_mapped,10.02,10.02,Kualoa Ranch (Morgan family),corporate_ag,False,-157.84,21.52
149005001,Kualoa Ranch (Morgan family),155.3,0.0,0.0,70.72,0.04,73.11,15.53,31.06,70.72,73.15,92.0,42.45,20.86,90.05,pasture,10.43,10.43,Kualoa Ranch (Morgan family),corporate_ag,False,-157.84,21.53
149006001,Kualoa Ranch (Morgan family),721.48,0.0,0.0,0.0,0.0,7.37,0.0,0.0,0.0,7.37,7.46,57.97,656.36,10.83,pasture,8.4,8.4,Kualoa Ranch (Morgan family),corporate_ag,False,-157.86,21.52
151001001,Kualoa Ranch (Morgan family),154.34,0.0,77.38,15.66,24.09,33.98,15.43,30.87,93.05,58.07,126.96,16.8,10.4,111.99,pasture,11.9,11.9,Kualoa Ranch (Morgan family),corporate_ag,False,-157.84,21.54
151001002,Kualoa Ranch (Morgan family),0.36,0.0,0.13,0.22,0.0,0.0,0.04,0.07,0.36,0.0,0.35,0.0,0.0,0.0,none_mapped,12.98,12.98,Kualoa Ranch (Morgan family),corporate_ag,False,-157.85,21.54
151001003,Kualoa Ranch (Morgan family),0.15,0.0,0.0,0.15,0.0,0.0,0.02,0.03,0.15,0.0,0.15,0.0,0.0,0.0,none_mapped,13.03,13.03,Kualoa Ranch (Morgan family),corporate_ag,False,-157.85,21.54
151001004,Kualoa Ranch (Morgan family),0.4,0.0,0.29,0.07,0.0,0.04,0.04,0.08,0.36,0.04,0.4,0.0,0.0,0.0,none_mapped,13.01,13.01,Kualoa Ranch (Morgan family),corporate_ag,False,-157.85,21.54
151001005,Kualoa Ranch (Morgan family),0.12,0.0,0.0,0.0,0.0,0.12,0.0,0.0,0.0,0.12,0.12,0.0,0.0,0.0,none_mapped,13.08,13.08,Kualoa Ranch (Morgan family),corporate_ag,False,-157.85,21.54
151001007,Kualoa Ranch (Morgan family),0.53,0.0,0.0,0.0,0.0,0.53,0.0,0.0,0.0,0.53,0.54,0.0,0.0,0.0,none_mapped,13.06,13.06,Kualoa Ranch (Morgan family),corporate_ag,False,-157.85,21.54
151001015,Kualoa Ranch (Morgan family),0.54,0.0,0.42,0.0,0.12,0.0,0.05,0.11,0.42,0.12,0.54,0.0,0.0,0.54,pasture,12.34,12.34,Kualoa Ranch (Morgan family),corporate_ag,False,-157.84,21.54
151001016,Kualoa Ranch (Morgan family),0.45,0.0,0.0,0.0,0.45,0.0,0.0,0.0,0.0,0.45,0.47,0.0,0.0,0.34,pasture,12.19,12.19,Kualoa Ranch (Morgan family),corporate_ag,False,-157.84,21.54
151001023,Kualoa Ranch (Morgan family),0.34,0.0,0.34,0.0,0.0,0.0,0.03,0.07,0.34,0.0,0.37,0.0,0.0,0.34,pasture,12.4,12.4,Kualoa Ranch (Morgan family),corporate_ag,False,-157.84,21.54
151001024,Kualoa Ranch (Morgan family),0.25,0.0,0.25,0.0,0.0,0.0,0.02,0.05,0.25,0.0,0.22,0.0,0.0,0.25,pasture,12.78,12.78,Kualoa Ranch (Morgan family),corporate_ag,False,-157.84,21.54
151001025,Kualoa Ranch (Morgan family),0.5,0.0,0.0,0.01,0.49,0.0,0.01,0.01,0.01,0.49,0.47,0.0,0.0,0.09,pasture,12.15,12.15,Kualoa Ranch (Morgan family),corporate_ag,False,-157.84,21.53
151004002,Kualoa Ranch (Morgan family),0.08,0.0,0.0,0.0,0.0,0.08,0.0,0.0,0.0,0.08,0.0,0.02,0.02,0.03,pasture,12.88,12.88,Kualoa Ranch (Morgan family),corporate_ag,False,-157.85,21.54
151004003,Kualoa Ranch (Morgan family),0.69,0.0,0.0,0.0,0.0,0.69,0.0,0.0,0.0,0.69,0.0,0.02,0.62,0.62,pasture,12.92,12.92,Kualoa Ranch (Morgan family),corporate_ag,False,-157.85,21.54
151008002,Kualoa Ranch (Morgan family),22.17,0.0,0.0,3.32,14.2,3.42,2.22,3.32,3.32,17.61,13.02,8.5,0.67,4.0,pasture,13.77,13.77,Kualoa Ranch (Morgan family),corporate_ag,False,-157.85,21.55
151008004,Kualoa Ranch (Morgan family),3.8,0.0,0.0,0.0,3.53,0.27,0.0,0.0,0.0,3.8,1.41,2.3,0.02,2.58,pasture,13.61,13.61,Kualoa Ranch (Morgan family),corporate_ag,False,-157.85,21.55
151007001,Kualoa Ranch (Morgan family),1303.21,0.0,0.0,0.0,9.01,32.7,0.0,0.0,0.0,41.7,13.76,87.06,1201.6,24.93,pasture,10.38,10.38,Kualoa Ranch (Morgan family),corporate_ag,False,-157.86,21.54
151007002,Kualoa Ranch (Morgan family),35.26,0.0,0.0,0.0,26.17,7.58,0.0,0.0,0.0,33.75,0.49,22.59,12.33,27.93,pasture,12.87,12.87,Kualoa Ranch (Morgan family),corporate_ag,False,-157.85,21.54
151007003,Kualoa Ranch (Morgan family),19.83,0.0,0.0,0.0,0.21,0.0,0.0,0.0,0.0,0.21,0.39,3.73,15.89,0.0,none_mapped,13.83,13.83,Kualoa Ranch (Morgan family),corporate_ag,False,-157.85,21.55
151008006,Kualoa Ranch (Morgan family),3.42,0.0,0.0,0.0,0.63,2.08,0.0,0.0,0.0,2.71,0.3,1.14,1.93,0.04,pasture,13.86,13.86,Kualoa Ranch (Morgan family),corporate_ag,False,-157.85,21.55
151008007,Kualoa Ranch (Morgan family),25.21,0.0,0.01,2.95,11.48,5.06,2.52,2.95,2.95,16.54,13.79,10.18,1.31,17.2,pasture,13.04,13.04,Kualoa Ranch (Morgan family),corporate_ag,False,-157.85,21.55
151013003,Kualoa Ranch (Morgan family),0.37,0.0,0.04,0.0,0.0,0.0,0.04,0.04,0.04,0.0,0.4,0.0,0.0,0.0,none_mapped,12.48,12.48,Kualoa Ranch (Morgan family),corporate_ag,False,-157.84,21.54
151013004,Kualoa Ranch (Morgan family),0.34,0.0,0.02,0.0,0.0,0.0,0.02,0.02,0.02,0.0,0.35,0.0,0.0,0.0,none_mapped,12.52,12.52,Kualoa Ranch (Morgan family),corporate_ag,False,-157.84,21.54
151013005,Kualoa Ranch (Morgan family),0.32,0.0,0.02,0.0,0.0,0.0,0.02,0.02,0.02,0.0,0.3,0.0,0.0,0.0,none_mapped,12.55,12.55,Kualoa Ranch (Morgan family),corporate_ag,False,-157.84,21.54
151013006,Kualoa Ranch (Morgan family),0.3,0.0,0.0,0.0,0.0,0.0,0.0,0.0,0.0,0.0,0.32,0.0,0.0,0.0,none_mapped,12.58,12.58,Kualoa Ranch (Morgan family),corporate_ag,False,-157.84,21.54
148014006,Waikane Valley Impact Area (MCBH parcel),199.77,0.0,0.0,18.89,0.0,29.83,18.89,18.89,18.89,29.83,17.47,23.38,158.86,0.0,none_mapped,8.31,8.31,United States of America,federal,False,-157.87,21.5
148002008,"Waikane valley floor (non-HHFDC, non-federal)",0.84,0.0,0.0,0.0,0.84,0.0,0.0,0.0,0.0,0.84,0.86,0.0,0.0,0.0,none_mapped,7.05,7.05,City & County of Honolulu,county,False,-157.85,21.49
148002009,"Waikane valley floor (non-HHFDC, non-federal)",0.45,0.0,0.0,0.0,0.4,0.0,0.0,0.0,0.0,0.4,0.49,0.0,0.0,0.0,none_mapped,6.89,6.89,City & County of Honolulu,county,False,-157.85,21.49
148002010,"Waikane valley floor (non-HHFDC, non-federal)",0.37,0.0,0.0,0.0,0.37,0.0,0.0,0.0,0.0,0.37,0.37,0.0,0.0,0.0,none_mapped,6.83,6.83,State of Hawaii (agency unspecified),state,False,-157.85,21.49
148002011,"Waikane valley floor (non-HHFDC, non-federal)",1.2,0.0,0.0,0.0,1.2,0.0,0.0,0.0,0.0,1.2,1.16,0.0,0.0,0.0,none_mapped,6.69,6.69,City & County of Honolulu,county,False,-157.85,21.49
148003001,"Waikane valley floor (non-HHFDC, non-federal)",23.69,0.0,0.0,5.97,10.1,0.0,2.37,4.74,5.97,10.1,23.57,0.32,0.0,0.23,diversified_crop,7.2,7.2,City & County of Honolulu,county,False,-157.85,21.49
148003003,"Waikane valley floor (non-HHFDC, non-federal)",0.94,0.0,0.0,0.0,0.0,0.0,0.0,0.0,0.0,0.0,0.67,0.27,0.0,0.0,none_mapped,8.01,8.01,"Tsutsui,Ralph M Residuary Tr",individual,False,-157.85,21.5
148003010,"Waikane valley floor (non-HHFDC, non-federal)",0.76,0.0,0.0,0.0,0.0,0.0,0.0,0.0,0.0,0.0,0.72,0.0,0.0,0.0,none_mapped,8.17,8.17,"Freimanis,Family Trust",individual,False,-157.85,21.5
148003011,"Waikane valley floor (non-HHFDC, non-federal)",0.99,0.0,0.0,0.01,0.0,0.0,0.01,0.01,0.01,0.0,0.69,0.27,0.0,0.0,none_mapped,8.05,8.05,Yokoi Enterrises Llc,corporate_other,False,-157.85,21.5
148003014,"Waikane valley floor (non-HHFDC, non-federal)",1.99,0.0,0.0,0.0,1.89,0.0,0.0,0.0,0.0,1.89,2.03,0.0,0.0,0.0,none_mapped,7.45,7.45,City & County of Honolulu,county,False,-157.85,21.49
148003015,"Waikane valley floor (non-HHFDC, non-federal)",3.33,0.0,0.0,0.0,3.32,0.0,0.0,0.0,0.0,3.32,3.31,0.0,0.0,0.0,none_mapped,7.17,7.17,City & County of Honolulu,county,False,-157.85,21.49
148003016,"Waikane valley floor (non-HHFDC, non-federal)",7.87,0.0,0.0,0.0,0.0,0.0,0.0,0.0,0.0,0.0,7.96,0.0,0.0,2.98,diversified_crop,7.54,7.54,City & County of Honolulu,county,False,-157.85,21.49
148003017,"Waikane valley floor (non-HHFDC, non-federal)",0.16,0.0,0.0,0.01,0.0,0.0,0.01,0.01,0.01,0.0,0.15,0.0,0.0,0.0,none_mapped,8.23,8.23,"Aipia,Kevin K & Stephanie L Tr",individual,False,-157.85,21.5
148003018,"Waikane valley floor (non-HHFDC, non-federal)",0.25,0.0,0.0,0.0,0.0,0.0,0.0,0.0,0.0,0.0,0.27,0.0,0.0,0.0,none_mapped,8.25,8.25,"Chung,George",individual,False,-157.85,21.5
148003021,"Waikane valley floor (non-HHFDC, non-federal)",1.5,0.0,0.0,1.43,0.07,0.0,0.15,0.3,1.43,0.07,1.53,0.0,0.0,0.0,none_mapped,7.42,7.42,City & County of Honolulu,county,False,-157.85,21.49
148003022,"Waikane valley floor (non-HHFDC, non-federal)",0.98,0.0,0.0,0.7,0.29,0.0,0.1,0.2,0.7,0.29,0.94,0.0,0.0,0.0,none_mapped,7.37,7.37,City & County of Honolulu,county,False,-157.85,21.49
148003023,"Waikane valley floor (non-HHFDC, non-federal)",0.23,0.0,0.0,0.0,0.23,0.0,0.0,0.0,0.0,0.23,0.22,0.0,0.0,0.0,none_mapped,7.32,7.32,City & County of Honolulu,county,False,-157.85,21.49
148003025,"Waikane valley floor (non-HHFDC, non-federal)",0.22,0.0,0.0,0.01,0.0,0.0,0.01,0.01,0.01,0.0,0.2,0.0,0.0,0.0,none_mapped,8.13,8.13,"Uyemura,Miles  & Roberta Tr",individual,False,-157.85,21.5
148003026,"Waikane valley floor (non-HHFDC, non-federal)",0.52,0.0,0.0,0.0,0.0,0.0,0.0,0.0,0.0,0.0,0.42,0.1,0.0,0.0,none_mapped,8.11,8.11,"Saunders,Shelby T Tr",individual,False,-157.85,21.5
148003027,"Waikane valley floor (non-HHFDC, non-federal)",0.51,0.0,0.0,0.01,0.0,0.0,0.01,0.01,0.01,0.0,0.37,0.15,0.0,0.0,none_mapped,8.09,8.09,"Kong,Eugene A C Tr",individual,False,-157.85,21.5
148003028,"Waikane valley floor (non-HHFDC, non-federal)",0.27,0.0,0.0,0.0,0.0,0.0,0.0,0.0,0.0,0.0,0.27,0.0,0.0,0.0,none_mapped,8.27,8.27,U'U Estate,unknown,False,-157.85,21.5
148003029,"Waikane valley floor (non-HHFDC, non-federal)",0.29,0.0,0.0,0.0,0.0,0.0,0.0,0.0,0.0,0.0,0.3,0.0,0.0,0.0,none_mapped,8.29,8.29,"Mendoza,Family Trust",individual,False,-157.85,21.5
148003030,"Waikane valley floor (non-HHFDC, non-federal)",0.29,0.0,0.0,0.0,0.0,0.0,0.0,0.0,0.0,0.0,0.3,0.0,0.0,0.14,pasture,8.31,8.31,"Shook,Monica K",individual,False,-157.85,21.5
148003041,"Waikane valley floor (non-HHFDC, non-federal)",0.17,0.0,0.0,0.0,0.0,0.0,0.0,0.0,0.0,0.0,0.2,0.0,0.0,0.0,none_mapped,8.13,8.13,Various owners (RPAD aggregate),unknown,False,-157.85,21.5
148003045,"Waikane valley floor (non-HHFDC, non-federal)",0.27,0.0,0.0,0.01,0.0,0.0,0.01,0.01,0.01,0.0,0.3,0.0,0.0,0.0,none_mapped,8.16,8.16,"Whiting,Dwight I",individual,False,-157.85,21.5
148003047,"Waikane valley floor (non-HHFDC, non-federal)",0.15,0.0,0.0,0.01,0.0,0.0,0.01,0.01,0.01,0.0,0.15,0.0,0.0,0.0,none_mapped,8.2,8.2,"Quan,Ursula B K S",individual,False,-157.85,21.5
148004003,"Waikane valley floor (non-HHFDC, non-federal)",2.57,0.0,0.0,1.85,0.72,0.0,0.26,0.51,1.85,0.72,2.08,0.44,0.07,2.56,pasture,7.61,7.61,Keiki 'O Ka 'Aina Prescholl Inc,corporate_other,False,-157.85,21.49
148005003,"Waikane valley floor (non-HHFDC, non-federal)",2.16,0.0,0.0,2.16,0.0,0.0,0.22,0.43,2.16,0.0,2.0,0.15,0.0,1.55,pasture,8.27,8.27,"Chong,Simon T",individual,False,-157.85,21.5
148005006,"Waikane valley floor (non-HHFDC, non-federal)",2.04,0.0,0.0,1.73,0.0,0.31,0.2,0.41,1.73,0.31,1.73,0.17,0.0,2.03,pasture,7.86,7.86,"Sutton,John I Tr",individual,False,-157.85,21.5
148005007,"Waikane valley floor (non-HHFDC, non-federal)",2.13,0.0,0.0,1.29,0.0,0.85,0.21,0.43,1.29,0.85,1.98,0.25,0.0,2.13,pasture,7.83,7.83,"Sutton,John Tr",individual,False,-157.85,21.5
148005008,"Waikane valley floor (non-HHFDC, non-federal)",1.22,0.0,0.0,1.22,0.0,0.0,0.12,0.24,1.22,0.0,1.19,0.0,0.0,0.92,flowers_foliage_landscape,8.15,8.15,Neifert Family Trust,individual,False,-157.85,21.5
148005009,"Waikane valley floor (non-HHFDC, non-federal)",1.24,0.0,0.0,1.24,0.0,0.0,0.12,0.25,1.24,0.0,1.26,0.0,0.0,0.92,pasture,8.11,8.11,"Kilbey,John G Jr & Loretta A Tr",individual,False,-157.85,21.5
148005010,"Waikane valley floor (non-HHFDC, non-federal)",2.06,0.0,0.0,2.06,0.0,0.0,0.21,0.41,2.06,0.0,2.08,0.0,0.0,1.56,flowers_foliage_landscape,8.03,8.03,"Wong,Gordon T F Tr",individual,False,-157.85,21.5
148005011,"Waikane valley floor (non-HHFDC, non-federal)",2.09,0.0,0.0,2.09,0.0,0.0,0.21,0.42,2.09,0.0,2.05,0.05,0.0,1.62,pasture,7.95,7.95,"Wong,Reginald T H Tr",individual,False,-157.85,21.5
148005012,"Waikane valley floor (non-HHFDC, non-federal)",2.78,0.0,0.0,2.76,0.0,0.02,0.28,0.56,2.76,0.02,2.74,0.07,0.0,2.78,pasture,7.81,7.81,"Kamiya,Russell T & Deborah G Tr",individual,False,-157.85,21.49
148005013,"Waikane valley floor (non-HHFDC, non-federal)",2.3,0.0,0.0,2.17,0.0,0.13,0.23,0.46,2.17,0.13,0.86,0.74,0.67,1.78,pasture,8.34,8.34,"Ha,Thanh",individual,False,-157.85,21.5
148004004,"Waikane valley floor (non-HHFDC, non-federal)",49.59,0.0,0.0,26.94,11.23,11.42,4.96,9.92,26.94,22.65,46.6,2.77,0.25,29.82,pasture,7.15,7.15,City & County of Honolulu,county,False,-157.85,21.49
148004005,"Waikane valley floor (non-HHFDC, non-federal)",2.81,0.0,0.0,2.81,0.0,0.0,0.28,0.56,2.81,0.0,2.55,0.27,0.0,1.47,pasture,7.76,7.76,"Nguyen,Iris",individual,False,-157.85,21.49
148004016,"Waikane valley floor (non-HHFDC, non-federal)",6.44,0.0,0.0,4.91,0.92,0.62,0.64,1.29,4.91,1.53,5.46,0.94,0.0,2.96,pasture,7.25,7.25,"Roberts,Rose S",individual,False,-157.85,21.49
148004017,"Waikane valley floor (non-HHFDC, non-federal)",1.22,0.0,0.0,1.06,0.16,0.0,0.12,0.24,1.06,0.16,1.21,0.05,0.0,0.3,pasture,7.34,7.34,Church Of The True God,nonprofit,False,-157.85,21.49
148005001,"Waikane valley floor (non-HHFDC, non-federal)",4.25,0.0,0.0,4.25,0.0,0.0,0.42,0.85,4.25,0.0,3.61,0.57,0.0,2.1,pasture,7.8,7.8,Roman Catholic Church,nonprofit,False,-157.85,21.5
148005002,"Waikane valley floor (non-HHFDC, non-federal)",1.52,0.0,0.0,1.52,0.0,0.0,0.15,0.3,1.52,0.0,1.43,0.1,0.0,1.16,pasture,8.2,8.2,"Fox,William K L Tr",individual,False,-157.85,21.5
148005014,"Waikane valley floor (non-HHFDC, non-federal)",2.33,0.0,0.0,2.33,0.0,0.0,0.23,0.47,2.33,0.0,1.83,0.44,0.0,2.32,pasture,8.02,8.02,"Soon,Francis W Trust",individual,False,-157.85,21.5
148005015,"Waikane valley floor (non-HHFDC, non-federal)",2.41,0.0,0.0,1.96,0.0,0.46,0.24,0.48,1.96,0.46,1.85,0.62,0.0,2.41,pasture,8.02,8.02,"Ferreira,Herman S Jr & Estrellita E Tr",individual,True,-157.85,21.5
148005016,"Waikane valley floor (non-HHFDC, non-federal)",2.05,0.0,0.0,2.05,0.0,0.0,0.2,0.41,2.05,0.0,2.0,0.02,0.0,2.05,pasture,7.88,7.88,"Kamiya,Kenneth Y Tr",individual,False,-157.85,21.5
148006001,"Waikane valley floor (non-HHFDC, non-federal)",329.08,0.0,0.0,0.02,0.0,0.03,0.02,0.02,0.02,0.03,64.59,114.29,150.14,0.0,none_mapped,7.09,7.09,Ohulehule Forest Conservancy LLC,nonprofit,False,-157.87,21.49
148006008,"Waikane valley floor (non-HHFDC, non-federal)",370.77,0.0,0.0,128.67,30.31,211.75,20.0,74.16,128.67,242.06,130.94,96.59,143.37,34.2,pasture,7.04,7.04,City & County of Honolulu,county,False,-157.86,21.49
148006009,"Waikane valley floor (non-HHFDC, non-federal)",3.08,0.0,0.0,0.78,0.0,2.28,0.31,0.62,0.78,2.28,2.42,0.52,0.17,0.0,none_mapped,8.34,8.34,"Roberts,Rose S",individual,False,-157.87,21.5
148006010,"Waikane valley floor (non-HHFDC, non-federal)",10.36,0.0,0.0,6.95,0.0,3.41,1.04,2.07,6.95,3.41,7.26,2.05,1.09,0.0,none_mapped,7.42,7.42,City & County of Honolulu,county,False,-157.86,21.49
149001007,"Waikane valley floor (non-HHFDC, non-federal)",4.16,0.0,0.0,2.28,0.0,1.88,0.42,0.83,2.28,1.88,1.63,1.06,1.48,2.62,pasture,9.01,9.01,Judd Family Ltd Part,corporate_other,False,-157.86,21.51
148012051,"Waikane valley floor (non-HHFDC, non-federal)",3.11,0.0,0.0,2.95,0.0,0.16,0.31,0.62,2.95,0.16,1.06,1.01,0.99,0.0,none_mapped,7.09,7.09,DHHL,dhhl,False,-157.87,21.49
149001008,"Waikane valley floor (non-HHFDC, non-federal)",0.1,0.0,0.0,0.1,0.0,0.0,0.01,0.02,0.1,0.0,0.1,0.0,0.0,0.0,none_mapped,8.97,8.97,Kualoa Ranch (Morgan family),corporate_ag,False,-157.86,21.5
149001010,"Waikane valley floor (non-HHFDC, non-federal)",0.74,0.0,0.0,0.74,0.0,0.0,0.07,0.15,0.74,0.0,0.79,0.0,0.0,0.74,pasture,9.36,9.36,Kualoa Ranch (Morgan family),corporate_ag,False,-157.86,21.51
149001031,"Waikane valley floor (non-HHFDC, non-federal)",0.24,0.0,0.0,0.04,0.0,0.2,0.02,0.04,0.04,0.2,0.07,0.1,0.05,0.0,none_mapped,9.15,9.15,Kualoa Ranch (Morgan family),corporate_ag,False,-157.86,21.51
148014003,"Waikane valley floor (non-HHFDC, non-federal)",342.78,0.0,0.0,0.01,0.0,0.0,0.01,0.01,0.01,0.0,8.11,39.91,294.62,0.0,none_mapped,7.05,7.05,State of Hawaii - ADC,state,False,-157.88,21.49
148014004,"Waikane valley floor (non-HHFDC, non-federal)",85.52,0.0,0.0,0.0,0.0,0.01,0.0,0.0,0.0,0.01,0.07,1.63,83.87,0.0,none_mapped,8.4,8.4,City & County of Honolulu,county,False,-157.86,21.5
149001001,"Waikane valley floor (non-HHFDC, non-federal)",100.25,0.0,0.0,23.26,12.18,64.69,10.02,20.05,23.26,76.86,27.87,28.39,43.84,92.57,pasture,8.4,8.4,Kualoa Ranch (Morgan family),corporate_ag,False,-157.86,21.51
149001002,"Waikane valley floor (non-HHFDC, non-federal)",2.16,0.0,0.0,1.18,0.98,0.0,0.22,0.43,1.18,0.98,2.05,0.05,0.0,0.46,pasture,8.78,8.78,"Judd,Bonnie L Tr",individual,False,-157.86,21.5
149001005,"Waikane valley floor (non-HHFDC, non-federal)",1.72,0.0,0.0,0.0,0.0,1.72,0.0,0.0,0.0,1.72,0.27,1.09,0.37,0.0,none_mapped,8.9,8.9,"Major,Keith L",individual,False,-157.86,21.5
149001006,"Waikane valley floor (non-HHFDC, non-federal)",3.36,0.0,0.0,0.0,0.0,3.36,0.0,0.0,0.0,3.36,0.74,1.46,1.16,0.17,pasture,8.89,8.89,Johnson Family Tr,individual,False,-157.86,21.5
149001011,"Waikane valley floor (non-HHFDC, non-federal)",2.66,0.0,0.0,2.14,0.0,0.52,0.27,0.53,2.14,0.52,2.64,0.0,0.0,0.0,none_mapped,9.26,9.26,Kualoa Ranch (Morgan family),corporate_ag,False,-157.85,21.51
149001012,"Waikane valley floor (non-HHFDC, non-federal)",0.36,0.0,0.0,0.26,0.1,0.0,0.04,0.07,0.26,0.1,0.37,0.0,0.0,0.0,none_mapped,9.06,9.06,Kualoa Ranch (Morgan family),corporate_ag,False,-157.85,21.51
149001013,"Waikane valley floor (non-HHFDC, non-federal)",1.03,0.0,0.0,0.74,0.29,0.0,0.1,0.21,0.74,0.29,0.74,0.2,0.05,0.02,taro,8.96,8.96,Kualoa Ranch (Morgan family),corporate_ag,False,-157.86,21.5
149001014,"Waikane valley floor (non-HHFDC, non-federal)",31.85,0.0,0.0,10.57,19.23,1.68,3.18,6.37,10.57,20.91,30.54,1.53,0.07,8.66,aquaculture,8.77,8.77,Kualoa Ranch (Morgan family),corporate_ag,False,-157.85,21.51
149001016,"Waikane valley floor (non-HHFDC, non-federal)",0.78,0.0,0.0,0.12,0.0,0.66,0.08,0.12,0.12,0.66,0.57,0.2,0.0,0.0,none_mapped,9.18,9.18,"Tisalona,Grace H",individual,False,-157.86,21.51
149001017,"Waikane valley floor (non-HHFDC, non-federal)",1.8,0.0,0.0,1.54,0.0,0.26,0.18,0.36,1.54,0.26,1.61,0.12,0.07,0.0,none_mapped,9.2,9.2,South Pacific Ocean Treas,unknown,False,-157.86,21.51
149001018,"Waikane valley floor (non-HHFDC, non-federal)",4.95,0.0,0.0,2.22,2.73,0.0,0.5,0.99,2.22,2.73,3.51,1.01,0.3,3.18,taro,8.79,8.79,Kualoa Ranch (Morgan family),corporate_ag,False,-157.85,21.5
149001019,"Waikane valley floor (non-HHFDC, non-federal)",0.11,0.0,0.0,0.06,0.0,0.05,0.01,0.02,0.06,0.05,0.12,0.0,0.0,0.0,none_mapped,9.32,9.32,Kualoa Ranch (Morgan family),corporate_ag,False,-157.86,21.51
149001020,"Waikane valley floor (non-HHFDC, non-federal)",0.41,0.0,0.0,0.38,0.0,0.04,0.04,0.08,0.38,0.04,0.32,0.1,0.0,0.12,pasture,8.87,8.87,"Girton,R A Jr Trust",individual,False,-157.86,21.5
149001029,"Waikane valley floor (non-HHFDC, non-federal)",0.15,0.0,0.0,0.0,0.0,0.15,0.0,0.0,0.0,0.15,0.12,0.0,0.0,0.01,pasture,9.01,9.01,Kualoa Ranch (Morgan family),corporate_ag,False,-157.86,21.5
149001030,"Waikane valley floor (non-HHFDC, non-federal)",1.09,0.0,0.0,0.25,0.0,0.85,0.11,0.22,0.25,0.85,0.17,0.72,0.22,0.42,pasture,8.88,8.88,Kualoa Ranch (Morgan family),corporate_ag,False,-157.86,21.5
149001032,"Waikane valley floor (non-HHFDC, non-federal)",0.76,0.0,0.0,0.38,0.14,0.23,0.08,0.15,0.38,0.37,0.67,0.07,0.02,0.0,none_mapped,9.03,9.03,Kualoa Ranch (Morgan family),corporate_ag,False,-157.86,21.51
149001034,"Waikane valley floor (non-HHFDC, non-federal)",1.97,0.0,0.0,1.59,0.09,0.29,0.2,0.39,1.59,0.38,0.99,1.04,0.0,0.0,none_mapped,8.82,8.82,"Girton,R A Jr Trust",individual,False,-157.86,21.5
149001035,"Waikane valley floor (non-HHFDC, non-federal)",1.53,0.0,0.0,0.38,0.0,1.16,0.15,0.31,0.38,1.16,0.3,1.21,0.0,0.01,pasture,8.88,8.88,Rsg Partners,corporate_other,False,-157.86,21.5
149002003,"Waikane valley floor (non-HHFDC, non-federal)",0.13,0.0,0.0,0.1,0.0,0.03,0.01,0.02,0.1,0.03,0.0,0.07,0.02,0.13,pasture,9.5,9.5,Kualoa Ranch (Morgan family),corporate_ag,False,-157.86,21.51
149002005,"Waikane valley floor (non-HHFDC, non-federal)",0.13,0.0,0.0,0.0,0.0,0.13,0.0,0.0,0.0,0.13,0.05,0.05,0.07,0.13,pasture,9.59,9.59,Kualoa Ranch (Morgan family),corporate_ag,False,-157.86,21.51
149002008,"Waikane valley floor (non-HHFDC, non-federal)",0.16,0.0,0.0,0.0,0.0,0.16,0.0,0.0,0.0,0.16,0.1,0.05,0.0,0.1,pasture,9.55,9.55,Kualoa Ranch (Morgan family),corporate_ag,False,-157.85,21.51
149002009,"Waikane valley floor (non-HHFDC, non-federal)",0.09,0.0,0.0,0.0,0.0,0.09,0.0,0.0,0.0,0.09,0.1,0.0,0.0,0.03,pasture,9.53,9.53,"Thomas,Hannah H",individual,False,-157.85,21.51
149003012,"Waikane valley floor (non-HHFDC, non-federal)",0.19,0.0,0.12,0.0,0.07,0.0,0.02,0.04,0.12,0.07,0.2,0.0,0.0,0.0,none_mapped,9.43,9.43,Kualoa Ranch (Morgan family),corporate_ag,False,-157.85,21.51
149003013,"Waikane valley floor (non-HHFDC, non-federal)",0.29,0.0,0.0,0.0,0.29,0.0,0.0,0.0,0.0,0.29,0.27,0.0,0.0,0.15,diversified_crop,9.49,9.49,Kualoa Ranch (Morgan family),corporate_ag,False,-157.85,21.51
149003014,"Waikane valley floor (non-HHFDC, non-federal)",0.24,0.0,0.0,0.0,0.24,0.0,0.0,0.0,0.0,0.24,0.25,0.0,0.0,0.0,none_mapped,9.52,9.52,Kualoa Ranch (Morgan family),corporate_ag,False,-157.85,21.51
149003001,"Waikane valley floor (non-HHFDC, non-federal)",47.09,0.0,29.22,3.1,13.96,0.0,4.71,9.42,32.32,13.96,37.07,8.82,1.31,5.93,diversified_crop,9.16,9.16,Kualoa Ranch (Morgan family),corporate_ag,False,-157.85,21.51
149003002,"Waikane valley floor (non-HHFDC, non-federal)",3.36,0.0,0.0,3.14,0.0,0.0,0.34,0.67,3.14,0.0,3.29,0.0,0.0,0.0,none_mapped,9.03,9.03,Kualoa Ranch (Morgan family),corporate_ag,False,-157.85,21.51
149003003,"Waikane valley floor (non-HHFDC, non-federal)",0.61,0.0,0.0,0.6,0.01,0.0,0.06,0.12,0.6,0.01,0.57,0.02,0.0,0.0,none_mapped,9.18,9.18,Hoala Aina Kupono,unknown,False,-157.85,21.51
149003004,"Waikane valley floor (non-HHFDC, non-federal)",0.91,0.0,0.0,0.91,0.0,0.0,0.09,0.18,0.91,0.0,0.99,0.0,0.0,0.0,none_mapped,9.17,9.17,Hoala Aina Kupono,unknown,False,-157.85,21.51
149003005,"Waikane valley floor (non-HHFDC, non-federal)",0.72,0.0,0.14,0.54,0.03,0.0,0.07,0.14,0.69,0.03,0.69,0.0,0.0,0.0,none_mapped,9.3,9.3,Kualoa Ranch (Morgan family),corporate_ag,False,-157.85,21.51
149003006,"Waikane valley floor (non-HHFDC, non-federal)",0.45,0.0,0.0,0.01,0.44,0.0,0.01,0.01,0.01,0.44,0.44,0.02,0.0,0.0,none_mapped,9.22,9.22,"Masterson,Ian A",individual,False,-157.85,21.51
149003007,"Waikane valley floor (non-HHFDC, non-federal)",1.08,0.0,0.0,0.12,0.96,0.0,0.11,0.12,0.12,0.96,0.89,0.2,0.0,0.0,none_mapped,9.32,9.32,"Kua,Rebecca",individual,False,-157.85,21.51
149003008,"Waikane valley floor (non-HHFDC, non-federal)",0.25,0.0,0.0,0.06,0.2,0.0,0.02,0.05,0.06,0.2,0.07,0.2,0.0,0.0,none_mapped,9.38,9.38,"Kahele,Lizzie Decd",individual,False,-157.85,21.51
149003009,"Waikane valley floor (non-HHFDC, non-federal)",0.48,0.0,0.0,0.23,0.24,0.0,0.05,0.1,0.23,0.24,0.4,0.07,0.0,0.0,none_mapped,9.41,9.41,"Mccarty,Mark H",individual,False,-157.85,21.51
149003010,"Waikane valley floor (non-HHFDC, non-federal)",0.26,0.0,0.0,0.0,0.26,0.0,0.0,0.0,0.0,0.26,0.3,0.0,0.0,0.05,diversified_crop,9.49,9.49,White 2003 Tr,unknown,False,-157.85,21.51
149003011,"Waikane valley floor (non-HHFDC, non-federal)",0.22,0.0,0.0,0.0,0.22,0.0,0.0,0.0,0.0,0.22,0.2,0.0,0.0,0.0,none_mapped,9.52,9.52,Kualoa Ranch (Morgan family),corporate_ag,False,-157.85,21.51
149003015,"Waikane valley floor (non-HHFDC, non-federal)",0.2,0.0,0.0,0.0,0.2,0.0,0.0,0.0,0.0,0.2,0.17,0.05,0.0,0.0,none_mapped,9.55,9.55,Kualoa Ranch (Morgan family),corporate_ag,False,-157.85,21.51
149003016,"Waikane valley floor (non-HHFDC, non-federal)",0.42,0.0,0.42,0.0,0.0,0.0,0.04,0.08,0.42,0.0,0.35,0.07,0.0,0.0,none_mapped,9.64,9.64,Kualoa Ranch (Morgan family),corporate_ag,False,-157.85,21.51
149003019,"Waikane valley floor (non-HHFDC, non-federal)",0.78,0.0,0.0,0.02,0.75,0.0,0.02,0.02,0.02,0.75,0.47,0.27,0.0,0.0,none_mapped,9.38,9.38,"Galeng,Warren L F Tr",individual,False,-157.85,21.51
149003020,"Waikane valley floor (non-HHFDC, non-federal)",0.1,0.0,0.0,0.08,0.02,0.0,0.01,0.02,0.08,0.02,0.07,0.0,0.0,0.0,none_mapped,9.2,9.2,Kualoa Ranch (Morgan family),corporate_ag,False,-157.85,21.51
149003024,"Waikane valley floor (non-HHFDC, non-federal)",0.43,0.0,0.0,0.0,0.43,0.0,0.0,0.0,0.0,0.43,0.47,0.0,0.0,0.0,none_mapped,9.48,9.48,Kualoa Ranch (Morgan family),corporate_ag,False,-157.85,21.51
149003027,"Waikane valley floor (non-HHFDC, non-federal)",0.44,0.0,0.0,0.39,0.06,0.0,0.04,0.09,0.39,0.06,0.49,0.0,0.0,0.0,none_mapped,9.15,9.15,Kualoa Ranch (Morgan family),corporate_ag,False,-157.85,21.51
149003030,"Waikane valley floor (non-HHFDC, non-federal)",1.25,0.0,0.0,0.31,0.94,0.0,0.12,0.25,0.31,0.94,1.23,0.0,0.0,0.0,none_mapped,9.3,9.3,"Uyemura,Chester S & Joyce A Tr",individual,False,-157.85,21.51
149003032,"Waikane valley floor (non-HHFDC, non-federal)",1.95,0.0,0.0,0.16,1.8,0.0,0.16,0.16,0.16,1.8,1.63,0.32,0.0,0.0,none_mapped,9.4,9.4,Kualoa Ranch (Morgan family),corporate_ag,False,-157.85,21.51
149003037,"Waikane valley floor (non-HHFDC, non-federal)",0.22,0.0,0.0,0.0,0.22,0.0,0.0,0.0,0.0,0.22,0.07,0.17,0.0,0.0,none_mapped,9.28,9.28,"Fukumitsu,Kolea E M",individual,False,-157.85,21.51
149003038,"Waikane valley floor (non-HHFDC, non-federal)",0.4,0.0,0.0,0.0,0.4,0.0,0.0,0.0,0.0,0.4,0.42,0.0,0.0,0.0,none_mapped,9.26,9.26,"Uyemura,Ronnie Tr",individual,False,-157.85,21.51
149003039,"Waikane valley floor (non-HHFDC, non-federal)",0.37,0.0,0.0,0.0,0.37,0.0,0.0,0.0,0.0,0.37,0.37,0.0,0.0,0.0,none_mapped,9.29,9.29,"Smith,Daniel",individual,False,-157.85,21.51
149003040,"Waikane valley floor (non-HHFDC, non-federal)",0.02,0.0,0.0,0.0,0.02,0.0,0.0,0.0,0.0,0.02,0.02,0.0,0.0,0.0,none_mapped,9.53,9.53,White 2003 Trust,unknown,False,-157.85,21.51
149003041,"Waikane valley floor (non-HHFDC, non-federal)",0.02,0.0,0.0,0.0,0.02,0.0,0.0,0.0,0.0,0.02,0.0,0.0,0.0,0.0,none_mapped,9.53,9.53,White 2003 Trust,unknown,False,-157.85,21.51
149003042,"Waikane valley floor (non-HHFDC, non-federal)",0.02,0.0,0.0,0.0,0.02,0.0,0.0,0.0,0.0,0.02,0.02,0.0,0.0,0.0,none_mapped,9.53,9.53,Kualoa Ranch (Morgan family),corporate_ag,False,-157.85,21.51
149003043,"Waikane valley floor (non-HHFDC, non-federal)",133.1,0.0,2.17,7.65,3.84,0.96,9.82,9.82,9.82,4.8,132.89,0.12,0.0,11.46,aquaculture,9.13,9.13,Kualoa Ranch (Morgan family),corporate_ag,True,-157.85,21.51
149003045,"Waikane valley floor (non-HHFDC, non-federal)",0.47,0.0,0.0,0.0,0.47,0.0,0.0,0.0,0.0,0.47,0.49,0.0,0.0,0.0,none_mapped,9.44,9.44,Kualoa Ranch (Morgan family),corporate_ag,False,-157.85,21.51
148001001,Waiahole Valley (HHFDC),2.96,0.0,0.0,1.42,0.0,1.54,0.3,0.59,1.42,1.54,1.06,1.7,0.2,0.0,none_mapped,5.64,5.64,State of Hawaii - HHFDC,state,False,-157.84,21.48
148001004,Waiahole Valley (HHFDC),1.0,0.0,0.0,0.78,0.22,0.0,0.1,0.2,0.78,0.22,0.44,0.47,0.0,0.0,none_mapped,5.98,5.98,State of Hawaii - HHFDC,state,False,-157.84,21.48
148001020,Waiahole Valley (HHFDC),6.33,0.0,0.0,5.46,0.46,0.42,0.63,1.27,5.46,0.88,1.78,4.42,0.22,0.82,flowers_foliage_landscape,5.87,5.87,State of Hawaii - HHFDC,state,False,-157.84,21.48
148001019,Waiahole Valley (HHFDC),2.55,0.0,0.0,0.22,1.74,0.59,0.22,0.22,0.22,2.33,0.12,2.17,0.4,0.0,none_mapped,5.93,5.93,State of Hawaii - HHFDC,state,False,-157.85,21.48
148008008,Waiahole Valley (HHFDC),3.09,0.0,0.0,2.84,0.06,0.0,0.31,0.62,2.84,0.06,2.87,0.2,0.07,1.18,diversified_crop,6.2,6.2,State of Hawaii - HHFDC,state,False,-157.85,21.48
148007001,Waiahole Valley (HHFDC),27.87,0.0,0.0,0.0,0.01,0.11,0.0,0.0,0.0,0.12,0.12,3.68,24.02,0.0,none_mapped,5.66,5.66,State of Hawaii - HHFDC,state,False,-157.85,21.48
148007003,Waiahole Valley (HHFDC),35.48,0.0,0.0,0.0,0.0,0.01,0.0,0.0,0.0,0.01,7.29,10.16,18.04,0.0,none_mapped,5.84,5.84,State of Hawaii - HHFDC,state,False,-157.86,21.48
148007005,Waiahole Valley (HHFDC),2.43,0.0,0.0,0.0,0.0,0.01,0.0,0.0,0.0,0.01,1.01,0.3,1.06,0.53,pasture,6.22,6.22,State of Hawaii - HHFDC,state,False,-157.86,21.48
148007006,Waiahole Valley (HHFDC),2.02,0.0,0.0,0.0,2.02,0.0,0.0,0.0,0.0,2.02,0.42,1.11,0.47,0.03,diversified_crop,6.03,6.03,State of Hawaii - HHFDC,state,False,-157.85,21.48
148007008,Waiahole Valley (HHFDC),2.06,0.0,0.0,0.0,2.06,0.0,0.0,0.0,0.0,2.06,0.54,0.35,1.11,0.0,none_mapped,6.1,6.1,State of Hawaii - HHFDC,state,False,-157.85,21.48
148007009,Waiahole Valley (HHFDC),2.0,0.0,0.0,0.05,1.96,0.0,0.05,0.05,0.05,1.96,0.57,1.31,0.2,0.0,none_mapped,6.14,6.14,State of Hawaii - HHFDC,state,False,-157.85,21.48
148007010,Waiahole Valley (HHFDC),3.4,0.0,0.0,0.0,3.4,0.0,0.0,0.0,0.0,3.4,0.02,2.84,0.47,0.0,none_mapped,6.2,6.2,State of Hawaii - HHFDC,state,False,-157.85,21.48
148007011,Waiahole Valley (HHFDC),52.93,0.0,0.0,0.0,0.0,0.0,0.0,0.0,0.0,0.0,0.74,12.5,39.54,0.0,none_mapped,5.84,5.84,State of Hawaii - HHFDC,state,False,-157.85,21.48
148007013,Waiahole Valley (HHFDC),1.0,0.0,0.0,0.0,1.0,0.0,0.0,0.0,0.0,1.0,0.12,0.54,0.25,0.0,none_mapped,6.02,6.02,State of Hawaii - HHFDC,state,False,-157.85,21.48
148007014,Waiahole Valley (HHFDC),3.91,0.0,0.0,0.0,3.49,0.42,0.0,0.0,0.0,3.91,0.35,2.1,1.56,0.0,none_mapped,5.94,5.94,State of Hawaii - HHFDC,state,False,-157.85,21.48
148007015,Waiahole Valley (HHFDC),1.95,0.0,0.0,0.26,0.53,0.05,0.2,0.26,0.26,0.58,0.44,0.87,0.64,0.11,diversified_crop,6.19,6.19,State of Hawaii - HHFDC,state,False,-157.85,21.48
148008001,Waiahole Valley (HHFDC),1.0,0.0,0.0,0.0,1.0,0.0,0.0,0.0,0.0,1.0,0.96,0.0,0.0,0.79,diversified_crop,6.09,6.09,State of Hawaii - HHFDC,state,False,-157.85,21.48
148008002,Waiahole Valley (HHFDC),2.6,0.0,0.0,2.54,0.06,0.0,0.26,0.52,2.54,0.06,2.67,0.0,0.0,2.17,diversified_crop,6.21,6.21,State of Hawaii - HHFDC,state,False,-157.85,21.48
148008010,Waiahole Valley (HHFDC),3.37,0.0,0.0,0.62,2.74,0.0,0.34,0.62,0.62,2.74,2.99,0.22,0.0,0.65,diversified_crop,6.2,6.2,State of Hawaii - HHFDC,state,False,-157.85,21.48
148008016,Waiahole Valley (HHFDC),0.25,0.0,0.0,0.0,0.01,0.0,0.0,0.0,0.0,0.01,0.25,0.0,0.0,0.0,none_mapped,6.4,6.4,State of Hawaii - HHFDC,state,False,-157.85,21.48
148008018,Waiahole Valley (HHFDC),2.86,0.0,0.0,0.0,2.29,0.0,0.0,0.0,0.0,2.29,2.94,0.0,0.0,0.09,diversified_crop,6.32,6.32,State of Hawaii - HHFDC,state,False,-157.85,21.48
148008020,Waiahole Valley (HHFDC),0.3,0.0,0.0,0.0,0.0,0.0,0.0,0.0,0.0,0.0,0.3,0.0,0.0,0.0,none_mapped,6.39,6.39,State of Hawaii - HHFDC,state,False,-157.85,21.48
148008021,Waiahole Valley (HHFDC),0.4,0.0,0.0,0.0,0.0,0.0,0.0,0.0,0.0,0.0,0.37,0.0,0.0,0.0,none_mapped,6.38,6.38,State of Hawaii - HHFDC,state,False,-157.85,21.48
148008022,Waiahole Valley (HHFDC),0.28,0.0,0.0,0.0,0.0,0.0,0.0,0.0,0.0,0.0,0.32,0.0,0.0,0.0,none_mapped,6.35,6.35,State of Hawaii - HHFDC,state,False,-157.85,21.48
148008023,Waiahole Valley (HHFDC),12.43,0.0,0.0,0.0,12.43,0.0,0.0,0.0,0.0,12.43,12.38,0.0,0.0,10.11,diversified_crop,6.17,6.17,State of Hawaii - HHFDC,state,False,-157.85,21.48
148008024,Waiahole Valley (HHFDC),1.0,0.0,0.0,0.0,1.0,0.0,0.0,0.0,0.0,1.0,0.99,0.0,0.0,0.41,aquaculture,6.14,6.14,State of Hawaii - HHFDC,state,False,-157.84,21.48
148008025,Waiahole Valley (HHFDC),0.99,0.0,0.0,0.0,0.99,0.0,0.0,0.0,0.0,0.99,0.99,0.0,0.0,0.07,aquaculture,6.07,6.07,State of Hawaii - HHFDC,state,False,-157.84,21.48
148008026,Waiahole Valley (HHFDC),1.0,0.0,0.0,0.0,1.0,0.0,0.0,0.0,0.0,1.0,0.92,0.0,0.0,0.0,none_mapped,6.07,6.07,State of Hawaii - HHFDC,state,False,-157.85,21.48
148008027,Waiahole Valley (HHFDC),3.16,0.0,0.0,0.0,3.16,0.0,0.0,0.0,0.0,3.16,3.21,0.02,0.0,0.11,diversified_crop,6.06,6.06,State of Hawaii - HHFDC,state,False,-157.85,21.48
148008028,Waiahole Valley (HHFDC),1.0,0.0,0.0,0.0,1.0,0.0,0.0,0.0,0.0,1.0,0.86,0.0,0.0,0.0,none_mapped,6.05,6.05,State of Hawaii - HHFDC,state,False,-157.85,21.48
148008030,Waiahole Valley (HHFDC),1.0,0.0,0.0,0.0,1.0,0.0,0.0,0.0,0.0,1.0,1.04,0.0,0.0,0.0,none_mapped,6.08,6.08,State of Hawaii - HHFDC,state,False,-157.85,21.48
148008031,Waiahole Valley (HHFDC),2.77,0.0,0.0,0.06,2.72,0.0,0.06,0.06,0.06,2.72,2.89,0.0,0.0,2.03,diversified_crop,6.09,6.09,State of Hawaii - HHFDC,state,False,-157.85,21.48
148008032,Waiahole Valley (HHFDC),2.75,0.0,0.0,0.0,2.75,0.0,0.0,0.0,0.0,2.75,2.6,0.0,0.0,2.75,diversified_crop,6.09,6.09,State of Hawaii - HHFDC,state,False,-157.85,21.48
148008033,Waiahole Valley (HHFDC),1.0,0.0,0.0,0.0,1.0,0.0,0.0,0.0,0.0,1.0,1.09,0.0,0.0,0.86,diversified_crop,6.13,6.13,State of Hawaii - HHFDC,state,False,-157.85,21.48
148008034,Waiahole Valley (HHFDC),1.0,0.0,0.0,0.15,0.85,0.0,0.1,0.15,0.15,0.85,1.01,0.0,0.0,0.73,diversified_crop,6.15,6.15,State of Hawaii - HHFDC,state,False,-157.85,21.48
148009001,Waiahole Valley (HHFDC),4.55,0.0,0.0,1.97,2.45,0.0,0.46,0.91,1.97,2.45,4.55,0.0,0.0,3.58,flowers_foliage_landscape,6.42,6.42,State of Hawaii - HHFDC,state,False,-157.85,21.48
148009012,Waiahole Valley (HHFDC),0.75,0.0,0.0,0.0,0.0,0.0,0.0,0.0,0.0,0.0,0.35,0.4,0.0,0.15,flowers_foliage_landscape,6.44,6.44,State of Hawaii - HHFDC,state,False,-157.85,21.48
148009021,Waiahole Valley (HHFDC),0.98,0.0,0.0,0.27,0.0,0.69,0.1,0.2,0.27,0.7,0.35,0.27,0.37,0.0,none_mapped,6.6,6.6,State of Hawaii - HHFDC,state,False,-157.85,21.48
148009028,Waiahole Valley (HHFDC),3.44,0.0,0.0,1.39,0.02,1.8,0.34,0.69,1.39,1.82,2.22,0.57,0.64,0.0,none_mapped,6.52,6.52,State of Hawaii - HHFDC,state,False,-157.85,21.48
148009029,Waiahole Valley (HHFDC),4.07,0.0,0.0,0.71,3.29,0.06,0.41,0.71,0.71,3.35,3.98,0.1,0.02,0.18,diversified_crop,6.57,6.57,State of Hawaii - HHFDC,state,False,-157.85,21.48
148009030,Waiahole Valley (HHFDC),1.0,0.0,0.0,0.0,1.0,0.0,0.0,0.0,0.0,1.0,0.99,0.0,0.0,0.0,none_mapped,6.68,6.68,State of Hawaii - HHFDC,state,False,-157.85,21.48
148009031,Waiahole Valley (HHFDC),0.99,0.0,0.0,0.0,0.99,0.0,0.0,0.0,0.0,0.99,0.91,0.0,0.0,0.04,diversified_crop,6.65,6.65,State of Hawaii - HHFDC,state,False,-157.85,21.48
148009032,Waiahole Valley (HHFDC),0.99,0.0,0.0,0.0,0.99,0.0,0.0,0.0,0.0,0.99,1.01,0.0,0.0,0.37,diversified_crop,6.61,6.61,State of Hawaii - HHFDC,state,False,-157.85,21.48
148009033,Waiahole Valley (HHFDC),2.96,0.0,0.0,1.29,1.66,0.0,0.3,0.59,1.29,1.66,2.99,0.0,0.0,1.41,diversified_crop,6.53,6.53,State of Hawaii - HHFDC,state,False,-157.85,21.48
148010002,Waiahole Valley (HHFDC),12.85,0.0,0.0,7.56,0.13,4.7,1.28,2.57,7.56,4.83,9.46,2.4,1.01,0.0,none_mapped,6.53,6.53,State of Hawaii - HHFDC,state,False,-157.85,21.48
148010003,Waiahole Valley (HHFDC),45.1,0.0,0.0,5.87,33.66,5.57,4.51,5.87,5.87,39.23,41.27,2.72,1.14,28.46,pasture,6.68,6.68,State of Hawaii - HHFDC,state,False,-157.85,21.49
148010005,Waiahole Valley (HHFDC),0.99,0.0,0.0,0.0,0.99,0.0,0.0,0.0,0.0,0.99,0.99,0.0,0.0,0.0,none_mapped,7.03,7.03,State of Hawaii - HHFDC,state,False,-157.85,21.49
148010006,Waiahole Valley (HHFDC),0.99,0.0,0.0,0.0,0.99,0.0,0.0,0.0,0.0,0.99,1.01,0.0,0.0,0.0,none_mapped,6.97,6.97,State of Hawaii - HHFDC,state,False,-157.85,21.49
148010007,Waiahole Valley (HHFDC),4.78,0.0,0.0,0.0,4.78,0.0,0.0,0.0,0.0,4.78,4.7,0.0,0.0,0.23,pasture,6.82,6.82,State of Hawaii - HHFDC,state,False,-157.85,21.49
148010008,Waiahole Valley (HHFDC),0.99,0.0,0.0,0.0,0.99,0.0,0.0,0.0,0.0,0.99,0.99,0.0,0.0,0.0,none_mapped,6.86,6.86,State of Hawaii - HHFDC,state,False,-157.85,21.49
148011001,Waiahole Valley (HHFDC),18.97,0.0,0.0,16.26,0.22,2.49,1.9,3.79,16.26,2.71,16.6,1.68,0.77,5.07,taro,6.23,6.23,State of Hawaii - HHFDC,state,False,-157.85,21.48
148011002,Waiahole Valley (HHFDC),3.78,0.0,0.0,0.04,0.0,3.73,0.04,0.04,0.04,3.73,3.29,0.4,0.07,0.0,none_mapped,6.38,6.38,State of Hawaii - HHFDC,state,False,-157.86,21.48
148011009,Waiahole Valley (HHFDC),1.16,0.0,0.0,0.61,0.0,0.55,0.12,0.23,0.61,0.55,1.01,0.08,0.0,0.2,taro,6.22,6.22,State of Hawaii - HHFDC,state,False,-157.86,21.48
148011010,Waiahole Valley (HHFDC),0.88,0.0,0.0,0.47,0.0,0.4,0.09,0.18,0.47,0.4,0.47,0.22,0.25,0.17,taro,6.22,6.22,State of Hawaii - HHFDC,state,False,-157.86,21.48
148011011,Waiahole Valley (HHFDC),3.18,0.0,0.0,1.58,0.0,1.59,0.32,0.64,1.58,1.59,1.73,0.57,0.91,1.21,pasture,6.23,6.23,State of Hawaii - HHFDC,state,False,-157.86,21.48
148011022,Waiahole Valley (HHFDC),0.71,0.0,0.0,0.0,0.0,0.0,0.0,0.0,0.0,0.0,0.72,0.0,0.0,0.0,none_mapped,6.57,6.57,State of Hawaii - HHFDC,state,False,-157.86,21.48
148011030,Waiahole Valley (HHFDC),0.28,0.0,0.0,0.0,0.0,0.0,0.0,0.0,0.0,0.0,0.0,0.2,0.12,0.0,none_mapped,6.52,6.52,State of Hawaii - HHFDC,state,False,-157.86,21.48
148011042,Waiahole Valley (HHFDC),5.2,0.0,0.0,4.86,0.0,0.0,0.52,1.04,4.86,0.0,4.25,0.89,0.05,0.07,diversified_crop,6.35,6.35,State of Hawaii - HHFDC,state,False,-157.85,21.48
148011048,Waiahole Valley (HHFDC),10.53,0.0,0.0,7.12,0.0,1.85,1.05,2.11,7.12,1.85,9.32,1.16,0.02,0.0,none_mapped,6.31,6.31,State of Hawaii - HHFDC,state,False,-157.85,21.48
148012001,Waiahole Valley (HHFDC),51.55,0.0,0.0,21.65,0.0,17.9,5.16,10.31,21.65,17.9,12.03,14.73,24.98,1.01,pasture,5.81,5.81,State of Hawaii - HHFDC,state,False,-157.86,21.48
148012005,Waiahole Valley (HHFDC),77.45,0.0,0.0,15.74,2.89,58.75,7.74,15.49,15.74,61.64,13.96,28.2,35.26,0.0,none_mapped,6.39,6.39,State of Hawaii - HHFDC,state,False,-157.87,21.48
148012010,Waiahole Valley (HHFDC),47.6,0.0,0.0,6.8,2.04,38.76,4.76,6.8,6.8,40.8,12.75,17.72,17.2,9.81,diversified_crop,6.71,6.71,State of Hawaii - HHFDC,state,False,-157.86,21.49
148012020,Waiahole Valley (HHFDC),4.2,0.0,0.0,0.0,2.79,1.41,0.0,0.0,0.0,4.2,1.68,2.12,0.4,0.0,none_mapped,7.26,7.26,State of Hawaii - HHFDC,state,False,-157.87,21.49
148012021,Waiahole Valley (HHFDC),28.4,0.0,0.0,17.65,0.0,10.75,2.84,5.68,17.65,10.75,13.07,9.98,5.29,2.67,taro,6.38,6.38,State of Hawaii - HHFDC,state,False,-157.86,21.48
148012022,Waiahole Valley (HHFDC),14.96,0.0,0.0,7.48,0.0,7.48,1.5,2.99,7.48,7.48,8.6,4.67,1.93,2.83,diversified_crop,6.88,6.88,State of Hawaii - HHFDC,state,False,-157.87,21.48
148012023,Waiahole Valley (HHFDC),15.83,0.0,0.0,8.96,0.0,6.76,1.58,3.17,8.96,6.76,9.74,4.84,1.16,6.73,diversified_crop,6.62,6.62,State of Hawaii - HHFDC,state,False,-157.86,21.48
148012024,Waiahole Valley (HHFDC),0.99,0.0,0.0,0.13,0.0,0.86,0.1,0.13,0.13,0.86,0.27,0.25,0.52,0.1,diversified_crop,6.71,6.71,State of Hawaii - HHFDC,state,False,-157.86,21.48
148012026,Waiahole Valley (HHFDC),0.99,0.0,0.0,0.05,0.0,0.94,0.05,0.05,0.05,0.94,0.64,0.3,0.07,0.0,none_mapped,6.76,6.76,State of Hawaii - HHFDC,state,False,-157.86,21.48
148012027,Waiahole Valley (HHFDC),0.98,0.0,0.0,0.04,0.0,0.94,0.04,0.04,0.04,0.94,0.57,0.37,0.0,0.0,none_mapped,6.79,6.79,State of Hawaii - HHFDC,state,False,-157.86,21.48
148012028,Waiahole Valley (HHFDC),1.16,0.0,0.0,0.87,0.0,0.29,0.12,0.23,0.87,0.29,0.96,0.12,0.02,0.0,none_mapped,6.83,6.83,State of Hawaii - HHFDC,state,False,-157.86,21.48
148012029,Waiahole Valley (HHFDC),1.02,0.0,0.0,0.25,0.0,0.76,0.1,0.2,0.25,0.76,0.94,0.07,0.02,0.01,diversified_crop,7.02,7.02,State of Hawaii - HHFDC,state,False,-157.86,21.49
148012030,Waiahole Valley (HHFDC),3.82,0.0,0.0,0.02,3.34,0.47,0.02,0.02,0.02,3.8,2.57,1.26,0.0,0.0,none_mapped,7.25,7.25,State of Hawaii - HHFDC,state,False,-157.87,21.49
148012031,Waiahole Valley (HHFDC),5.62,0.0,0.0,0.0,3.24,2.36,0.0,0.0,0.0,5.6,4.32,1.11,0.17,0.0,none_mapped,7.28,7.28,State of Hawaii - HHFDC,state,False,-157.87,21.49
148012032,Waiahole Valley (HHFDC),5.56,0.0,0.0,0.47,0.36,4.73,0.47,0.47,0.47,5.1,1.43,4.08,0.05,0.0,none_mapped,7.12,7.12,State of Hawaii - HHFDC,state,False,-157.87,21.48
148012034,Waiahole Valley (HHFDC),2.17,0.0,0.0,1.88,0.0,0.29,0.22,0.43,1.88,0.29,1.93,0.22,0.0,1.49,diversified_crop,7.16,7.16,State of Hawaii - HHFDC,state,False,-157.87,21.49
148012035,Waiahole Valley (HHFDC),13.02,0.0,0.0,7.77,0.0,5.25,1.3,2.6,7.77,5.25,6.85,3.53,2.4,2.01,flowers_foliage_landscape,6.49,6.49,State of Hawaii - HHFDC,state,False,-157.86,21.48
148012036,Waiahole Valley (HHFDC),2.39,0.0,0.0,1.26,0.0,1.13,0.24,0.48,1.26,1.13,1.48,0.47,0.47,0.0,none_mapped,6.68,6.68,State of Hawaii - HHFDC,state,False,-157.86,21.48
148012037,Waiahole Valley (HHFDC),0.06,0.0,0.0,0.0,0.0,0.06,0.0,0.0,0.0,0.06,0.02,0.0,0.0,0.0,none_mapped,6.69,6.69,State of Hawaii - HHFDC,state,False,-157.86,21.48
148012038,Waiahole Valley (HHFDC),9.88,0.0,0.0,5.38,3.19,1.32,0.99,1.98,5.38,4.5,6.55,3.21,0.2,1.79,diversified_crop,6.51,6.51,State of Hawaii - HHFDC,state,False,-157.86,21.48
148012039,Waiahole Valley (HHFDC),6.22,0.0,0.0,3.59,0.21,2.22,0.62,1.25,3.59,2.43,2.87,2.22,1.04,0.01,diversified_crop,6.5,6.5,State of Hawaii - HHFDC,state,False,-157.86,21.48
148012040,Waiahole Valley (HHFDC),1.57,0.0,0.0,1.02,0.0,0.56,0.16,0.32,1.02,0.56,0.44,1.09,0.0,0.07,diversified_crop,6.52,6.52,State of Hawaii - HHFDC,state,False,-157.86,21.48
148012041,Waiahole Valley (HHFDC),5.72,0.0,0.0,4.09,0.0,1.63,0.57,1.14,4.09,1.63,2.64,2.2,0.89,0.45,banana,6.43,6.43,State of Hawaii - HHFDC,state,False,-157.86,21.48
148012042,Waiahole Valley (HHFDC),0.31,0.0,0.0,0.24,0.0,0.06,0.03,0.06,0.24,0.06,0.07,0.12,0.1,0.0,none_mapped,6.45,6.45,State of Hawaii - HHFDC,state,False,-157.86,21.48
148012043,Waiahole Valley (HHFDC),14.23,0.0,0.0,11.74,0.0,2.49,1.42,2.85,11.74,2.49,9.61,3.24,1.38,0.01,pasture,6.4,6.4,State of Hawaii - HHFDC,state,False,-157.86,21.48
148012044,Waiahole Valley (HHFDC),3.54,0.0,0.0,2.82,0.0,0.72,0.35,0.71,2.82,0.72,0.82,2.17,0.54,0.0,none_mapped,6.37,6.37,State of Hawaii - HHFDC,state,False,-157.86,21.48
148012045,Waiahole Valley (HHFDC),8.94,0.0,0.0,5.08,0.0,3.86,0.89,1.79,5.08,3.86,3.8,4.2,0.96,7.97,pasture,6.24,6.24,State of Hawaii - HHFDC,state,False,-157.86,21.48
148012046,Waiahole Valley (HHFDC),5.88,0.0,0.0,5.54,0.0,0.34,0.59,1.18,5.54,0.34,5.41,0.44,0.02,5.52,pasture,6.28,6.28,State of Hawaii - HHFDC,state,False,-157.86,21.48
148012047,Waiahole Valley (HHFDC),0.16,0.0,0.0,0.16,0.0,0.0,0.02,0.03,0.16,0.0,0.12,0.05,0.0,0.16,pasture,6.43,6.43,State of Hawaii - HHFDC,state,False,-157.86,21.48
148012048,Waiahole Valley (HHFDC),3.0,0.0,0.0,3.0,0.0,0.0,0.3,0.6,3.0,0.0,2.3,0.62,0.1,0.9,pasture,6.38,6.38,State of Hawaii - HHFDC,state,False,-157.86,21.48
148012049,Waiahole Valley (HHFDC),3.98,0.0,0.0,2.6,0.0,1.38,0.4,0.8,2.6,1.38,2.03,1.71,0.22,0.0,none_mapped,6.42,6.42,State of Hawaii - HHFDC,state,False,-157.86,21.48
148012050,Waiahole Valley (HHFDC),16.43,0.0,0.0,6.37,1.97,3.37,1.64,3.29,6.37,5.34,12.58,3.24,1.01,2.47,diversified_crop,6.04,6.04,State of Hawaii - HHFDC,state,False,-157.86,21.48
148013008,Waiahole Valley (HHFDC),2.76,0.0,0.0,0.99,0.0,0.88,0.28,0.55,0.99,0.88,0.69,1.33,0.74,0.0,none_mapped,7.15,7.15,State of Hawaii - HHFDC,state,False,-157.87,21.48
191068146,Waiahole Valley (HHFDC),0.95,0.0,0.0,0.0,0.0,0.01,0.0,0.0,0.0,0.01,0.91,0.0,0.0,0.0,none_mapped,0.98,0.98,State of Hawaii - HHFDC,state,False,-158.07,21.34
162002001,"Old Haleiwa airfield (Puaena Point, KS)",192.49,1.77,0.44,0.0,46.0,141.18,0.44,0.44,0.44,187.18,175.54,14.58,2.32,0.4,seed_production,0.0,13.61,Kamehameha Schools (B.P. Bishop Estate),private_estate_trust,True,-158.09,21.6
162002031,"Old Haleiwa airfield (Puaena Point, KS)",31.74,0.26,0.0,0.0,13.27,15.88,0.0,0.0,0.0,29.15,31.56,0.0,0.0,0.0,none_mapped,0.29,13.73,Kamehameha Schools (B.P. Bishop Estate),private_estate_trust,False,-158.1,21.6
162001002,"Old Haleiwa airfield (Puaena Point, KS)",14.42,0.0,0.0,0.0,0.0,0.23,0.0,0.0,0.0,0.23,14.41,0.0,0.0,0.0,none_mapped,0.65,14.03,City & County of Honolulu,county,False,-158.1,21.6
159033001,Pupukea-Paumalu Park Reserve (TPL 2007 -> State Parks; Army ACUB buffer),79.0,0.0,0.0,0.04,0.0,0.01,0.05,0.05,0.05,0.01,32.79,27.03,19.13,0.0,none_mapped,0.58,16.03,State of Hawaii - DLNR,state,False,-158.05,21.64
159005087,Pupukea-Paumalu Park Reserve (TPL 2007 -> State Parks; Army ACUB buffer),525.12,0.0,100.89,136.9,19.96,265.37,20.0,105.02,237.78,285.32,177.12,150.56,197.51,0.0,none_mapped,0.0,16.94,State of Hawaii (agency unspecified),state,False,-158.04,21.65
159006018,Pupukea-Paumalu Park Reserve (TPL 2007 -> State Parks; Army ACUB buffer),106.34,0.0,1.22,4.9,30.69,69.5,6.12,6.12,6.12,100.19,26.14,25.45,54.88,0.0,none_mapped,1.86,17.43,State of Hawaii (agency unspecified),state,False,-158.03,21.65
159003053,Pupukea-Paumalu Park Reserve (TPL 2007 -> State Parks; Army ACUB buffer),3.53,0.0,0.0,0.0,0.0,0.0,0.0,0.0,0.0,0.0,3.44,0.0,0.0,0.0,none_mapped,0.21,18.04,City & County of Honolulu,county,False,-158.06,21.66
158002002,"Kahuku motocross (TMK 158002002, Army-retained lease parcel)",451.32,0.0,0.0,238.99,70.82,141.51,20.0,90.26,238.99,212.33,230.06,160.74,60.66,0.0,none_mapped,0.07,19.53,State of Hawaii (agency unspecified),state,False,-158.02,21.68
185036035,"Upper Waianae Mountains (interior, >2 km from 46 kV)",0.16,0.0,0.0,0.0,0.0,0.16,0.0,0.0,0.0,0.16,0.17,0.0,0.0,0.0,none_mapped,4.17,11.3,DHHL,dhhl,False,-158.16,21.46
185036036,"Upper Waianae Mountains (interior, >2 km from 46 kV)",0.17,0.0,0.0,0.0,0.0,0.17,0.0,0.0,0.0,0.17,0.2,0.0,0.0,0.0,none_mapped,4.18,11.3,DHHL,dhhl,False,-158.16,21.46
168004012,"Upper Waianae Mountains (interior, >2 km from 46 kV)",0.23,0.0,0.0,0.0,0.0,0.08,0.0,0.0,0.0,0.08,0.2,0.0,0.0,0.0,none_mapped,4.66,16.46,"Twigg-Smith,William Ii Tr",individual,False,-158.15,21.58
185003030,"Upper Waianae Mountains (interior, >2 km from 46 kV)",70.61,0.0,0.0,0.0,0.0,37.95,0.0,0.0,0.0,37.95,65.81,4.55,0.3,0.0,none_mapped,4.64,12.12,EE Waianae Solar LLC (IPP solar project),utility,False,-158.19,21.46
185036042,"Upper Waianae Mountains (interior, >2 km from 46 kV)",0.17,0.0,0.0,0.0,0.0,0.17,0.0,0.0,0.0,0.17,0.22,0.0,0.0,0.0,none_mapped,4.14,11.26,DHHL,dhhl,False,-158.16,21.46
168004013,"Upper Waianae Mountains (interior, >2 km from 46 kV)",0.17,0.0,0.0,0.0,0.0,0.06,0.0,0.0,0.0,0.06,0.2,0.0,0.0,0.0,none_mapped,4.65,16.44,"Vara,Raymond P Jr Tr",individual,False,-158.15,21.58
168004014,"Upper Waianae Mountains (interior, >2 km from 46 kV)",0.16,0.0,0.0,0.0,0.0,0.06,0.0,0.0,0.0,0.06,0.2,0.0,0.0,0.0,none_mapped,4.63,16.43,"Fong,Frederick",individual,False,-158.15,21.58
185036038,"Upper Waianae Mountains (interior, >2 km from 46 kV)",0.2,0.0,0.0,0.0,0.0,0.2,0.0,0.0,0.0,0.2,0.22,0.0,0.0,0.0,none_mapped,4.2,11.29,DHHL,dhhl,False,-158.16,21.46
168004015,"Upper Waianae Mountains (interior, >2 km from 46 kV)",0.15,0.0,0.0,0.0,0.0,0.05,0.0,0.0,0.0,0.05,0.12,0.0,0.0,0.0,none_mapped,4.62,16.42,"Martyn,Kenneth A Tr",individual,False,-158.15,21.58
168004017,"Upper Waianae Mountains (interior, >2 km from 46 kV)",0.11,0.0,0.0,0.0,0.0,0.05,0.0,0.0,0.0,0.05,0.1,0.0,0.0,0.0,none_mapped,4.56,16.37,"Schnack,Randall W Tr",individual,False,-158.15,21.58
185031017,"Upper Waianae Mountains (interior, >2 km from 46 kV)",0.2,0.0,0.0,0.0,0.0,0.2,0.0,0.0,0.0,0.2,0.17,0.05,0.0,0.0,none_mapped,3.75,11.41,DHHL,dhhl,False,-158.17,21.45
185031072,"Upper Waianae Mountains (interior, >2 km from 46 kV)",0.27,0.0,0.0,0.0,0.0,0.27,0.0,0.0,0.0,0.27,0.17,0.07,0.0,0.0,none_mapped,3.72,11.38,DHHL,dhhl,False,-158.17,21.45
185031074,"Upper Waianae Mountains (interior, >2 km from 46 kV)",0.19,0.0,0.0,0.0,0.0,0.19,0.0,0.0,0.0,0.19,0.17,0.02,0.0,0.0,none_mapped,3.68,11.34,DHHL,dhhl,False,-158.17,21.45
185031073,"Upper Waianae Mountains (interior, >2 km from 46 kV)",0.2,0.0,0.0,0.0,0.0,0.2,0.0,0.0,0.0,0.2,0.12,0.07,0.0,0.0,none_mapped,3.7,11.36,DHHL,dhhl,False,-158.17,21.45
185031070,"Upper Waianae Mountains (interior, >2 km from 46 kV)",0.21,0.0,0.0,0.0,0.0,0.21,0.0,0.0,0.0,0.21,0.2,0.0,0.0,0.0,none_mapped,3.7,11.4,DHHL,dhhl,False,-158.17,21.45
185031068,"Upper Waianae Mountains (interior, >2 km from 46 kV)",0.21,0.0,0.0,0.0,0.0,0.21,0.0,0.0,0.0,0.21,0.2,0.0,0.0,0.0,none_mapped,3.66,11.35,DHHL,dhhl,False,-158.17,21.45
185031069,"Upper Waianae Mountains (interior, >2 km from 46 kV)",0.21,0.0,0.0,0.0,0.0,0.21,0.0,0.0,0.0,0.21,0.25,0.0,0.0,0.0,none_mapped,3.68,11.37,DHHL,dhhl,False,-158.17,21.45
185031062,"Upper Waianae Mountains (interior, >2 km from 46 kV)",0.19,0.0,0.0,0.0,0.0,0.19,0.0,0.0,0.0,0.19,0.2,0.0,0.0,0.0,none_mapped,3.6,11.25,DHHL,dhhl,False,-158.17,21.45
185031063,"Upper Waianae Mountains (interior, >2 km from 46 kV)",0.36,0.0,0.0,0.0,0.0,0.36,0.0,0.0,0.0,0.36,0.3,0.05,0.0,0.0,none_mapped,3.56,11.24,DHHL,dhhl,False,-158.17,21.45
185031076,"Upper Waianae Mountains (interior, >2 km from 46 kV)",0.17,0.0,0.0,0.0,0.0,0.17,0.0,0.0,0.0,0.17,0.17,0.0,0.0,0.0,none_mapped,3.65,11.3,DHHL,dhhl,False,-158.17,21.45
185031077,"Upper Waianae Mountains (interior, >2 km from 46 kV)",0.17,0.0,0.0,0.0,0.0,0.17,0.0,0.0,0.0,0.17,0.2,0.0,0.0,0.0,none_mapped,3.64,11.28,DHHL,dhhl,False,-158.17,21.45
185031078,"Upper Waianae Mountains (interior, >2 km from 46 kV)",0.17,0.0,0.0,0.0,0.0,0.17,0.0,0.0,0.0,0.17,0.2,0.0,0.0,0.0,none_mapped,3.63,11.26,DHHL,dhhl,False,-158.17,21.45
185031089,"Upper Waianae Mountains (interior, >2 km from 46 kV)",0.17,0.0,0.0,0.0,0.0,0.17,0.0,0.0,0.0,0.17,0.17,0.0,0.0,0.0,none_mapped,3.69,11.34,DHHL,dhhl,False,-158.17,21.45
185031088,"Upper Waianae Mountains (interior, >2 km from 46 kV)",0.17,0.0,0.0,0.0,0.0,0.17,0.0,0.0,0.0,0.17,0.15,0.0,0.0,0.0,none_mapped,3.68,11.31,DHHL,dhhl,False,-158.17,21.45
185031086,"Upper Waianae Mountains (interior, >2 km from 46 kV)",0.18,0.0,0.0,0.0,0.0,0.18,0.0,0.0,0.0,0.18,0.17,0.0,0.0,0.0,none_mapped,3.66,11.27,DHHL,dhhl,False,-158.17,21.45
185031087,"Upper Waianae Mountains (interior, >2 km from 46 kV)",0.17,0.0,0.0,0.0,0.0,0.17,0.0,0.0,0.0,0.17,0.15,0.0,0.0,0.0,none_mapped,3.67,11.29,DHHL,dhhl,False,-158.17,21.45
185019030,"Upper Waianae Mountains (interior, >2 km from 46 kV)",0.02,0.0,0.0,0.0,0.0,0.02,0.0,0.0,0.0,0.02,0.02,0.0,0.0,0.0,none_mapped,3.98,11.68,Makaha Valley Inc,corporate_other,False,-158.17,21.45
185019065,"Upper Waianae Mountains (interior, >2 km from 46 kV)",4.03,0.0,0.0,0.0,0.0,4.03,0.0,0.0,0.0,4.03,4.05,0.0,0.0,0.0,none_mapped,3.86,11.55,"Rezentes,Edward R",individual,False,-158.17,21.45
185019029,"Upper Waianae Mountains (interior, >2 km from 46 kV)",0.08,0.0,0.0,0.0,0.0,0.08,0.0,0.0,0.0,0.08,0.07,0.0,0.0,0.0,none_mapped,3.91,11.62,Makaha Valley Inc,corporate_other,False,-158.17,21.45
185001033,"Upper Waianae Mountains (interior, >2 km from 46 kV)",113.97,0.0,0.0,0.0,0.0,41.95,0.0,0.0,0.0,41.95,15.37,23.18,75.47,0.0,none_mapped,3.03,10.71,State of Hawaii - Dept of Agriculture,state,False,-158.17,21.45
185019020,"Upper Waianae Mountains (interior, >2 km from 46 kV)",3.94,2.44,0.0,0.0,0.0,1.5,0.0,0.0,0.0,1.5,3.06,0.79,0.07,2.51,flowers_foliage_landscape,3.73,11.42,C S Ltd Part,corporate_other,False,-158.17,21.45
185019071,"Upper Waianae Mountains (interior, >2 km from 46 kV)",7.37,5.97,0.0,0.0,0.0,1.24,0.0,0.0,0.0,1.24,6.13,1.38,0.2,1.23,diversified_crop,3.65,11.33,City & County of Honolulu,county,False,-158.17,21.45
185019002,"Upper Waianae Mountains (interior, >2 km from 46 kV)",8.45,5.89,0.0,0.0,0.0,2.56,0.0,0.0,0.0,2.56,7.56,0.77,0.02,0.0,none_mapped,3.56,11.25,"Dunn,Robert E",individual,False,-158.17,21.45
185029002,"Upper Waianae Mountains (interior, >2 km from 46 kV)",8.92,0.0,0.0,0.0,0.0,8.92,0.0,0.0,0.0,8.92,7.73,0.44,0.72,6.45,diversified_crop,4.18,11.75,DHHL,dhhl,False,-158.17,21.46
185029001,"Upper Waianae Mountains (interior, >2 km from 46 kV)",1.99,0.0,0.0,0.0,0.0,1.99,0.0,0.0,0.0,1.99,1.34,0.49,0.12,0.0,none_mapped,4.14,11.66,DHHL,dhhl,False,-158.17,21.46
185004039,"Upper Waianae Mountains (interior, >2 km from 46 kV)",3.65,0.0,0.35,0.0,0.0,3.29,0.35,0.35,0.35,3.29,3.46,0.15,0.0,0.0,none_mapped,4.16,11.87,State of Hawaii (agency unspecified),state,False,-158.17,21.46
185029019,"Upper Waianae Mountains (interior, >2 km from 46 kV)",3.21,0.0,0.36,0.0,0.0,2.85,0.32,0.36,0.36,2.85,2.35,0.92,0.0,0.0,none_mapped,4.07,11.78,DHHL,dhhl,False,-158.17,21.46
186008018,"Upper Waianae Mountains (interior, >2 km from 46 kV)",1.85,1.85,0.0,0.0,0.0,0.0,0.0,0.0,0.0,0.0,1.85,0.0,0.0,0.0,none_mapped,3.0,10.33,"Gomes,Frances C Tr Est",individual,False,-158.16,21.45
186008030,"Upper Waianae Mountains (interior, >2 km from 46 kV)",0.13,0.13,0.0,0.0,0.0,0.0,0.0,0.0,0.0,0.0,0.12,0.0,0.0,0.0,none_mapped,3.03,10.45,"Rodrigues,James J Jr Tr",individual,False,-158.16,21.45
186010021,"Upper Waianae Mountains (interior, >2 km from 46 kV)",0.5,0.0,0.49,0.0,0.0,0.0,0.05,0.1,0.49,0.0,0.52,0.0,0.0,0.0,none_mapped,2.34,10.04,Various owners (RPAD aggregate),unknown,False,-158.16,21.44
186010009,"Upper Waianae Mountains (interior, >2 km from 46 kV)",1.0,0.0,1.0,0.0,0.0,0.0,0.1,0.2,1.0,0.0,0.96,0.0,0.0,0.0,none_mapped,2.38,10.09,"Cross,Teal K T",individual,False,-158.16,21.44
186010049,"Upper Waianae Mountains (interior, >2 km from 46 kV)",1.0,0.0,1.0,0.0,0.0,0.0,0.1,0.2,1.0,0.0,0.96,0.0,0.0,0.0,none_mapped,2.43,10.14,"Lee-Kaneakua,Kale S K",individual,False,-158.16,21.44
168004031,"Upper Waianae Mountains (interior, >2 km from 46 kV)",0.14,0.0,0.0,0.0,0.0,0.06,0.0,0.0,0.0,0.06,0.12,0.0,0.0,0.0,none_mapped,4.53,16.35,"Arce,Jeffrey G Tr",individual,False,-158.15,21.58
168004032,"Upper Waianae Mountains (interior, >2 km from 46 kV)",0.11,0.0,0.0,0.0,0.0,0.05,0.0,0.0,0.0,0.05,0.12,0.0,0.0,0.0,none_mapped,4.54,16.36,"Saraniti,Brett/Samantha Trust",individual,False,-158.15,21.58
185036040,"Upper Waianae Mountains (interior, >2 km from 46 kV)",0.16,0.0,0.0,0.0,0.0,0.16,0.0,0.0,0.0,0.16,0.17,0.0,0.0,0.0,none_mapped,4.16,11.26,DHHL,dhhl,False,-158.16,21.46
185036041,"Upper Waianae Mountains (interior, >2 km from 46 kV)",0.17,0.0,0.0,0.0,0.0,0.17,0.0,0.0,0.0,0.17,0.12,0.0,0.0,0.0,none_mapped,4.15,11.26,DHHL,dhhl,False,-158.16,21.46
185033082,"Upper Waianae Mountains (interior, >2 km from 46 kV)",0.42,0.0,0.0,0.0,0.0,0.42,0.0,0.0,0.0,0.42,0.42,0.0,0.0,0.0,none_mapped,3.84,11.28,DHHL,dhhl,False,-158.16,21.46
185030126,"Upper Waianae Mountains (interior, >2 km from 46 kV)",8.13,0.0,0.0,0.0,0.0,8.05,0.0,0.0,0.0,8.05,7.74,0.35,0.02,0.0,none_mapped,3.74,11.3,DHHL,dhhl,False,-158.17,21.46
185031091,"Upper Waianae Mountains (interior, >2 km from 46 kV)",4.81,0.0,0.0,0.0,0.0,4.81,0.0,0.0,0.0,4.81,4.8,0.0,0.0,0.0,none_mapped,3.62,11.13,DHHL,dhhl,False,-158.16,21.46
185032040,"Upper Waianae Mountains (interior, >2 km from 46 kV)",5.49,0.0,0.0,0.0,0.0,5.49,0.0,0.0,0.0,5.49,5.46,0.0,0.0,0.0,none_mapped,3.92,11.15,DHHL,dhhl,False,-158.16,21.46
185002052,"Upper Waianae Mountains (interior, >2 km from 46 kV)",121.63,0.0,0.0,0.0,0.0,32.88,0.0,0.0,0.0,32.88,91.26,21.87,8.52,0.0,none_mapped,5.04,12.46,EE Waianae Solar LLC (IPP solar project),utility,False,-158.19,21.46
167001073,"Upper Waianae Mountains (interior, >2 km from 46 kV)",2.25,0.0,1.03,0.0,0.0,0.0,0.22,0.45,1.03,0.0,2.27,0.0,0.0,0.0,none_mapped,2.42,14.68,Dole Food Co Inc,corporate_ag,False,-158.13,21.58
167001074,"Upper Waianae Mountains (interior, >2 km from 46 kV)",214.89,129.66,79.61,0.0,0.0,0.0,20.0,42.98,79.61,0.0,212.81,2.15,0.0,183.22,seed_production,2.15,14.15,Savio (Peter Savio) entities,developer,False,-158.13,21.58
185036039,"Upper Waianae Mountains (interior, >2 km from 46 kV)",0.21,0.0,0.0,0.0,0.0,0.21,0.0,0.0,0.0,0.21,0.22,0.0,0.0,0.0,none_mapped,4.17,11.26,DHHL,dhhl,False,-158.16,21.46
185004130,"Upper Waianae Mountains (interior, >2 km from 46 kV)",2.31,0.0,0.0,0.0,0.0,2.31,0.0,0.0,0.0,2.31,2.27,0.0,0.0,0.0,none_mapped,4.56,11.32,DHHL,dhhl,False,-158.16,21.46
185004129,"Upper Waianae Mountains (interior, >2 km from 46 kV)",2.28,0.0,0.0,0.0,0.0,2.28,0.0,0.0,0.0,2.28,2.12,0.25,0.0,0.0,none_mapped,4.57,11.36,DHHL,dhhl,False,-158.16,21.46
185036037,"Upper Waianae Mountains (interior, >2 km from 46 kV)",0.16,0.0,0.0,0.0,0.0,0.16,0.0,0.0,0.0,0.16,0.17,0.0,0.0,0.0,none_mapped,4.19,11.29,DHHL,dhhl,False,-158.16,21.46
168014001,"Upper Waianae Mountains (interior, >2 km from 46 kV)",268.2,1.06,0.0,0.0,0.0,118.99,0.0,0.0,0.0,118.99,257.71,5.46,4.5,0.0,none_mapped,7.36,18.74,United States of America,federal,False,-158.2,21.58
168004009,"Upper Waianae Mountains (interior, >2 km from 46 kV)",1.0,0.0,0.0,0.0,0.0,0.26,0.0,0.0,0.0,0.26,1.06,0.0,0.0,0.0,none_mapped,4.7,16.49,Salvation Army The,nonprofit,False,-158.15,21.58
168004011,"Upper Waianae Mountains (interior, >2 km from 46 kV)",0.26,0.0,0.0,0.0,0.0,0.08,0.0,0.0,0.0,0.08,0.25,0.0,0.0,0.0,none_mapped,4.68,16.47,"Higgins,Thomas C",individual,False,-158.15,21.58
168004004,"Upper Waianae Mountains (interior, >2 km from 46 kV)",0.5,0.0,0.0,0.0,0.0,0.11,0.0,0.0,0.0,0.11,0.47,0.0,0.0,0.0,none_mapped,4.84,16.6,"Libby,John A Tr",individual,False,-158.15,21.58
168004005,"Upper Waianae Mountains (interior, >2 km from 46 kV)",0.47,0.0,0.0,0.0,0.0,0.1,0.0,0.0,0.0,0.1,0.47,0.0,0.0,0.0,none_mapped,4.82,16.58,"How,Peter H J",individual,False,-158.15,21.58
168004006,"Upper Waianae Mountains (interior, >2 km from 46 kV)",0.87,0.0,0.0,0.0,0.0,0.2,0.0,0.0,0.0,0.2,0.89,0.0,0.0,0.0,none_mapped,4.78,16.55,"Welton,Eric J R Tr",individual,False,-158.15,21.58
168004019,"Upper Waianae Mountains (interior, >2 km from 46 kV)",0.14,0.0,0.0,0.0,0.0,0.05,0.0,0.0,0.0,0.05,0.15,0.0,0.0,0.0,none_mapped,4.48,16.31,Mayon Family Trust,individual,False,-158.15,21.58
185019019,"Upper Waianae Mountains (interior, >2 km from 46 kV)",3.39,3.24,0.0,0.0,0.0,0.15,0.0,0.0,0.0,0.15,3.21,0.07,0.0,0.05,flowers_foliage_landscape,3.74,11.42,"Huang,Alice C",individual,False,-158.17,21.45
186003020,"Upper Waianae Mountains (interior, >2 km from 46 kV)",9.37,0.0,9.3,0.0,0.0,0.0,0.94,1.87,9.3,0.0,9.36,0.0,0.0,6.39,diversified_crop,2.86,9.44,"Choe,Brian",individual,False,-158.15,21.45
186003026,"Upper Waianae Mountains (interior, >2 km from 46 kV)",1.47,0.0,1.46,0.0,0.0,0.0,0.15,0.29,1.46,0.0,1.46,0.0,0.0,0.0,none_mapped,3.01,9.42,"Aila,Ivanhoe K Tr",individual,False,-158.15,21.45
186028001,"Upper Waianae Mountains (interior, >2 km from 46 kV)",0.48,0.36,0.0,0.0,0.0,0.05,0.0,0.0,0.0,0.05,0.4,0.1,0.0,0.0,none_mapped,2.0,9.68,DHHL,dhhl,False,-158.17,21.44
186028011,"Upper Waianae Mountains (interior, >2 km from 46 kV)",5.49,0.0,3.17,0.0,0.0,2.26,0.55,1.1,3.17,2.26,5.49,0.0,0.0,4.42,diversified_crop,2.08,9.76,"Nahulu,Lambert K",individual,False,-158.16,21.44
186028010,"Upper Waianae Mountains (interior, >2 km from 46 kV)",1.63,0.0,0.0,0.0,0.0,1.63,0.0,0.0,0.0,1.63,1.53,0.07,0.0,0.0,none_mapped,2.03,9.72,DHHL,dhhl,False,-158.16,21.44
186028017,"Upper Waianae Mountains (interior, >2 km from 46 kV)",2.33,0.0,1.94,0.0,0.0,0.32,0.23,0.47,1.94,0.32,2.35,0.0,0.0,0.14,flowers_foliage_landscape,2.08,9.79,"Pacis,Ariel",individual,False,-158.16,21.44
186028013,"Upper Waianae Mountains (interior, >2 km from 46 kV)",4.32,0.0,2.25,0.0,0.0,1.38,0.43,0.86,2.25,1.38,4.13,0.22,0.0,0.0,none_mapped,2.08,9.77,"Uesugi,Annie B",individual,False,-158.16,21.44
186028012,"Upper Waianae Mountains (interior, >2 km from 46 kV)",1.13,0.0,0.75,0.0,0.0,0.14,0.11,0.23,0.75,0.14,1.11,0.0,0.0,0.0,none_mapped,2.13,9.82,"Moniz,Frank Jr Tr",individual,False,-158.16,21.44
186028016,"Upper Waianae Mountains (interior, >2 km from 46 kV)",0.15,0.0,0.0,0.0,0.0,0.0,0.0,0.0,0.0,0.0,0.12,0.0,0.0,0.02,flowers_foliage_landscape,2.29,9.99,"Bek,Kenji W",individual,False,-158.16,21.44
186028015,"Upper Waianae Mountains (interior, >2 km from 46 kV)",2.34,0.0,1.8,0.0,0.0,0.46,0.23,0.47,1.8,0.46,2.15,0.17,0.0,0.0,none_mapped,2.08,9.78,"Garcia,Kilipaki B K",individual,False,-158.16,21.44
186028019,"Upper Waianae Mountains (interior, >2 km from 46 kV)",10.87,0.68,10.19,0.0,0.0,0.0,1.09,2.17,10.19,0.0,10.85,0.0,0.0,0.0,none_mapped,2.1,9.82,"He,Mengting",individual,False,-158.16,21.44
186028018,"Upper Waianae Mountains (interior, >2 km from 46 kV)",10.97,0.0,10.81,0.0,0.0,0.15,1.1,2.19,10.81,0.15,10.97,0.0,0.0,10.46,flowers_foliage_landscape,2.08,9.8,C S Limited Partnership,corporate_other,False,-158.16,21.44
186028020,"Upper Waianae Mountains (interior, >2 km from 46 kV)",0.19,0.0,0.0,0.0,0.0,0.0,0.0,0.0,0.0,0.0,0.22,0.0,0.0,0.0,none_mapped,2.29,9.99,"Davis,Christian",individual,False,-158.16,21.44
186001054,"Upper Waianae Mountains (interior, >2 km from 46 kV)",7.16,0.0,0.0,0.0,0.0,0.19,0.0,0.0,0.0,0.19,7.14,0.0,0.0,0.0,none_mapped,2.66,10.14,State of Hawaii (agency unspecified),state,False,-158.17,21.44
186011002,"Upper Waianae Mountains (interior, >2 km from 46 kV)",0.69,0.24,0.0,0.0,0.0,0.45,0.0,0.0,0.0,0.45,0.67,0.0,0.0,0.0,none_mapped,2.79,10.51,"Mendoza,Verna T Tr",individual,False,-158.17,21.45
186011008,"Upper Waianae Mountains (interior, >2 km from 46 kV)",2.22,0.0,0.0,0.0,0.0,2.22,0.0,0.0,0.0,2.22,0.86,1.21,0.15,0.0,none_mapped,2.79,10.5,"Mendoza,Verna T Tr",individual,False,-158.17,21.45
186011015,"Upper Waianae Mountains (interior, >2 km from 46 kV)",6.66,0.17,0.0,0.0,0.0,6.49,0.0,0.0,0.0,6.49,6.15,0.54,0.0,0.0,none_mapped,2.68,10.4,"Mendoza,Verna T Tr",individual,False,-158.17,21.44
186011016,"Upper Waianae Mountains (interior, >2 km from 46 kV)",1.87,1.42,0.0,0.0,0.0,0.45,0.0,0.0,0.0,0.45,1.7,0.15,0.0,0.0,none_mapped,2.63,10.35,"Mendoza,Verna T Tr",individual,False,-158.17,21.44
185004111,"Upper Waianae Mountains (interior, >2 km from 46 kV)",2.32,0.0,0.0,0.0,0.0,2.32,0.0,0.0,0.0,2.32,2.3,0.07,0.0,0.0,none_mapped,4.25,11.23,DHHL,dhhl,False,-158.16,21.46
185036012,"Upper Waianae Mountains (interior, >2 km from 46 kV)",0.33,0.0,0.0,0.0,0.0,0.33,0.0,0.0,0.0,0.33,0.32,0.02,0.0,0.0,none_mapped,4.3,11.32,DHHL,dhhl,False,-158.16,21.46
167001006,"Upper Waianae Mountains (interior, >2 km from 46 kV)",2.24,0.0,0.88,0.0,0.0,0.0,0.22,0.45,0.88,0.0,2.2,0.0,0.0,0.0,none_mapped,2.42,14.69,"Maggs,Barbara A Tr",individual,True,-158.13,21.58
167008015,"Upper Waianae Mountains (interior, >2 km from 46 kV)",0.3,0.0,0.08,0.0,0.0,0.0,0.03,0.06,0.08,0.0,0.3,0.0,0.0,0.0,none_mapped,2.42,14.64,"Hirota-Tulikihihifo,Jennifer H",individual,False,-158.13,21.58
167008016,"Upper Waianae Mountains (interior, >2 km from 46 kV)",0.31,0.0,0.09,0.0,0.0,0.0,0.03,0.06,0.09,0.0,0.27,0.0,0.0,0.0,none_mapped,2.43,14.64,"Appraisal Co Inc, Real Estate Appraisals",corporate_other,False,-158.13,21.58
167002006,"Upper Waianae Mountains (interior, >2 km from 46 kV)",6.11,0.0,0.0,0.13,5.52,0.47,0.13,0.13,0.13,5.98,2.4,3.46,0.2,6.11,pasture,3.27,13.62,Stanhope 6,unknown,False,-158.14,21.55
167002028,"Upper Waianae Mountains (interior, >2 km from 46 kV)",8.92,0.0,0.0,5.08,2.44,1.4,0.89,1.78,5.08,3.84,0.59,2.32,6.0,8.92,pasture,3.57,13.95,'Aweoweo Farm Lots',unknown,False,-158.14,21.55
167008013,"Upper Waianae Mountains (interior, >2 km from 46 kV)",0.26,0.0,0.01,0.0,0.0,0.0,0.01,0.01,0.01,0.0,0.27,0.0,0.0,0.0,none_mapped,2.39,14.62,67-351  Kukea Circle Llc,corporate_other,False,-158.13,21.58
167008014,"Upper Waianae Mountains (interior, >2 km from 46 kV)",0.27,0.0,0.05,0.0,0.0,0.0,0.03,0.05,0.05,0.0,0.27,0.0,0.0,0.0,none_mapped,2.41,14.63,"Miya,Leonard Y Tr",individual,False,-158.13,21.58
167002034,"Upper Waianae Mountains (interior, >2 km from 46 kV)",50.4,0.0,0.0,0.1,4.9,45.4,0.1,0.1,0.1,50.3,3.09,14.11,33.21,20.06,pasture,3.63,13.75,Mount Ka'ala Ranch,corporate_ag,False,-158.15,21.55
167002038,"Upper Waianae Mountains (interior, >2 km from 46 kV)",103.14,0.0,0.0,0.0,22.78,80.35,0.0,0.0,0.0,103.14,2.45,22.73,77.96,24.13,pasture,3.39,13.54,Stanhope Llc,corporate_other,False,-158.14,21.54
167002039,"Upper Waianae Mountains (interior, >2 km from 46 kV)",66.71,0.0,0.0,0.0,4.93,61.78,0.0,0.0,0.0,66.71,4.37,13.56,48.83,9.72,pasture,3.37,13.33,Benedictine Monastery of Hawaii,nonprofit,False,-158.14,21.54
167008017,"Upper Waianae Mountains (interior, >2 km from 46 kV)",0.23,0.0,0.06,0.0,0.0,0.0,0.02,0.05,0.06,0.0,0.22,0.0,0.0,0.0,none_mapped,2.45,14.64,"Agsalda,Raymond D N",individual,False,-158.13,21.58
167008018,"Upper Waianae Mountains (interior, >2 km from 46 kV)",0.19,0.0,0.03,0.0,0.0,0.0,0.02,0.03,0.03,0.0,0.22,0.0,0.0,0.0,none_mapped,2.46,14.64,"Timm,Dustin W Separate Property Tr",individual,False,-158.13,21.58
167008019,"Upper Waianae Mountains (interior, >2 km from 46 kV)",0.18,0.0,0.0,0.0,0.0,0.0,0.0,0.0,0.0,0.0,0.2,0.0,0.0,0.0,none_mapped,2.47,14.64,"Barbieri,Michelle M",individual,False,-158.13,21.58
167002043,"Upper Waianae Mountains (interior, >2 km from 46 kV)",671.54,13.89,11.56,26.22,198.24,410.99,20.0,37.78,37.77,609.23,106.18,211.89,353.58,241.19,pasture,2.11,11.77,G Tree Ranch LLC,corporate_ag,False,-158.14,21.54
167008020,"Upper Waianae Mountains (interior, >2 km from 46 kV)",0.25,0.0,0.01,0.0,0.0,0.0,0.01,0.01,0.01,0.0,0.22,0.0,0.0,0.03,seed_production,2.48,14.64,"Corpuz,Severo A",individual,False,-158.13,21.58
167008021,"Upper Waianae Mountains (interior, >2 km from 46 kV)",0.34,0.0,0.25,0.0,0.0,0.0,0.03,0.07,0.25,0.0,0.37,0.0,0.0,0.1,seed_production,2.48,14.63,"Agno,Nora A Tr",individual,False,-158.13,21.58
167003002,"Upper Waianae Mountains (interior, >2 km from 46 kV)",219.29,0.0,0.0,0.0,9.37,209.92,0.0,0.0,0.0,219.29,5.81,27.68,185.85,16.28,pasture,2.28,10.15,Kaukonahua Ranch LLC,corporate_ag,False,-158.12,21.53
167008022,"Upper Waianae Mountains (interior, >2 km from 46 kV)",0.2,0.0,0.13,0.0,0.0,0.0,0.02,0.04,0.13,0.0,0.2,0.0,0.0,0.0,none_mapped,2.46,14.62,"Obayashi,Linda S Y Tr",individual,False,-158.13,21.58
167003003,"Upper Waianae Mountains (interior, >2 km from 46 kV)",111.47,0.0,0.0,0.0,22.42,89.06,0.0,0.0,0.0,111.47,2.69,19.57,89.03,0.0,none_mapped,2.55,10.92,Ka'ala Ranch LLC,corporate_ag,False,-158.12,21.54
167003004,"Upper Waianae Mountains (interior, >2 km from 46 kV)",93.38,0.0,0.0,0.0,11.5,81.88,0.0,0.0,0.0,93.38,3.06,11.52,78.9,0.0,none_mapped,2.79,11.38,"Lopez,Theodore J P Tr",individual,False,-158.13,21.54
167008023,"Upper Waianae Mountains (interior, >2 km from 46 kV)",0.19,0.0,0.11,0.0,0.0,0.0,0.02,0.04,0.11,0.0,0.2,0.0,0.0,0.0,none_mapped,2.45,14.6,"Estrera,Joseph Jr",individual,False,-158.13,21.58
167003018,"Upper Waianae Mountains (interior, >2 km from 46 kV)",1307.48,0.0,0.0,0.0,0.0,0.0,0.0,0.0,0.0,0.0,22.09,79.4,1206.22,0.0,none_mapped,3.34,10.35,State of Hawaii (agency unspecified),state,False,-158.14,21.53
167003025,"Upper Waianae Mountains (interior, >2 km from 46 kV)",1046.84,0.0,0.0,0.0,0.0,0.02,0.0,0.0,0.0,0.02,13.89,39.86,992.87,0.0,none_mapped,3.28,9.5,State of Hawaii (agency unspecified),state,False,-158.13,21.52
167008056,"Upper Waianae Mountains (interior, >2 km from 46 kV)",0.16,0.0,0.08,0.0,0.0,0.0,0.02,0.03,0.08,0.0,0.15,0.0,0.0,0.0,none_mapped,2.44,14.58,"Walker,Robert A",individual,False,-158.13,21.58
167008057,"Upper Waianae Mountains (interior, >2 km from 46 kV)",0.18,0.0,0.08,0.0,0.0,0.0,0.02,0.04,0.08,0.0,0.2,0.0,0.0,0.0,none_mapped,2.42,14.56,"Nakahira,John H Tr",individual,False,-158.13,21.58
167008058,"Upper Waianae Mountains (interior, >2 km from 46 kV)",0.18,0.0,0.07,0.0,0.0,0.0,0.02,0.04,0.07,0.0,0.17,0.0,0.0,0.0,none_mapped,2.4,14.54,'67-403 & 67-405 Kukea Circle',unknown,False,-158.13,21.58
167008059,"Upper Waianae Mountains (interior, >2 km from 46 kV)",0.17,0.0,0.06,0.0,0.0,0.0,0.02,0.03,0.06,0.0,0.17,0.0,0.0,0.0,none_mapped,2.39,14.53,"Astorga,Jasmin B",individual,False,-158.13,21.58
167012055,"Upper Waianae Mountains (interior, >2 km from 46 kV)",0.22,0.07,0.0,0.0,0.0,0.0,0.0,0.0,0.0,0.0,0.22,0.0,0.0,0.0,none_mapped,2.28,14.01,"Boehm,John D",individual,False,-158.13,21.57
186004017,"Upper Waianae Mountains (interior, >2 km from 46 kV)",6.03,0.0,0.07,0.0,0.0,5.96,0.07,0.07,0.07,5.96,5.98,0.0,0.0,0.0,none_mapped,3.32,9.91,R & I Construction Inc,developer,False,-158.15,21.45
186004018,"Upper Waianae Mountains (interior, >2 km from 46 kV)",5.98,0.0,0.04,0.0,0.0,5.95,0.04,0.04,0.04,5.95,5.86,0.17,0.0,0.0,none_mapped,3.4,9.8,"Acopan,Edwin H S",individual,False,-158.15,21.45
167012031,"Upper Waianae Mountains (interior, >2 km from 46 kV)",0.19,0.06,0.0,0.0,0.0,0.0,0.0,0.0,0.0,0.0,0.17,0.0,0.0,0.0,none_mapped,2.01,13.76,"Kobayashi,Kenlan Y",individual,False,-158.13,21.57
167012032,"Upper Waianae Mountains (interior, >2 km from 46 kV)",0.14,0.06,0.0,0.0,0.0,0.0,0.0,0.0,0.0,0.0,0.12,0.0,0.0,0.0,none_mapped,2.03,13.78,"De Mendonca,Luiz C C Tr",individual,False,-158.13,21.57
167012033,"Upper Waianae Mountains (interior, >2 km from 46 kV)",0.14,0.06,0.0,0.0,0.0,0.0,0.0,0.0,0.0,0.0,0.15,0.0,0.0,0.0,none_mapped,2.05,13.8,"Kuranaga,Teruo",individual,False,-158.13,21.57
167012039,"Upper Waianae Mountains (interior, >2 km from 46 kV)",0.14,0.06,0.0,0.0,0.0,0.0,0.0,0.0,0.0,0.0,0.15,0.0,0.0,0.0,none_mapped,2.08,13.82,"Uyesugi,Kenneth S/Angelita R Tr",individual,False,-158.13,21.57
167012040,"Upper Waianae Mountains (interior, >2 km from 46 kV)",0.14,0.06,0.0,0.0,0.0,0.0,0.0,0.0,0.0,0.0,0.12,0.0,0.0,0.0,none_mapped,2.1,13.84,"Little,Clark M Tr",individual,False,-158.13,21.57
167012041,"Upper Waianae Mountains (interior, >2 km from 46 kV)",0.17,0.06,0.0,0.0,0.0,0.0,0.0,0.0,0.0,0.0,0.17,0.0,0.0,0.0,none_mapped,2.12,13.86,"Shipman,Melissa K",individual,False,-158.13,21.57
167012042,"Upper Waianae Mountains (interior, >2 km from 46 kV)",0.17,0.06,0.0,0.0,0.0,0.0,0.0,0.0,0.0,0.0,0.17,0.0,0.0,0.0,none_mapped,2.13,13.87,"Fujimoto,Charles Y Tr",individual,False,-158.13,21.57
167012045,"Upper Waianae Mountains (interior, >2 km from 46 kV)",0.06,0.02,0.0,0.0,0.0,0.0,0.0,0.0,0.0,0.0,0.05,0.0,0.0,0.0,none_mapped,2.15,13.89,Various owners (RPAD aggregate),unknown,False,-158.13,21.57
167012046,"Upper Waianae Mountains (interior, >2 km from 46 kV)",0.17,0.06,0.0,0.0,0.0,0.0,0.0,0.0,0.0,0.0,0.17,0.0,0.0,0.0,none_mapped,2.16,13.9,"Kawahakui,Tim T",individual,False,-158.13,21.57
167012047,"Upper Waianae Mountains (interior, >2 km from 46 kV)",0.17,0.07,0.0,0.0,0.0,0.0,0.0,0.0,0.0,0.0,0.15,0.0,0.0,0.0,none_mapped,2.18,13.91,"Karadimov,Karen A",individual,False,-158.13,21.57
167012048,"Upper Waianae Mountains (interior, >2 km from 46 kV)",0.16,0.07,0.0,0.0,0.0,0.0,0.0,0.0,0.0,0.0,0.17,0.0,0.0,0.0,none_mapped,2.19,13.93,"Segawa,Annette A",individual,False,-158.13,21.57
167012049,"Upper Waianae Mountains (interior, >2 km from 46 kV)",0.16,0.07,0.0,0.0,0.0,0.0,0.0,0.0,0.0,0.0,0.15,0.0,0.0,0.0,none_mapped,2.21,13.95,"Hookala,Blake K M",individual,False,-158.13,21.57
167012052,"Upper Waianae Mountains (interior, >2 km from 46 kV)",0.06,0.02,0.0,0.0,0.0,0.0,0.0,0.0,0.0,0.0,0.05,0.0,0.0,0.0,none_mapped,2.23,13.96,Various owners (RPAD aggregate),unknown,False,-158.13,21.57
167012053,"Upper Waianae Mountains (interior, >2 km from 46 kV)",0.15,0.08,0.0,0.0,0.0,0.0,0.0,0.0,0.0,0.0,0.12,0.0,0.0,0.0,none_mapped,2.24,13.97,"Waddingham,George H",individual,False,-158.13,21.57
167012054,"Upper Waianae Mountains (interior, >2 km from 46 kV)",0.15,0.08,0.0,0.0,0.0,0.0,0.0,0.0,0.0,0.0,0.15,0.0,0.0,0.0,none_mapped,2.26,13.99,"Padron,Victorio J & Martina F Tr",individual,False,-158.13,21.57
167012056,"Upper Waianae Mountains (interior, >2 km from 46 kV)",0.21,0.08,0.0,0.0,0.0,0.0,0.0,0.0,0.0,0.0,0.2,0.0,0.0,0.0,none_mapped,2.3,14.02,"Moody,Sean M",individual,False,-158.13,21.57
167012057,"Upper Waianae Mountains (interior, >2 km from 46 kV)",0.21,0.08,0.0,0.0,0.0,0.0,0.0,0.0,0.0,0.0,0.22,0.0,0.0,0.0,none_mapped,2.31,14.04,"Magaoay,G M & M Y Tr",individual,False,-158.13,21.57
167012058,"Upper Waianae Mountains (interior, >2 km from 46 kV)",0.2,0.08,0.0,0.0,0.0,0.0,0.0,0.0,0.0,0.0,0.2,0.0,0.0,0.0,none_mapped,2.33,14.06,"Anacleto,Ines",individual,False,-158.13,21.57
167012059,"Upper Waianae Mountains (interior, >2 km from 46 kV)",0.19,0.08,0.0,0.0,0.0,0.0,0.0,0.0,0.0,0.0,0.17,0.0,0.0,0.0,none_mapped,2.35,14.07,"Parisi,Marcello T",individual,False,-158.13,21.57
167012060,"Upper Waianae Mountains (interior, >2 km from 46 kV)",0.15,0.14,0.0,0.0,0.0,0.0,0.0,0.0,0.0,0.0,0.12,0.0,0.0,0.0,none_mapped,2.42,14.14,"Cole,Andrew D Jr & Cheryln Tr",individual,False,-158.13,21.57
167012061,"Upper Waianae Mountains (interior, >2 km from 46 kV)",0.14,0.13,0.0,0.0,0.0,0.0,0.0,0.0,0.0,0.0,0.15,0.0,0.0,0.0,none_mapped,2.4,14.12,"Ballesteros,Jojo A",individual,False,-158.13,21.57
167012062,"Upper Waianae Mountains (interior, >2 km from 46 kV)",0.15,0.09,0.0,0.0,0.0,0.0,0.0,0.0,0.0,0.0,0.15,0.0,0.0,0.0,none_mapped,2.39,14.11,"Tramontano,Rocco M K",individual,False,-158.13,21.57
167012063,"Upper Waianae Mountains (interior, >2 km from 46 kV)",0.18,0.08,0.0,0.0,0.0,0.0,0.0,0.0,0.0,0.0,0.2,0.0,0.0,0.0,none_mapped,2.37,14.09,"Pascual,Cezar D",individual,False,-158.13,21.57
167013001,"Upper Waianae Mountains (interior, >2 km from 46 kV)",0.88,0.0,0.01,0.0,0.0,0.0,0.01,0.01,0.01,0.0,0.86,0.0,0.0,0.0,none_mapped,2.66,14.88,"Tanaka,Mieko S Tr Est",individual,False,-158.13,21.58
167013033,"Upper Waianae Mountains (interior, >2 km from 46 kV)",0.3,0.0,0.0,0.0,0.0,0.0,0.0,0.0,0.0,0.0,0.25,0.0,0.0,0.0,none_mapped,2.69,14.9,"Heiser,Allen J",individual,False,-158.13,21.58
167014019,"Upper Waianae Mountains (interior, >2 km from 46 kV)",0.66,0.0,0.01,0.0,0.0,0.0,0.01,0.01,0.01,0.0,0.49,0.0,0.0,0.0,none_mapped,2.61,14.84,"Pedersen,Elaine L",individual,False,-158.13,21.58
167014020,"Upper Waianae Mountains (interior, >2 km from 46 kV)",0.68,0.0,0.01,0.0,0.0,0.0,0.01,0.01,0.01,0.0,0.82,0.0,0.0,0.0,none_mapped,2.64,14.86,"Deuchar,William R",individual,False,-158.13,21.58
167014022,"Upper Waianae Mountains (interior, >2 km from 46 kV)",0.17,0.0,0.0,0.0,0.0,0.0,0.0,0.0,0.0,0.0,0.15,0.0,0.0,0.0,none_mapped,2.58,14.82,"Cox,David E Jr",individual,False,-158.13,21.58
167014033,"Upper Waianae Mountains (interior, >2 km from 46 kV)",0.23,0.0,0.0,0.0,0.0,0.0,0.0,0.0,0.0,0.0,0.2,0.0,0.0,0.0,none_mapped,2.44,14.71,"Forrester,Jessica E S M A",individual,False,-158.13,21.58
167014034,"Upper Waianae Mountains (interior, >2 km from 46 kV)",0.19,0.0,0.0,0.0,0.0,0.0,0.0,0.0,0.0,0.0,0.32,0.0,0.0,0.0,none_mapped,2.47,14.73,"Campbell,Kathleen M Tr",individual,False,-158.13,21.58
167014035,"Upper Waianae Mountains (interior, >2 km from 46 kV)",0.17,0.0,0.0,0.0,0.0,0.0,0.0,0.0,0.0,0.0,0.15,0.0,0.0,0.0,none_mapped,2.49,14.75,"Kamiyama,Keith T Tr Of 2023",individual,False,-158.13,21.58
167014036,"Upper Waianae Mountains (interior, >2 km from 46 kV)",0.17,0.0,0.0,0.0,0.0,0.0,0.0,0.0,0.0,0.0,0.2,0.0,0.0,0.0,none_mapped,2.51,14.76,"Lacar,David",individual,False,-158.13,21.58
167014038,"Upper Waianae Mountains (interior, >2 km from 46 kV)",0.22,0.0,0.01,0.0,0.0,0.0,0.01,0.01,0.01,0.0,0.2,0.0,0.0,0.0,none_mapped,2.54,14.78,"Green,Robert J Tr",individual,False,-158.13,21.58
167017110,"Upper Waianae Mountains (interior, >2 km from 46 kV)",0.12,0.0,0.04,0.0,0.0,0.0,0.01,0.02,0.04,0.0,0.15,0.0,0.0,0.0,none_mapped,2.12,14.19,"Banis,Chita N",individual,False,-158.13,21.58
167017111,"Upper Waianae Mountains (interior, >2 km from 46 kV)",0.12,0.0,0.03,0.0,0.0,0.0,0.01,0.02,0.03,0.0,0.1,0.0,0.0,0.0,none_mapped,2.13,14.21,"Chanlo,Michel Trust",individual,False,-158.13,21.58
167017021,"Upper Waianae Mountains (interior, >2 km from 46 kV)",0.18,0.0,0.09,0.0,0.0,0.0,0.02,0.04,0.09,0.0,0.15,0.0,0.0,0.0,none_mapped,2.31,14.44,"Sagaysay,Juanito",individual,False,-158.13,21.58
167017022,"Upper Waianae Mountains (interior, >2 km from 46 kV)",0.18,0.0,0.09,0.0,0.0,0.0,0.02,0.04,0.09,0.0,0.2,0.0,0.0,0.0,none_mapped,2.32,14.45,"Barreca,Robert",individual,False,-158.13,21.58
167017023,"Upper Waianae Mountains (interior, >2 km from 46 kV)",0.19,0.0,0.09,0.0,0.0,0.0,0.02,0.04,0.09,0.0,0.17,0.0,0.0,0.0,none_mapped,2.34,14.47,"Agtina,Oscar Q",individual,False,-158.13,21.58
167017024,"Upper Waianae Mountains (interior, >2 km from 46 kV)",0.18,0.0,0.08,0.0,0.0,0.0,0.02,0.04,0.08,0.0,0.17,0.0,0.0,0.0,none_mapped,2.36,14.49,"Sato,Lydia L Trust",individual,False,-158.13,21.58
167017025,"Upper Waianae Mountains (interior, >2 km from 46 kV)",0.19,0.0,0.08,0.0,0.0,0.0,0.02,0.04,0.08,0.0,0.2,0.0,0.0,0.0,none_mapped,2.37,14.51,"Takara,2004 Trust",unknown,False,-158.13,21.58
167017112,"Upper Waianae Mountains (interior, >2 km from 46 kV)",0.12,0.0,0.03,0.0,0.0,0.0,0.01,0.02,0.03,0.0,0.12,0.0,0.0,0.0,none_mapped,2.14,14.22,"Agsalda,Vicente P Trust",individual,False,-158.13,21.58
167017113,"Upper Waianae Mountains (interior, >2 km from 46 kV)",0.12,0.0,0.04,0.0,0.0,0.0,0.01,0.02,0.04,0.0,0.12,0.0,0.0,0.0,none_mapped,2.15,14.24,"Pule,Thomas A",individual,False,-158.13,21.58
167017114,"Upper Waianae Mountains (interior, >2 km from 46 kV)",0.12,0.0,0.05,0.0,0.0,0.0,0.01,0.02,0.05,0.0,0.1,0.0,0.0,0.0,none_mapped,2.17,14.25,The Valion Family Tr,individual,False,-158.13,21.58
167017109,"Upper Waianae Mountains (interior, >2 km from 46 kV)",0.13,0.0,0.04,0.0,0.0,0.0,0.01,0.03,0.04,0.0,0.15,0.0,0.0,0.0,none_mapped,2.1,14.18,"Ocot,Jan K G",individual,False,-158.13,21.58
167017115,"Upper Waianae Mountains (interior, >2 km from 46 kV)",0.12,0.0,0.07,0.0,0.0,0.0,0.01,0.02,0.07,0.0,0.12,0.0,0.0,0.0,none_mapped,2.18,14.27,"Guillermo,Alfredo/Rosalina Tr",individual,False,-158.13,21.58
167017116,"Upper Waianae Mountains (interior, >2 km from 46 kV)",0.13,0.0,0.09,0.0,0.0,0.0,0.01,0.03,0.09,0.0,0.15,0.0,0.0,0.0,none_mapped,2.19,14.28,"Romualdo,James M",individual,False,-158.13,21.58
167017117,"Upper Waianae Mountains (interior, >2 km from 46 kV)",0.13,0.0,0.09,0.0,0.0,0.0,0.01,0.03,0.09,0.0,0.12,0.0,0.0,0.0,none_mapped,2.2,14.3,"Williams,George F\Carolyn Tr",individual,False,-158.13,21.58
167017118,"Upper Waianae Mountains (interior, >2 km from 46 kV)",0.12,0.0,0.08,0.0,0.0,0.0,0.01,0.02,0.08,0.0,0.1,0.0,0.0,0.0,none_mapped,2.22,14.31,"Ramiscal,Eulogio",individual,False,-158.13,21.58
167017119,"Upper Waianae Mountains (interior, >2 km from 46 kV)",0.12,0.0,0.08,0.0,0.0,0.0,0.01,0.02,0.08,0.0,0.12,0.0,0.0,0.0,none_mapped,2.23,14.33,"Tingo,Henes S",individual,False,-158.13,21.58
167017120,"Upper Waianae Mountains (interior, >2 km from 46 kV)",0.13,0.0,0.08,0.0,0.0,0.0,0.01,0.02,0.08,0.0,0.15,0.0,0.0,0.0,none_mapped,2.24,14.34,"Langaman,Chris A",individual,False,-158.13,21.58
167017121,"Upper Waianae Mountains (interior, >2 km from 46 kV)",0.12,0.0,0.06,0.0,0.0,0.0,0.01,0.02,0.06,0.0,0.1,0.0,0.0,0.0,none_mapped,2.25,14.36,"Jove,Loreto B/Mercedes R Tr Est",individual,False,-158.13,21.58
167017122,"Upper Waianae Mountains (interior, >2 km from 46 kV)",0.15,0.0,0.07,0.0,0.0,0.0,0.02,0.03,0.07,0.0,0.17,0.0,0.0,0.0,none_mapped,2.26,14.38,"Martin,Maria E",individual,False,-158.13,21.58
167017123,"Upper Waianae Mountains (interior, >2 km from 46 kV)",0.15,0.0,0.07,0.0,0.0,0.0,0.02,0.03,0.07,0.0,0.15,0.0,0.0,0.0,none_mapped,2.27,14.39,"Rivera,Zenaida M Trust",individual,False,-158.13,21.58
167017124,"Upper Waianae Mountains (interior, >2 km from 46 kV)",0.15,0.0,0.08,0.0,0.0,0.0,0.02,0.03,0.08,0.0,0.15,0.0,0.0,0.0,none_mapped,2.28,14.41,"Ramirez,Rodney Tr",individual,False,-158.13,21.58
167017125,"Upper Waianae Mountains (interior, >2 km from 46 kV)",0.14,0.0,0.08,0.0,0.0,0.0,0.01,0.03,0.08,0.0,0.15,0.0,0.0,0.0,none_mapped,2.3,14.42,"Hinshaw,Frank M",individual,False,-158.13,21.58
168002005,"Upper Waianae Mountains (interior, >2 km from 46 kV)",184.51,102.83,64.13,0.35,0.0,17.07,18.45,36.9,64.48,17.07,184.34,0.0,0.0,1.27,pasture,7.66,18.73,Kaena Farm Corporation,corporate_ag,False,-158.19,21.57
168002006,"Upper Waianae Mountains (interior, >2 km from 46 kV)",1030.21,0.0,0.0,0.0,52.47,977.74,0.0,0.0,0.0,1030.21,42.8,156.17,831.31,7.25,pasture,7.8,18.37,Dillingham Ranch Holdings LLC,corporate_ag,False,-158.2,21.56
168002007,"Upper Waianae Mountains (interior, >2 km from 46 kV)",185.59,0.0,0.0,0.0,11.68,173.91,0.0,0.0,0.0,185.58,7.31,30.37,147.84,0.0,none_mapped,9.82,20.43,State of Hawaii (agency unspecified),state,False,-158.21,21.56
168002009,"Upper Waianae Mountains (interior, >2 km from 46 kV)",1.76,0.0,0.0,0.0,0.0,1.76,0.0,0.0,0.0,1.76,1.75,0.0,0.0,0.0,none_mapped,9.51,20.73,State of Hawaii (agency unspecified),state,False,-158.2,21.58
168001001,"Upper Waianae Mountains (interior, >2 km from 46 kV)",1505.34,0.0,0.0,0.0,0.0,0.0,0.0,0.0,0.0,0.0,16.21,75.22,1413.74,0.0,none_mapped,4.93,13.78,State of Hawaii (agency unspecified),state,False,-158.16,21.53
168002017,"Upper Waianae Mountains (interior, >2 km from 46 kV)",32.25,0.0,0.03,0.0,0.0,32.22,0.03,0.03,0.03,32.22,29.73,2.03,0.67,0.0,none_mapped,7.82,18.8,State of Hawaii (agency unspecified),state,True,-158.19,21.57
168002018,"Upper Waianae Mountains (interior, >2 km from 46 kV)",345.92,13.06,0.07,0.0,0.0,269.15,0.07,0.07,0.07,269.15,271.37,31.78,43.1,0.0,none_mapped,7.53,18.89,United States of America,federal,False,-158.2,21.57
168003039,"Upper Waianae Mountains (interior, >2 km from 46 kV)",7.01,5.05,0.0,0.0,0.0,1.96,0.0,0.0,0.0,1.96,7.02,0.0,0.0,6.91,pasture,5.74,17.26,Lokahi Moana Llc,corporate_other,False,-158.16,21.58
168001002,"Upper Waianae Mountains (interior, >2 km from 46 kV)",658.89,0.0,0.0,0.0,0.0,0.18,0.0,0.0,0.0,0.18,16.66,84.66,557.74,0.0,none_mapped,6.34,15.81,State of Hawaii (agency unspecified),state,False,-158.18,21.54
168003033,"Upper Waianae Mountains (interior, >2 km from 46 kV)",9.66,3.33,0.0,0.0,0.0,0.0,0.0,0.0,0.0,0.0,9.69,0.0,0.0,2.72,pasture,6.0,17.43,Dillingham Ranch Holdings LLC,corporate_ag,False,-158.17,21.58
168001004,"Upper Waianae Mountains (interior, >2 km from 46 kV)",538.69,0.0,0.0,0.0,0.31,1.11,0.0,0.0,0.0,1.42,36.57,116.93,385.26,0.0,none_mapped,7.37,17.04,State of Hawaii (agency unspecified),state,False,-158.2,21.55
168002010,"Upper Waianae Mountains (interior, >2 km from 46 kV)",12.85,0.0,0.0,0.0,0.0,12.85,0.0,0.0,0.0,12.85,12.68,0.0,0.0,0.0,none_mapped,9.3,20.56,Kealia Farms,unknown,False,-158.2,21.58
168002016,"Upper Waianae Mountains (interior, >2 km from 46 kV)",1.07,0.0,0.0,0.0,0.0,1.07,0.0,0.0,0.0,1.07,1.48,0.0,0.0,0.0,none_mapped,9.31,20.56,State of Hawaii (agency unspecified),state,False,-158.2,21.58
168003034,"Upper Waianae Mountains (interior, >2 km from 46 kV)",15.9,0.0,0.0,0.0,15.74,0.16,0.0,0.0,0.0,15.9,14.88,1.06,0.0,15.9,pasture,6.21,17.05,Coastal View Properties Llc,corporate_other,False,-158.17,21.56
168002001,"Upper Waianae Mountains (interior, >2 km from 46 kV)",39.61,0.0,0.0,0.0,0.0,28.61,0.0,0.0,0.0,28.61,40.16,0.0,0.0,0.0,none_mapped,7.65,19.07,City & County of Honolulu,county,False,-158.19,21.58
168003001,"Upper Waianae Mountains (interior, >2 km from 46 kV)",7.55,3.35,0.0,0.0,0.0,4.2,0.0,0.0,0.0,4.2,7.64,0.0,0.0,0.32,pasture,5.31,16.86,Castle & Cooke Hawaii (Murdock),developer,False,-158.16,21.58
168003003,"Upper Waianae Mountains (interior, >2 km from 46 kV)",4.18,4.18,0.0,0.0,0.0,0.0,0.0,0.0,0.0,0.0,4.15,0.0,0.0,0.25,pasture,5.42,16.97,"Crocker,William R",individual,False,-158.16,21.58
168003005,"Upper Waianae Mountains (interior, >2 km from 46 kV)",436.65,0.83,1.08,0.0,46.51,388.23,1.08,1.08,1.08,434.74,11.27,67.19,358.01,16.11,pasture,5.59,16.08,Dillingham Ranch Holdings LLC,corporate_ag,False,-158.17,21.55
168003006,"Upper Waianae Mountains (interior, >2 km from 46 kV)",934.43,22.2,34.06,13.23,229.95,607.96,20.0,47.3,47.3,837.91,318.25,169.0,447.11,344.77,pasture,5.63,16.49,Dillingham Ranch Holdings LLC,corporate_ag,True,-158.18,21.56
168003008,"Upper Waianae Mountains (interior, >2 km from 46 kV)",3.43,0.0,0.0,0.0,0.0,0.87,0.0,0.0,0.0,0.87,3.44,0.0,0.0,0.0,none_mapped,7.44,18.87,Episcopal Church In Hawaii,nonprofit,False,-158.18,21.58
168003009,"Upper Waianae Mountains (interior, >2 km from 46 kV)",186.15,43.38,76.62,57.6,0.46,4.68,18.61,37.23,134.22,5.14,185.08,1.04,0.0,5.76,pasture,6.99,18.09,Kawaihapai Farms I,corporate_ag,False,-158.18,21.57
168003015,"Upper Waianae Mountains (interior, >2 km from 46 kV)",73.36,30.5,28.26,3.21,0.84,10.16,7.34,14.67,31.46,10.99,72.45,0.91,0.0,73.36,pasture,5.98,17.14,Dillingham Ranch Holdings LLC,corporate_ag,False,-158.18,21.57
168003016,"Upper Waianae Mountains (interior, >2 km from 46 kV)",1.23,1.23,0.0,0.0,0.0,0.0,0.0,0.0,0.0,0.0,1.19,0.0,0.0,0.0,none_mapped,5.51,17.05,State of Hawaii (agency unspecified),state,False,-158.17,21.58
168003035,"Upper Waianae Mountains (interior, >2 km from 46 kV)",2.12,2.12,0.0,0.0,0.0,0.0,0.0,0.0,0.0,0.0,2.05,0.0,0.0,2.12,pasture,5.95,17.42,Dillingham Ranch Holdings LLC,corporate_ag,False,-158.17,21.58
168003037,"Upper Waianae Mountains (interior, >2 km from 46 kV)",5.43,0.2,0.0,0.02,0.0,4.77,0.02,0.02,0.02,4.77,5.41,0.0,0.0,0.0,none_mapped,6.69,18.17,"Dailey,Elizabeth M Tr",individual,False,-158.17,21.58
168003038,"Upper Waianae Mountains (interior, >2 km from 46 kV)",0.21,0.21,0.0,0.0,0.0,0.0,0.0,0.0,0.0,0.0,0.2,0.0,0.0,0.0,none_mapped,6.58,18.06,State of Hawaii (agency unspecified),state,False,-158.17,21.58
168003017,"Upper Waianae Mountains (interior, >2 km from 46 kV)",18.95,3.31,0.0,0.0,0.0,15.64,0.0,0.0,0.0,15.64,18.95,0.0,0.0,0.0,none_mapped,6.36,17.86,Sweet Love Holdings Llc,corporate_other,False,-158.17,21.58
168003018,"Upper Waianae Mountains (interior, >2 km from 46 kV)",1.32,0.0,0.0,0.0,0.0,1.1,0.0,0.0,0.0,1.1,1.33,0.0,0.0,0.0,none_mapped,6.73,18.27,"Dailey,Michael K",individual,False,-158.17,21.58
168003019,"Upper Waianae Mountains (interior, >2 km from 46 kV)",36.87,16.3,0.0,0.0,0.0,0.0,0.0,0.0,0.0,0.0,36.89,0.0,0.0,32.73,pasture,6.07,17.54,Dillingham Ranch Holdings LLC,corporate_ag,False,-158.17,21.58
168003021,"Upper Waianae Mountains (interior, >2 km from 46 kV)",40.56,0.0,0.0,0.0,36.72,3.84,0.0,0.0,0.0,40.56,28.69,11.84,0.02,3.0,pasture,6.62,17.34,Mokuleia Farms,unknown,False,-158.18,21.56
168003030,"Upper Waianae Mountains (interior, >2 km from 46 kV)",17.04,11.83,4.9,0.0,0.0,0.04,1.7,3.41,4.9,0.04,17.1,0.0,0.0,17.04,pasture,6.09,17.24,Dillingham Ranch Holdings LLC,corporate_ag,False,-158.17,21.57
168003031,"Upper Waianae Mountains (interior, >2 km from 46 kV)",57.29,0.0,0.69,0.0,20.58,33.4,0.69,0.69,0.69,53.98,55.15,2.2,0.0,57.29,pasture,5.98,17.05,Dillingham Ranch Holdings LLC,corporate_ag,False,-158.17,21.57
168003032,"Upper Waianae Mountains (interior, >2 km from 46 kV)",9.8,0.27,0.0,0.03,0.0,9.5,0.03,0.03,0.03,9.5,9.78,0.0,0.0,0.0,none_mapped,7.06,18.48,Episcopal Church In Hawaii,nonprofit,False,-158.18,21.58
168003040,"Upper Waianae Mountains (interior, >2 km from 46 kV)",140.0,136.61,2.24,0.0,0.0,0.46,2.24,2.24,2.24,0.46,140.03,0.0,0.0,139.98,pasture,5.54,16.84,Dillingham Ranch Holdings LLC,corporate_ag,False,-158.17,21.57
168003041,"Upper Waianae Mountains (interior, >2 km from 46 kV)",25.1,4.05,0.93,0.0,2.42,17.69,0.93,0.93,0.93,20.11,7.54,5.61,11.79,7.71,pasture,5.53,16.48,State of Hawaii (agency unspecified),state,False,-158.17,21.56
168003042,"Upper Waianae Mountains (interior, >2 km from 46 kV)",27.67,11.71,0.0,0.0,0.0,15.95,0.0,0.0,0.0,15.95,27.67,0.0,0.0,11.52,pasture,5.81,17.33,City & County of Honolulu,county,False,-158.17,21.58
168003043,"Upper Waianae Mountains (interior, >2 km from 46 kV)",37.45,37.45,0.0,0.0,0.0,0.0,0.0,0.0,0.0,0.0,37.51,0.0,0.0,36.67,seed_production,5.33,16.65,Corteva Agriscience (Pioneer Hi-Bred),corporate_ag,False,-158.16,21.57
168003044,"Upper Waianae Mountains (interior, >2 km from 46 kV)",39.01,17.42,21.6,0.0,0.0,0.0,3.9,7.8,21.6,0.0,36.47,2.42,0.15,37.16,seed_production,5.32,16.44,Corteva Agriscience (Pioneer Hi-Bred),corporate_ag,False,-158.16,21.57
168003045,"Upper Waianae Mountains (interior, >2 km from 46 kV)",7.88,5.74,0.0,0.0,0.0,2.14,0.0,0.0,0.0,2.14,7.86,0.0,0.0,7.79,pasture,5.67,17.2,"Alston,Rob M",individual,False,-158.16,21.58
168003046,"Upper Waianae Mountains (interior, >2 km from 46 kV)",8.27,6.07,0.0,0.0,0.0,2.21,0.0,0.0,0.0,2.21,8.23,0.0,0.0,8.2,pasture,5.6,17.13,Lio Kai Llc,corporate_other,False,-158.16,21.58
168003047,"Upper Waianae Mountains (interior, >2 km from 46 kV)",8.35,6.24,0.0,0.0,0.0,2.11,0.0,0.0,0.0,2.11,8.4,0.0,0.0,8.29,pasture,5.52,17.06,King Fish Llc,corporate_other,False,-158.16,21.58
168003048,"Upper Waianae Mountains (interior, >2 km from 46 kV)",4.11,4.11,0.0,0.0,0.0,0.0,0.0,0.0,0.0,0.0,4.05,0.0,0.0,0.27,pasture,5.42,16.96,"Payes,Robert T",individual,False,-158.16,21.58
168003049,"Upper Waianae Mountains (interior, >2 km from 46 kV)",4.2,4.2,0.0,0.0,0.0,0.0,0.0,0.0,0.0,0.0,4.2,0.0,0.0,0.0,none_mapped,5.32,16.92,"Schmidt,Frederick K",individual,False,-158.16,21.58
168003050,"Upper Waianae Mountains (interior, >2 km from 46 kV)",4.07,4.07,0.0,0.0,0.0,0.0,0.0,0.0,0.0,0.0,4.1,0.0,0.0,0.0,none_mapped,5.32,16.87,"Akamine,David N Tr",individual,False,-158.16,21.58
168004001,"Upper Waianae Mountains (interior, >2 km from 46 kV)",1.28,0.0,0.0,0.0,0.0,0.2,0.0,0.0,0.0,0.2,1.26,0.0,0.0,0.0,none_mapped,4.91,16.66,The Maja Legacy Tr,unknown,False,-158.16,21.58
168004002,"Upper Waianae Mountains (interior, >2 km from 46 kV)",0.78,0.0,0.0,0.0,0.0,0.17,0.0,0.0,0.0,0.17,0.79,0.0,0.0,0.0,none_mapped,4.88,16.64,"Gospodnetich,Lucy M Tr",individual,False,-158.16,21.58
168004003,"Upper Waianae Mountains (interior, >2 km from 46 kV)",0.78,0.0,0.0,0.0,0.0,0.16,0.0,0.0,0.0,0.16,0.82,0.0,0.0,0.0,none_mapped,4.86,16.61,"Libby,John A Tr",individual,False,-158.16,21.58
168004007,"Upper Waianae Mountains (interior, >2 km from 46 kV)",0.17,0.0,0.0,0.0,0.0,0.08,0.0,0.0,0.0,0.08,0.12,0.0,0.0,0.0,none_mapped,4.76,16.54,"Takata,Gary Y Tr",individual,False,-158.15,21.58
168004018,"Upper Waianae Mountains (interior, >2 km from 46 kV)",0.3,0.0,0.0,0.0,0.0,0.12,0.0,0.0,0.0,0.12,0.3,0.0,0.0,0.0,none_mapped,4.5,16.32,The Button Tr,unknown,False,-158.15,21.58
168004029,"Upper Waianae Mountains (interior, >2 km from 46 kV)",0.23,0.0,0.0,0.0,0.0,0.02,0.0,0.0,0.0,0.02,0.25,0.0,0.0,0.0,none_mapped,4.78,16.55,"Takata,Gary Y Tr",individual,False,-158.15,21.58
168004030,"Upper Waianae Mountains (interior, >2 km from 46 kV)",0.11,0.0,0.0,0.0,0.0,0.05,0.0,0.0,0.0,0.05,0.12,0.0,0.0,0.0,none_mapped,4.57,16.38,"Schnack,Randall W Tr",individual,False,-158.15,21.58
168004034,"Upper Waianae Mountains (interior, >2 km from 46 kV)",0.14,0.0,0.0,0.0,0.0,0.05,0.0,0.0,0.0,0.05,0.1,0.0,0.0,0.0,none_mapped,4.6,16.4,The Warren Family Tr,individual,False,-158.15,21.58
168004035,"Upper Waianae Mountains (interior, >2 km from 46 kV)",0.12,0.0,0.0,0.0,0.0,0.05,0.0,0.0,0.0,0.05,0.15,0.0,0.0,0.0,none_mapped,4.58,16.39,The Binney Family Tr,individual,False,-158.15,21.58
168006002,"Upper Waianae Mountains (interior, >2 km from 46 kV)",0.23,0.0,0.0,0.0,0.0,0.09,0.0,0.0,0.0,0.09,0.22,0.0,0.0,0.0,none_mapped,5.29,16.97,"Estep,Ashley E Tr",individual,False,-158.16,21.58
168006003,"Upper Waianae Mountains (interior, >2 km from 46 kV)",0.52,0.0,0.0,0.0,0.0,0.17,0.0,0.0,0.0,0.17,0.52,0.0,0.0,0.0,none_mapped,5.17,16.88,Mokuleia Reef,unknown,False,-158.16,21.58
168006004,"Upper Waianae Mountains (interior, >2 km from 46 kV)",0.46,0.0,0.0,0.0,0.0,0.16,0.0,0.0,0.0,0.16,0.44,0.0,0.0,0.0,none_mapped,5.1,16.82,Sylva Channels Condominium,unknown,False,-158.16,21.58
168006005,"Upper Waianae Mountains (interior, >2 km from 46 kV)",0.23,0.0,0.0,0.0,0.0,0.04,0.0,0.0,0.0,0.04,0.2,0.0,0.0,0.0,none_mapped,5.08,16.8,"Murphy,Victor H",individual,False,-158.16,21.58
168006006,"Upper Waianae Mountains (interior, >2 km from 46 kV)",0.25,0.0,0.0,0.0,0.0,0.03,0.0,0.0,0.0,0.03,0.3,0.0,0.0,0.0,none_mapped,5.03,16.76,"Tang,Gordon K T Tr",individual,False,-158.16,21.58
168006007,"Upper Waianae Mountains (interior, >2 km from 46 kV)",0.37,0.0,0.0,0.0,0.0,0.02,0.0,0.0,0.0,0.02,0.4,0.0,0.0,0.0,none_mapped,4.96,16.7,"Barsac Partners, L.P.",corporate_other,False,-158.16,21.58
168006010,"Upper Waianae Mountains (interior, >2 km from 46 kV)",333.17,156.98,170.09,0.0,0.0,0.03,20.0,66.63,170.09,0.03,332.63,0.54,0.0,260.4,diversified_crop,3.05,14.73,Mahiko Farms LLC,corporate_ag,False,-158.14,21.58
168006011,"Upper Waianae Mountains (interior, >2 km from 46 kV)",1.11,0.0,0.0,0.0,0.0,0.47,0.0,0.0,0.0,0.47,1.09,0.0,0.0,0.0,none_mapped,4.39,16.2,"Altz,Robert/Kathleen Trust",individual,False,-158.15,21.58
168006012,"Upper Waianae Mountains (interior, >2 km from 46 kV)",0.23,0.0,0.0,0.0,0.0,0.04,0.0,0.0,0.0,0.04,0.22,0.0,0.0,0.0,none_mapped,5.06,16.78,"Keiser,Stacy K",individual,False,-158.16,21.58
168006013,"Upper Waianae Mountains (interior, >2 km from 46 kV)",0.23,0.0,0.0,0.0,0.0,0.03,0.0,0.0,0.0,0.03,0.25,0.0,0.0,0.0,none_mapped,5.04,16.77,"Butler,Donald J Jr",individual,False,-158.16,21.58
168006016,"Upper Waianae Mountains (interior, >2 km from 46 kV)",0.26,0.0,0.0,0.0,0.0,0.26,0.0,0.0,0.0,0.26,0.27,0.0,0.0,0.0,none_mapped,4.51,16.33,"Schnack,Randall W Tr",individual,False,-158.15,21.58
168006017,"Upper Waianae Mountains (interior, >2 km from 46 kV)",2.73,0.0,0.03,0.0,0.0,0.0,0.03,0.03,0.03,0.0,2.69,0.0,0.0,0.0,none_mapped,3.1,15.22,Mahiko Farms LLC,corporate_ag,False,-158.14,21.58
168006018,"Upper Waianae Mountains (interior, >2 km from 46 kV)",0.28,0.0,0.0,0.0,0.0,0.07,0.0,0.0,0.0,0.07,0.32,0.0,0.0,0.0,none_mapped,5.26,16.95,"Apperson,Michelle L",individual,False,-158.16,21.58
168006019,"Upper Waianae Mountains (interior, >2 km from 46 kV)",0.24,0.0,0.0,0.0,0.0,0.06,0.0,0.0,0.0,0.06,0.2,0.0,0.0,0.0,none_mapped,5.24,16.93,68-765 Crozier Llc,corporate_other,False,-158.16,21.58
168006020,"Upper Waianae Mountains (interior, >2 km from 46 kV)",0.27,0.0,0.0,0.0,0.0,0.0,0.0,0.0,0.0,0.0,0.27,0.0,0.0,0.0,none_mapped,5.0,16.73,"Pivec,Felix",individual,False,-158.16,21.58
168006021,"Upper Waianae Mountains (interior, >2 km from 46 kV)",0.17,0.0,0.0,0.0,0.0,0.04,0.0,0.0,0.0,0.04,0.15,0.0,0.0,0.0,none_mapped,5.0,16.74,"Pivec,Felix",individual,False,-158.16,21.58
168006022,"Upper Waianae Mountains (interior, >2 km from 46 kV)",0.26,0.0,0.0,0.0,0.0,0.14,0.0,0.0,0.0,0.14,0.27,0.0,0.0,0.0,none_mapped,4.44,16.27,"Mayon,Family Tr",individual,False,-158.15,21.58
168006030,"Upper Waianae Mountains (interior, >2 km from 46 kV)",0.37,0.37,0.0,0.0,0.0,0.0,0.0,0.0,0.0,0.0,0.37,0.0,0.0,0.0,none_mapped,4.29,15.89,Hawaiian Electric Co (HECO),utility,False,-158.15,21.57
168006031,"Upper Waianae Mountains (interior, >2 km from 46 kV)",0.22,0.0,0.0,0.0,0.0,0.01,0.0,0.0,0.0,0.01,0.17,0.0,0.0,0.0,none_mapped,4.98,16.71,"Matsumoto,Roy Y Trust",individual,False,-158.16,21.58
168006032,"Upper Waianae Mountains (interior, >2 km from 46 kV)",0.17,0.0,0.0,0.0,0.0,0.03,0.0,0.0,0.0,0.03,0.17,0.0,0.0,0.0,none_mapped,4.98,16.72,"Denzer,Amy M",individual,False,-158.16,21.58
168006033,"Upper Waianae Mountains (interior, >2 km from 46 kV)",2.69,0.0,0.0,0.0,0.0,1.46,0.0,0.0,0.0,1.46,2.72,0.0,0.0,0.0,none_mapped,3.78,15.76,Hello Easy Street Ltd,corporate_other,False,-158.15,21.58
168007002,"Upper Waianae Mountains (interior, >2 km from 46 kV)",912.82,369.96,407.79,24.46,20.02,79.6,20.0,182.56,432.25,99.62,819.3,77.24,16.31,849.07,seed_production,3.06,14.22,Corteva Agriscience (Pioneer Hi-Bred),corporate_ag,False,-158.15,21.57
168007003,"Upper Waianae Mountains (interior, >2 km from 46 kV)",1.82,0.0,0.66,0.0,0.0,0.0,0.18,0.36,0.66,0.0,1.83,0.0,0.0,1.65,seed_production,4.66,16.2,"Silva,Henry T Trust",individual,False,-158.16,21.57
168007004,"Upper Waianae Mountains (interior, >2 km from 46 kV)",461.81,0.22,0.0,2.09,45.72,413.77,2.09,2.09,2.09,459.5,68.23,127.06,266.45,202.42,pasture,3.6,13.95,Corteva Agriscience (Pioneer Hi-Bred),corporate_ag,False,-158.15,21.55
168007005,"Upper Waianae Mountains (interior, >2 km from 46 kV)",719.06,0.0,0.0,0.0,22.69,696.37,0.0,0.0,0.0,719.06,25.2,117.15,576.77,9.37,pasture,4.47,13.87,"Azari,Nasser Tr",individual,False,-158.16,21.55
168008001,"Upper Waianae Mountains (interior, >2 km from 46 kV)",0.35,0.0,0.0,0.0,0.0,0.12,0.0,0.0,0.0,0.12,0.4,0.0,0.0,0.0,none_mapped,8.85,20.15,Family Trust,individual,False,-158.19,21.58
168008003,"Upper Waianae Mountains (interior, >2 km from 46 kV)",0.02,0.0,0.0,0.0,0.0,0.0,0.0,0.0,0.0,0.0,0.02,0.0,0.0,0.0,none_mapped,8.92,20.22,"Arioli,Mary G Decd",individual,False,-158.2,21.58
168008005,"Upper Waianae Mountains (interior, >2 km from 46 kV)",0.48,0.0,0.0,0.0,0.0,0.06,0.0,0.0,0.0,0.06,0.44,0.0,0.0,0.0,none_mapped,8.87,20.18,"On,Clement Goo",individual,False,-158.19,21.58
168008007,"Upper Waianae Mountains (interior, >2 km from 46 kV)",0.02,0.0,0.0,0.0,0.0,0.02,0.0,0.0,0.0,0.02,0.02,0.0,0.0,0.0,none_mapped,8.93,20.21,"Arioli,Mary G Decd",individual,False,-158.2,21.58
168008009,"Upper Waianae Mountains (interior, >2 km from 46 kV)",0.11,0.0,0.0,0.0,0.0,0.02,0.0,0.0,0.0,0.02,0.12,0.0,0.0,0.0,none_mapped,8.92,20.22,Grand View Apartments Inc,corporate_other,False,-158.2,21.58
168008010,"Upper Waianae Mountains (interior, >2 km from 46 kV)",0.12,0.0,0.0,0.0,0.0,0.12,0.0,0.0,0.0,0.12,0.1,0.0,0.0,0.0,none_mapped,8.93,20.22,"Nakagawa,Kiyoto Trust",individual,False,-158.2,21.58
168008011,"Upper Waianae Mountains (interior, >2 km from 46 kV)",1.93,0.0,0.0,0.0,0.0,0.16,0.0,0.0,0.0,0.16,1.78,0.0,0.0,0.0,none_mapped,8.94,20.24,United States of America,federal,False,-158.2,21.58
168008012,"Upper Waianae Mountains (interior, >2 km from 46 kV)",0.28,0.0,0.0,0.0,0.0,0.28,0.0,0.0,0.0,0.28,0.25,0.0,0.0,0.0,none_mapped,8.95,20.24,"Titcomb,Robert",individual,False,-158.2,21.58
168008016,"Upper Waianae Mountains (interior, >2 km from 46 kV)",0.14,0.0,0.0,0.0,0.0,0.14,0.0,0.0,0.0,0.14,0.1,0.0,0.0,0.0,none_mapped,9.05,20.33,"Titcomb,Robert",individual,False,-158.2,21.58
168008018,"Upper Waianae Mountains (interior, >2 km from 46 kV)",0.14,0.0,0.0,0.0,0.0,0.14,0.0,0.0,0.0,0.14,0.15,0.0,0.0,0.0,none_mapped,9.08,20.35,Bishop Trust Co Ltd as trustee,corporate_other,False,-158.2,21.58
168008021,"Upper Waianae Mountains (interior, >2 km from 46 kV)",0.56,0.0,0.0,0.0,0.0,0.56,0.0,0.0,0.0,0.56,0.72,0.0,0.0,0.0,none_mapped,9.1,20.37,Bishop Trust Co Ltd as trustee,corporate_other,False,-158.2,21.58
168008022,"Upper Waianae Mountains (interior, >2 km from 46 kV)",0.94,0.0,0.0,0.0,0.0,0.17,0.0,0.0,0.0,0.17,0.84,0.0,0.0,0.0,none_mapped,9.19,20.46,Ems Properties Llc,corporate_other,False,-158.2,21.58
168008023,"Upper Waianae Mountains (interior, >2 km from 46 kV)",0.18,0.0,0.0,0.0,0.0,0.18,0.0,0.0,0.0,0.18,0.25,0.0,0.0,0.0,none_mapped,9.21,20.46,Bishop Trust Co Ltd as trustee,corporate_other,False,-158.2,21.58
168008024,"Upper Waianae Mountains (interior, >2 km from 46 kV)",0.85,0.0,0.0,0.0,0.0,0.14,0.0,0.0,0.0,0.14,0.82,0.0,0.0,0.0,none_mapped,9.23,20.5,"Chung,Donald H Tr",individual,False,-158.2,21.58
168008025,"Upper Waianae Mountains (interior, >2 km from 46 kV)",0.19,0.0,0.0,0.0,0.0,0.19,0.0,0.0,0.0,0.19,0.27,0.0,0.0,0.0,none_mapped,9.24,20.5,"Hobart,A H",individual,False,-158.2,21.58
168008027,"Upper Waianae Mountains (interior, >2 km from 46 kV)",0.38,0.0,0.0,0.0,0.0,0.01,0.0,0.0,0.0,0.01,0.37,0.0,0.0,0.0,none_mapped,9.27,20.54,"Ticomb,Carol H Tr",individual,False,-158.2,21.58
168008028,"Upper Waianae Mountains (interior, >2 km from 46 kV)",0.18,0.0,0.0,0.0,0.0,0.18,0.0,0.0,0.0,0.18,0.25,0.0,0.0,0.0,none_mapped,9.28,20.53,"Titcomb,Robert",individual,False,-158.2,21.58
168008029,"Upper Waianae Mountains (interior, >2 km from 46 kV)",0.05,0.0,0.0,0.0,0.0,0.05,0.0,0.0,0.0,0.05,0.02,0.0,0.0,0.0,none_mapped,9.28,20.53,"Titcomb,Robert R",individual,False,-158.2,21.58
168008033,"Upper Waianae Mountains (interior, >2 km from 46 kV)",0.28,0.0,0.0,0.0,0.0,0.28,0.0,0.0,0.0,0.28,0.3,0.0,0.0,0.0,none_mapped,9.0,20.28,"Kaufman,Deanna C",individual,False,-158.2,21.58
168008035,"Upper Waianae Mountains (interior, >2 km from 46 kV)",0.18,0.0,0.0,0.0,0.0,0.18,0.0,0.0,0.0,0.18,0.17,0.0,0.0,0.0,none_mapped,8.89,20.18,"Alameida,Harry K",individual,False,-158.2,21.58
168008037,"Upper Waianae Mountains (interior, >2 km from 46 kV)",0.47,0.0,0.0,0.0,0.0,0.23,0.0,0.0,0.0,0.23,0.44,0.0,0.0,0.0,none_mapped,9.29,20.55,The J & B Bush Family Tr,individual,False,-158.2,21.58
168008038,"Upper Waianae Mountains (interior, >2 km from 46 kV)",0.57,0.0,0.0,0.0,0.0,0.1,0.0,0.0,0.0,0.1,0.59,0.0,0.0,0.0,none_mapped,9.17,20.44,"Suemori,Allene K",individual,False,-158.2,21.58
168008039,"Upper Waianae Mountains (interior, >2 km from 46 kV)",0.15,0.0,0.0,0.0,0.0,0.02,0.0,0.0,0.0,0.02,0.12,0.0,0.0,0.0,none_mapped,9.11,20.39,Nichols Family Tr,individual,False,-158.2,21.58
168008040,"Upper Waianae Mountains (interior, >2 km from 46 kV)",0.7,0.0,0.0,0.0,0.0,0.7,0.0,0.0,0.0,0.7,1.14,0.0,0.0,0.0,none_mapped,8.88,20.17,Grand View Apts Inc,corporate_other,False,-158.2,21.58
168008044,"Upper Waianae Mountains (interior, >2 km from 46 kV)",0.34,0.0,0.0,0.0,0.0,0.02,0.0,0.0,0.0,0.02,0.35,0.0,0.0,0.0,none_mapped,9.09,20.38,Nichols Family Tr,individual,False,-158.2,21.58
168008045,"Upper Waianae Mountains (interior, >2 km from 46 kV)",0.15,0.0,0.0,0.0,0.0,0.02,0.0,0.0,0.0,0.02,0.12,0.0,0.0,0.0,none_mapped,9.15,20.43,Nichols Family Tr,individual,False,-158.2,21.58
168008046,"Upper Waianae Mountains (interior, >2 km from 46 kV)",0.15,0.0,0.0,0.0,0.0,0.02,0.0,0.0,0.0,0.02,0.15,0.0,0.0,0.0,none_mapped,9.14,20.41,Nichols Family Tr,individual,False,-158.2,21.58
168008047,"Upper Waianae Mountains (interior, >2 km from 46 kV)",0.4,0.0,0.0,0.0,0.0,0.24,0.0,0.0,0.0,0.24,0.42,0.0,0.0,0.0,none_mapped,9.1,20.37,Nichols Family Tr,individual,False,-158.2,21.58
168009001,"Upper Waianae Mountains (interior, >2 km from 46 kV)",6.66,0.0,0.0,0.16,0.0,0.0,0.16,0.16,0.16,0.0,6.5,0.0,0.0,0.0,none_mapped,6.79,18.26,Mokuleia Beach Colony,unknown,False,-158.17,21.58
168009002,"Upper Waianae Mountains (interior, >2 km from 46 kV)",0.14,0.0,0.0,0.03,0.0,0.0,0.01,0.03,0.03,0.0,0.15,0.0,0.0,0.0,none_mapped,6.88,18.35,"Mcdowell,Matthew D",individual,False,-158.18,21.58
168009003,"Upper Waianae Mountains (interior, >2 km from 46 kV)",0.14,0.0,0.0,0.03,0.0,0.0,0.01,0.03,0.03,0.0,0.12,0.0,0.0,0.0,none_mapped,6.9,18.36,"Perry,Warren K & Kelly K Trust",individual,False,-158.18,21.58
168009018,"Upper Waianae Mountains (interior, >2 km from 46 kV)",0.14,0.0,0.0,0.03,0.0,0.0,0.01,0.03,0.03,0.0,0.17,0.0,0.0,0.0,none_mapped,6.92,18.39,"Bjur,Douglas E",individual,False,-158.18,21.58
168009019,"Upper Waianae Mountains (interior, >2 km from 46 kV)",0.15,0.0,0.0,0.03,0.0,0.0,0.02,0.03,0.03,0.0,0.15,0.0,0.0,0.0,none_mapped,6.94,18.4,"Hiltbrand,Kevin W",individual,False,-158.18,21.58
168009020,"Upper Waianae Mountains (interior, >2 km from 46 kV)",1.83,0.0,0.0,0.1,0.0,0.0,0.1,0.1,0.1,0.0,1.83,0.0,0.0,0.0,none_mapped,6.96,18.42,Hale Nalu Llc,corporate_other,False,-158.18,21.58
168010001,"Upper Waianae Mountains (interior, >2 km from 46 kV)",0.36,0.0,0.0,0.11,0.0,0.0,0.04,0.07,0.11,0.0,0.32,0.0,0.0,0.0,none_mapped,7.01,18.47,"Eguchi,Roy Akira",individual,False,-158.18,21.58
168010002,"Upper Waianae Mountains (interior, >2 km from 46 kV)",0.15,0.0,0.0,0.05,0.0,0.0,0.02,0.03,0.05,0.0,0.17,0.0,0.0,0.0,none_mapped,7.06,18.51,"Shiraishi,Joni A Tr",individual,False,-158.18,21.58
168010004,"Upper Waianae Mountains (interior, >2 km from 46 kV)",0.19,0.0,0.0,0.03,0.0,0.02,0.02,0.03,0.03,0.02,0.22,0.0,0.0,0.0,none_mapped,7.08,18.53,"Hill,Cathy S",individual,False,-158.18,21.58
168010006,"Upper Waianae Mountains (interior, >2 km from 46 kV)",0.14,0.0,0.0,0.0,0.0,0.07,0.0,0.0,0.0,0.07,0.15,0.0,0.0,0.0,none_mapped,7.09,18.55,"Weaver,Ronald A",individual,False,-158.18,21.58
168010007,"Upper Waianae Mountains (interior, >2 km from 46 kV)",0.15,0.0,0.0,0.0,0.0,0.06,0.0,0.0,0.0,0.06,0.12,0.0,0.0,0.0,none_mapped,7.12,18.57,"Jurbala,Thomas A Tr",individual,False,-158.18,21.58
168010016,"Upper Waianae Mountains (interior, >2 km from 46 kV)",0.14,0.0,0.0,0.0,0.0,0.06,0.0,0.0,0.0,0.06,0.15,0.0,0.0,0.0,none_mapped,7.15,18.6,"Arent,Etienne J",individual,False,-158.18,21.58
168010017,"Upper Waianae Mountains (interior, >2 km from 46 kV)",0.14,0.0,0.0,0.0,0.0,0.05,0.0,0.0,0.0,0.05,0.12,0.0,0.0,0.0,none_mapped,7.18,18.62,"Jones,Gregory W",individual,False,-158.18,21.58
168010018,"Upper Waianae Mountains (interior, >2 km from 46 kV)",0.26,0.0,0.0,0.0,0.0,0.05,0.0,0.0,0.0,0.05,0.25,0.0,0.0,0.0,none_mapped,7.2,18.64,"Chin,Susanne P Tr",individual,False,-158.18,21.58
168010019,"Upper Waianae Mountains (interior, >2 km from 46 kV)",0.24,0.0,0.0,0.0,0.0,0.05,0.0,0.0,0.0,0.05,0.22,0.0,0.0,0.0,none_mapped,7.22,18.66,"Gray,Darcie W",individual,False,-158.18,21.58
168010020,"Upper Waianae Mountains (interior, >2 km from 46 kV)",0.23,0.0,0.0,0.0,0.0,0.05,0.0,0.0,0.0,0.05,0.25,0.0,0.0,0.0,none_mapped,7.23,18.68,"Smith,Gregory T",individual,False,-158.18,21.58
168010021,"Upper Waianae Mountains (interior, >2 km from 46 kV)",0.22,0.0,0.0,0.0,0.0,0.06,0.0,0.0,0.0,0.06,0.17,0.0,0.0,0.0,none_mapped,7.25,18.69,"Dingler,Dennis J",individual,False,-158.18,21.58
168010022,"Upper Waianae Mountains (interior, >2 km from 46 kV)",0.21,0.0,0.0,0.0,0.0,0.06,0.0,0.0,0.0,0.06,0.2,0.0,0.0,0.0,none_mapped,7.27,18.71,"Truong,Albert N T",individual,False,-158.18,21.58
168010023,"Upper Waianae Mountains (interior, >2 km from 46 kV)",0.19,0.0,0.0,0.0,0.0,0.06,0.0,0.0,0.0,0.06,0.2,0.0,0.0,0.0,none_mapped,7.29,18.73,"Auberlen,Geoffrey E",individual,False,-158.18,21.58
168010024,"Upper Waianae Mountains (interior, >2 km from 46 kV)",0.18,0.0,0.0,0.0,0.0,0.06,0.0,0.0,0.0,0.06,0.17,0.0,0.0,0.0,none_mapped,7.31,18.75,"Fletter,Peter R",individual,False,-158.18,21.58
168010025,"Upper Waianae Mountains (interior, >2 km from 46 kV)",0.18,0.0,0.0,0.0,0.0,0.06,0.0,0.0,0.0,0.06,0.2,0.0,0.0,0.0,none_mapped,7.33,18.76,"Elliott,Pierre H",individual,False,-158.18,21.58
168010026,"Upper Waianae Mountains (interior, >2 km from 46 kV)",0.18,0.0,0.0,0.0,0.0,0.06,0.0,0.0,0.0,0.06,0.2,0.0,0.0,0.0,none_mapped,7.35,18.78,"Pyatt,Kendall D Tr",individual,False,-158.18,21.58
168010027,"Upper Waianae Mountains (interior, >2 km from 46 kV)",0.17,0.0,0.0,0.0,0.0,0.06,0.0,0.0,0.0,0.06,0.15,0.0,0.0,0.0,none_mapped,7.37,18.8,"Furman,Forrest D Tr",individual,False,-158.18,21.58
168010028,"Upper Waianae Mountains (interior, >2 km from 46 kV)",0.18,0.0,0.0,0.0,0.0,0.06,0.0,0.0,0.0,0.06,0.17,0.0,0.0,0.0,none_mapped,7.38,18.82,"Emerick,Christine K",individual,False,-158.18,21.58
168010029,"Upper Waianae Mountains (interior, >2 km from 46 kV)",0.18,0.0,0.0,0.0,0.0,0.06,0.0,0.0,0.0,0.06,0.2,0.0,0.0,0.0,none_mapped,7.4,18.83,"Delano,Kathrin Tr Of 2023",individual,False,-158.18,21.58
168010030,"Upper Waianae Mountains (interior, >2 km from 46 kV)",0.17,0.0,0.0,0.0,0.0,0.06,0.0,0.0,0.0,0.06,0.2,0.0,0.0,0.0,none_mapped,7.42,18.85,"Durden,Pamela P",individual,False,-158.18,21.58
168013026,"Upper Waianae Mountains (interior, >2 km from 46 kV)",2.0,0.0,1.6,0.0,0.0,0.39,0.2,0.4,1.6,0.39,1.95,0.0,0.0,0.0,none_mapped,4.36,16.13,Ljj Real Estate Holdings Llc,corporate_other,False,-158.15,21.58
168013001,"Upper Waianae Mountains (interior, >2 km from 46 kV)",2.28,2.28,0.0,0.0,0.0,0.0,0.0,0.0,0.0,0.0,2.3,0.0,0.0,0.0,none_mapped,5.14,16.69,"Uhlir,Charles J Or Cobey Tr",individual,False,-158.16,21.58
168013002,"Upper Waianae Mountains (interior, >2 km from 46 kV)",2.0,2.0,0.0,0.0,0.0,0.0,0.0,0.0,0.0,0.0,2.0,0.0,0.0,0.0,none_mapped,5.14,16.7,"Knott,Michael H",individual,False,-158.16,21.58
168013003,"Upper Waianae Mountains (interior, >2 km from 46 kV)",2.01,2.01,0.0,0.0,0.0,0.0,0.0,0.0,0.0,0.0,2.0,0.0,0.0,0.0,none_mapped,5.13,16.72,"Sananikone,Keo Tr",individual,False,-158.16,21.58
168013004,"Upper Waianae Mountains (interior, >2 km from 46 kV)",2.0,2.0,0.0,0.0,0.0,0.0,0.0,0.0,0.0,0.0,2.0,0.0,0.0,0.0,none_mapped,5.13,16.73,"Chuckovich,Fredric D & Mary I Tr",individual,False,-158.16,21.58
168013005,"Upper Waianae Mountains (interior, >2 km from 46 kV)",1.97,1.97,0.0,0.0,0.0,0.0,0.0,0.0,0.0,0.0,1.98,0.0,0.0,0.0,none_mapped,5.13,16.75,"Skinner,Sylvie F Tr",individual,False,-158.16,21.58
168013006,"Upper Waianae Mountains (interior, >2 km from 46 kV)",2.03,2.03,0.0,0.0,0.0,0.0,0.0,0.0,0.0,0.0,2.0,0.0,0.0,0.0,none_mapped,5.13,16.76,"Abrigo,Ryan M Tr",individual,False,-158.16,21.58
168013007,"Upper Waianae Mountains (interior, >2 km from 46 kV)",2.0,2.0,0.0,0.0,0.0,0.0,0.0,0.0,0.0,0.0,2.0,0.0,0.0,0.0,none_mapped,5.13,16.78,Keo Enterprises Inc.,corporate_other,False,-158.16,21.58
168013008,"Upper Waianae Mountains (interior, >2 km from 46 kV)",2.01,2.01,0.0,0.0,0.0,0.0,0.0,0.0,0.0,0.0,2.0,0.0,0.0,0.0,none_mapped,5.13,16.79,Pacific Grand Rev Tr,individual,False,-158.16,21.58
168013009,"Upper Waianae Mountains (interior, >2 km from 46 kV)",2.62,1.47,0.0,0.0,0.0,1.15,0.0,0.0,0.0,1.15,2.64,0.0,0.0,0.0,none_mapped,5.13,16.81,Pacific Grand Rev Tr,individual,False,-158.16,21.58
168013010,"Upper Waianae Mountains (interior, >2 km from 46 kV)",2.12,1.15,0.0,0.0,0.0,0.97,0.0,0.0,0.0,0.97,2.1,0.0,0.0,0.0,none_mapped,5.03,16.72,"Twigg-Smith,Timothy Trust",individual,False,-158.16,21.58
168013011,"Upper Waianae Mountains (interior, >2 km from 46 kV)",2.12,2.12,0.0,0.0,0.0,0.0,0.0,0.0,0.0,0.0,2.15,0.0,0.0,0.0,none_mapped,5.0,16.67,"Coryell,Jill Tr",individual,False,-158.16,21.58
168013012,"Upper Waianae Mountains (interior, >2 km from 46 kV)",1.97,1.37,0.0,0.0,0.0,0.6,0.0,0.0,0.0,0.6,1.95,0.0,0.0,0.0,none_mapped,4.96,16.63,68-415 Kikou St Tr,unknown,False,-158.16,21.58
168013013,"Upper Waianae Mountains (interior, >2 km from 46 kV)",1.99,1.32,0.0,0.0,0.0,0.67,0.0,0.0,0.0,0.67,1.98,0.0,0.0,0.0,none_mapped,4.91,16.6,"Swim,Kathryn J",individual,False,-158.16,21.58
168013014,"Upper Waianae Mountains (interior, >2 km from 46 kV)",2.0,1.28,0.0,0.0,0.0,0.71,0.0,0.0,0.0,0.71,2.0,0.0,0.0,0.0,none_mapped,4.87,16.57,Aberin Family Tr,individual,False,-158.16,21.58
168013015,"Upper Waianae Mountains (interior, >2 km from 46 kV)",1.98,1.2,0.0,0.0,0.0,0.78,0.0,0.0,0.0,0.78,2.0,0.0,0.0,0.0,none_mapped,4.83,16.53,"Gonzales,Edwin M Trust",individual,False,-158.16,21.58
168013016,"Upper Waianae Mountains (interior, >2 km from 46 kV)",1.99,1.16,0.0,0.0,0.0,0.83,0.0,0.0,0.0,0.83,2.0,0.0,0.0,0.0,none_mapped,4.79,16.5,"Judge,Daniel H",individual,False,-158.16,21.58
168013017,"Upper Waianae Mountains (interior, >2 km from 46 kV)",1.99,1.11,0.0,0.0,0.0,0.88,0.0,0.0,0.0,0.88,1.98,0.0,0.0,0.0,none_mapped,4.74,16.46,"Ryan,Kyle W",individual,False,-158.15,21.58
168013018,"Upper Waianae Mountains (interior, >2 km from 46 kV)",1.98,0.86,0.0,0.0,0.0,1.05,0.0,0.0,0.0,1.05,1.98,0.0,0.0,0.0,none_mapped,4.7,16.43,"Mckenzie,William F Tr",individual,False,-158.15,21.58
168013019,"Upper Waianae Mountains (interior, >2 km from 46 kV)",1.99,0.03,0.0,0.0,0.0,1.8,0.0,0.0,0.0,1.8,2.03,0.0,0.0,0.0,none_mapped,4.66,16.39,Salvation Army The,nonprofit,False,-158.15,21.58
168013020,"Upper Waianae Mountains (interior, >2 km from 46 kV)",1.99,0.0,0.0,0.0,0.0,1.98,0.0,0.0,0.0,1.98,1.98,0.0,0.0,0.0,none_mapped,4.62,16.36,Salvation Army The,nonprofit,False,-158.15,21.58
168013021,"Upper Waianae Mountains (interior, >2 km from 46 kV)",2.16,0.0,0.0,0.0,0.0,2.16,0.0,0.0,0.0,2.16,2.17,0.0,0.0,0.0,none_mapped,4.54,16.3,Salvation Army,nonprofit,False,-158.15,21.58
168013022,"Upper Waianae Mountains (interior, >2 km from 46 kV)",2.07,0.0,0.0,0.0,0.0,2.07,0.0,0.0,0.0,2.07,2.08,0.0,0.0,0.0,none_mapped,4.57,16.34,Salvation Army The,nonprofit,False,-158.15,21.58
168013023,"Upper Waianae Mountains (interior, >2 km from 46 kV)",2.19,0.0,0.0,0.0,0.0,2.19,0.0,0.0,0.0,2.19,2.2,0.0,0.0,0.0,none_mapped,4.43,16.24,"Martyn,Bradon E R",individual,False,-158.15,21.58
168013024,"Upper Waianae Mountains (interior, >2 km from 46 kV)",2.07,0.0,0.86,0.0,0.0,1.22,0.21,0.41,0.86,1.22,2.1,0.0,0.0,0.0,none_mapped,4.38,16.17,"Omphroy,Carlos A",individual,False,-158.15,21.58
168013025,"Upper Waianae Mountains (interior, >2 km from 46 kV)",2.0,0.0,1.68,0.0,0.0,0.32,0.2,0.4,1.68,0.32,2.03,0.0,0.0,0.0,none_mapped,4.37,16.15,"Loia,John M",individual,False,-158.15,21.58
168013027,"Upper Waianae Mountains (interior, >2 km from 46 kV)",2.0,0.01,1.56,0.0,0.0,0.43,0.2,0.4,1.56,0.43,2.05,0.0,0.0,0.0,none_mapped,4.35,16.11,"Sells,Todd D",individual,False,-158.15,21.58
168013028,"Upper Waianae Mountains (interior, >2 km from 46 kV)",1.97,0.38,1.55,0.0,0.0,0.05,0.2,0.4,1.55,0.05,1.88,0.0,0.0,0.0,none_mapped,4.34,16.09,"Chun,Herman K",individual,False,-158.15,21.58
168013029,"Upper Waianae Mountains (interior, >2 km from 46 kV)",1.98,0.44,1.54,0.0,0.0,0.0,0.2,0.4,1.54,0.0,2.05,0.0,0.0,0.0,none_mapped,4.33,16.07,"Kekina,Wayne K Tr",individual,False,-158.15,21.58
168013030,"Upper Waianae Mountains (interior, >2 km from 46 kV)",2.4,0.85,1.55,0.0,0.0,0.0,0.24,0.48,1.55,0.0,2.37,0.0,0.0,0.0,none_mapped,4.32,16.04,"Behrendt,Robert E Tr",individual,False,-158.15,21.58
168013031,"Upper Waianae Mountains (interior, >2 km from 46 kV)",2.0,1.0,0.99,0.0,0.0,0.0,0.2,0.4,0.99,0.0,2.0,0.0,0.0,0.0,none_mapped,4.32,16.02,"Webb,William L Iii",individual,False,-158.15,21.58
168013032,"Upper Waianae Mountains (interior, >2 km from 46 kV)",1.98,1.03,0.96,0.0,0.0,0.0,0.2,0.4,0.96,0.0,2.0,0.0,0.0,0.0,none_mapped,4.31,16.0,"Rodgers,Philip J Trust",individual,False,-158.15,21.58
168013033,"Upper Waianae Mountains (interior, >2 km from 46 kV)",2.01,1.32,0.69,0.0,0.0,0.0,0.2,0.4,0.69,0.0,2.0,0.0,0.0,0.0,none_mapped,4.31,15.98,"Price,Wallace A & Kathleen M Tr",individual,False,-158.15,21.58
168013034,"Upper Waianae Mountains (interior, >2 km from 46 kV)",2.01,0.62,1.39,0.0,0.0,0.0,0.2,0.4,1.39,0.0,2.0,0.0,0.0,0.0,none_mapped,4.3,15.95,"Agliam,Nestor T",individual,False,-158.15,21.58
168013035,"Upper Waianae Mountains (interior, >2 km from 46 kV)",2.0,0.44,1.56,0.0,0.0,0.0,0.2,0.4,1.56,0.0,2.0,0.0,0.0,0.0,none_mapped,4.3,15.93,Desa Developments Llc,corporate_other,False,-158.15,21.57
168013036,"Upper Waianae Mountains (interior, >2 km from 46 kV)",2.04,0.75,1.29,0.0,0.0,0.0,0.2,0.41,1.29,0.0,2.03,0.0,0.0,0.0,none_mapped,4.29,15.91,"Tomisa,Candelaria",individual,False,-158.15,21.57
168013037,"Upper Waianae Mountains (interior, >2 km from 46 kV)",2.17,0.75,1.42,0.0,0.0,0.0,0.22,0.44,1.42,0.0,2.2,0.0,0.0,0.0,none_mapped,4.31,15.91,"Ing,Tehani M Tr",individual,False,-158.15,21.57
168013038,"Upper Waianae Mountains (interior, >2 km from 46 kV)",2.13,0.0,2.13,0.0,0.0,0.0,0.21,0.42,2.13,0.0,2.1,0.0,0.0,0.0,none_mapped,4.48,16.07,"Guerin,Kathryn M Tr Of 2024",individual,False,-158.15,21.57
168013039,"Upper Waianae Mountains (interior, >2 km from 46 kV)",1.97,0.0,1.97,0.0,0.0,0.0,0.2,0.4,1.97,0.0,1.98,0.0,0.0,0.0,none_mapped,4.48,16.09,"Cadaoas,Richard Tr",individual,False,-158.15,21.57
168013040,"Upper Waianae Mountains (interior, >2 km from 46 kV)",2.01,0.0,2.01,0.0,0.0,0.0,0.2,0.4,2.01,0.0,2.03,0.0,0.0,0.0,none_mapped,4.49,16.11,"Ramones,Emilyn D Tr",individual,False,-158.15,21.58
168013041,"Upper Waianae Mountains (interior, >2 km from 46 kV)",2.0,0.04,1.96,0.0,0.0,0.0,0.2,0.4,1.96,0.0,1.98,0.0,0.0,0.0,none_mapped,4.49,16.13,"Ramiscal,Eulogio",individual,False,-158.15,21.58
168013042,"Upper Waianae Mountains (interior, >2 km from 46 kV)",2.0,1.48,0.52,0.0,0.0,0.0,0.2,0.4,0.52,0.0,2.03,0.0,0.0,0.0,none_mapped,4.5,16.15,"Lovett,Jesse Tr",individual,False,-158.15,21.58
168013043,"Upper Waianae Mountains (interior, >2 km from 46 kV)",2.19,2.19,0.0,0.0,0.0,0.0,0.0,0.0,0.0,0.0,2.15,0.0,0.0,0.0,none_mapped,4.5,16.17,"Mcguire,Michael J",individual,False,-158.15,21.58
168013044,"Upper Waianae Mountains (interior, >2 km from 46 kV)",2.03,1.97,0.0,0.0,0.0,0.0,0.0,0.0,0.0,0.0,2.03,0.0,0.0,0.0,none_mapped,4.51,16.21,"Koch,Linda A",individual,False,-158.15,21.58
168013045,"Upper Waianae Mountains (interior, >2 km from 46 kV)",2.3,0.63,0.0,0.0,0.0,0.34,0.0,0.0,0.0,0.34,2.32,0.0,0.0,0.0,none_mapped,4.52,16.24,"Cameron,Billy L",individual,False,-158.15,21.58
168013046,"Upper Waianae Mountains (interior, >2 km from 46 kV)",2.0,1.22,0.0,0.0,0.0,0.0,0.0,0.0,0.0,0.0,2.0,0.0,0.0,0.0,none_mapped,4.59,16.27,"Parker,Andrew D Tr",individual,False,-158.15,21.58
168013047,"Upper Waianae Mountains (interior, >2 km from 46 kV)",2.02,1.58,0.0,0.0,0.0,0.0,0.0,0.0,0.0,0.0,2.05,0.0,0.0,0.0,none_mapped,4.63,16.3,"Lum,Terry Ann",individual,False,-158.15,21.58
168013048,"Upper Waianae Mountains (interior, >2 km from 46 kV)",2.01,2.01,0.0,0.0,0.0,0.0,0.0,0.0,0.0,0.0,1.95,0.0,0.0,0.0,none_mapped,4.67,16.34,"Green,Robert J Tr",individual,False,-158.15,21.58
168013049,"Upper Waianae Mountains (interior, >2 km from 46 kV)",2.02,2.02,0.0,0.0,0.0,0.0,0.0,0.0,0.0,0.0,2.05,0.0,0.0,0.0,none_mapped,4.72,16.37,"Twigg-Smith,Timothy Trust",individual,False,-158.16,21.58
168013050,"Upper Waianae Mountains (interior, >2 km from 46 kV)",2.0,2.0,0.0,0.0,0.0,0.0,0.0,0.0,0.0,0.0,2.0,0.0,0.0,0.0,none_mapped,4.76,16.4,"Twigg-Smith,Timothy Tr",individual,False,-158.16,21.58
168013051,"Upper Waianae Mountains (interior, >2 km from 46 kV)",2.02,2.02,0.0,0.0,0.0,0.0,0.0,0.0,0.0,0.0,2.03,0.0,0.0,0.0,none_mapped,4.8,16.44,"Loo,Warren C B",individual,False,-158.16,21.58
168013052,"Upper Waianae Mountains (interior, >2 km from 46 kV)",2.03,2.03,0.0,0.0,0.0,0.0,0.0,0.0,0.0,0.0,2.03,0.0,0.0,0.0,none_mapped,4.84,16.48,"Golden,Robert T Tr",individual,False,-158.16,21.58
168013053,"Upper Waianae Mountains (interior, >2 km from 46 kV)",2.05,2.05,0.0,0.0,0.0,0.0,0.0,0.0,0.0,0.0,2.03,0.0,0.0,0.0,none_mapped,4.89,16.51,"Penaranda,Carly B",individual,False,-158.16,21.58
168013054,"Upper Waianae Mountains (interior, >2 km from 46 kV)",2.28,2.28,0.0,0.0,0.0,0.0,0.0,0.0,0.0,0.0,2.27,0.0,0.0,0.0,none_mapped,4.94,16.57,"Thomson,Mark/Susan Tr",individual,False,-158.16,21.58
168013055,"Upper Waianae Mountains (interior, >2 km from 46 kV)",2.22,2.22,0.0,0.0,0.0,0.0,0.0,0.0,0.0,0.0,2.25,0.0,0.0,0.0,none_mapped,5.02,16.64,"Rowley,Dale H/Sara E Tr",individual,False,-158.16,21.58
168013056,"Upper Waianae Mountains (interior, >2 km from 46 kV)",2.01,2.01,0.0,0.0,0.0,0.0,0.0,0.0,0.0,0.0,1.98,0.0,0.0,0.0,none_mapped,4.94,16.55,"Pollock,Steven/Colette Tr",individual,False,-158.16,21.58
168013057,"Upper Waianae Mountains (interior, >2 km from 46 kV)",1.98,1.98,0.0,0.0,0.0,0.0,0.0,0.0,0.0,0.0,2.03,0.0,0.0,0.0,none_mapped,4.94,16.54,"Cooper,Lisa Trust",individual,False,-158.16,21.58
168013058,"Upper Waianae Mountains (interior, >2 km from 46 kV)",1.99,1.99,0.0,0.0,0.0,0.0,0.0,0.0,0.0,0.0,1.98,0.0,0.0,0.0,none_mapped,4.94,16.52,"Thomson,Mark A",individual,False,-158.16,21.58
168013059,"Upper Waianae Mountains (interior, >2 km from 46 kV)",2.09,2.09,0.0,0.0,0.0,0.0,0.0,0.0,0.0,0.0,2.08,0.0,0.0,0.0,none_mapped,4.95,16.51,"Bergero,Yvonne M Tr",individual,False,-158.16,21.58
168013060,"Upper Waianae Mountains (interior, >2 km from 46 kV)",2.23,1.91,0.33,0.0,0.0,0.0,0.22,0.33,0.33,0.0,2.32,0.0,0.0,0.0,none_mapped,4.8,16.37,"Mau,Colleen H Tr",individual,True,-158.16,21.57
168013061,"Upper Waianae Mountains (interior, >2 km from 46 kV)",2.0,2.0,0.0,0.0,0.0,0.0,0.0,0.0,0.0,0.0,1.95,0.0,0.0,0.0,none_mapped,4.8,16.39,"Linke,Bettina B",individual,False,-158.16,21.58
168013062,"Upper Waianae Mountains (interior, >2 km from 46 kV)",2.26,2.26,0.0,0.0,0.0,0.0,0.0,0.0,0.0,0.0,2.3,0.0,0.0,0.0,none_mapped,4.79,16.4,"Manhan,Tracy R",individual,False,-158.16,21.58
168013063,"Upper Waianae Mountains (interior, >2 km from 46 kV)",2.4,2.4,0.0,0.0,0.0,0.0,0.0,0.0,0.0,0.0,2.4,0.0,0.0,0.0,none_mapped,4.67,16.31,"Cooper,Thomas L",individual,False,-158.16,21.58
168013064,"Upper Waianae Mountains (interior, >2 km from 46 kV)",2.04,0.42,1.62,0.0,0.0,0.0,0.2,0.41,1.62,0.0,2.08,0.0,0.0,0.0,none_mapped,4.66,16.27,"Holden,Thomas/Layla Tr",individual,False,-158.16,21.58
168013065,"Upper Waianae Mountains (interior, >2 km from 46 kV)",2.31,0.0,2.31,0.0,0.0,0.0,0.23,0.46,2.31,0.0,2.27,0.0,0.0,0.0,none_mapped,4.66,16.23,"Sasaki,Michael J Tr",individual,True,-158.16,21.57
168013066,"Upper Waianae Mountains (interior, >2 km from 46 kV)",1.98,0.0,0.0,0.0,0.0,1.98,0.0,0.0,0.0,1.98,1.93,0.0,0.0,0.0,none_mapped,4.6,16.39,Crozier Dr Beach/Farm Lots,unknown,False,-158.16,21.58
168014002,"Upper Waianae Mountains (interior, >2 km from 46 kV)",0.11,0.0,0.0,0.0,0.0,0.08,0.0,0.0,0.0,0.08,0.12,0.0,0.0,0.0,none_mapped,9.05,20.23,United States of America,federal,False,-158.2,21.58
168014003,"Upper Waianae Mountains (interior, >2 km from 46 kV)",0.04,0.0,0.0,0.0,0.0,0.04,0.0,0.0,0.0,0.04,0.02,0.0,0.0,0.0,none_mapped,10.17,21.23,United States of America,federal,False,-158.21,21.58
168014005,"Upper Waianae Mountains (interior, >2 km from 46 kV)",0.01,0.0,0.0,0.0,0.0,0.01,0.0,0.0,0.0,0.01,0.02,0.0,0.0,0.0,none_mapped,10.15,21.18,United States of America,federal,False,-158.21,21.58
168014006,"Upper Waianae Mountains (interior, >2 km from 46 kV)",0.01,0.0,0.0,0.0,0.0,0.01,0.0,0.0,0.0,0.01,0.02,0.0,0.0,0.0,none_mapped,10.14,21.18,United States of America,federal,False,-158.21,21.58
168014007,"Upper Waianae Mountains (interior, >2 km from 46 kV)",0.01,0.0,0.0,0.0,0.0,0.01,0.0,0.0,0.0,0.01,0.0,0.0,0.0,0.0,none_mapped,10.13,21.17,United States of America,federal,False,-158.21,21.58
168014008,"Upper Waianae Mountains (interior, >2 km from 46 kV)",0.08,0.0,0.0,0.0,0.0,0.08,0.0,0.0,0.0,0.08,0.07,0.0,0.0,0.0,none_mapped,10.1,21.14,United States of America,federal,False,-158.21,21.58
168014011,"Upper Waianae Mountains (interior, >2 km from 46 kV)",0.08,0.0,0.0,0.0,0.0,0.08,0.0,0.0,0.0,0.08,0.1,0.0,0.0,0.0,none_mapped,10.06,21.11,United States of America,federal,False,-158.21,21.58
168014015,"Upper Waianae Mountains (interior, >2 km from 46 kV)",0.02,0.0,0.0,0.0,0.0,0.01,0.0,0.0,0.0,0.01,0.02,0.0,0.0,0.0,none_mapped,10.11,21.2,United States of America,federal,False,-158.21,21.58
168014016,"Upper Waianae Mountains (interior, >2 km from 46 kV)",0.25,0.0,0.0,0.0,0.0,0.19,0.0,0.0,0.0,0.19,0.27,0.0,0.0,0.0,none_mapped,9.98,21.08,Condo Master,unknown,False,-158.21,21.58
168014017,"Upper Waianae Mountains (interior, >2 km from 46 kV)",0.23,0.0,0.0,0.0,0.0,0.23,0.0,0.0,0.0,0.23,0.27,0.0,0.0,0.0,none_mapped,9.97,21.06,United States of America,federal,False,-158.21,21.58
168014022,"Upper Waianae Mountains (interior, >2 km from 46 kV)",0.41,0.04,0.0,0.0,0.0,0.35,0.0,0.0,0.0,0.35,0.3,0.0,0.0,0.0,none_mapped,7.61,18.96,United States of America,federal,False,-158.18,21.58
168014023,"Upper Waianae Mountains (interior, >2 km from 46 kV)",0.38,0.0,0.0,0.0,0.0,0.38,0.0,0.0,0.0,0.38,0.44,0.0,0.0,0.0,none_mapped,10.23,21.29,United States of America,federal,False,-158.21,21.58
168014026,"Upper Waianae Mountains (interior, >2 km from 46 kV)",0.02,0.0,0.0,0.0,0.0,0.02,0.0,0.0,0.0,0.02,0.0,0.02,0.0,0.0,none_mapped,10.04,21.08,United States of America,federal,False,-158.21,21.58
168014028,"Upper Waianae Mountains (interior, >2 km from 46 kV)",0.2,0.0,0.0,0.0,0.0,0.17,0.0,0.0,0.0,0.17,0.12,0.0,0.0,0.0,none_mapped,7.76,19.1,United States of America,federal,False,-158.18,21.58
168014029,"Upper Waianae Mountains (interior, >2 km from 46 kV)",0.08,0.0,0.0,0.0,0.0,0.08,0.0,0.0,0.0,0.08,0.05,0.0,0.0,0.0,none_mapped,10.26,21.4,United States of America,federal,False,-158.21,21.58
168014030,"Upper Waianae Mountains (interior, >2 km from 46 kV)",0.04,0.0,0.0,0.0,0.0,0.04,0.0,0.0,0.0,0.04,0.05,0.0,0.0,0.0,none_mapped,10.26,21.32,United States of America,federal,False,-158.21,21.58
168014031,"Upper Waianae Mountains (interior, >2 km from 46 kV)",0.47,0.25,0.0,0.0,0.0,0.22,0.0,0.0,0.0,0.22,0.44,0.0,0.0,0.0,none_mapped,7.6,18.95,United States of America,federal,False,-158.18,21.58
168014033,"Upper Waianae Mountains (interior, >2 km from 46 kV)",0.01,0.01,0.0,0.0,0.0,0.0,0.0,0.0,0.0,0.0,0.05,0.0,0.0,0.0,none_mapped,7.61,18.96,United States of America,federal,False,-158.18,21.58
169001016,"Upper Waianae Mountains (interior, >2 km from 46 kV)",19.37,0.0,0.0,0.0,0.0,0.22,0.0,0.0,0.0,0.22,19.35,0.0,0.0,0.0,none_mapped,9.7,20.93,United States of America,federal,False,-158.21,21.58
183001011,"Upper Waianae Mountains (interior, >2 km from 46 kV)",91.66,0.0,0.0,0.0,10.1,81.57,0.0,0.0,0.0,91.66,2.69,53.03,36.2,80.46,pasture,10.18,17.82,"Santimer,Nohea M",individual,False,-158.21,21.5
183001012,"Upper Waianae Mountains (interior, >2 km from 46 kV)",834.43,0.0,0.0,0.0,19.84,158.21,0.0,0.0,0.0,178.05,3.66,71.61,759.11,6.01,pasture,9.36,16.94,State of Hawaii (agency unspecified),state,False,-158.2,21.5
185022026,"Upper Waianae Mountains (interior, >2 km from 46 kV)",0.18,0.0,0.0,0.0,0.0,0.06,0.0,0.0,0.0,0.06,0.17,0.0,0.0,0.0,none_mapped,4.54,12.17,"Dias,Travis",individual,False,-158.17,21.46
185022029,"Upper Waianae Mountains (interior, >2 km from 46 kV)",0.76,0.0,0.0,0.0,0.0,0.06,0.0,0.0,0.0,0.06,0.74,0.0,0.0,0.0,none_mapped,4.47,12.13,"Beaver,Bernard K",individual,False,-158.17,21.46
185022030,"Upper Waianae Mountains (interior, >2 km from 46 kV)",0.75,0.0,0.0,0.0,0.0,0.06,0.0,0.0,0.0,0.06,0.87,0.0,0.0,0.0,none_mapped,4.43,12.09,"Snodgrass,Christopher D",individual,False,-158.17,21.46
185003001,"Upper Waianae Mountains (interior, >2 km from 46 kV)",30.59,0.0,0.0,0.0,0.0,21.84,0.0,0.0,0.0,21.84,23.52,6.97,0.02,0.0,none_mapped,4.7,12.26,City & County of Honolulu,county,False,-158.19,21.46
185022031,"Upper Waianae Mountains (interior, >2 km from 46 kV)",1.01,0.0,0.0,0.0,0.0,0.06,0.0,0.0,0.0,0.06,0.72,0.17,0.02,0.0,none_mapped,4.4,12.05,"Kong,Kennard Y T",individual,False,-158.17,21.46
185003006,"Upper Waianae Mountains (interior, >2 km from 46 kV)",3.53,2.6,0.0,0.17,0.0,0.36,0.17,0.17,0.17,0.36,3.44,0.05,0.0,0.0,none_mapped,4.19,11.72,Capital Investment Of Hi,corporate_other,False,-158.18,21.45
185003008,"Upper Waianae Mountains (interior, >2 km from 46 kV)",0.07,0.07,0.0,0.0,0.0,0.0,0.0,0.0,0.0,0.0,0.05,0.0,0.0,0.0,none_mapped,4.49,12.07,Makaha Valley Inc,corporate_other,False,-158.18,21.45
185003009,"Upper Waianae Mountains (interior, >2 km from 46 kV)",0.06,0.0,0.02,0.0,0.0,0.04,0.01,0.01,0.02,0.04,0.05,0.0,0.0,0.0,none_mapped,4.43,12.08,Mountain View Dairy Inc,corporate_ag,False,-158.18,21.46
185003010,"Upper Waianae Mountains (interior, >2 km from 46 kV)",0.06,0.0,0.0,0.0,0.0,0.06,0.0,0.0,0.0,0.06,0.02,0.02,0.02,0.0,none_mapped,4.81,12.45,Makaha Valley Inc,corporate_other,False,-158.18,21.46
185003011,"Upper Waianae Mountains (interior, >2 km from 46 kV)",11.29,0.0,0.0,0.0,0.0,0.0,0.0,0.0,0.0,0.0,10.97,0.32,0.02,0.0,none_mapped,4.48,11.93,Hawaii Baptist Convention,nonprofit,False,-158.19,21.45
185003012,"Upper Waianae Mountains (interior, >2 km from 46 kV)",4.03,0.0,0.0,4.01,0.0,0.02,0.4,0.81,4.01,0.02,3.85,0.27,0.0,2.9,diversified_crop,4.2,11.86,"Shiroma,Shigeru Tr Est",individual,False,-158.18,21.45
185003013,"Upper Waianae Mountains (interior, >2 km from 46 kV)",3.98,0.0,0.0,0.04,0.0,3.94,0.04,0.04,0.04,3.94,3.31,0.67,0.0,2.28,diversified_crop,4.15,11.79,Hi Good Samaritan Foundation,nonprofit,False,-158.18,21.45
185003014,"Upper Waianae Mountains (interior, >2 km from 46 kV)",0.59,0.0,0.0,0.22,0.0,0.37,0.06,0.12,0.22,0.37,0.49,0.0,0.0,0.02,diversified_crop,4.27,11.9,Capital Investment Of Hi,corporate_other,False,-158.18,21.45
185004049,"Upper Waianae Mountains (interior, >2 km from 46 kV)",0.95,0.0,0.0,0.0,0.0,0.95,0.0,0.0,0.0,0.95,0.89,0.0,0.0,0.0,none_mapped,4.58,11.95,"Poe,Rose P Trust",individual,False,-158.17,21.46
185004050,"Upper Waianae Mountains (interior, >2 km from 46 kV)",1.01,0.0,0.0,0.0,0.0,1.01,0.0,0.0,0.0,1.01,0.96,0.0,0.0,0.0,none_mapped,4.57,11.95,"Kaahaaina,Family Tr 2001",individual,False,-158.17,21.46
185003015,"Upper Waianae Mountains (interior, >2 km from 46 kV)",4.62,0.0,0.0,2.13,0.0,2.5,0.46,0.92,2.13,2.5,4.4,0.25,0.0,2.56,diversified_crop,4.29,11.9,"Nie,Tuo",individual,False,-158.18,21.45
185003016,"Upper Waianae Mountains (interior, >2 km from 46 kV)",4.84,0.12,0.0,3.74,0.0,0.99,0.48,0.97,3.74,0.99,4.79,0.02,0.0,0.0,none_mapped,4.36,11.96,"Keliinoi,Samuel K",individual,False,-158.18,21.45
185003017,"Upper Waianae Mountains (interior, >2 km from 46 kV)",4.58,0.49,0.0,4.1,0.0,0.0,0.46,0.92,4.1,0.0,4.6,0.0,0.0,0.0,none_mapped,4.46,12.04,"Saavedra,Erick M",individual,False,-158.18,21.45
185003018,"Upper Waianae Mountains (interior, >2 km from 46 kV)",9.6,4.36,0.0,4.23,0.0,1.02,0.96,1.92,4.23,1.02,9.39,0.2,0.0,0.0,none_mapped,4.28,11.85,"Bradley,Milton R",individual,False,-158.18,21.45
185003019,"Upper Waianae Mountains (interior, >2 km from 46 kV)",2.9,1.99,0.0,0.2,0.0,0.71,0.2,0.2,0.2,0.71,2.64,0.27,0.0,0.0,none_mapped,4.28,11.82,"Umebayashi,Colin K Tr",individual,False,-158.18,21.45
185003025,"Upper Waianae Mountains (interior, >2 km from 46 kV)",3.72,0.54,0.0,0.0,0.0,0.59,0.0,0.0,0.0,0.59,3.36,0.4,0.0,0.0,none_mapped,4.48,11.94,LDS Church,nonprofit,False,-158.19,21.45
185003026,"Upper Waianae Mountains (interior, >2 km from 46 kV)",4.78,0.23,0.0,0.0,0.0,4.32,0.0,0.0,0.0,4.32,4.77,0.05,0.0,0.0,none_mapped,4.48,11.97,"Sakamoto,Francis",individual,False,-158.19,21.45
185003027,"Upper Waianae Mountains (interior, >2 km from 46 kV)",9.04,0.0,0.0,1.62,0.0,4.95,0.9,1.62,1.62,4.95,8.01,1.01,0.0,0.0,none_mapped,4.49,12.01,Free Church Of Tonga,nonprofit,False,-158.18,21.45
185003028,"Upper Waianae Mountains (interior, >2 km from 46 kV)",5.78,0.0,0.0,4.76,0.0,1.02,0.58,1.16,4.76,1.02,5.51,0.25,0.0,0.0,none_mapped,4.59,12.15,"Carpenter-Asui,Venetia K",individual,False,-158.18,21.45
185003029,"Upper Waianae Mountains (interior, >2 km from 46 kV)",18.9,0.0,0.0,10.66,0.0,8.23,1.89,3.78,10.66,8.23,18.36,0.54,0.0,7.44,diversified_crop,4.65,12.24,Mountain View Dairy Inc,corporate_ag,False,-158.18,21.46
185003040,"Upper Waianae Mountains (interior, >2 km from 46 kV)",0.59,0.59,0.0,0.0,0.0,0.0,0.0,0.0,0.0,0.0,0.54,0.0,0.0,0.0,none_mapped,4.4,11.9,"Kaanoi,David Jr/Piria Tr",individual,False,-158.18,21.45
185003031,"Upper Waianae Mountains (interior, >2 km from 46 kV)",58.49,0.0,0.45,5.84,0.0,52.2,5.85,6.29,6.29,52.2,42.53,13.62,2.47,1.53,diversified_crop,4.38,12.02,Mountain View Dairy Inc,corporate_ag,True,-158.18,21.46
185003032,"Upper Waianae Mountains (interior, >2 km from 46 kV)",83.64,0.0,0.0,5.62,0.0,77.93,5.62,5.62,5.62,77.93,59.6,18.86,4.97,9.62,diversified_crop,4.25,11.94,Mountain View Dairy Inc,corporate_ag,False,-158.18,21.46
185003034,"Upper Waianae Mountains (interior, >2 km from 46 kV)",0.01,0.01,0.0,0.0,0.0,0.0,0.0,0.0,0.0,0.0,0.0,0.0,0.0,0.0,none_mapped,4.5,12.08,Capital Inv Of Hawaii Inc,corporate_other,False,-158.18,21.45
185003035,"Upper Waianae Mountains (interior, >2 km from 46 kV)",0.18,0.04,0.0,0.0,0.0,0.14,0.0,0.0,0.0,0.14,0.07,0.0,0.0,0.0,none_mapped,4.28,11.89,Capital Inv Of Hawaii Inc,corporate_other,False,-158.18,21.45
185003042,"Upper Waianae Mountains (interior, >2 km from 46 kV)",2.13,1.28,0.0,0.0,0.0,0.84,0.0,0.0,0.0,0.84,1.9,0.22,0.0,0.0,none_mapped,4.19,11.75,"Ramirez,Janet H Tr",individual,False,-158.18,21.45
185003043,"Upper Waianae Mountains (interior, >2 km from 46 kV)",61.11,0.0,5.03,18.63,0.0,35.44,6.11,12.22,23.66,35.44,46.98,11.34,2.99,12.33,diversified_crop,4.32,11.98,Mountain View Dairy Inc,corporate_ag,False,-158.18,21.46
185003044,"Upper Waianae Mountains (interior, >2 km from 46 kV)",3.05,0.53,0.0,1.22,0.0,1.31,0.3,0.61,1.22,1.31,3.09,0.0,0.0,0.0,none_mapped,4.24,11.81,"Zhang,Jian Ying",individual,False,-158.18,21.45
185003045,"Upper Waianae Mountains (interior, >2 km from 46 kV)",3.73,0.34,0.0,2.43,0.0,0.96,0.37,0.74,2.43,0.96,3.61,0.1,0.0,0.0,none_mapped,4.24,11.81,"Gualdarama,Larry M",individual,False,-158.18,21.45
185004001,"Upper Waianae Mountains (interior, >2 km from 46 kV)",47.91,0.0,0.0,0.0,0.0,2.84,0.0,0.0,0.0,2.84,1.46,5.16,41.36,0.0,none_mapped,3.47,10.83,DHHL,dhhl,False,-158.16,21.46
185004003,"Upper Waianae Mountains (interior, >2 km from 46 kV)",22.12,0.0,0.0,0.0,0.0,18.61,0.0,0.0,0.0,18.61,16.46,0.79,4.79,0.0,none_mapped,3.39,11.11,State of Hawaii - DLNR,state,False,-158.17,21.45
185003038,"Upper Waianae Mountains (interior, >2 km from 46 kV)",16.95,3.63,0.17,5.59,0.0,1.18,1.7,3.39,5.76,1.18,14.65,2.22,0.22,0.07,diversified_crop,3.94,11.44,City & County of Honolulu,county,False,-158.18,21.45
185003039,"Upper Waianae Mountains (interior, >2 km from 46 kV)",2.35,2.34,0.0,0.0,0.0,0.0,0.0,0.0,0.0,0.0,2.32,0.0,0.0,0.0,none_mapped,4.32,11.8,"Williams,Herbert Jr",individual,False,-158.18,21.45
185004004,"Upper Waianae Mountains (interior, >2 km from 46 kV)",18.55,0.0,0.0,0.0,0.0,18.55,0.0,0.0,0.0,18.55,13.79,3.51,1.26,1.7,diversified_crop,4.15,11.39,"Silva,Sandra N Tr",individual,False,-158.16,21.46
185004005,"Upper Waianae Mountains (interior, >2 km from 46 kV)",0.76,0.0,0.0,0.0,0.0,0.76,0.0,0.0,0.0,0.76,0.74,0.0,0.0,0.0,none_mapped,3.91,11.61,"Lima,Catherine H J C Trust",individual,False,-158.17,21.45
185004007,"Upper Waianae Mountains (interior, >2 km from 46 kV)",0.84,0.0,0.0,0.0,0.0,0.84,0.0,0.0,0.0,0.84,0.89,0.0,0.0,0.0,none_mapped,3.96,11.67,"Fisher,Alexander A Jr",individual,False,-158.17,21.45
185004008,"Upper Waianae Mountains (interior, >2 km from 46 kV)",0.84,0.0,0.24,0.0,0.0,0.59,0.08,0.17,0.24,0.59,0.79,0.05,0.0,0.0,none_mapped,3.99,11.71,"Yonekawa,Yukio",individual,False,-158.17,21.46
185004010,"Upper Waianae Mountains (interior, >2 km from 46 kV)",0.94,0.0,0.6,0.0,0.0,0.34,0.09,0.19,0.6,0.34,0.94,0.0,0.0,0.75,diversified_crop,4.11,11.83,"Wong,Miao Ying",individual,False,-158.17,21.46
185004011,"Upper Waianae Mountains (interior, >2 km from 46 kV)",0.96,0.0,0.63,0.0,0.0,0.33,0.1,0.19,0.63,0.33,0.94,0.0,0.0,0.0,none_mapped,4.12,11.84,"Kaaihue,Johnny",individual,False,-158.17,21.46
185004012,"Upper Waianae Mountains (interior, >2 km from 46 kV)",11.23,0.0,0.0,0.0,0.0,11.23,0.0,0.0,0.0,11.23,11.14,0.0,0.0,8.78,diversified_crop,4.34,11.76,DHHL,dhhl,False,-158.17,21.46
185004018,"Upper Waianae Mountains (interior, >2 km from 46 kV)",4.3,0.0,0.0,0.0,0.0,4.3,0.0,0.0,0.0,4.3,4.35,0.0,0.0,4.06,diversified_crop,4.36,11.78,"Peng,Qing",individual,False,-158.17,21.46
185004019,"Upper Waianae Mountains (interior, >2 km from 46 kV)",14.51,0.0,10.12,0.0,0.0,4.39,1.45,2.9,10.12,4.39,13.66,0.89,0.05,12.44,diversified_crop,4.78,11.6,Chen Farm & Produce Llc,corporate_ag,False,-158.16,21.47
185004020,"Upper Waianae Mountains (interior, >2 km from 46 kV)",9.3,0.0,0.0,0.0,0.0,9.3,0.0,0.0,0.0,9.3,9.24,0.1,0.0,0.0,none_mapped,4.95,11.88,Sunset Acres,unknown,False,-158.16,21.47
185004021,"Upper Waianae Mountains (interior, >2 km from 46 kV)",4.61,0.0,0.0,0.0,0.0,4.61,0.0,0.0,0.0,4.61,4.6,0.0,0.0,0.0,none_mapped,4.88,11.85,85-1330A/85-1330B East Waianae Valley Rd,unknown,False,-158.16,21.47
185004022,"Upper Waianae Mountains (interior, >2 km from 46 kV)",2.16,0.0,0.0,0.0,0.0,2.16,0.0,0.0,0.0,2.16,2.0,0.02,0.0,0.0,none_mapped,4.87,12.05,State of Hawaii (agency unspecified),state,False,-158.16,21.47
185004023,"Upper Waianae Mountains (interior, >2 km from 46 kV)",7.59,0.0,0.0,0.0,0.0,7.59,0.0,0.0,0.0,7.59,7.64,0.0,0.0,3.59,diversified_crop,4.64,11.82,"Shimizu,Craig S",individual,False,-158.17,21.46
185004024,"Upper Waianae Mountains (interior, >2 km from 46 kV)",3.06,0.0,0.0,0.0,0.0,3.06,0.0,0.0,0.0,3.06,3.09,0.0,0.0,1.14,diversified_crop,4.63,11.88,"Dong,Dan Tr",individual,False,-158.17,21.46
185004025,"Upper Waianae Mountains (interior, >2 km from 46 kV)",0.99,0.0,0.0,0.0,0.0,0.99,0.0,0.0,0.0,0.99,1.01,0.0,0.0,0.0,none_mapped,4.54,11.96,"Watanabe,Mary L",individual,False,-158.17,21.46
185004026,"Upper Waianae Mountains (interior, >2 km from 46 kV)",1.03,0.0,0.0,0.0,0.0,1.03,0.0,0.0,0.0,1.03,1.06,0.07,0.0,0.0,none_mapped,4.4,11.99,Ziona Hou,unknown,False,-158.17,21.46
185004027,"Upper Waianae Mountains (interior, >2 km from 46 kV)",19.11,0.0,0.0,0.0,0.0,19.11,0.0,0.0,0.0,19.11,17.52,1.68,0.0,0.02,diversified_crop,4.39,11.96,State of Hawaii (agency unspecified),state,False,-158.17,21.46
185004048,"Upper Waianae Mountains (interior, >2 km from 46 kV)",1.01,0.0,0.0,0.0,0.0,1.01,0.0,0.0,0.0,1.01,1.01,0.0,0.0,0.0,none_mapped,4.59,11.95,"Poe,Ah Ching G Sr Trust",individual,False,-158.17,21.46
185004028,"Upper Waianae Mountains (interior, >2 km from 46 kV)",19.9,0.0,0.0,0.0,0.0,18.57,0.0,0.0,0.0,18.57,16.21,3.43,0.17,0.0,none_mapped,4.24,11.95,Dynamic Community Solutions,unknown,False,-158.17,21.46
185004029,"Upper Waianae Mountains (interior, >2 km from 46 kV)",14.13,0.0,0.0,0.0,0.0,14.13,0.0,0.0,0.0,14.13,13.27,0.82,0.02,12.0,diversified_crop,4.6,12.14,"Nelson,Sylvia L Decd",individual,False,-158.17,21.46
185004030,"Upper Waianae Mountains (interior, >2 km from 46 kV)",5.73,0.0,0.0,0.0,0.0,5.73,0.0,0.0,0.0,5.73,5.59,0.1,0.0,0.09,diversified_crop,4.91,12.1,"Joseph,Charles A Sr",individual,False,-158.17,21.47
185004031,"Upper Waianae Mountains (interior, >2 km from 46 kV)",10.03,0.0,0.0,0.0,0.0,10.03,0.0,0.0,0.0,10.03,9.96,0.02,0.0,0.0,none_mapped,5.09,12.08,Waianae Valley Estates Llc,corporate_other,False,-158.16,21.47
185004032,"Upper Waianae Mountains (interior, >2 km from 46 kV)",0.75,0.0,0.08,0.0,0.0,0.67,0.08,0.08,0.08,0.67,0.49,0.22,0.0,0.06,diversified_crop,4.01,11.72,"Fisher,Alexander A Jr",individual,False,-158.17,21.46
185004034,"Upper Waianae Mountains (interior, >2 km from 46 kV)",0.78,0.0,0.0,0.0,0.0,0.78,0.0,0.0,0.0,0.78,0.72,0.02,0.0,0.0,none_mapped,3.89,11.59,State of Hawaii (agency unspecified),state,False,-158.17,21.45
185004035,"Upper Waianae Mountains (interior, >2 km from 46 kV)",4.53,0.0,1.45,0.0,0.0,3.08,0.45,0.91,1.45,3.08,4.0,0.59,0.0,3.33,diversified_crop,4.03,11.74,"Wong,Miao Ying",individual,False,-158.17,21.46
185004036,"Upper Waianae Mountains (interior, >2 km from 46 kV)",1.73,0.0,0.57,0.0,0.0,1.16,0.17,0.34,0.57,1.16,1.14,0.59,0.0,0.78,diversified_crop,4.0,11.71,State of Hawaii (agency unspecified),state,False,-158.17,21.46
185004037,"Upper Waianae Mountains (interior, >2 km from 46 kV)",0.26,0.0,0.0,0.0,0.0,0.26,0.0,0.0,0.0,0.26,0.27,0.0,0.0,0.0,none_mapped,4.19,11.91,"Anawati,Alfred A",individual,False,-158.17,21.46
185004041,"Upper Waianae Mountains (interior, >2 km from 46 kV)",4.77,0.0,0.0,0.0,0.0,4.77,0.0,0.0,0.0,4.77,2.82,1.38,0.57,0.0,none_mapped,4.1,11.36,DHHL,dhhl,False,-158.16,21.46
185004042,"Upper Waianae Mountains (interior, >2 km from 46 kV)",5.46,0.0,2.52,0.0,0.0,2.94,0.55,1.09,2.52,2.94,4.79,0.64,0.0,0.0,none_mapped,3.99,11.71,"Garguilo,Stephen M/Elizabeth G Tr",individual,False,-158.17,21.46
185004043,"Upper Waianae Mountains (interior, >2 km from 46 kV)",0.51,0.0,0.0,0.0,0.0,0.51,0.0,0.0,0.0,0.51,0.54,0.0,0.0,0.0,none_mapped,3.9,11.61,State of Hawaii (agency unspecified),state,False,-158.17,21.45
185004045,"Upper Waianae Mountains (interior, >2 km from 46 kV)",0.25,0.0,0.24,0.0,0.0,0.01,0.02,0.05,0.24,0.01,0.2,0.02,0.0,0.0,none_mapped,4.1,11.81,"Pililaau,Abbie",individual,False,-158.17,21.46
185004046,"Upper Waianae Mountains (interior, >2 km from 46 kV)",1.0,0.0,0.0,0.0,0.0,1.0,0.0,0.0,0.0,1.0,0.94,0.0,0.0,0.0,none_mapped,4.61,11.94,"Soares,Joseph D Jr",individual,False,-158.17,21.46
185004047,"Upper Waianae Mountains (interior, >2 km from 46 kV)",1.0,0.0,0.0,0.0,0.0,1.0,0.0,0.0,0.0,1.0,1.01,0.0,0.0,0.0,none_mapped,4.6,11.94,"Yoshioka,Michael Y Tr",individual,False,-158.17,21.46
185004051,"Upper Waianae Mountains (interior, >2 km from 46 kV)",0.98,0.0,0.0,0.0,0.0,0.98,0.0,0.0,0.0,0.98,1.01,0.0,0.0,0.0,none_mapped,4.55,11.96,"Scheidt,Ruth M",individual,False,-158.17,21.46
185004052,"Upper Waianae Mountains (interior, >2 km from 46 kV)",19.48,0.0,0.0,0.0,0.0,2.24,0.0,0.0,0.0,2.24,0.37,3.01,16.06,0.0,none_mapped,4.27,10.92,DHHL,dhhl,False,-158.16,21.46
185004053,"Upper Waianae Mountains (interior, >2 km from 46 kV)",8.15,0.45,0.23,0.0,0.0,7.47,0.23,0.23,0.23,7.47,5.83,1.7,0.64,0.0,none_mapped,3.74,11.45,DHHL,dhhl,False,-158.17,21.45
185004054,"Upper Waianae Mountains (interior, >2 km from 46 kV)",5.21,0.0,0.0,0.0,0.0,5.21,0.0,0.0,0.0,5.21,5.26,0.0,0.0,0.02,diversified_crop,4.67,11.79,"Yamashiro,George K Tr",individual,False,-158.16,21.46
185004055,"Upper Waianae Mountains (interior, >2 km from 46 kV)",6.42,0.0,0.0,0.0,0.0,6.42,0.0,0.0,0.0,6.42,6.3,0.15,0.0,3.99,diversified_crop,4.68,11.78,"Huang,Xian Xing",individual,False,-158.16,21.46
185004056,"Upper Waianae Mountains (interior, >2 km from 46 kV)",6.15,0.0,0.0,0.0,0.0,6.15,0.0,0.0,0.0,6.15,6.1,0.0,0.0,4.83,diversified_crop,4.8,11.82,"Huang,Xian Xing",individual,False,-158.16,21.47
185004057,"Upper Waianae Mountains (interior, >2 km from 46 kV)",10.42,0.0,0.06,0.0,0.0,10.36,0.06,0.06,0.06,10.36,7.78,2.47,0.12,0.0,none_mapped,4.33,11.37,House Of Finance Inc,corporate_other,False,-158.16,21.46
185004059,"Upper Waianae Mountains (interior, >2 km from 46 kV)",4.84,0.0,0.0,0.0,0.0,4.84,0.0,0.0,0.0,4.84,4.84,0.05,0.0,0.23,pasture,4.52,11.21,DHHL,dhhl,False,-158.16,21.46
185004060,"Upper Waianae Mountains (interior, >2 km from 46 kV)",0.45,0.0,0.0,0.0,0.0,0.45,0.0,0.0,0.0,0.45,0.37,0.0,0.0,0.08,pasture,4.6,10.92,State of Hawaii (agency unspecified),state,False,-158.15,21.46
185004061,"Upper Waianae Mountains (interior, >2 km from 46 kV)",30.91,0.16,0.0,0.0,0.0,30.75,0.0,0.0,0.0,30.75,28.34,2.5,0.02,0.0,none_mapped,3.57,11.27,State of Hawaii - DLNR,state,False,-158.17,21.45
185004062,"Upper Waianae Mountains (interior, >2 km from 46 kV)",0.34,0.0,0.0,0.0,0.0,0.34,0.0,0.0,0.0,0.34,0.25,0.1,0.0,0.0,none_mapped,4.9,11.86,State of Hawaii (agency unspecified),state,False,-158.16,21.47
185004065,"Upper Waianae Mountains (interior, >2 km from 46 kV)",0.27,0.0,0.0,0.0,0.0,0.27,0.0,0.0,0.0,0.27,0.25,0.0,0.0,0.2,diversified_crop,4.02,11.73,"Wong,Miao Ying",individual,False,-158.17,21.45
185004066,"Upper Waianae Mountains (interior, >2 km from 46 kV)",5.1,0.0,0.0,0.0,0.0,5.1,0.0,0.0,0.0,5.1,4.74,0.3,0.05,0.08,diversified_crop,4.33,11.53,"Jones,John Y",individual,False,-158.16,21.46
185004067,"Upper Waianae Mountains (interior, >2 km from 46 kV)",4.2,0.0,0.0,0.0,0.0,4.2,0.0,0.0,0.0,4.2,3.68,0.49,0.0,0.26,diversified_crop,4.42,11.61,"Kaopuiki,Andrew K Jr",individual,False,-158.16,21.46
185004068,"Upper Waianae Mountains (interior, >2 km from 46 kV)",1.95,0.0,0.0,0.0,0.0,1.95,0.0,0.0,0.0,1.95,1.93,0.02,0.0,0.0,none_mapped,4.58,11.64,A Hui Huo Family Tr,nonprofit,False,-158.16,21.46
185004069,"Upper Waianae Mountains (interior, >2 km from 46 kV)",1.1,0.0,0.0,0.0,0.0,1.1,0.0,0.0,0.0,1.1,1.06,0.05,0.0,0.0,none_mapped,4.48,11.58,"Harada,Earl T",individual,False,-158.16,21.46
185004070,"Upper Waianae Mountains (interior, >2 km from 46 kV)",2.56,0.0,0.0,0.0,0.0,2.56,0.0,0.0,0.0,2.56,2.22,0.32,0.0,0.0,none_mapped,4.34,11.53,"Kapihe,Naomi L",individual,False,-158.16,21.46
185004080,"Upper Waianae Mountains (interior, >2 km from 46 kV)",1.02,0.0,0.22,0.0,0.0,0.8,0.1,0.2,0.22,0.8,0.99,0.1,0.0,0.0,none_mapped,4.94,11.67,"Mays,Melody A",individual,False,-158.16,21.47
185004116,"Upper Waianae Mountains (interior, >2 km from 46 kV)",2.02,0.0,0.0,0.0,0.0,2.02,0.0,0.0,0.0,2.02,1.28,0.74,0.0,0.0,none_mapped,4.21,11.1,DHHL,dhhl,False,-158.16,21.46
185004117,"Upper Waianae Mountains (interior, >2 km from 46 kV)",2.1,0.0,0.0,0.0,0.0,2.1,0.0,0.0,0.0,2.1,1.31,0.82,0.0,0.0,none_mapped,4.14,11.05,DHHL,dhhl,False,-158.16,21.46
185004071,"Upper Waianae Mountains (interior, >2 km from 46 kV)",7.51,0.0,0.0,0.0,0.0,7.51,0.0,0.0,0.0,7.51,6.67,0.79,0.07,0.0,none_mapped,4.25,11.38,Hawaii Fit Four Llc,corporate_other,False,-158.16,21.46
185004072,"Upper Waianae Mountains (interior, >2 km from 46 kV)",3.18,0.0,0.0,0.0,0.0,3.18,0.0,0.0,0.0,3.18,3.16,0.05,0.0,0.0,none_mapped,4.47,11.49,"Wong,Family Trust",individual,False,-158.16,21.46
185004073,"Upper Waianae Mountains (interior, >2 km from 46 kV)",3.27,0.0,0.77,0.0,0.0,2.5,0.33,0.65,0.77,2.5,2.96,0.25,0.07,0.0,none_mapped,4.47,11.48,"Worden,Kapena L",individual,False,-158.16,21.46
185004074,"Upper Waianae Mountains (interior, >2 km from 46 kV)",1.5,0.0,1.5,0.0,0.0,0.0,0.15,0.3,1.5,0.0,1.31,0.08,0.07,0.0,none_mapped,4.51,11.48,"Demello,Doriann L",individual,False,-158.16,21.46
185004075,"Upper Waianae Mountains (interior, >2 km from 46 kV)",2.24,0.0,0.17,0.0,0.0,2.08,0.17,0.17,0.17,2.08,1.66,0.44,0.15,0.0,none_mapped,4.56,11.49,"Ybarra,Danny C",individual,False,-158.16,21.46
185004076,"Upper Waianae Mountains (interior, >2 km from 46 kV)",1.75,0.0,1.75,0.0,0.0,0.0,0.18,0.35,1.75,0.0,1.36,0.42,0.0,1.72,pasture,4.71,11.6,"Tanaka,Mitoshi",individual,False,-158.16,21.46
185004077,"Upper Waianae Mountains (interior, >2 km from 46 kV)",1.73,0.0,1.72,0.0,0.0,0.01,0.17,0.35,1.72,0.01,1.7,0.0,0.0,0.16,pasture,4.7,11.65,"Lavilla,David T K A S",individual,False,-158.16,21.46
185004078,"Upper Waianae Mountains (interior, >2 km from 46 kV)",1.0,0.0,0.59,0.0,0.0,0.41,0.1,0.2,0.59,0.41,0.99,0.0,0.0,0.03,diversified_crop,4.7,11.7,"Beebe,Sundance L Tr",individual,False,-158.16,21.46
185004079,"Upper Waianae Mountains (interior, >2 km from 46 kV)",2.07,0.0,0.0,0.0,0.0,2.07,0.0,0.0,0.0,2.07,1.51,0.59,0.0,0.01,diversified_crop,4.68,11.73,"Rohrmayr,Ludwig S",individual,False,-158.16,21.46
185004081,"Upper Waianae Mountains (interior, >2 km from 46 kV)",1.4,0.0,0.0,0.0,0.0,1.4,0.0,0.0,0.0,1.4,1.36,0.0,0.0,0.0,none_mapped,4.31,11.51,"Aki,Lillian U",individual,False,-158.16,21.46
185004084,"Upper Waianae Mountains (interior, >2 km from 46 kV)",1.02,0.0,0.0,0.0,0.0,1.02,0.0,0.0,0.0,1.02,0.94,0.0,0.0,0.0,none_mapped,4.62,11.93,"Maldonado,Norman R",individual,False,-158.17,21.46
185004085,"Upper Waianae Mountains (interior, >2 km from 46 kV)",0.97,0.0,0.0,0.0,0.0,0.97,0.0,0.0,0.0,0.97,1.01,0.0,0.0,0.01,diversified_crop,4.63,11.91,"Loando,Darin V",individual,False,-158.17,21.46
185004086,"Upper Waianae Mountains (interior, >2 km from 46 kV)",1.0,0.0,0.0,0.0,0.0,1.0,0.0,0.0,0.0,1.0,1.01,0.0,0.0,0.0,none_mapped,4.62,11.92,"Lowry,Vernon D Sr",individual,False,-158.17,21.46
185004087,"Upper Waianae Mountains (interior, >2 km from 46 kV)",0.99,0.0,0.01,0.0,0.0,0.98,0.01,0.01,0.01,0.98,0.96,0.0,0.0,0.0,none_mapped,4.89,11.6,"Chiappetta,Albert J/Sylvia B Tr",individual,False,-158.16,21.47
185004088,"Upper Waianae Mountains (interior, >2 km from 46 kV)",0.82,0.0,0.0,0.0,0.0,0.82,0.0,0.0,0.0,0.82,0.77,0.0,0.0,0.0,none_mapped,4.8,11.78,"Farias,Wilson K",individual,False,-158.16,21.47
185004089,"Upper Waianae Mountains (interior, >2 km from 46 kV)",1.0,0.0,0.0,0.0,0.0,1.0,0.0,0.0,0.0,1.0,1.01,0.0,0.0,0.0,none_mapped,4.54,11.62,"Leue,Rasikashekara D",individual,False,-158.16,21.46
185004091,"Upper Waianae Mountains (interior, >2 km from 46 kV)",1.01,0.0,0.1,0.0,0.0,0.91,0.1,0.1,0.1,0.91,0.82,0.12,0.0,0.0,none_mapped,4.7,11.72,"Cambra,Edward L",individual,False,-158.16,21.46
185004092,"Upper Waianae Mountains (interior, >2 km from 46 kV)",0.99,0.0,0.0,0.0,0.0,0.99,0.0,0.0,0.0,0.99,0.86,0.12,0.0,0.0,none_mapped,4.45,11.57,"Pregana,Sandra A Trs",individual,False,-158.16,21.46
185004093,"Upper Waianae Mountains (interior, >2 km from 46 kV)",1.01,0.0,0.92,0.0,0.0,0.1,0.1,0.2,0.92,0.1,0.87,0.17,0.0,0.0,none_mapped,4.54,11.49,"Oliveira,Christophor E",individual,False,-158.16,21.46
185004095,"Upper Waianae Mountains (interior, >2 km from 46 kV)",3.4,0.0,0.39,0.0,0.0,3.02,0.34,0.39,0.39,3.02,3.31,0.0,0.0,0.0,none_mapped,5.0,11.68,"Zeng,Guoyun",individual,False,-158.16,21.47
185004096,"Upper Waianae Mountains (interior, >2 km from 46 kV)",1.48,0.1,0.0,0.0,0.0,1.38,0.0,0.0,0.0,1.38,1.21,0.32,0.0,0.0,none_mapped,3.73,11.44,State of Hawaii (agency unspecified),state,False,-158.17,21.45
185004099,"Upper Waianae Mountains (interior, >2 km from 46 kV)",7.54,0.0,0.0,0.0,0.0,7.54,0.0,0.0,0.0,7.54,7.61,0.0,0.0,5.83,diversified_crop,4.99,12.09,"Huang,Xian Xing",individual,False,-158.16,21.47
185004101,"Upper Waianae Mountains (interior, >2 km from 46 kV)",2.04,0.0,1.52,0.0,0.0,0.53,0.2,0.41,1.52,0.53,2.08,0.0,0.0,0.0,none_mapped,4.99,11.68,"Zeng,Guoyun",individual,False,-158.16,21.47
185004102,"Upper Waianae Mountains (interior, >2 km from 46 kV)",1.95,0.0,1.67,0.0,0.0,0.28,0.2,0.39,1.67,0.28,1.9,0.0,0.0,0.0,none_mapped,4.96,11.68,"Zeng,Guoyun",individual,False,-158.16,21.47
185004115,"Upper Waianae Mountains (interior, >2 km from 46 kV)",2.01,0.0,0.0,0.0,0.0,2.01,0.0,0.0,0.0,2.01,1.26,0.74,0.0,0.0,none_mapped,4.27,11.15,DHHL,dhhl,False,-158.16,21.46
185004103,"Upper Waianae Mountains (interior, >2 km from 46 kV)",1.68,0.0,0.0,0.0,0.0,0.75,0.0,0.0,0.0,0.75,0.07,0.35,1.26,0.0,none_mapped,4.4,11.25,DHHL,dhhl,False,-158.16,21.46
185004104,"Upper Waianae Mountains (interior, >2 km from 46 kV)",0.22,0.0,0.0,0.0,0.0,0.22,0.0,0.0,0.0,0.22,0.2,0.0,0.0,0.0,none_mapped,3.97,11.13,DHHL,dhhl,False,-158.16,21.46
185004105,"Upper Waianae Mountains (interior, >2 km from 46 kV)",6.55,0.0,0.0,0.0,0.0,6.55,0.0,0.0,0.0,6.55,6.08,0.42,0.07,6.08,diversified_crop,4.73,12.11,Eco Farm Inc,corporate_ag,False,-158.17,21.46
185004106,"Upper Waianae Mountains (interior, >2 km from 46 kV)",6.37,0.0,0.0,0.0,0.0,6.37,0.0,0.0,0.0,6.37,6.05,0.35,0.05,5.19,diversified_crop,4.81,12.1,"Fu,Ju Hua",individual,False,-158.17,21.47
185004108,"Upper Waianae Mountains (interior, >2 km from 46 kV)",2.31,0.0,0.0,0.0,0.0,2.31,0.0,0.0,0.0,2.31,2.37,0.0,0.0,0.0,none_mapped,3.98,11.1,DHHL,dhhl,False,-158.16,21.46
185004109,"Upper Waianae Mountains (interior, >2 km from 46 kV)",2.23,0.0,0.0,0.0,0.0,2.23,0.0,0.0,0.0,2.23,2.2,0.0,0.0,0.0,none_mapped,4.03,11.09,DHHL,dhhl,False,-158.16,21.46
185004110,"Upper Waianae Mountains (interior, >2 km from 46 kV)",2.04,0.0,0.0,0.0,0.0,2.04,0.0,0.0,0.0,2.04,2.1,0.0,0.0,0.0,none_mapped,4.12,11.14,DHHL,dhhl,False,-158.16,21.46
185004112,"Upper Waianae Mountains (interior, >2 km from 46 kV)",2.03,0.0,0.0,0.0,0.0,2.03,0.0,0.0,0.0,2.03,1.61,0.42,0.0,0.0,none_mapped,4.36,11.31,DHHL,dhhl,False,-158.16,21.46
185004113,"Upper Waianae Mountains (interior, >2 km from 46 kV)",2.12,0.0,0.0,0.0,0.0,2.12,0.0,0.0,0.0,2.12,1.61,0.42,0.0,0.0,none_mapped,4.52,11.38,DHHL,dhhl,False,-158.16,21.46
185004114,"Upper Waianae Mountains (interior, >2 km from 46 kV)",2.02,0.0,0.0,0.0,0.0,2.02,0.0,0.0,0.0,2.02,1.19,0.77,0.07,0.0,none_mapped,4.34,11.21,DHHL,dhhl,False,-158.16,21.46
185004118,"Upper Waianae Mountains (interior, >2 km from 46 kV)",2.03,0.0,0.0,0.0,0.0,2.03,0.0,0.0,0.0,2.03,1.73,0.3,0.0,0.0,none_mapped,4.07,10.99,DHHL,dhhl,False,-158.16,21.46
185004119,"Upper Waianae Mountains (interior, >2 km from 46 kV)",2.1,0.0,0.0,0.0,0.0,2.1,0.0,0.0,0.0,2.1,1.31,0.72,0.0,0.0,none_mapped,3.96,10.97,DHHL,dhhl,False,-158.16,21.46
185004120,"Upper Waianae Mountains (interior, >2 km from 46 kV)",2.04,0.0,0.0,0.0,0.0,2.04,0.0,0.0,0.0,2.04,1.93,0.15,0.0,0.0,none_mapped,3.95,11.0,DHHL,dhhl,False,-158.16,21.46
185004121,"Upper Waianae Mountains (interior, >2 km from 46 kV)",2.22,0.0,0.0,0.0,0.0,2.22,0.0,0.0,0.0,2.22,2.17,0.02,0.0,0.0,none_mapped,3.92,11.02,DHHL,dhhl,False,-158.16,21.46
185004122,"Upper Waianae Mountains (interior, >2 km from 46 kV)",2.01,0.0,0.0,0.0,0.0,2.01,0.0,0.0,0.0,2.01,1.95,0.0,0.0,0.08,pasture,4.51,11.17,DHHL,dhhl,False,-158.16,21.46
185004123,"Upper Waianae Mountains (interior, >2 km from 46 kV)",2.0,0.0,0.0,0.0,0.0,2.0,0.0,0.0,0.0,2.0,1.8,0.22,0.0,0.03,pasture,4.49,11.11,DHHL,dhhl,False,-158.16,21.46
185004124,"Upper Waianae Mountains (interior, >2 km from 46 kV)",1.99,0.0,0.0,0.0,0.0,1.91,0.0,0.0,0.0,1.91,1.31,0.67,0.0,0.04,pasture,4.48,11.06,DHHL,dhhl,False,-158.15,21.46
185004125,"Upper Waianae Mountains (interior, >2 km from 46 kV)",1.99,0.0,0.0,0.0,0.0,1.64,0.0,0.0,0.0,1.64,0.86,1.04,0.0,0.06,pasture,4.48,11.01,DHHL,dhhl,False,-158.15,21.46
185004126,"Upper Waianae Mountains (interior, >2 km from 46 kV)",2.14,0.0,0.0,0.0,0.0,2.01,0.0,0.0,0.0,2.01,1.33,0.89,0.0,0.28,pasture,4.52,10.92,DHHL,dhhl,False,-158.15,21.46
185004127,"Upper Waianae Mountains (interior, >2 km from 46 kV)",0.11,0.0,0.0,0.0,0.0,0.11,0.0,0.0,0.0,0.11,0.1,0.0,0.0,0.05,pasture,4.58,11.07,DHHL,dhhl,False,-158.15,21.46
185004128,"Upper Waianae Mountains (interior, >2 km from 46 kV)",1.44,0.0,0.0,0.0,0.0,1.44,0.0,0.0,0.0,1.44,1.38,0.0,0.0,0.0,none_mapped,4.34,11.28,DHHL,dhhl,False,-158.16,21.46
185005003,"Upper Waianae Mountains (interior, >2 km from 46 kV)",0.79,0.0,0.0,0.0,0.0,0.58,0.0,0.0,0.0,0.58,0.25,0.52,0.0,0.0,none_mapped,6.03,11.88,City & County of Honolulu,county,False,-158.15,21.48
185005004,"Upper Waianae Mountains (interior, >2 km from 46 kV)",6.43,0.0,0.0,0.0,0.0,5.62,0.0,0.0,0.0,5.62,2.62,3.78,0.0,0.0,none_mapped,5.81,11.76,"Stevens,Mercy B K",individual,False,-158.15,21.48
185005005,"Upper Waianae Mountains (interior, >2 km from 46 kV)",6.23,0.0,0.0,0.0,0.0,6.23,0.0,0.0,0.0,6.23,6.25,0.0,0.0,0.0,none_mapped,5.57,11.65,Kaala Hale,unknown,False,-158.15,21.47
185005006,"Upper Waianae Mountains (interior, >2 km from 46 kV)",3.37,0.0,0.0,0.0,0.0,3.37,0.0,0.0,0.0,3.37,3.34,0.02,0.0,0.0,none_mapped,5.51,11.57,City & County of Honolulu,county,False,-158.15,21.47
185005007,"Upper Waianae Mountains (interior, >2 km from 46 kV)",7.26,0.0,0.0,0.0,0.0,7.26,0.0,0.0,0.0,7.26,7.14,0.15,0.0,0.0,none_mapped,5.34,11.48,Ka'Ala Farm Inc,corporate_ag,False,-158.15,21.47
185005008,"Upper Waianae Mountains (interior, >2 km from 46 kV)",1.02,0.0,0.0,0.0,0.0,1.02,0.0,0.0,0.0,1.02,0.54,0.37,0.02,0.0,none_mapped,5.25,11.54,City & County of Honolulu,county,False,-158.15,21.47
185005009,"Upper Waianae Mountains (interior, >2 km from 46 kV)",35.38,0.0,0.0,0.0,0.0,35.38,0.0,0.0,0.0,35.38,24.54,7.93,3.16,30.29,pasture,4.6,10.91,State of Hawaii (agency unspecified),state,False,-158.15,21.47
185005010,"Upper Waianae Mountains (interior, >2 km from 46 kV)",2.41,0.0,0.0,0.0,0.0,2.41,0.0,0.0,0.0,2.41,1.9,0.52,0.0,1.29,pasture,4.8,11.19,"Cobbin,Alonzo",individual,False,-158.15,21.47
185005014,"Upper Waianae Mountains (interior, >2 km from 46 kV)",4.13,0.0,0.0,0.0,0.0,4.13,0.0,0.0,0.0,4.13,2.69,0.25,1.14,0.14,pasture,4.86,11.35,Hawn Assn 7Th Day Adventist,nonprofit,False,-158.16,21.47
185005015,"Upper Waianae Mountains (interior, >2 km from 46 kV)",2.76,0.0,0.0,0.0,0.0,2.76,0.0,0.0,0.0,2.76,2.69,0.1,0.0,1.27,pasture,4.77,11.27,"Manini,William",individual,False,-158.16,21.47
185005016,"Upper Waianae Mountains (interior, >2 km from 46 kV)",1.63,0.0,0.0,0.0,0.0,1.63,0.0,0.0,0.0,1.63,1.61,0.0,0.0,1.0,pasture,4.72,11.26,State of Hawaii (agency unspecified),state,False,-158.16,21.47
185005017,"Upper Waianae Mountains (interior, >2 km from 46 kV)",0.15,0.0,0.0,0.0,0.0,0.15,0.0,0.0,0.0,0.15,0.15,0.0,0.0,0.15,pasture,4.73,11.27,"Ornellas,Doris A L H Tr",individual,False,-158.16,21.46
185005018,"Upper Waianae Mountains (interior, >2 km from 46 kV)",0.73,0.0,0.0,0.0,0.0,0.73,0.0,0.0,0.0,0.73,0.44,0.22,0.0,0.0,none_mapped,4.73,11.4,"Hose,Ross K Jr",individual,False,-158.16,21.47
185005019,"Upper Waianae Mountains (interior, >2 km from 46 kV)",0.65,0.0,0.0,0.0,0.0,0.65,0.0,0.0,0.0,0.65,0.37,0.27,0.0,0.0,none_mapped,4.77,11.4,Hawn Assn 7Th Day Adventist,nonprofit,False,-158.16,21.47
185005020,"Upper Waianae Mountains (interior, >2 km from 46 kV)",0.43,0.0,0.0,0.0,0.0,0.43,0.0,0.0,0.0,0.43,0.25,0.2,0.0,0.0,none_mapped,4.85,11.44,State of Hawaii (agency unspecified),state,False,-158.16,21.47
185005021,"Upper Waianae Mountains (interior, >2 km from 46 kV)",0.69,0.0,0.0,0.0,0.0,0.69,0.0,0.0,0.0,0.69,0.69,0.0,0.0,0.0,none_mapped,4.76,11.45,Hawn Assn 7Th Day Adventist,nonprofit,False,-158.16,21.47
185005022,"Upper Waianae Mountains (interior, >2 km from 46 kV)",5.87,0.0,0.0,0.0,0.0,5.87,0.0,0.0,0.0,5.87,5.51,0.42,0.0,0.0,none_mapped,4.76,11.43,Hawn Assn 7Th Day Adventist,nonprofit,False,-158.16,21.47
185005027,"Upper Waianae Mountains (interior, >2 km from 46 kV)",4.86,0.0,0.0,0.0,0.0,4.86,0.0,0.0,0.0,4.86,4.47,0.3,0.0,0.0,none_mapped,4.76,11.49,State of Hawaii (agency unspecified),state,False,-158.16,21.47
185005028,"Upper Waianae Mountains (interior, >2 km from 46 kV)",0.03,0.0,0.0,0.0,0.0,0.03,0.0,0.0,0.0,0.03,0.05,0.0,0.0,0.0,none_mapped,4.68,10.9,State of Hawaii (agency unspecified),state,False,-158.15,21.46
185005029,"Upper Waianae Mountains (interior, >2 km from 46 kV)",3.7,0.0,0.0,0.0,0.0,3.7,0.0,0.0,0.0,3.7,2.62,0.89,0.2,0.0,none_mapped,4.73,11.51,Hawaii Conference Of Seventh-Day Advent,unknown,False,-158.16,21.47
185005031,"Upper Waianae Mountains (interior, >2 km from 46 kV)",1.39,0.0,0.0,0.0,0.0,1.39,0.0,0.0,0.0,1.39,1.38,0.02,0.0,0.0,none_mapped,4.8,11.36,"Pa,Lizzie K P Dec'D",individual,False,-158.16,21.47
185005032,"Upper Waianae Mountains (interior, >2 km from 46 kV)",1.58,0.0,0.0,0.0,0.0,1.58,0.0,0.0,0.0,1.58,1.11,0.47,0.0,0.0,none_mapped,5.3,11.53,City & County of Honolulu,county,False,-158.15,21.47
185005033,"Upper Waianae Mountains (interior, >2 km from 46 kV)",1.24,0.0,0.0,0.0,0.0,1.24,0.0,0.0,0.0,1.24,1.21,0.0,0.0,0.27,pasture,4.7,11.28,"Nitta,Steven M Tr",individual,False,-158.16,21.46
185005034,"Upper Waianae Mountains (interior, >2 km from 46 kV)",0.83,0.0,0.0,0.0,0.0,0.83,0.0,0.0,0.0,0.83,0.82,0.0,0.0,0.0,none_mapped,4.72,11.36,"Exzabe,Sylvia S",individual,False,-158.16,21.47
185005035,"Upper Waianae Mountains (interior, >2 km from 46 kV)",28.86,0.0,0.0,0.0,0.0,28.86,0.0,0.0,0.0,28.86,0.12,0.47,28.47,2.08,pasture,4.93,10.91,State of Hawaii (agency unspecified),state,False,-158.15,21.47
185005036,"Upper Waianae Mountains (interior, >2 km from 46 kV)",95.7,0.0,0.0,0.0,0.0,93.62,0.0,0.0,0.0,93.62,38.48,20.73,36.7,0.0,none_mapped,4.97,10.92,DHHL,dhhl,False,-158.15,21.47
185005038,"Upper Waianae Mountains (interior, >2 km from 46 kV)",0.12,0.0,0.0,0.0,0.0,0.12,0.0,0.0,0.0,0.12,0.05,0.07,0.0,0.0,none_mapped,4.95,11.64,City & County of Honolulu,county,False,-158.16,21.47
185006001,"Upper Waianae Mountains (interior, >2 km from 46 kV)",2032.59,0.0,0.0,0.0,0.0,0.13,0.0,0.0,0.0,0.13,146.36,591.77,1294.04,0.0,none_mapped,5.11,10.76,State of Hawaii (agency unspecified),state,False,-158.15,21.49
185006004,"Upper Waianae Mountains (interior, >2 km from 46 kV)",1126.1,0.0,0.91,0.0,0.0,1125.18,0.91,0.91,0.91,1125.18,265.59,440.27,420.87,0.01,diversified_crop,4.9,11.62,State of Hawaii (agency unspecified),state,True,-158.17,21.47
185006005,"Upper Waianae Mountains (interior, >2 km from 46 kV)",291.97,0.0,0.0,0.0,0.0,0.02,0.0,0.0,0.0,0.02,0.52,1.9,289.53,0.0,none_mapped,5.83,13.22,State of Hawaii (agency unspecified),state,False,-158.17,21.48
185022038,"Upper Waianae Mountains (interior, >2 km from 46 kV)",0.14,0.0,0.0,0.0,0.0,0.04,0.0,0.0,0.0,0.04,0.02,0.1,0.0,0.0,none_mapped,4.37,11.99,"Tanoura,Laureen D",individual,False,-158.17,21.46
185022042,"Upper Waianae Mountains (interior, >2 km from 46 kV)",0.62,0.0,0.0,0.0,0.0,0.06,0.0,0.0,0.0,0.06,0.42,0.15,0.0,0.0,none_mapped,4.36,12.02,"Wiedman,James R",individual,False,-158.17,21.46
185023016,"Upper Waianae Mountains (interior, >2 km from 46 kV)",0.79,0.0,0.0,0.0,0.0,0.0,0.0,0.0,0.0,0.0,0.74,0.0,0.0,0.0,none_mapped,4.67,12.38,Piliuka Duplexes Llc,corporate_other,False,-158.17,21.46
185023020,"Upper Waianae Mountains (interior, >2 km from 46 kV)",0.76,0.0,0.0,0.0,0.0,0.0,0.0,0.0,0.0,0.0,0.74,0.0,0.0,0.0,none_mapped,4.7,12.42,Waihona,unknown,False,-158.17,21.46
185023034,"Upper Waianae Mountains (interior, >2 km from 46 kV)",0.18,0.0,0.0,0.0,0.0,0.06,0.0,0.0,0.0,0.06,0.22,0.0,0.0,0.0,none_mapped,4.58,12.22,"Anduha,Manuel/Marilyn Tr",individual,False,-158.17,21.46
185023044,"Upper Waianae Mountains (interior, >2 km from 46 kV)",0.19,0.0,0.0,0.0,0.0,0.02,0.0,0.0,0.0,0.02,0.2,0.0,0.0,0.0,none_mapped,4.69,12.34,"Ibanez,Christopher K",individual,False,-158.17,21.46
185023045,"Upper Waianae Mountains (interior, >2 km from 46 kV)",0.14,0.0,0.0,0.0,0.0,0.04,0.0,0.0,0.0,0.04,0.1,0.0,0.0,0.0,none_mapped,4.68,12.33,"Kaai,Eddy I",individual,False,-158.17,21.46
185023047,"Upper Waianae Mountains (interior, >2 km from 46 kV)",0.28,0.0,0.0,0.0,0.0,0.03,0.0,0.0,0.0,0.03,0.32,0.0,0.0,0.0,none_mapped,4.62,12.29,"Garcia,Alexander Sr Tr",individual,False,-158.17,21.46
185023050,"Upper Waianae Mountains (interior, >2 km from 46 kV)",0.14,0.0,0.0,0.0,0.0,0.01,0.0,0.0,0.0,0.01,0.15,0.0,0.0,0.0,none_mapped,4.77,12.47,"Maldonado,Ruperto R Tr",individual,False,-158.17,21.46
185023051,"Upper Waianae Mountains (interior, >2 km from 46 kV)",0.15,0.0,0.0,0.0,0.0,0.03,0.0,0.0,0.0,0.03,0.07,0.0,0.0,0.0,none_mapped,4.74,12.42,"Pagnotta,Mark",individual,False,-158.17,21.46
185023053,"Upper Waianae Mountains (interior, >2 km from 46 kV)",0.15,0.0,0.0,0.0,0.0,0.04,0.0,0.0,0.0,0.04,0.17,0.0,0.0,0.0,none_mapped,4.76,12.43,"Fernandez,Claude P K Trust",individual,False,-158.17,21.46
185023054,"Upper Waianae Mountains (interior, >2 km from 46 kV)",0.15,0.0,0.0,0.0,0.0,0.09,0.0,0.0,0.0,0.09,0.1,0.0,0.0,0.0,none_mapped,4.77,12.43,"Shaw,Lisa",individual,False,-158.17,21.46
185023055,"Upper Waianae Mountains (interior, >2 km from 46 kV)",0.17,0.0,0.0,0.0,0.0,0.07,0.0,0.0,0.0,0.07,0.22,0.0,0.0,0.0,none_mapped,4.76,12.41,"Salazar,Roger W",individual,False,-158.17,21.46
185023056,"Upper Waianae Mountains (interior, >2 km from 46 kV)",0.14,0.0,0.0,0.0,0.0,0.04,0.0,0.0,0.0,0.04,0.1,0.0,0.0,0.0,none_mapped,4.74,12.38,"Bailey,Aldrice L",individual,False,-158.17,21.46
185023058,"Upper Waianae Mountains (interior, >2 km from 46 kV)",0.15,0.0,0.0,0.0,0.0,0.02,0.0,0.0,0.0,0.02,0.15,0.0,0.0,0.0,none_mapped,4.72,12.37,"Rock,Franklyn I Tr",individual,False,-158.17,21.46
185023065,"Upper Waianae Mountains (interior, >2 km from 46 kV)",0.17,0.0,0.0,0.0,0.0,0.03,0.0,0.0,0.0,0.03,0.15,0.0,0.0,0.0,none_mapped,4.62,12.27,"Mollison,Jon M",individual,False,-158.17,21.46
185023066,"Upper Waianae Mountains (interior, >2 km from 46 kV)",0.15,0.0,0.0,0.0,0.0,0.03,0.0,0.0,0.0,0.03,0.17,0.0,0.0,0.0,none_mapped,4.62,12.26,"Hall,Mac W",individual,False,-158.17,21.46
185023067,"Upper Waianae Mountains (interior, >2 km from 46 kV)",0.18,0.0,0.0,0.0,0.0,0.03,0.0,0.0,0.0,0.03,0.17,0.0,0.0,0.0,none_mapped,4.66,12.31,"Bull,Devin A",individual,False,-158.17,21.46
185019001,"Upper Waianae Mountains (interior, >2 km from 46 kV)",26.04,0.21,0.0,0.0,0.0,25.66,0.0,0.0,0.0,25.66,22.54,1.66,1.85,0.0,none_mapped,3.22,10.94,"Souza,David A/Carol J Tr",individual,False,-158.17,21.45
185019003,"Upper Waianae Mountains (interior, >2 km from 46 kV)",10.45,7.99,0.0,0.0,0.0,2.45,0.0,0.0,0.0,2.45,9.29,0.84,0.25,4.41,diversified_crop,3.56,11.25,"Kaneshiro,Sonia M",individual,False,-158.17,21.45
185019004,"Upper Waianae Mountains (interior, >2 km from 46 kV)",7.61,6.3,0.0,0.0,0.0,1.31,0.0,0.0,0.0,1.31,6.62,0.89,0.0,0.0,none_mapped,3.59,11.25,"Souza,David A/Carol J Tr",individual,False,-158.18,21.45
185019005,"Upper Waianae Mountains (interior, >2 km from 46 kV)",8.66,2.05,0.0,0.0,0.0,6.61,0.0,0.0,0.0,6.61,6.42,1.61,0.69,0.0,none_mapped,3.52,11.16,"Souza,David A/Carol J Tr",individual,False,-158.18,21.45
185019006,"Upper Waianae Mountains (interior, >2 km from 46 kV)",0.11,0.0,0.0,0.0,0.0,0.11,0.0,0.0,0.0,0.11,0.0,0.02,0.07,0.0,none_mapped,3.66,11.24,"Souza,David A/Carol J Tr",individual,False,-158.18,21.45
185019009,"Upper Waianae Mountains (interior, >2 km from 46 kV)",3.84,1.52,0.0,0.0,0.0,0.0,0.0,0.0,0.0,0.0,3.83,0.0,0.0,0.0,none_mapped,3.78,11.35,"Pak,Do K Tr",individual,False,-158.18,21.45
185019010,"Upper Waianae Mountains (interior, >2 km from 46 kV)",2.62,2.45,0.0,0.0,0.0,0.0,0.0,0.0,0.0,0.0,2.6,0.0,0.0,0.08,diversified_crop,3.77,11.35,"Sooriyakumar,Muthukumaru",individual,False,-158.18,21.45
185019014,"Upper Waianae Mountains (interior, >2 km from 46 kV)",5.25,4.19,0.0,0.0,0.0,0.78,0.0,0.0,0.0,0.78,4.97,0.32,0.0,3.81,diversified_crop,3.79,11.4,"Gaza,Janet S L Tr",individual,False,-158.18,21.45
185019016,"Upper Waianae Mountains (interior, >2 km from 46 kV)",6.13,5.11,0.0,0.0,0.0,1.01,0.0,0.0,0.0,1.01,5.16,0.96,0.0,5.05,diversified_crop,3.81,11.44,"Searle,Christopher P K",individual,False,-158.18,21.45
185019017,"Upper Waianae Mountains (interior, >2 km from 46 kV)",1.64,0.0,0.0,0.0,0.0,1.64,0.0,0.0,0.0,1.64,1.63,0.02,0.0,0.01,diversified_crop,3.92,11.57,"Silva,George G Jr Trust",individual,False,-158.18,21.45
185019018,"Upper Waianae Mountains (interior, >2 km from 46 kV)",6.78,3.08,0.0,0.0,0.0,3.7,0.0,0.0,0.0,3.7,6.23,0.57,0.0,5.22,diversified_crop,3.78,11.46,"Hu,Yibo",individual,False,-158.18,21.45
185019021,"Upper Waianae Mountains (interior, >2 km from 46 kV)",3.63,0.0,0.0,0.0,0.0,3.63,0.0,0.0,0.0,3.63,3.58,0.02,0.0,0.0,none_mapped,3.81,11.51,"Serapion,Victor R D",individual,False,-158.17,21.45
185019022,"Upper Waianae Mountains (interior, >2 km from 46 kV)",5.23,1.1,0.0,0.0,0.0,4.13,0.0,0.0,0.0,4.13,4.23,0.79,0.17,1.77,flowers_foliage_landscape,3.82,11.51,"Ibara,Kenneth Y",individual,False,-158.17,21.45
185019023,"Upper Waianae Mountains (interior, >2 km from 46 kV)",2.06,0.66,0.0,0.0,0.0,1.4,0.0,0.0,0.0,1.4,1.76,0.37,0.0,0.0,none_mapped,3.89,11.57,"Wolf,David J",individual,False,-158.17,21.45
185019028,"Upper Waianae Mountains (interior, >2 km from 46 kV)",1.95,0.0,0.0,0.0,0.0,1.95,0.0,0.0,0.0,1.95,1.95,0.0,0.0,0.0,none_mapped,4.01,11.7,"London,Jadine Y C",individual,False,-158.17,21.45
185019031,"Upper Waianae Mountains (interior, >2 km from 46 kV)",1.29,0.0,0.0,0.0,0.0,1.29,0.0,0.0,0.0,1.29,1.24,0.02,0.0,0.06,diversified_crop,4.02,11.72,"Hiwauli,William",individual,False,-158.17,21.45
185019032,"Upper Waianae Mountains (interior, >2 km from 46 kV)",1.19,0.0,0.0,0.0,0.0,1.19,0.0,0.0,0.0,1.19,1.23,0.0,0.0,0.0,none_mapped,4.06,11.76,"Aipoalani,Pernell W",individual,False,-158.17,21.45
185019033,"Upper Waianae Mountains (interior, >2 km from 46 kV)",2.87,0.0,0.0,0.0,0.0,2.87,0.0,0.0,0.0,2.87,2.17,0.67,0.05,0.0,none_mapped,4.19,11.9,"Taniguchi,Staci M",individual,False,-158.17,21.46
185019034,"Upper Waianae Mountains (interior, >2 km from 46 kV)",2.46,0.0,0.0,0.0,0.0,2.46,0.0,0.0,0.0,2.46,1.73,0.74,0.0,0.0,none_mapped,4.14,11.84,"Dias,Chad/Naomi Tr",individual,False,-158.17,21.46
185019035,"Upper Waianae Mountains (interior, >2 km from 46 kV)",2.51,0.0,0.0,0.06,0.0,2.46,0.06,0.06,0.06,2.46,2.2,0.3,0.0,0.0,none_mapped,4.1,11.8,Mountain View Dairy Inc,corporate_ag,False,-158.17,21.46
185019036,"Upper Waianae Mountains (interior, >2 km from 46 kV)",2.51,0.0,0.0,0.71,0.0,1.79,0.25,0.5,0.71,1.79,2.32,0.2,0.0,0.0,none_mapped,4.08,11.76,"Campbell,Samuel K/Eulanda O Tr",individual,False,-158.18,21.45
185019037,"Upper Waianae Mountains (interior, >2 km from 46 kV)",2.78,0.0,0.0,1.15,0.0,1.64,0.28,0.56,1.15,1.64,2.27,0.5,0.0,0.01,diversified_crop,4.06,11.74,"Savini,Sualata Siva",individual,False,-158.18,21.45
185019038,"Upper Waianae Mountains (interior, >2 km from 46 kV)",2.66,0.0,0.0,1.16,0.0,1.5,0.27,0.53,1.16,1.5,2.32,0.32,0.0,0.95,diversified_crop,4.04,11.72,"Domen,John Jr",individual,False,-158.18,21.45
185019039,"Upper Waianae Mountains (interior, >2 km from 46 kV)",3.39,0.0,0.0,1.94,0.0,1.45,0.34,0.68,1.94,1.45,2.72,0.62,0.0,1.67,diversified_crop,4.04,11.71,First Assembly Of God,unknown,False,-158.18,21.45
185019040,"Upper Waianae Mountains (interior, >2 km from 46 kV)",2.68,0.0,0.0,0.7,0.0,1.98,0.27,0.54,0.7,1.98,1.95,0.64,0.07,0.15,diversified_crop,4.03,11.7,"Narmore,Robert R Sr",individual,False,-158.18,21.45
185019041,"Upper Waianae Mountains (interior, >2 km from 46 kV)",2.6,0.0,0.0,0.0,0.0,2.6,0.0,0.0,0.0,2.6,1.7,0.91,0.0,0.0,none_mapped,4.03,11.7,"Newman,James S/Shirley S Tr",individual,False,-158.18,21.45
185019042,"Upper Waianae Mountains (interior, >2 km from 46 kV)",1.74,0.0,0.0,0.0,0.0,1.74,0.0,0.0,0.0,1.74,1.63,0.12,0.0,0.0,none_mapped,4.04,11.7,"Willis,Oscar L",individual,False,-158.18,21.45
185019043,"Upper Waianae Mountains (interior, >2 km from 46 kV)",2.08,0.0,0.0,0.0,0.0,2.08,0.0,0.0,0.0,2.08,2.05,0.0,0.0,0.0,none_mapped,4.09,11.72,"Ashsing,Kainoa",individual,False,-158.18,21.45
185019044,"Upper Waianae Mountains (interior, >2 km from 46 kV)",2.05,0.0,0.0,0.0,0.0,2.05,0.0,0.0,0.0,2.05,2.08,0.0,0.0,1.3,diversified_crop,4.1,11.72,"Mcknight,Matthew I",individual,False,-158.18,21.45
185019045,"Upper Waianae Mountains (interior, >2 km from 46 kV)",2.13,0.0,0.0,0.0,0.0,2.13,0.0,0.0,0.0,2.13,2.12,0.0,0.0,1.43,diversified_crop,4.12,11.73,"Nitta,Jon Y",individual,False,-158.18,21.45
185019046,"Upper Waianae Mountains (interior, >2 km from 46 kV)",2.26,0.0,0.0,0.0,0.0,2.26,0.0,0.0,0.0,2.26,2.27,0.0,0.0,1.33,diversified_crop,4.14,11.74,"Nitta,Jon Y",individual,False,-158.18,21.45
185019047,"Upper Waianae Mountains (interior, >2 km from 46 kV)",1.35,0.27,0.0,0.0,0.0,1.02,0.0,0.0,0.0,1.02,1.36,0.0,0.0,0.0,none_mapped,4.15,11.73,Capital Invest Haw Inc,corporate_other,False,-158.18,21.45
185019048,"Upper Waianae Mountains (interior, >2 km from 46 kV)",2.13,0.84,0.0,0.0,0.0,1.29,0.0,0.0,0.0,1.29,2.12,0.0,0.0,0.0,none_mapped,4.25,11.85,"Lowry,Vernon D Sr",individual,False,-158.18,21.45
185019049,"Upper Waianae Mountains (interior, >2 km from 46 kV)",0.66,0.0,0.0,0.0,0.0,0.66,0.0,0.0,0.0,0.66,0.64,0.0,0.0,0.0,none_mapped,4.15,11.74,Hawaiian Electric Co (HECO),utility,False,-158.18,21.45
185019050,"Upper Waianae Mountains (interior, >2 km from 46 kV)",2.23,2.08,0.0,0.0,0.0,0.15,0.0,0.0,0.0,0.15,2.25,0.0,0.0,0.0,none_mapped,4.17,11.74,"Koa,John K Iii Tr",individual,False,-158.18,21.45
185019052,"Upper Waianae Mountains (interior, >2 km from 46 kV)",1.63,0.06,0.0,0.0,0.0,0.18,0.0,0.0,0.0,0.18,1.61,0.0,0.0,0.0,none_mapped,4.08,11.64,"Ballesteros,Lorenzo B",individual,False,-158.18,21.45
185019053,"Upper Waianae Mountains (interior, >2 km from 46 kV)",1.93,1.04,0.0,0.0,0.0,0.0,0.0,0.0,0.0,0.0,2.0,0.0,0.0,0.99,tropical_fruits,4.02,11.57,"Searle,Roberta L Tr",individual,False,-158.18,21.45
185019054,"Upper Waianae Mountains (interior, >2 km from 46 kV)",0.98,0.92,0.0,0.0,0.0,0.0,0.0,0.0,0.0,0.0,1.11,0.0,0.0,0.0,none_mapped,3.96,11.51,"Mccauslin,John M Tr",individual,False,-158.18,21.45
185019055,"Upper Waianae Mountains (interior, >2 km from 46 kV)",2.1,1.72,0.0,0.0,0.0,0.0,0.0,0.0,0.0,0.0,1.85,0.0,0.0,0.0,none_mapped,3.9,11.44,"Sophabmixay,Erick",individual,False,-158.18,21.45
185019056,"Upper Waianae Mountains (interior, >2 km from 46 kV)",1.98,1.46,0.0,0.0,0.0,0.0,0.0,0.0,0.0,0.0,2.13,0.0,0.0,0.0,none_mapped,3.85,11.39,"Lopes,Shane K",individual,False,-158.18,21.45
185019064,"Upper Waianae Mountains (interior, >2 km from 46 kV)",1.72,0.0,0.0,0.0,0.0,1.72,0.0,0.0,0.0,1.72,1.66,0.02,0.0,0.07,diversified_crop,3.88,11.54,"Reyes,Matthew J Sr",individual,False,-158.18,21.45
185019067,"Upper Waianae Mountains (interior, >2 km from 46 kV)",3.1,2.82,0.0,0.0,0.0,0.01,0.0,0.0,0.0,0.01,2.99,0.05,0.0,2.28,diversified_crop,3.77,11.36,United States of America,federal,False,-158.18,21.45
185019070,"Upper Waianae Mountains (interior, >2 km from 46 kV)",0.96,0.82,0.0,0.0,0.0,0.0,0.0,0.0,0.0,0.0,0.82,0.0,0.0,0.02,tropical_fruits,3.99,11.54,"Miranda,Lucy Trust",individual,False,-158.18,21.45
185019073,"Upper Waianae Mountains (interior, >2 km from 46 kV)",0.56,0.09,0.0,0.0,0.0,0.0,0.0,0.0,0.0,0.0,0.54,0.0,0.0,0.0,none_mapped,3.84,11.37,City & County of Honolulu,county,False,-158.18,21.45
185019077,"Upper Waianae Mountains (interior, >2 km from 46 kV)",2.56,0.72,0.0,0.0,0.0,0.43,0.0,0.0,0.0,0.43,1.61,0.27,0.69,0.0,none_mapped,3.67,11.24,"Ganoy,Victor E",individual,False,-158.18,21.45
185019078,"Upper Waianae Mountains (interior, >2 km from 46 kV)",1.94,0.0,0.0,0.0,0.0,1.94,0.0,0.0,0.0,1.94,1.95,0.0,0.0,0.0,none_mapped,4.0,11.7,"London,Jadine Y C",individual,False,-158.17,21.45
185019080,"Upper Waianae Mountains (interior, >2 km from 46 kV)",1.61,0.0,0.0,0.0,0.0,1.61,0.0,0.0,0.0,1.61,1.63,0.0,0.0,0.0,none_mapped,4.17,11.74,"Lee,Ryan P Y",individual,False,-158.18,21.45
185019081,"Upper Waianae Mountains (interior, >2 km from 46 kV)",1.67,1.67,0.0,0.0,0.0,0.0,0.0,0.0,0.0,0.0,1.71,0.0,0.0,0.0,none_mapped,3.71,11.28,"Sooriyakumar,Muthukumaru",individual,False,-158.18,21.45
185020064,"Upper Waianae Mountains (interior, >2 km from 46 kV)",3.68,0.0,0.0,0.0,0.0,0.0,0.0,0.0,0.0,0.0,3.71,0.0,0.0,0.0,none_mapped,3.76,11.22,"Tsai,Cheng Wen/Li Ching Tr",individual,False,-158.18,21.45
185021001,"Upper Waianae Mountains (interior, >2 km from 46 kV)",2.44,0.0,0.0,0.0,0.0,2.44,0.0,0.0,0.0,2.44,2.35,0.1,0.0,1.14,diversified_crop,3.97,11.61,"Wong,Jun Kao Tr",individual,False,-158.18,21.45
185021002,"Upper Waianae Mountains (interior, >2 km from 46 kV)",3.71,0.0,0.0,0.0,0.0,3.71,0.0,0.0,0.0,3.71,3.68,0.05,0.0,3.06,diversified_crop,3.95,11.55,"Wong,Jun Kao",individual,False,-158.18,21.45
185021003,"Upper Waianae Mountains (interior, >2 km from 46 kV)",3.97,0.0,0.0,0.0,0.0,3.75,0.0,0.0,0.0,3.75,3.88,0.05,0.0,2.95,diversified_crop,3.92,11.5,"Siu,Kwai Chu",individual,False,-158.18,21.45
185021016,"Upper Waianae Mountains (interior, >2 km from 46 kV)",0.11,0.0,0.0,0.0,0.0,0.0,0.0,0.0,0.0,0.0,0.12,0.0,0.0,0.0,none_mapped,4.08,11.66,"Fernandez,John J",individual,False,-158.18,21.45
185021017,"Upper Waianae Mountains (interior, >2 km from 46 kV)",0.11,0.0,0.0,0.0,0.0,0.11,0.0,0.0,0.0,0.11,0.1,0.0,0.0,0.0,none_mapped,4.1,11.68,"Reyna,Javier P",individual,False,-158.18,21.45
185021019,"Upper Waianae Mountains (interior, >2 km from 46 kV)",0.15,0.0,0.0,0.0,0.0,0.13,0.0,0.0,0.0,0.13,0.17,0.0,0.0,0.0,none_mapped,4.06,11.64,"Perez,Dave A",individual,False,-158.18,21.45
185021020,"Upper Waianae Mountains (interior, >2 km from 46 kV)",0.12,0.0,0.0,0.0,0.0,0.02,0.0,0.0,0.0,0.02,0.1,0.0,0.0,0.0,none_mapped,4.06,11.64,"Yumul,Edenbert P",individual,False,-158.18,21.45
185021041,"Upper Waianae Mountains (interior, >2 km from 46 kV)",0.12,0.0,0.0,0.0,0.0,0.0,0.0,0.0,0.0,0.0,0.1,0.0,0.0,0.0,none_mapped,3.97,11.56,"Johnson,Natividad",individual,False,-158.18,21.45
185021042,"Upper Waianae Mountains (interior, >2 km from 46 kV)",0.12,0.0,0.0,0.0,0.0,0.02,0.0,0.0,0.0,0.02,0.15,0.0,0.0,0.0,none_mapped,3.98,11.57,"Wims,Isaac",individual,False,-158.18,21.45
185021043,"Upper Waianae Mountains (interior, >2 km from 46 kV)",0.13,0.0,0.0,0.0,0.0,0.06,0.0,0.0,0.0,0.06,0.15,0.0,0.0,0.0,none_mapped,4.0,11.59,"Kaluhiwa,Kekoa W/Cheryl L Y Tr",individual,False,-158.18,21.45
185021044,"Upper Waianae Mountains (interior, >2 km from 46 kV)",0.13,0.0,0.0,0.0,0.0,0.06,0.0,0.0,0.0,0.06,0.1,0.0,0.0,0.0,none_mapped,4.02,11.61,Bbj Llc,corporate_other,False,-158.18,21.45
185021045,"Upper Waianae Mountains (interior, >2 km from 46 kV)",0.13,0.0,0.0,0.0,0.0,0.07,0.0,0.0,0.0,0.07,0.12,0.0,0.0,0.0,none_mapped,4.04,11.63,"Fehn,Kirk A",individual,False,-158.18,21.45
185021046,"Upper Waianae Mountains (interior, >2 km from 46 kV)",0.07,0.0,0.0,0.0,0.0,0.01,0.0,0.0,0.0,0.01,0.12,0.0,0.0,0.0,none_mapped,4.0,11.56,"Chee,William K M",individual,False,-158.18,21.45
185021047,"Upper Waianae Mountains (interior, >2 km from 46 kV)",0.1,0.0,0.0,0.0,0.0,0.1,0.0,0.0,0.0,0.1,0.12,0.0,0.0,0.0,none_mapped,4.09,11.67,"Burgess,Donte R",individual,False,-158.18,21.45
184030004,"Upper Waianae Mountains (interior, >2 km from 46 kV)",2745.7,0.0,0.0,0.0,0.0,0.0,0.0,0.0,0.0,0.0,49.84,482.5,2213.64,0.0,none_mapped,6.01,13.56,City & County of Honolulu,county,False,-158.19,21.49
185001034,"Upper Waianae Mountains (interior, >2 km from 46 kV)",3.3,0.0,0.0,0.0,0.0,1.67,0.0,0.0,0.0,1.67,0.74,0.22,2.4,0.0,none_mapped,3.31,11.03,State of Hawaii (agency unspecified),state,False,-158.17,21.45
186005003,"Upper Waianae Mountains (interior, >2 km from 46 kV)",5.0,0.0,5.0,0.0,0.0,0.0,0.5,1.0,5.0,0.0,4.97,0.0,0.0,3.96,diversified_crop,2.25,9.06,Bibo Farm Llc,corporate_ag,False,-158.15,21.44
186005004,"Upper Waianae Mountains (interior, >2 km from 46 kV)",1.0,0.0,1.0,0.0,0.0,0.0,0.1,0.2,1.0,0.0,1.01,0.0,0.0,0.06,diversified_crop,2.28,9.16,"Timbreza,Ronald F",individual,False,-158.15,21.44
186005005,"Upper Waianae Mountains (interior, >2 km from 46 kV)",5.04,0.0,0.7,0.0,0.0,4.34,0.5,0.7,0.7,4.34,4.97,0.1,0.0,4.54,diversified_crop,2.41,9.18,"Lorenzo,Jimmy/Calinggangan,Catalina Tr",individual,False,-158.15,21.44
186005006,"Upper Waianae Mountains (interior, >2 km from 46 kV)",1.0,0.0,0.02,0.0,0.0,0.98,0.02,0.02,0.02,0.98,0.96,0.0,0.0,0.01,diversified_crop,2.46,9.32,Divine Church Of God The,nonprofit,False,-158.15,21.44
186005007,"Upper Waianae Mountains (interior, >2 km from 46 kV)",6.99,0.0,6.11,0.0,0.0,0.88,0.7,1.4,6.11,0.88,6.82,0.17,0.0,0.0,none_mapped,2.52,9.25,Xiang Produce Inc,corporate_other,False,-158.15,21.45
186005008,"Upper Waianae Mountains (interior, >2 km from 46 kV)",11.9,0.0,11.8,0.0,0.0,0.1,1.19,2.38,11.8,0.1,11.94,0.0,0.0,0.15,diversified_crop,2.63,9.24,"Costa,Wayne/Donna Tr",individual,False,-158.15,21.45
186005009,"Upper Waianae Mountains (interior, >2 km from 46 kV)",5.0,0.0,5.0,0.0,0.0,0.0,0.5,1.0,5.0,0.0,4.97,0.0,0.0,0.0,none_mapped,2.37,8.97,"Osullivan,Christopher K M",individual,True,-158.15,21.44
186005010,"Upper Waianae Mountains (interior, >2 km from 46 kV)",1.0,0.0,1.0,0.0,0.0,0.0,0.1,0.2,1.0,0.0,0.99,0.0,0.0,0.1,diversified_crop,2.37,9.23,"Yoshikawa,Roy Y Tr",individual,False,-158.15,21.44
186005011,"Upper Waianae Mountains (interior, >2 km from 46 kV)",0.91,0.0,0.91,0.0,0.0,0.0,0.09,0.18,0.91,0.0,0.91,0.0,0.0,0.05,diversified_crop,2.33,9.2,"Abitbol,Nathaniel J L",individual,False,-158.15,21.44
186006001,"Upper Waianae Mountains (interior, >2 km from 46 kV)",12.16,0.0,9.66,0.0,0.0,2.5,1.22,2.43,9.66,2.5,12.08,0.0,0.0,0.79,diversified_crop,2.03,9.24,City & County of Honolulu,county,False,-158.15,21.44
186006003,"Upper Waianae Mountains (interior, >2 km from 46 kV)",16.1,0.0,3.05,0.0,0.0,13.05,1.61,3.05,3.05,13.05,16.09,0.05,0.0,13.55,diversified_crop,2.09,9.52,"Duldulao,Teofilo C",individual,False,-158.16,21.44
186006004,"Upper Waianae Mountains (interior, >2 km from 46 kV)",7.88,0.0,7.88,0.0,0.0,0.0,0.79,1.58,7.88,0.0,7.59,0.3,0.0,4.32,diversified_crop,2.29,9.72,"Lindberg,Michelle Trust",individual,False,-158.16,21.44
186006005,"Upper Waianae Mountains (interior, >2 km from 46 kV)",3.65,0.0,3.65,0.0,0.0,0.0,0.36,0.73,3.65,0.0,3.66,0.0,0.0,2.26,diversified_crop,2.33,9.89,"Belford,Melissa K",individual,False,-158.16,21.44
186006006,"Upper Waianae Mountains (interior, >2 km from 46 kV)",11.9,0.0,11.9,0.0,0.0,0.0,1.19,2.38,11.9,0.0,11.89,0.0,0.0,0.0,none_mapped,2.39,9.42,Lds Rev Liv Tr,unknown,False,-158.15,21.44
186006007,"Upper Waianae Mountains (interior, >2 km from 46 kV)",11.96,0.0,4.02,0.0,0.0,7.94,1.2,2.39,4.02,7.94,11.99,0.0,0.0,10.55,diversified_crop,2.27,9.33,"Ho,Tak Fai",individual,False,-158.15,21.44
186006008,"Upper Waianae Mountains (interior, >2 km from 46 kV)",8.41,0.0,8.41,0.0,0.0,0.0,0.84,1.68,8.41,0.0,8.45,0.0,0.0,7.16,diversified_crop,2.04,9.21,"Asato,Warren A",individual,False,-158.15,21.44
186006009,"Upper Waianae Mountains (interior, >2 km from 46 kV)",8.2,0.0,8.02,0.0,0.0,0.17,0.82,1.64,8.02,0.17,8.18,0.0,0.0,5.86,diversified_crop,2.25,9.64,"Kaneshiro,Jane T",individual,False,-158.16,21.44
186007001,"Upper Waianae Mountains (interior, >2 km from 46 kV)",6.0,0.0,6.0,0.0,0.0,0.0,0.6,1.2,6.0,0.0,6.03,0.0,0.0,4.25,diversified_crop,2.57,9.55,"Burns,Jan K Tr",individual,False,-158.15,21.45
186007002,"Upper Waianae Mountains (interior, >2 km from 46 kV)",8.18,0.0,7.88,0.0,0.0,0.0,0.82,1.64,7.88,0.0,7.86,0.4,0.0,0.0,none_mapped,2.61,9.6,Bibo Farm Llc,corporate_ag,False,-158.15,21.45
186007003,"Upper Waianae Mountains (interior, >2 km from 46 kV)",1.03,0.77,0.0,0.0,0.0,0.26,0.0,0.0,0.0,0.26,1.04,0.0,0.0,0.0,none_mapped,2.69,10.18,"De Ocampo,Valentino N",individual,False,-158.16,21.45
186007004,"Upper Waianae Mountains (interior, >2 km from 46 kV)",1.06,0.28,0.0,0.0,0.0,0.77,0.0,0.0,0.0,0.77,0.99,0.0,0.0,0.0,none_mapped,2.72,10.06,"Burgess,Hayden F Trs",individual,False,-158.16,21.45
186007006,"Upper Waianae Mountains (interior, >2 km from 46 kV)",0.98,0.0,0.01,0.0,0.0,0.0,0.01,0.01,0.01,0.0,0.99,0.0,0.0,0.0,none_mapped,2.84,9.69,"Maafala,Maximo",individual,False,-158.15,21.45
186007007,"Upper Waianae Mountains (interior, >2 km from 46 kV)",6.92,0.0,6.83,0.0,0.0,0.0,0.69,1.38,6.83,0.0,6.94,0.0,0.0,0.0,none_mapped,2.68,9.62,"Konishi,Amphan",individual,False,-158.15,21.45
186007008,"Upper Waianae Mountains (interior, >2 km from 46 kV)",4.21,0.0,4.21,0.0,0.0,0.0,0.42,0.84,4.21,0.0,4.1,0.07,0.0,0.0,none_mapped,2.49,9.81,"Souza,David A/Carol J Tr",individual,False,-158.16,21.44
186007009,"Upper Waianae Mountains (interior, >2 km from 46 kV)",0.5,0.0,0.5,0.0,0.0,0.0,0.05,0.1,0.5,0.0,0.49,0.0,0.0,0.0,none_mapped,2.54,10.08,"Naone,Winston H",individual,False,-158.16,21.45
186007010,"Upper Waianae Mountains (interior, >2 km from 46 kV)",1.02,0.61,0.0,0.0,0.0,0.41,0.0,0.0,0.0,0.41,1.01,0.0,0.0,0.0,none_mapped,2.71,10.1,"Johnson,Loren D",individual,False,-158.16,21.45
186007011,"Upper Waianae Mountains (interior, >2 km from 46 kV)",3.82,0.0,3.82,0.0,0.0,0.0,0.38,0.76,3.82,0.0,3.78,0.07,0.0,0.0,none_mapped,2.45,9.78,"Perreira,Daniel B",individual,False,-158.16,21.44
186007013,"Upper Waianae Mountains (interior, >2 km from 46 kV)",0.25,0.0,0.0,0.0,0.0,0.0,0.0,0.0,0.0,0.0,0.22,0.0,0.0,0.0,none_mapped,2.8,9.98,Various owners (RPAD aggregate),unknown,False,-158.15,21.45
186007014,"Upper Waianae Mountains (interior, >2 km from 46 kV)",0.3,0.0,0.01,0.0,0.0,0.01,0.01,0.01,0.01,0.01,0.25,0.07,0.0,0.0,none_mapped,2.81,10.04,"Makaula,Monique C",individual,False,-158.16,21.45
186007015,"Upper Waianae Mountains (interior, >2 km from 46 kV)",0.15,0.0,0.0,0.0,0.0,0.0,0.0,0.0,0.0,0.0,0.15,0.0,0.0,0.0,none_mapped,2.82,10.03,"Sanchez,Larry J",individual,False,-158.16,21.45
186007016,"Upper Waianae Mountains (interior, >2 km from 46 kV)",0.14,0.0,0.0,0.0,0.0,0.0,0.0,0.0,0.0,0.0,0.15,0.0,0.0,0.0,none_mapped,2.82,10.01,"Bernard,Gary A",individual,False,-158.15,21.45
185033009,"Upper Waianae Mountains (interior, >2 km from 46 kV)",0.16,0.0,0.0,0.0,0.0,0.16,0.0,0.0,0.0,0.16,0.15,0.0,0.0,0.0,none_mapped,4.05,11.33,DHHL,dhhl,False,-158.16,21.46
186007031,"Upper Waianae Mountains (interior, >2 km from 46 kV)",3.47,0.0,3.47,0.0,0.0,0.0,0.35,0.69,3.47,0.0,3.38,0.07,0.0,0.0,none_mapped,2.53,9.84,Puhawai Llc,corporate_other,False,-158.16,21.45
186007032,"Upper Waianae Mountains (interior, >2 km from 46 kV)",2.35,0.0,2.35,0.0,0.0,0.0,0.24,0.47,2.35,0.0,2.32,0.0,0.0,0.59,diversified_crop,2.58,9.51,"Nahulu,Nola A Trust",individual,False,-158.15,21.45
186007035,"Upper Waianae Mountains (interior, >2 km from 46 kV)",1.04,0.0,0.01,0.0,0.0,0.0,0.01,0.01,0.01,0.0,1.04,0.0,0.0,0.0,none_mapped,2.82,9.71,Hawaii Baptist Convention,nonprofit,False,-158.15,21.45
186007040,"Upper Waianae Mountains (interior, >2 km from 46 kV)",1.03,1.03,0.0,0.0,0.0,0.0,0.0,0.0,0.0,0.0,0.96,0.0,0.0,0.0,none_mapped,2.75,10.22,"Zamora,Aurora U Tr",individual,False,-158.16,21.45
186007041,"Upper Waianae Mountains (interior, >2 km from 46 kV)",1.0,0.79,0.0,0.0,0.0,0.21,0.0,0.0,0.0,0.21,1.04,0.0,0.0,0.0,none_mapped,2.7,10.15,"Zamora,Aurora U Tr",individual,False,-158.16,21.45
186007042,"Upper Waianae Mountains (interior, >2 km from 46 kV)",0.97,0.68,0.0,0.0,0.0,0.29,0.0,0.0,0.0,0.29,0.94,0.0,0.0,0.0,none_mapped,2.7,10.13,"Cronk,Michael L",individual,False,-158.16,21.45
186007043,"Upper Waianae Mountains (interior, >2 km from 46 kV)",0.82,0.4,0.0,0.0,0.0,0.43,0.0,0.0,0.0,0.43,0.86,0.0,0.0,0.0,none_mapped,2.71,10.08,"Burgess,David L",individual,False,-158.16,21.45
186007044,"Upper Waianae Mountains (interior, >2 km from 46 kV)",1.65,0.0,0.0,0.0,0.0,1.06,0.0,0.0,0.0,1.06,1.63,0.0,0.0,0.0,none_mapped,2.72,10.02,"Burgess,John L Trust",individual,False,-158.16,21.45
186007045,"Upper Waianae Mountains (interior, >2 km from 46 kV)",3.55,0.0,3.55,0.0,0.0,0.0,0.36,0.71,3.55,0.0,3.53,0.0,0.0,3.36,diversified_crop,2.51,9.61,"Nahulu,Nola A Trust",individual,False,-158.15,21.45
186007046,"Upper Waianae Mountains (interior, >2 km from 46 kV)",1.98,0.0,1.38,0.0,0.0,0.61,0.2,0.4,1.38,0.61,2.0,0.0,0.0,0.0,none_mapped,2.57,10.04,"Joseph,Eugene L",individual,False,-158.16,21.45
186007047,"Upper Waianae Mountains (interior, >2 km from 46 kV)",6.74,0.04,2.66,0.0,0.0,3.95,0.67,1.35,2.66,3.95,6.65,0.0,0.0,3.07,diversified_crop,2.59,9.95,"Cooper,Raynald W Iii",individual,False,-158.16,21.45
186008001,"Upper Waianae Mountains (interior, >2 km from 46 kV)",0.23,0.23,0.0,0.0,0.0,0.0,0.0,0.0,0.0,0.0,0.22,0.0,0.0,0.0,none_mapped,2.82,10.29,"Ildefonso,Amelia S Tr",individual,False,-158.16,21.45
186008002,"Upper Waianae Mountains (interior, >2 km from 46 kV)",10.51,3.28,6.26,0.0,0.0,0.98,1.05,2.1,6.26,0.98,10.48,0.0,0.0,4.85,diversified_crop,3.01,10.23,Reorg Ch Jesus Christ Lds,nonprofit,False,-158.16,21.45
186008003,"Upper Waianae Mountains (interior, >2 km from 46 kV)",0.93,0.0,0.93,0.0,0.0,0.0,0.09,0.18,0.93,0.0,0.94,0.0,0.0,0.0,none_mapped,3.18,10.53,"Silva,Graeme L K",individual,False,-158.16,21.45
186008004,"Upper Waianae Mountains (interior, >2 km from 46 kV)",10.99,0.0,10.08,0.0,0.0,0.91,1.1,2.2,10.08,0.91,10.95,0.0,0.0,6.08,diversified_crop,3.19,10.32,Mao Organic Farms,unknown,False,-158.16,21.45
186008005,"Upper Waianae Mountains (interior, >2 km from 46 kV)",2.97,0.0,1.13,0.0,0.0,1.84,0.3,0.59,1.13,1.84,2.94,0.02,0.0,0.0,none_mapped,3.21,10.01,"Aila,Manuel",individual,False,-158.15,21.45
186008006,"Upper Waianae Mountains (interior, >2 km from 46 kV)",2.96,0.0,2.96,0.0,0.0,0.01,0.3,0.59,2.96,0.01,2.97,0.0,0.0,2.14,flowers_foliage_landscape,3.09,9.92,"Imamura,Roy M Tr",individual,False,-158.15,21.45
186008007,"Upper Waianae Mountains (interior, >2 km from 46 kV)",2.97,0.0,2.97,0.0,0.0,0.0,0.3,0.59,2.97,0.0,2.96,0.0,0.0,0.04,flowers_foliage_landscape,3.03,9.87,"Uyehara,Jason M",individual,False,-158.15,21.45
186008008,"Upper Waianae Mountains (interior, >2 km from 46 kV)",7.95,0.0,7.95,0.0,0.0,0.0,0.8,1.59,7.95,0.0,7.96,0.0,0.0,6.21,diversified_crop,2.87,9.87,West Coast Roofing Inc,corporate_other,False,-158.15,21.45
186008009,"Upper Waianae Mountains (interior, >2 km from 46 kV)",1.93,0.0,1.93,0.0,0.0,0.0,0.19,0.39,1.93,0.0,1.9,0.0,0.0,0.0,none_mapped,2.93,9.83,"Nashiro,Karl S Tr",individual,False,-158.15,21.45
186008029,"Upper Waianae Mountains (interior, >2 km from 46 kV)",2.04,0.0,2.04,0.0,0.0,0.0,0.2,0.41,2.04,0.0,2.05,0.0,0.0,0.0,none_mapped,2.95,9.78,"Uyehara,Francine Y K Tr",individual,False,-158.15,21.45
186008010,"Upper Waianae Mountains (interior, >2 km from 46 kV)",0.78,0.0,0.78,0.0,0.0,0.0,0.08,0.16,0.78,0.0,0.79,0.0,0.0,0.0,none_mapped,3.13,10.49,"Davis,Charles L",individual,False,-158.16,21.45
186008011,"Upper Waianae Mountains (interior, >2 km from 46 kV)",3.77,0.09,0.0,0.0,0.0,3.68,0.0,0.0,0.0,3.68,3.88,0.0,0.0,0.07,diversified_crop,2.85,10.1,"Bull,Devin A",individual,False,-158.16,21.45
186008012,"Upper Waianae Mountains (interior, >2 km from 46 kV)",2.98,0.0,0.01,0.0,0.0,2.97,0.01,0.01,0.01,2.97,2.84,0.1,0.0,0.0,none_mapped,3.27,10.06,"Martirosian,Vatche",individual,False,-158.15,21.45
186008013,"Upper Waianae Mountains (interior, >2 km from 46 kV)",2.78,0.0,0.28,0.0,0.0,2.51,0.28,0.28,0.28,2.51,2.57,0.2,0.0,0.44,diversified_crop,3.33,10.11,"Domingo,Erenio S",individual,False,-158.15,21.45
186008014,"Upper Waianae Mountains (interior, >2 km from 46 kV)",1.86,1.71,0.15,0.0,0.0,0.0,0.15,0.15,0.15,0.0,1.88,0.0,0.0,0.0,none_mapped,3.04,10.37,"Aranas,Benito R",individual,False,-158.16,21.45
186008015,"Upper Waianae Mountains (interior, >2 km from 46 kV)",7.55,0.0,4.39,0.0,0.0,3.15,0.76,1.51,4.39,3.15,7.39,0.15,0.0,4.95,diversified_crop,3.11,10.19,Waianae Community Re-Development Corp,developer,False,-158.15,21.45
186008016,"Upper Waianae Mountains (interior, >2 km from 46 kV)",0.52,0.0,0.01,0.0,0.0,0.51,0.01,0.01,0.01,0.51,0.52,0.0,0.0,0.0,none_mapped,2.85,10.09,"Fronk,Clarence E",individual,False,-158.16,21.45
186008017,"Upper Waianae Mountains (interior, >2 km from 46 kV)",1.44,1.44,0.0,0.0,0.0,0.0,0.0,0.0,0.0,0.0,1.41,0.0,0.0,0.0,none_mapped,2.96,10.31,"White,Sheila R",individual,False,-158.16,21.45
186008019,"Upper Waianae Mountains (interior, >2 km from 46 kV)",10.77,0.0,3.63,0.0,0.0,7.14,1.08,2.15,3.63,7.14,10.6,0.22,0.0,0.0,none_mapped,2.87,10.0,"Kaahaaina,Samuel M Iii",individual,False,-158.15,21.45
186008020,"Upper Waianae Mountains (interior, >2 km from 46 kV)",2.12,1.67,0.0,0.0,0.0,0.45,0.0,0.0,0.0,0.45,2.05,0.0,0.0,0.0,none_mapped,2.84,10.12,"Ganiron,Dolores B",individual,False,-158.16,21.45
186008021,"Upper Waianae Mountains (interior, >2 km from 46 kV)",1.06,1.06,0.0,0.0,0.0,0.0,0.0,0.0,0.0,0.0,1.06,0.0,0.0,0.0,none_mapped,2.83,10.17,"Lee,Wayne K F",individual,False,-158.16,21.45
186008022,"Upper Waianae Mountains (interior, >2 km from 46 kV)",2.89,2.8,0.0,0.0,0.0,0.08,0.0,0.0,0.0,0.08,2.94,0.0,0.0,0.06,diversified_crop,2.94,10.19,"Matsumoto,Steve F",individual,False,-158.16,21.45
186008023,"Upper Waianae Mountains (interior, >2 km from 46 kV)",1.8,1.8,0.0,0.0,0.0,0.0,0.0,0.0,0.0,0.0,1.83,0.0,0.0,0.0,none_mapped,2.82,10.2,"Van,Sandra C",individual,False,-158.16,21.45
186008024,"Upper Waianae Mountains (interior, >2 km from 46 kV)",1.58,1.58,0.0,0.0,0.0,0.0,0.0,0.0,0.0,0.0,1.56,0.0,0.0,0.0,none_mapped,2.82,10.26,"Van,Sandra Carol Tr",individual,False,-158.16,21.45
186008025,"Upper Waianae Mountains (interior, >2 km from 46 kV)",1.21,0.0,1.21,0.0,0.0,0.0,0.12,0.24,1.21,0.0,1.21,0.0,0.0,0.0,none_mapped,3.14,10.43,Waianae Community Re-Development Corp,developer,False,-158.16,21.45
186008026,"Upper Waianae Mountains (interior, >2 km from 46 kV)",1.54,0.0,0.7,0.0,0.0,0.84,0.15,0.31,0.7,0.84,1.09,0.39,0.0,0.0,none_mapped,2.86,10.06,"Tabangcora,Policarpo L",individual,False,-158.16,21.45
186008027,"Upper Waianae Mountains (interior, >2 km from 46 kV)",1.97,1.97,0.0,0.0,0.0,0.0,0.0,0.0,0.0,0.0,1.93,0.0,0.0,0.0,none_mapped,2.9,10.26,"Hanatani,Evelyn A Tr Est",individual,False,-158.16,21.45
186008028,"Upper Waianae Mountains (interior, >2 km from 46 kV)",2.99,0.0,2.53,0.0,0.0,0.46,0.3,0.6,2.53,0.46,2.99,0.02,0.0,1.94,flowers_foliage_landscape,3.15,9.97,"Takafuji,Lea T Tr",individual,False,-158.15,21.45
186009001,"Upper Waianae Mountains (interior, >2 km from 46 kV)",1.0,0.0,0.0,0.0,0.0,1.0,0.0,0.0,0.0,1.0,0.94,0.12,0.0,0.0,none_mapped,3.41,10.14,"Agoan,Veronica J",individual,False,-158.15,21.45
186009002,"Upper Waianae Mountains (interior, >2 km from 46 kV)",1.01,0.0,0.97,0.0,0.0,0.04,0.1,0.2,0.97,0.04,0.99,0.0,0.0,0.0,none_mapped,3.45,10.21,"Freitas,Alfred Jr",individual,False,-158.15,21.45
186009003,"Upper Waianae Mountains (interior, >2 km from 46 kV)",1.5,0.0,1.5,0.0,0.0,0.0,0.15,0.3,1.5,0.0,1.51,0.0,0.0,0.02,diversified_crop,3.38,10.25,"Barr,Mitchell C M",individual,False,-158.15,21.45
186009004,"Upper Waianae Mountains (interior, >2 km from 46 kV)",5.2,0.0,0.0,0.0,0.0,5.2,0.0,0.0,0.0,5.2,5.21,0.0,0.0,0.06,diversified_crop,3.37,10.46,"Scheidt,Ruth M",individual,False,-158.16,21.45
186009006,"Upper Waianae Mountains (interior, >2 km from 46 kV)",11.78,0.0,0.69,0.0,0.0,11.09,0.69,0.69,0.69,11.09,11.74,0.07,0.0,10.62,diversified_crop,3.47,10.25,"He,Weixiang",individual,True,-158.15,21.45
186009007,"Upper Waianae Mountains (interior, >2 km from 46 kV)",11.69,0.0,0.0,0.0,0.0,11.69,0.0,0.0,0.0,11.69,11.44,0.27,0.0,3.4,diversified_crop,3.59,10.37,86-119 & 86-123 Kuwale Road,unknown,False,-158.15,21.46
186009008,"Upper Waianae Mountains (interior, >2 km from 46 kV)",0.97,0.0,0.0,0.0,0.0,0.97,0.0,0.0,0.0,0.97,0.96,0.0,0.0,0.0,none_mapped,3.66,10.34,"Hamilton,Grant K",individual,False,-158.15,21.46
186009009,"Upper Waianae Mountains (interior, >2 km from 46 kV)",0.95,0.0,0.0,0.0,0.0,0.95,0.0,0.0,0.0,0.95,0.94,0.0,0.0,0.0,none_mapped,3.78,10.44,"Wada,Brian",individual,False,-158.15,21.46
186009010,"Upper Waianae Mountains (interior, >2 km from 46 kV)",2.02,0.0,0.02,0.0,0.0,1.99,0.02,0.02,0.02,1.99,2.05,0.0,0.0,0.0,none_mapped,3.3,10.57,Waianae Samoan Ch Of Hawaii,unknown,False,-158.16,21.45
186009011,"Upper Waianae Mountains (interior, >2 km from 46 kV)",2.34,0.0,1.95,0.0,0.0,0.39,0.23,0.47,1.95,0.39,2.3,0.02,0.0,0.0,none_mapped,3.4,10.2,"Lima-Po,Abraham L",individual,False,-158.15,21.45
186009012,"Upper Waianae Mountains (interior, >2 km from 46 kV)",5.57,0.0,4.48,0.0,0.0,1.09,0.56,1.12,4.48,1.09,5.58,0.0,0.0,5.56,diversified_crop,3.35,10.29,Wonder Farm Inc,corporate_ag,False,-158.16,21.45
186009013,"Upper Waianae Mountains (interior, >2 km from 46 kV)",0.79,0.0,0.79,0.0,0.0,0.0,0.08,0.16,0.79,0.0,0.77,0.0,0.0,0.36,diversified_crop,3.48,10.24,Various owners (RPAD aggregate),unknown,False,-158.15,21.45
186009014,"Upper Waianae Mountains (interior, >2 km from 46 kV)",9.29,0.0,0.0,0.0,0.0,9.29,0.0,0.0,0.0,9.29,8.87,0.44,0.0,2.09,diversified_crop,3.44,10.5,"Romias,Paul Tr",individual,False,-158.16,21.45
186009015,"Upper Waianae Mountains (interior, >2 km from 46 kV)",2.15,0.0,0.0,0.0,0.0,2.15,0.0,0.0,0.0,2.15,2.12,0.0,0.0,0.51,diversified_crop,3.42,10.65,"Hattal,Henry/Trifona Trust",individual,False,-158.16,21.45
186009016,"Upper Waianae Mountains (interior, >2 km from 46 kV)",4.75,0.0,2.44,0.0,0.0,2.31,0.48,0.95,2.44,2.31,4.72,0.0,0.0,2.5,diversified_crop,3.31,10.41,"Manuel,Elmer",individual,False,-158.16,21.45
186012007,"Upper Waianae Mountains (interior, >2 km from 46 kV)",0.46,0.34,0.0,0.0,0.0,0.12,0.0,0.0,0.0,0.12,0.47,0.0,0.0,0.0,none_mapped,2.48,10.14,"Spray,Kevin K",individual,False,-158.17,21.44
186009017,"Upper Waianae Mountains (interior, >2 km from 46 kV)",2.44,0.0,0.0,0.0,0.0,2.44,0.0,0.0,0.0,2.44,1.85,0.59,0.0,1.92,diversified_crop,3.47,10.7,Teng Da Inc,corporate_other,False,-158.16,21.45
186010001,"Upper Waianae Mountains (interior, >2 km from 46 kV)",1.02,0.0,1.02,0.0,0.0,0.0,0.1,0.2,1.02,0.0,0.99,0.0,0.0,0.0,none_mapped,2.48,10.09,"Acosta,Alexander R Tr",individual,False,-158.16,21.44
186010002,"Upper Waianae Mountains (interior, >2 km from 46 kV)",1.01,0.0,1.01,0.0,0.0,0.0,0.1,0.2,1.01,0.0,1.04,0.0,0.0,0.0,none_mapped,2.52,10.12,"Cabahug,Rex E",individual,False,-158.16,21.44
186010003,"Upper Waianae Mountains (interior, >2 km from 46 kV)",1.0,0.0,0.0,0.0,0.0,0.35,0.0,0.0,0.0,0.35,1.01,0.0,0.0,0.0,none_mapped,2.61,10.19,West Coast Villas Llc,corporate_other,False,-158.16,21.45
186010005,"Upper Waianae Mountains (interior, >2 km from 46 kV)",1.24,0.13,0.0,0.0,0.0,0.0,0.0,0.0,0.0,0.0,1.21,0.0,0.0,0.0,none_mapped,2.74,10.28,"Paulos,Thelma P",individual,False,-158.16,21.45
186010006,"Upper Waianae Mountains (interior, >2 km from 46 kV)",10.46,3.0,5.5,0.0,0.0,1.66,1.05,2.09,5.5,1.66,10.33,0.1,0.0,3.39,diversified_crop,2.34,10.02,Ra Land Llc,corporate_other,False,-158.16,21.44
186010007,"Upper Waianae Mountains (interior, >2 km from 46 kV)",1.22,0.0,1.19,0.0,0.0,0.0,0.12,0.24,1.19,0.0,1.24,0.0,0.0,0.0,none_mapped,2.34,10.04,"Lee,May Han",individual,False,-158.16,21.44
186010008,"Upper Waianae Mountains (interior, >2 km from 46 kV)",1.01,0.0,1.01,0.0,0.0,0.0,0.1,0.2,1.01,0.0,1.04,0.0,0.0,0.0,none_mapped,2.34,10.04,"Makepa,Gwendolyn M Trust",individual,False,-158.16,21.44
186010010,"Upper Waianae Mountains (interior, >2 km from 46 kV)",0.26,0.0,0.26,0.0,0.0,0.0,0.03,0.05,0.26,0.0,0.25,0.0,0.0,0.03,flowers_foliage_landscape,2.43,10.13,"Ferreira,Manuel",individual,False,-158.16,21.44
186010011,"Upper Waianae Mountains (interior, >2 km from 46 kV)",2.5,0.0,2.5,0.0,0.0,0.0,0.25,0.5,2.5,0.0,2.5,0.0,0.0,1.09,flowers_foliage_landscape,2.34,10.06,"Okimoto,Francis Y Tr",individual,False,-158.16,21.44
186010012,"Upper Waianae Mountains (interior, >2 km from 46 kV)",5.22,5.04,0.15,0.0,0.0,0.03,0.15,0.15,0.15,0.03,5.29,0.0,0.0,0.0,none_mapped,2.58,10.29,"Eckmann,Bruse J Tr",individual,False,-158.16,21.45
186010015,"Upper Waianae Mountains (interior, >2 km from 46 kV)",5.2,3.8,0.3,0.0,0.0,1.1,0.3,0.3,0.3,1.1,5.16,0.0,0.0,0.0,none_mapped,2.57,10.28,"Sanidad,Johnny B",individual,False,-158.16,21.45
186010016,"Upper Waianae Mountains (interior, >2 km from 46 kV)",1.99,0.0,1.99,0.0,0.0,0.0,0.2,0.4,1.99,0.0,2.02,0.0,0.0,1.39,flowers_foliage_landscape,2.48,10.18,"Watanabe,Stanley N Trust",individual,False,-158.16,21.44
186010017,"Upper Waianae Mountains (interior, >2 km from 46 kV)",3.99,2.61,0.22,0.0,0.0,1.16,0.22,0.22,0.22,1.16,3.95,0.0,0.0,3.1,diversified_crop,2.57,10.26,"Onishi,Stanley T Tr Est",individual,False,-158.16,21.45
186010018,"Upper Waianae Mountains (interior, >2 km from 46 kV)",1.18,0.0,1.18,0.0,0.0,0.0,0.12,0.24,1.18,0.0,1.19,0.0,0.0,0.05,diversified_crop,2.46,10.16,"Nakaoka,Melvin S",individual,False,-158.16,21.44
186010019,"Upper Waianae Mountains (interior, >2 km from 46 kV)",1.2,0.0,1.2,0.0,0.0,0.0,0.12,0.24,1.2,0.0,1.21,0.0,0.0,0.04,diversified_crop,2.46,10.16,"Watkins,Raychel A",individual,False,-158.16,21.44
186010020,"Upper Waianae Mountains (interior, >2 km from 46 kV)",1.19,0.0,1.17,0.0,0.0,0.0,0.12,0.24,1.17,0.0,1.16,0.0,0.0,0.0,none_mapped,2.34,10.03,"Demello,Tennille",individual,False,-158.16,21.44
186010022,"Upper Waianae Mountains (interior, >2 km from 46 kV)",0.17,0.17,0.0,0.0,0.0,0.0,0.0,0.0,0.0,0.0,0.17,0.0,0.0,0.0,none_mapped,2.76,10.42,"Manuel,Nixon M",individual,False,-158.16,21.45
186010023,"Upper Waianae Mountains (interior, >2 km from 46 kV)",1.11,1.11,0.0,0.0,0.0,0.0,0.0,0.0,0.0,0.0,1.11,0.0,0.0,0.0,none_mapped,2.68,10.37,"Taguchi,Edward A",individual,False,-158.16,21.45
186010025,"Upper Waianae Mountains (interior, >2 km from 46 kV)",1.0,0.0,0.2,0.0,0.0,0.8,0.1,0.2,0.2,0.8,0.77,0.22,0.0,0.0,none_mapped,2.57,10.16,"Grothe,Jan Lee",individual,False,-158.16,21.45
186010026,"Upper Waianae Mountains (interior, >2 km from 46 kV)",1.19,0.0,1.19,0.0,0.0,0.0,0.12,0.24,1.19,0.0,1.19,0.0,0.0,0.93,diversified_crop,2.34,9.99,"Valdez,Consolacion A Tr",individual,False,-158.16,21.44
186010027,"Upper Waianae Mountains (interior, >2 km from 46 kV)",1.04,0.0,1.04,0.0,0.0,0.0,0.1,0.21,1.04,0.0,1.04,0.0,0.0,0.85,diversified_crop,2.34,10.02,"Kelii,Arviella P",individual,False,-158.16,21.44
186010028,"Upper Waianae Mountains (interior, >2 km from 46 kV)",1.01,0.0,1.01,0.0,0.0,0.0,0.1,0.2,1.01,0.0,1.04,0.0,0.0,0.0,none_mapped,2.43,10.06,"Czercowy,Leonard F Jr",individual,False,-158.16,21.44
186010029,"Upper Waianae Mountains (interior, >2 km from 46 kV)",0.15,0.15,0.0,0.0,0.0,0.0,0.0,0.0,0.0,0.0,0.15,0.0,0.0,0.0,none_mapped,2.8,10.52,City & County of Honolulu,county,False,-158.16,21.45
186010030,"Upper Waianae Mountains (interior, >2 km from 46 kV)",0.18,0.0,0.18,0.0,0.0,0.0,0.02,0.04,0.18,0.0,0.17,0.0,0.0,0.0,none_mapped,2.35,10.07,"Omoto,Bruce T K",individual,False,-158.16,21.44
186010031,"Upper Waianae Mountains (interior, >2 km from 46 kV)",0.19,0.0,0.19,0.0,0.0,0.0,0.02,0.04,0.19,0.0,0.2,0.0,0.0,0.0,none_mapped,2.36,10.07,"Antolin,Marc K",individual,False,-158.16,21.44
186010032,"Upper Waianae Mountains (interior, >2 km from 46 kV)",0.18,0.0,0.18,0.0,0.0,0.0,0.02,0.04,0.18,0.0,0.17,0.0,0.0,0.0,none_mapped,2.36,10.08,"Ellis,Xanthe L",individual,False,-158.16,21.44
186010033,"Upper Waianae Mountains (interior, >2 km from 46 kV)",0.18,0.0,0.18,0.0,0.0,0.0,0.02,0.04,0.18,0.0,0.2,0.0,0.0,0.0,none_mapped,2.36,10.08,"Dumayas,Juana E Tr",individual,False,-158.16,21.44
186010034,"Upper Waianae Mountains (interior, >2 km from 46 kV)",0.17,0.17,0.0,0.0,0.0,0.0,0.0,0.0,0.0,0.0,0.12,0.0,0.0,0.0,none_mapped,2.37,10.09,"Ellis,Xanthe L",individual,False,-158.16,21.44
186010035,"Upper Waianae Mountains (interior, >2 km from 46 kV)",0.17,0.17,0.0,0.0,0.0,0.0,0.0,0.0,0.0,0.0,0.2,0.0,0.0,0.0,none_mapped,2.37,10.09,"Nakata,Walter S & Gail M Trust",individual,False,-158.16,21.44
186010036,"Upper Waianae Mountains (interior, >2 km from 46 kV)",0.18,0.18,0.0,0.0,0.0,0.0,0.0,0.0,0.0,0.0,0.2,0.0,0.0,0.0,none_mapped,2.37,10.09,"Jacinto,Rufina I",individual,False,-158.16,21.44
186010037,"Upper Waianae Mountains (interior, >2 km from 46 kV)",0.17,0.17,0.0,0.0,0.0,0.0,0.0,0.0,0.0,0.0,0.12,0.0,0.0,0.0,none_mapped,2.38,10.1,"Holloway,Jerome-Max/Alessa Tr",individual,False,-158.16,21.44
186010038,"Upper Waianae Mountains (interior, >2 km from 46 kV)",0.17,0.17,0.0,0.0,0.0,0.0,0.0,0.0,0.0,0.0,0.17,0.0,0.0,0.0,none_mapped,2.38,10.1,"Kobashigawa,Toshi Tr",individual,False,-158.16,21.44
186012008,"Upper Waianae Mountains (interior, >2 km from 46 kV)",0.79,0.48,0.0,0.0,0.0,0.31,0.0,0.0,0.0,0.31,0.77,0.0,0.0,0.0,none_mapped,2.49,10.15,"Matsuda,Roland M Tr",individual,False,-158.17,21.44
186010039,"Upper Waianae Mountains (interior, >2 km from 46 kV)",2.03,2.03,0.0,0.0,0.0,0.0,0.0,0.0,0.0,0.0,2.05,0.0,0.0,1.69,diversified_crop,2.73,10.45,"Kobashigawa,Katsuhiro",individual,False,-158.16,21.45
186010040,"Upper Waianae Mountains (interior, >2 km from 46 kV)",2.03,2.03,0.0,0.0,0.0,0.0,0.0,0.0,0.0,0.0,2.08,0.0,0.0,0.0,none_mapped,2.69,10.41,"Longboy,Shano N",individual,False,-158.16,21.45
186010041,"Upper Waianae Mountains (interior, >2 km from 46 kV)",2.15,2.15,0.0,0.0,0.0,0.0,0.0,0.0,0.0,0.0,2.12,0.0,0.0,1.71,diversified_crop,2.66,10.38,"Kobashigawa,Toshi Tr",individual,False,-158.16,21.45
186010042,"Upper Waianae Mountains (interior, >2 km from 46 kV)",2.18,2.18,0.0,0.0,0.0,0.0,0.0,0.0,0.0,0.0,2.17,0.0,0.0,0.0,none_mapped,2.6,10.31,"Longboy,Shano/Flordilisa Tr",individual,False,-158.16,21.44
186010043,"Upper Waianae Mountains (interior, >2 km from 46 kV)",2.35,2.35,0.0,0.0,0.0,0.0,0.0,0.0,0.0,0.0,2.35,0.0,0.0,1.3,diversified_crop,2.5,10.22,"Kobashigawa,Toshi Tr",individual,False,-158.16,21.44
186010044,"Upper Waianae Mountains (interior, >2 km from 46 kV)",2.01,2.01,0.0,0.0,0.0,0.0,0.0,0.0,0.0,0.0,2.0,0.0,0.0,1.32,diversified_crop,2.49,10.21,"Ulandez,Reynaldo F",individual,False,-158.16,21.44
186010045,"Upper Waianae Mountains (interior, >2 km from 46 kV)",1.97,1.97,0.0,0.0,0.0,0.0,0.0,0.0,0.0,0.0,1.93,0.0,0.0,1.35,diversified_crop,2.5,10.21,"Dadis,Rufina E Tr",individual,False,-158.16,21.44
186010046,"Upper Waianae Mountains (interior, >2 km from 46 kV)",1.99,1.99,0.0,0.0,0.0,0.0,0.0,0.0,0.0,0.0,2.05,0.0,0.0,1.33,diversified_crop,2.4,10.12,"Amba,Noah P",individual,False,-158.16,21.44
186010047,"Upper Waianae Mountains (interior, >2 km from 46 kV)",1.96,1.2,0.76,0.0,0.0,0.0,0.2,0.39,0.76,0.0,1.98,0.0,0.0,0.0,none_mapped,2.39,10.11,"Nakamura,Jensen M",individual,False,-158.16,21.44
186010048,"Upper Waianae Mountains (interior, >2 km from 46 kV)",2.74,0.73,2.01,0.0,0.0,0.0,0.27,0.55,2.01,0.0,2.74,0.0,0.0,1.94,diversified_crop,2.34,10.06,Global Investment Trust,corporate_other,False,-158.16,21.44
186011001,"Upper Waianae Mountains (interior, >2 km from 46 kV)",2.6,2.6,0.0,0.0,0.0,0.0,0.0,0.0,0.0,0.0,2.62,0.0,0.0,2.07,diversified_crop,2.39,10.11,"Agena,Arthur K Trust",individual,False,-158.16,21.44
186011003,"Upper Waianae Mountains (interior, >2 km from 46 kV)",1.54,0.89,0.0,0.0,0.0,0.64,0.0,0.0,0.0,0.64,1.53,0.0,0.0,0.0,none_mapped,2.45,10.15,"Agena,Debra N",individual,False,-158.17,21.44
186011004,"Upper Waianae Mountains (interior, >2 km from 46 kV)",22.78,3.09,0.0,0.0,0.0,19.68,0.0,0.0,0.0,19.68,17.32,5.41,0.05,0.0,none_mapped,2.46,10.16,"Teixeira,Edith Tr",individual,False,-158.17,21.44
186011005,"Upper Waianae Mountains (interior, >2 km from 46 kV)",2.58,2.58,0.0,0.0,0.0,0.0,0.0,0.0,0.0,0.0,2.54,0.0,0.0,2.51,diversified_crop,2.4,10.12,"Ulandez,Reynaldo F",individual,False,-158.17,21.44
186012009,"Upper Waianae Mountains (interior, >2 km from 46 kV)",0.46,0.37,0.0,0.0,0.0,0.09,0.0,0.0,0.0,0.09,0.47,0.0,0.0,0.0,none_mapped,2.52,10.16,"Perkins,Lowell A Sr",individual,False,-158.17,21.44
186011006,"Upper Waianae Mountains (interior, >2 km from 46 kV)",7.5,0.69,0.0,0.0,0.0,6.81,0.0,0.0,0.0,6.81,7.04,0.4,0.0,0.0,none_mapped,2.49,10.2,"Peterson,Daniel A Jr Trust",individual,False,-158.17,21.44
186011007,"Upper Waianae Mountains (interior, >2 km from 46 kV)",1.0,0.49,0.0,0.0,0.0,0.52,0.0,0.0,0.0,0.52,1.04,0.0,0.0,0.0,none_mapped,2.45,10.15,"Bebeau,Allan/Eileen Trust",individual,False,-158.17,21.44
186011010,"Upper Waianae Mountains (interior, >2 km from 46 kV)",2.15,0.0,0.0,0.0,0.0,2.15,0.0,0.0,0.0,2.15,2.08,0.0,0.0,0.0,none_mapped,2.63,10.26,"Moniz,Ginger M",individual,False,-158.17,21.44
186011011,"Upper Waianae Mountains (interior, >2 km from 46 kV)",2.5,2.5,0.0,0.0,0.0,0.0,0.0,0.0,0.0,0.0,2.5,0.0,0.0,1.94,diversified_crop,2.38,10.1,"Liu,Jia Zhi/Mei Zhu Tr",individual,False,-158.16,21.44
186011012,"Upper Waianae Mountains (interior, >2 km from 46 kV)",2.17,2.17,0.0,0.0,0.0,0.0,0.0,0.0,0.0,0.0,2.2,0.05,0.0,0.04,diversified_crop,2.43,10.14,City & County of Honolulu,county,False,-158.17,21.44
186011013,"Upper Waianae Mountains (interior, >2 km from 46 kV)",1.9,1.9,0.0,0.0,0.0,0.0,0.0,0.0,0.0,0.0,1.9,0.0,0.0,0.91,diversified_crop,2.61,10.33,"Dryden,Bruce",individual,False,-158.16,21.44
186011014,"Upper Waianae Mountains (interior, >2 km from 46 kV)",1.2,0.49,0.0,0.0,0.0,0.72,0.0,0.0,0.0,0.72,1.01,0.17,0.0,0.0,none_mapped,2.5,10.21,"Acuram,Jerry D Tr",individual,False,-158.17,21.44
186012001,"Upper Waianae Mountains (interior, >2 km from 46 kV)",10.96,9.67,1.3,0.0,0.0,0.0,1.1,1.3,1.3,0.0,10.95,0.0,0.0,8.92,diversified_crop,2.14,9.85,"He,Yun Min",individual,False,-158.16,21.44
186012002,"Upper Waianae Mountains (interior, >2 km from 46 kV)",2.02,2.02,0.0,0.0,0.0,0.0,0.0,0.0,0.0,0.0,2.05,0.0,0.0,0.0,none_mapped,2.18,9.89,"Rhoads,Lawrence E",individual,False,-158.17,21.44
186012003,"Upper Waianae Mountains (interior, >2 km from 46 kV)",0.61,0.61,0.0,0.0,0.0,0.0,0.0,0.0,0.0,0.0,0.62,0.0,0.0,0.01,diversified_crop,2.23,9.93,"Sumida,Larry M Tr",individual,False,-158.17,21.44
186012004,"Upper Waianae Mountains (interior, >2 km from 46 kV)",4.64,4.19,0.0,0.0,0.0,0.45,0.0,0.0,0.0,0.45,4.67,0.0,0.0,2.11,flowers_foliage_landscape,2.29,9.95,Orchids Of Waianae Inc,corporate_other,False,-158.17,21.44
186012005,"Upper Waianae Mountains (interior, >2 km from 46 kV)",0.46,0.42,0.0,0.0,0.0,0.03,0.0,0.0,0.0,0.03,0.47,0.0,0.0,0.03,flowers_foliage_landscape,2.46,10.13,"Cambra,Julie A",individual,False,-158.17,21.44
186012006,"Upper Waianae Mountains (interior, >2 km from 46 kV)",0.46,0.43,0.0,0.0,0.0,0.03,0.0,0.0,0.0,0.03,0.44,0.0,0.0,0.0,none_mapped,2.47,10.13,"Sponholz,Norman M",individual,False,-158.17,21.44
186012010,"Upper Waianae Mountains (interior, >2 km from 46 kV)",0.37,0.35,0.0,0.0,0.0,0.02,0.0,0.0,0.0,0.02,0.4,0.0,0.0,0.0,none_mapped,2.53,10.17,"Tiapula,Branda L",individual,False,-158.17,21.44
186012011,"Upper Waianae Mountains (interior, >2 km from 46 kV)",4.14,2.11,0.0,0.0,0.0,2.03,0.0,0.0,0.0,2.03,3.98,0.1,0.0,0.02,flowers_foliage_landscape,2.29,9.95,"Abe,Bennett K",individual,False,-158.17,21.44
186012012,"Upper Waianae Mountains (interior, >2 km from 46 kV)",0.22,0.22,0.0,0.0,0.0,0.0,0.0,0.0,0.0,0.0,0.22,0.0,0.0,0.0,none_mapped,2.2,9.89,Various owners (RPAD aggregate),unknown,False,-158.17,21.44
186012013,"Upper Waianae Mountains (interior, >2 km from 46 kV)",1.78,1.78,0.0,0.0,0.0,0.0,0.0,0.0,0.0,0.0,1.78,0.0,0.0,0.0,none_mapped,2.18,9.85,"Willis,Joyce A Tr",individual,False,-158.17,21.44
186012014,"Upper Waianae Mountains (interior, >2 km from 46 kV)",1.96,1.96,0.0,0.0,0.0,0.0,0.0,0.0,0.0,0.0,2.0,0.0,0.0,0.0,none_mapped,2.13,9.8,"Griffith,Dustin T",individual,False,-158.17,21.44
186012015,"Upper Waianae Mountains (interior, >2 km from 46 kV)",2.06,2.06,0.0,0.0,0.0,0.0,0.0,0.0,0.0,0.0,2.03,0.0,0.0,0.0,none_mapped,2.05,9.72,"Griffith,Dustin T",individual,False,-158.17,21.44
186012016,"Upper Waianae Mountains (interior, >2 km from 46 kV)",2.76,2.76,0.0,0.0,0.0,0.0,0.0,0.0,0.0,0.0,2.79,0.0,0.0,0.0,none_mapped,2.06,9.74,"Silva,Henry J Jr",individual,False,-158.17,21.44
186012017,"Upper Waianae Mountains (interior, >2 km from 46 kV)",1.98,1.98,0.0,0.0,0.0,0.0,0.0,0.0,0.0,0.0,1.95,0.0,0.0,0.0,none_mapped,2.08,9.79,"Silva,Henry J Jr",individual,False,-158.16,21.44
186012018,"Upper Waianae Mountains (interior, >2 km from 46 kV)",0.98,0.9,0.08,0.0,0.0,0.0,0.08,0.08,0.08,0.0,0.99,0.0,0.0,0.0,none_mapped,2.1,9.81,"Yingst,John E",individual,False,-158.16,21.44
186012019,"Upper Waianae Mountains (interior, >2 km from 46 kV)",1.68,1.68,0.0,0.0,0.0,0.0,0.0,0.0,0.0,0.0,1.66,0.0,0.0,0.99,diversified_crop,2.36,10.05,"Seau,Niutao T Sr",individual,False,-158.17,21.44
186012020,"Upper Waianae Mountains (interior, >2 km from 46 kV)",5.98,5.98,0.0,0.0,0.0,0.0,0.0,0.0,0.0,0.0,6.03,0.0,0.0,0.0,none_mapped,2.23,9.94,"Rapoza,Sharon P",individual,False,-158.17,21.44
186012021,"Upper Waianae Mountains (interior, >2 km from 46 kV)",1.51,1.51,0.0,0.0,0.0,0.0,0.0,0.0,0.0,0.0,1.51,0.0,0.0,0.0,none_mapped,2.19,9.86,City & County of Honolulu,county,False,-158.17,21.44
186012022,"Upper Waianae Mountains (interior, >2 km from 46 kV)",1.35,1.35,0.0,0.0,0.0,0.0,0.0,0.0,0.0,0.0,1.31,0.0,0.0,0.0,none_mapped,2.25,9.93,Hifumi Ltd Partnership,corporate_other,False,-158.17,21.44
186013001,"Upper Waianae Mountains (interior, >2 km from 46 kV)",6.92,5.6,0.0,0.0,0.0,1.32,0.0,0.0,0.0,1.32,6.82,0.12,0.0,3.16,diversified_crop,2.03,9.64,"Ota,Isamu Tr Est",individual,False,-158.17,21.44
186013002,"Upper Waianae Mountains (interior, >2 km from 46 kV)",8.9,1.86,0.0,0.0,0.0,7.04,0.0,0.0,0.0,7.04,8.2,0.69,0.0,0.04,flowers_foliage_landscape,2.16,9.77,"Ferreira,Michael/Corinthia Tr",individual,False,-158.17,21.44
186013003,"Upper Waianae Mountains (interior, >2 km from 46 kV)",4.44,0.02,0.0,0.0,0.0,4.43,0.0,0.0,0.0,4.43,4.37,0.02,0.0,1.7,flowers_foliage_landscape,2.25,9.84,Ben Kodama Orchid Nursery Inc,corporate_ag,False,-158.17,21.44
186013004,"Upper Waianae Mountains (interior, >2 km from 46 kV)",9.48,2.65,0.0,0.0,0.0,6.83,0.0,0.0,0.0,6.83,9.44,0.02,0.0,2.61,diversified_crop,2.0,9.58,"Cook,Marion D Tr",individual,False,-158.17,21.44
186013006,"Upper Waianae Mountains (interior, >2 km from 46 kV)",0.18,0.18,0.0,0.0,0.0,0.0,0.0,0.0,0.0,0.0,0.17,0.0,0.0,0.0,none_mapped,2.02,9.62,State of Hawaii (agency unspecified),state,False,-158.17,21.44
186013008,"Upper Waianae Mountains (interior, >2 km from 46 kV)",0.99,0.0,0.0,0.0,0.0,0.99,0.0,0.0,0.0,0.99,1.04,0.0,0.0,0.0,none_mapped,2.12,9.67,"Calhoun,Clyde F",individual,False,-158.17,21.44
185033010,"Upper Waianae Mountains (interior, >2 km from 46 kV)",0.16,0.0,0.0,0.0,0.0,0.16,0.0,0.0,0.0,0.16,0.1,0.0,0.0,0.0,none_mapped,4.04,11.34,DHHL,dhhl,False,-158.16,21.46
185033011,"Upper Waianae Mountains (interior, >2 km from 46 kV)",0.16,0.0,0.0,0.0,0.0,0.16,0.0,0.0,0.0,0.16,0.17,0.0,0.0,0.0,none_mapped,4.03,11.34,DHHL,dhhl,False,-158.16,21.46
185033012,"Upper Waianae Mountains (interior, >2 km from 46 kV)",0.16,0.0,0.0,0.0,0.0,0.16,0.0,0.0,0.0,0.16,0.2,0.0,0.0,0.0,none_mapped,4.02,11.34,DHHL,dhhl,False,-158.16,21.46
185033013,"Upper Waianae Mountains (interior, >2 km from 46 kV)",0.16,0.0,0.0,0.0,0.0,0.16,0.0,0.0,0.0,0.16,0.17,0.0,0.0,0.0,none_mapped,4.01,11.35,DHHL,dhhl,False,-158.16,21.46
185033014,"Upper Waianae Mountains (interior, >2 km from 46 kV)",0.16,0.0,0.0,0.0,0.0,0.16,0.0,0.0,0.0,0.16,0.15,0.0,0.0,0.0,none_mapped,4.0,11.35,DHHL,dhhl,False,-158.16,21.46
186019001,"Upper Waianae Mountains (interior, >2 km from 46 kV)",2.01,2.01,0.0,0.0,0.0,0.0,0.0,0.0,0.0,0.0,1.98,0.0,0.0,1.08,diversified_crop,3.06,10.5,"Nakata,Edwin S",individual,False,-158.16,21.45
186019002,"Upper Waianae Mountains (interior, >2 km from 46 kV)",6.0,3.05,0.66,0.0,0.0,2.29,0.6,0.66,0.66,2.29,6.03,0.0,0.0,2.18,diversified_crop,3.12,10.55,"Hioki,Dorothy H S",individual,False,-158.16,21.45
185033015,"Upper Waianae Mountains (interior, >2 km from 46 kV)",0.16,0.0,0.0,0.0,0.0,0.16,0.0,0.0,0.0,0.16,0.15,0.0,0.0,0.0,none_mapped,3.99,11.35,DHHL,dhhl,False,-158.16,21.46
186019003,"Upper Waianae Mountains (interior, >2 km from 46 kV)",0.44,0.0,0.0,0.0,0.0,0.44,0.0,0.0,0.0,0.44,0.47,0.0,0.0,0.0,none_mapped,3.14,10.85,"Kim,Harry",individual,False,-158.16,21.45
185033016,"Upper Waianae Mountains (interior, >2 km from 46 kV)",0.16,0.0,0.0,0.0,0.0,0.16,0.0,0.0,0.0,0.16,0.15,0.0,0.0,0.0,none_mapped,3.98,11.36,DHHL,dhhl,False,-158.16,21.46
186019004,"Upper Waianae Mountains (interior, >2 km from 46 kV)",1.46,0.0,0.0,0.0,0.0,1.46,0.0,0.0,0.0,1.46,1.48,0.0,0.0,0.0,none_mapped,3.23,10.65,"Kim,Harry",individual,False,-158.16,21.45
185033021,"Upper Waianae Mountains (interior, >2 km from 46 kV)",0.17,0.0,0.0,0.0,0.0,0.17,0.0,0.0,0.0,0.17,0.17,0.0,0.0,0.0,none_mapped,3.94,11.33,DHHL,dhhl,False,-158.16,21.46
186019005,"Upper Waianae Mountains (interior, >2 km from 46 kV)",1.15,0.0,0.0,0.0,0.0,1.15,0.0,0.0,0.0,1.15,0.79,0.35,0.0,0.0,none_mapped,3.3,10.86,"Brunson,Bruce A",individual,False,-158.16,21.45
186019006,"Upper Waianae Mountains (interior, >2 km from 46 kV)",0.94,0.0,0.0,0.0,0.0,0.94,0.0,0.0,0.0,0.94,0.94,0.0,0.0,0.0,none_mapped,3.3,10.78,"Brunson,Bruce A",individual,False,-158.16,21.45
185033022,"Upper Waianae Mountains (interior, >2 km from 46 kV)",0.17,0.0,0.0,0.0,0.0,0.17,0.0,0.0,0.0,0.17,0.2,0.0,0.0,0.0,none_mapped,3.94,11.33,DHHL,dhhl,False,-158.16,21.46
186019007,"Upper Waianae Mountains (interior, >2 km from 46 kV)",0.95,0.0,0.0,0.0,0.0,0.95,0.0,0.0,0.0,0.95,0.96,0.0,0.0,0.0,none_mapped,3.3,10.68,"Kamaka,Cranston & Melody Tr",individual,False,-158.16,21.45
186019008,"Upper Waianae Mountains (interior, >2 km from 46 kV)",1.05,0.0,0.0,0.0,0.0,1.05,0.0,0.0,0.0,1.05,1.04,0.0,0.0,0.0,none_mapped,3.32,10.7,Various owners (RPAD aggregate),unknown,False,-158.16,21.45
185033023,"Upper Waianae Mountains (interior, >2 km from 46 kV)",0.17,0.0,0.0,0.0,0.0,0.17,0.0,0.0,0.0,0.17,0.15,0.0,0.0,0.0,none_mapped,3.95,11.32,DHHL,dhhl,False,-158.16,21.46
186019009,"Upper Waianae Mountains (interior, >2 km from 46 kV)",0.98,0.0,0.0,0.0,0.0,0.98,0.0,0.0,0.0,0.98,0.99,0.0,0.0,0.0,none_mapped,3.34,10.79,"Liborio,Kevin R",individual,False,-158.16,21.45
185033024,"Upper Waianae Mountains (interior, >2 km from 46 kV)",0.17,0.0,0.0,0.0,0.0,0.17,0.0,0.0,0.0,0.17,0.15,0.0,0.0,0.0,none_mapped,3.96,11.32,DHHL,dhhl,False,-158.16,21.46
186019010,"Upper Waianae Mountains (interior, >2 km from 46 kV)",0.52,0.0,0.0,0.0,0.0,0.52,0.0,0.0,0.0,0.52,0.52,0.0,0.0,0.0,none_mapped,3.34,10.72,"Fenderson,James E",individual,False,-158.16,21.45
185033025,"Upper Waianae Mountains (interior, >2 km from 46 kV)",0.17,0.0,0.0,0.0,0.0,0.17,0.0,0.0,0.0,0.17,0.15,0.0,0.0,0.0,none_mapped,3.97,11.32,DHHL,dhhl,False,-158.16,21.46
186019011,"Upper Waianae Mountains (interior, >2 km from 46 kV)",0.49,0.0,0.0,0.0,0.0,0.49,0.0,0.0,0.0,0.49,0.5,0.0,0.0,0.0,none_mapped,3.36,10.73,"Scheidt,Kani H",individual,False,-158.16,21.45
185033026,"Upper Waianae Mountains (interior, >2 km from 46 kV)",0.17,0.0,0.0,0.0,0.0,0.17,0.0,0.0,0.0,0.17,0.2,0.0,0.0,0.0,none_mapped,3.98,11.31,DHHL,dhhl,False,-158.16,21.46
186019012,"Upper Waianae Mountains (interior, >2 km from 46 kV)",0.49,0.0,0.0,0.0,0.0,0.49,0.0,0.0,0.0,0.49,0.49,0.0,0.0,0.0,none_mapped,3.38,10.74,"Sawyer,Shawn",individual,False,-158.16,21.45
186019013,"Upper Waianae Mountains (interior, >2 km from 46 kV)",0.12,0.0,0.0,0.0,0.0,0.12,0.0,0.0,0.0,0.12,0.1,0.0,0.0,0.0,none_mapped,3.39,10.75,"Lendt,Dennis W Jr",individual,False,-158.16,21.45
185033027,"Upper Waianae Mountains (interior, >2 km from 46 kV)",0.16,0.0,0.0,0.0,0.0,0.16,0.0,0.0,0.0,0.16,0.17,0.0,0.0,0.0,none_mapped,3.99,11.31,DHHL,dhhl,False,-158.16,21.46
186019014,"Upper Waianae Mountains (interior, >2 km from 46 kV)",0.12,0.0,0.0,0.0,0.0,0.12,0.0,0.0,0.0,0.12,0.15,0.0,0.0,0.0,none_mapped,3.41,10.76,"Pacheco,Jeffery M Tr",individual,False,-158.16,21.45
185033028,"Upper Waianae Mountains (interior, >2 km from 46 kV)",0.16,0.0,0.0,0.0,0.0,0.16,0.0,0.0,0.0,0.16,0.12,0.0,0.0,0.0,none_mapped,4.0,11.31,DHHL,dhhl,False,-158.16,21.46
186019015,"Upper Waianae Mountains (interior, >2 km from 46 kV)",1.01,0.0,0.0,0.0,0.0,1.01,0.0,0.0,0.0,1.01,1.01,0.0,0.0,0.0,none_mapped,3.39,10.77,"Moniz,Abel V Jr",individual,False,-158.16,21.45
185033029,"Upper Waianae Mountains (interior, >2 km from 46 kV)",0.16,0.0,0.0,0.0,0.0,0.16,0.0,0.0,0.0,0.16,0.2,0.0,0.0,0.0,none_mapped,4.01,11.3,DHHL,dhhl,False,-158.16,21.46
186019016,"Upper Waianae Mountains (interior, >2 km from 46 kV)",1.93,0.0,0.0,0.0,0.0,1.93,0.0,0.0,0.0,1.93,1.73,0.2,0.0,0.0,none_mapped,3.39,10.8,"Teixeira,Tammy K",individual,False,-158.16,21.45
186019017,"Upper Waianae Mountains (interior, >2 km from 46 kV)",0.98,0.0,0.0,0.0,0.0,0.98,0.0,0.0,0.0,0.98,0.72,0.22,0.0,0.0,none_mapped,3.25,10.87,"Akuna,Janelle C K",individual,False,-158.16,21.45
185033030,"Upper Waianae Mountains (interior, >2 km from 46 kV)",0.17,0.0,0.0,0.0,0.0,0.17,0.0,0.0,0.0,0.17,0.17,0.0,0.0,0.0,none_mapped,4.02,11.3,DHHL,dhhl,False,-158.16,21.46
186019018,"Upper Waianae Mountains (interior, >2 km from 46 kV)",1.03,0.0,0.0,0.0,0.0,1.03,0.0,0.0,0.0,1.03,1.04,0.0,0.0,0.0,none_mapped,3.25,10.82,"Domingo,Lawrence J E",individual,False,-158.16,21.45
186019019,"Upper Waianae Mountains (interior, >2 km from 46 kV)",1.0,0.0,0.0,0.0,0.0,1.0,0.0,0.0,0.0,1.0,1.01,0.0,0.0,0.0,none_mapped,3.24,10.76,"Umali,Wenceslao G Trust",individual,False,-158.16,21.45
185033031,"Upper Waianae Mountains (interior, >2 km from 46 kV)",0.16,0.0,0.0,0.0,0.0,0.16,0.0,0.0,0.0,0.16,0.17,0.0,0.0,0.0,none_mapped,4.03,11.3,DHHL,dhhl,False,-158.16,21.46
186019020,"Upper Waianae Mountains (interior, >2 km from 46 kV)",1.02,0.0,0.0,0.0,0.0,1.02,0.0,0.0,0.0,1.02,1.04,0.0,0.0,0.0,none_mapped,3.24,10.71,"Newman,Orlando C",individual,False,-158.16,21.45
185033032,"Upper Waianae Mountains (interior, >2 km from 46 kV)",0.16,0.0,0.0,0.0,0.0,0.16,0.0,0.0,0.0,0.16,0.15,0.0,0.0,0.0,none_mapped,4.04,11.29,DHHL,dhhl,False,-158.16,21.46
186019021,"Upper Waianae Mountains (interior, >2 km from 46 kV)",1.06,0.0,0.0,0.0,0.0,1.06,0.0,0.0,0.0,1.06,1.06,0.0,0.0,0.0,none_mapped,3.24,10.67,"Aiwohi,Michael K",individual,False,-158.16,21.45
185033033,"Upper Waianae Mountains (interior, >2 km from 46 kV)",0.16,0.0,0.0,0.0,0.0,0.16,0.0,0.0,0.0,0.16,0.15,0.0,0.0,0.0,none_mapped,4.05,11.29,DHHL,dhhl,False,-158.16,21.46
186019022,"Upper Waianae Mountains (interior, >2 km from 46 kV)",1.06,0.0,0.77,0.0,0.0,0.29,0.11,0.21,0.77,0.29,1.06,0.0,0.0,0.0,none_mapped,3.18,10.59,"Raposa,Jo Ann P Tr",individual,False,-158.16,21.45
185033034,"Upper Waianae Mountains (interior, >2 km from 46 kV)",0.16,0.0,0.0,0.0,0.0,0.16,0.0,0.0,0.0,0.16,0.17,0.0,0.0,0.0,none_mapped,4.06,11.28,DHHL,dhhl,False,-158.16,21.46
186019023,"Upper Waianae Mountains (interior, >2 km from 46 kV)",1.03,0.41,0.38,0.0,0.0,0.23,0.1,0.21,0.38,0.23,1.04,0.0,0.0,0.0,none_mapped,3.18,10.63,"Young,Karen G S Trust",individual,False,-158.16,21.45
186019024,"Upper Waianae Mountains (interior, >2 km from 46 kV)",0.99,0.26,0.0,0.0,0.0,0.73,0.0,0.0,0.0,0.73,0.96,0.0,0.0,0.0,none_mapped,3.18,10.68,"Roske,Karl",individual,False,-158.16,21.45
185033035,"Upper Waianae Mountains (interior, >2 km from 46 kV)",0.16,0.0,0.0,0.0,0.0,0.16,0.0,0.0,0.0,0.16,0.2,0.0,0.0,0.0,none_mapped,4.07,11.28,DHHL,dhhl,False,-158.16,21.46
186019025,"Upper Waianae Mountains (interior, >2 km from 46 kV)",1.01,0.0,0.0,0.0,0.0,1.01,0.0,0.0,0.0,1.01,1.01,0.0,0.0,0.0,none_mapped,3.18,10.73,"Turetzky,Maria T Trust",individual,False,-158.16,21.45
185033036,"Upper Waianae Mountains (interior, >2 km from 46 kV)",0.18,0.0,0.0,0.0,0.0,0.18,0.0,0.0,0.0,0.18,0.2,0.0,0.0,0.0,none_mapped,4.06,11.24,DHHL,dhhl,False,-158.16,21.46
186019026,"Upper Waianae Mountains (interior, >2 km from 46 kV)",1.03,0.0,0.0,0.0,0.0,1.03,0.0,0.0,0.0,1.03,1.04,0.0,0.0,0.0,none_mapped,3.18,10.78,"Tanaka,Grant H",individual,False,-158.16,21.45
186019027,"Upper Waianae Mountains (interior, >2 km from 46 kV)",1.0,0.0,0.0,0.0,0.0,1.0,0.0,0.0,0.0,1.0,0.86,0.12,0.0,0.0,none_mapped,3.18,10.84,"Kepaa,Anthony L Sr",individual,False,-158.16,21.45
185033037,"Upper Waianae Mountains (interior, >2 km from 46 kV)",0.16,0.0,0.0,0.0,0.0,0.16,0.0,0.0,0.0,0.16,0.17,0.0,0.0,0.0,none_mapped,4.04,11.22,DHHL,dhhl,False,-158.16,21.46
186019028,"Upper Waianae Mountains (interior, >2 km from 46 kV)",1.0,0.0,0.0,0.0,0.0,1.0,0.0,0.0,0.0,1.0,0.86,0.15,0.0,0.0,none_mapped,3.23,10.91,"Maneafaiga,Marian F",individual,False,-158.16,21.45
186019029,"Upper Waianae Mountains (interior, >2 km from 46 kV)",0.99,0.0,0.0,0.0,0.0,0.99,0.0,0.0,0.0,0.99,0.82,0.15,0.0,0.0,none_mapped,3.2,10.92,"Montague,David P",individual,False,-158.16,21.45
185036029,"Upper Waianae Mountains (interior, >2 km from 46 kV)",0.15,0.0,0.0,0.0,0.0,0.15,0.0,0.0,0.0,0.15,0.15,0.0,0.0,0.0,none_mapped,4.13,11.26,DHHL,dhhl,False,-158.16,21.46
186019030,"Upper Waianae Mountains (interior, >2 km from 46 kV)",1.02,0.0,0.0,0.0,0.0,1.02,0.0,0.0,0.0,1.02,1.04,0.0,0.0,0.0,none_mapped,3.15,10.85,"Samoa,Alika",individual,False,-158.16,21.45
185033038,"Upper Waianae Mountains (interior, >2 km from 46 kV)",0.16,0.0,0.0,0.0,0.0,0.16,0.0,0.0,0.0,0.16,0.15,0.0,0.0,0.0,none_mapped,4.03,11.2,DHHL,dhhl,False,-158.16,21.46
186024001,"Upper Waianae Mountains (interior, >2 km from 46 kV)",6.05,6.05,0.0,0.0,0.0,0.0,0.0,0.0,0.0,0.0,6.05,0.0,0.0,1.77,diversified_crop,2.94,10.42,"Kum,Eva S H Tr",individual,False,-158.16,21.45
186024002,"Upper Waianae Mountains (interior, >2 km from 46 kV)",2.69,2.69,0.0,0.0,0.0,0.0,0.0,0.0,0.0,0.0,2.67,0.0,0.0,1.38,diversified_crop,2.94,10.42,"Valdez,Rodrigo/Catalina Tr",individual,False,-158.16,21.45
186024003,"Upper Waianae Mountains (interior, >2 km from 46 kV)",4.03,3.05,0.0,0.0,0.0,0.97,0.0,0.0,0.0,0.97,4.05,0.0,0.0,2.05,diversified_crop,2.93,10.41,"Valdez,Rodrigo/Catalina Tr",individual,False,-158.16,21.45
186024004,"Upper Waianae Mountains (interior, >2 km from 46 kV)",4.07,0.07,0.0,0.0,0.0,4.0,0.0,0.0,0.0,4.0,4.05,0.0,0.0,0.01,diversified_crop,2.94,10.66,"Mello,Daniel H Tr",individual,False,-158.16,21.45
186024005,"Upper Waianae Mountains (interior, >2 km from 46 kV)",2.62,0.0,0.0,0.0,0.0,2.62,0.0,0.0,0.0,2.62,2.59,0.0,0.0,2.05,diversified_crop,2.96,10.68,"Nakamoto,Yasuharu",individual,False,-158.16,21.45
186024006,"Upper Waianae Mountains (interior, >2 km from 46 kV)",1.97,0.0,0.0,0.0,0.0,1.97,0.0,0.0,0.0,1.97,1.85,0.17,0.0,0.0,none_mapped,2.97,10.69,Kaala View Baptist Chapel,nonprofit,False,-158.17,21.45
186024007,"Upper Waianae Mountains (interior, >2 km from 46 kV)",13.49,4.96,0.0,0.0,0.0,8.53,0.0,0.0,0.0,8.53,12.43,1.04,0.0,8.25,diversified_crop,2.82,10.53,Zhao'S Produce Inc,corporate_other,False,-158.16,21.45
186024008,"Upper Waianae Mountains (interior, >2 km from 46 kV)",1.99,1.99,0.0,0.0,0.0,0.0,0.0,0.0,0.0,0.0,1.98,0.0,0.0,1.44,diversified_crop,2.82,10.52,"Salvacion,Charles S",individual,False,-158.16,21.45
186024009,"Upper Waianae Mountains (interior, >2 km from 46 kV)",0.08,0.06,0.0,0.0,0.0,0.01,0.0,0.0,0.0,0.01,0.07,0.0,0.0,0.08,diversified_crop,2.85,10.57,City & County of Honolulu,county,False,-158.16,21.45
186024010,"Upper Waianae Mountains (interior, >2 km from 46 kV)",2.0,0.0,0.0,0.0,0.0,2.0,0.0,0.0,0.0,2.0,1.83,0.15,0.0,0.0,none_mapped,3.02,10.74,"Cruz,Albert Jr",individual,False,-158.17,21.45
186024011,"Upper Waianae Mountains (interior, >2 km from 46 kV)",2.0,2.0,0.0,0.0,0.0,0.0,0.0,0.0,0.0,0.0,2.0,0.0,0.0,1.6,diversified_crop,2.81,10.51,"Tolentino,Warlito G/Teodora S Tr",individual,False,-158.16,21.45
186024012,"Upper Waianae Mountains (interior, >2 km from 46 kV)",1.98,1.98,0.0,0.0,0.0,0.0,0.0,0.0,0.0,0.0,2.0,0.0,0.0,1.48,diversified_crop,2.81,10.47,"Dinong,Gerry S T",individual,False,-158.16,21.45
186024013,"Upper Waianae Mountains (interior, >2 km from 46 kV)",1.95,1.95,0.0,0.0,0.0,0.0,0.0,0.0,0.0,0.0,1.93,0.0,0.0,1.39,diversified_crop,2.81,10.42,"Galdores,Modesto L Jr",individual,False,-158.16,21.45
186024014,"Upper Waianae Mountains (interior, >2 km from 46 kV)",3.95,3.95,0.0,0.0,0.0,0.0,0.0,0.0,0.0,0.0,3.95,0.0,0.0,2.58,diversified_crop,2.81,10.33,"Valdez,Consolacion A Tr",individual,False,-158.16,21.45
186019031,"Upper Waianae Mountains (interior, >2 km from 46 kV)",1.0,0.0,0.0,0.0,0.0,1.0,0.0,0.0,0.0,1.0,0.99,0.0,0.0,0.0,none_mapped,3.06,10.78,"Nakata,Paulette",individual,False,-158.16,21.45
185033039,"Upper Waianae Mountains (interior, >2 km from 46 kV)",0.16,0.0,0.0,0.0,0.0,0.16,0.0,0.0,0.0,0.16,0.17,0.0,0.0,0.0,none_mapped,4.01,11.18,DHHL,dhhl,False,-158.16,21.46
186019032,"Upper Waianae Mountains (interior, >2 km from 46 kV)",1.0,0.0,0.0,0.0,0.0,1.0,0.0,0.0,0.0,1.0,0.99,0.0,0.0,0.0,none_mapped,3.07,10.78,"Samson,Stoney S",individual,False,-158.16,21.45
186019033,"Upper Waianae Mountains (interior, >2 km from 46 kV)",0.98,0.0,0.0,0.0,0.0,0.98,0.0,0.0,0.0,0.98,1.01,0.0,0.0,0.0,none_mapped,3.09,10.81,"Sylva,Peter K K",individual,False,-158.16,21.45
185033040,"Upper Waianae Mountains (interior, >2 km from 46 kV)",0.19,0.0,0.0,0.0,0.0,0.19,0.0,0.0,0.0,0.19,0.2,0.0,0.0,0.0,none_mapped,3.99,11.16,DHHL,dhhl,False,-158.16,21.46
186019034,"Upper Waianae Mountains (interior, >2 km from 46 kV)",1.0,0.0,0.0,0.0,0.0,1.0,0.0,0.0,0.0,1.0,0.79,0.2,0.0,0.0,none_mapped,3.13,10.84,"Mason,Perry J",individual,False,-158.16,21.45
186019035,"Upper Waianae Mountains (interior, >2 km from 46 kV)",1.0,0.0,0.0,0.0,0.0,1.0,0.0,0.0,0.0,1.0,0.89,0.07,0.0,0.0,none_mapped,3.16,10.88,"Delos Santos,Jerry A",individual,False,-158.16,21.45
185033041,"Upper Waianae Mountains (interior, >2 km from 46 kV)",0.18,0.0,0.0,0.0,0.0,0.18,0.0,0.0,0.0,0.18,0.2,0.0,0.0,0.0,none_mapped,3.95,11.13,DHHL,dhhl,False,-158.16,21.46
186019036,"Upper Waianae Mountains (interior, >2 km from 46 kV)",1.07,0.0,0.0,0.0,0.0,1.07,0.0,0.0,0.0,1.07,1.09,0.0,0.0,0.0,none_mapped,3.08,10.8,"Pascua,Romy C",individual,False,-158.16,21.45
186019037,"Upper Waianae Mountains (interior, >2 km from 46 kV)",1.02,0.0,0.0,0.0,0.0,1.02,0.0,0.0,0.0,1.02,0.99,0.0,0.0,0.0,none_mapped,3.08,10.8,"Nishioka,Kari L H",individual,False,-158.17,21.45
185033042,"Upper Waianae Mountains (interior, >2 km from 46 kV)",0.17,0.0,0.0,0.0,0.0,0.17,0.0,0.0,0.0,0.17,0.2,0.0,0.0,0.0,none_mapped,3.93,11.12,DHHL,dhhl,False,-158.16,21.46
186019038,"Upper Waianae Mountains (interior, >2 km from 46 kV)",0.98,0.0,0.0,0.0,0.0,0.98,0.0,0.0,0.0,0.98,1.01,0.0,0.0,0.0,none_mapped,3.09,10.81,"Nagai,Reid T",individual,False,-158.17,21.45
186019039,"Upper Waianae Mountains (interior, >2 km from 46 kV)",3.67,0.0,0.0,0.0,0.0,3.67,0.0,0.0,0.0,3.67,3.16,0.49,0.0,0.0,none_mapped,3.36,10.82,"Thorne,Timothy J Tr",individual,False,-158.16,21.45
185033043,"Upper Waianae Mountains (interior, >2 km from 46 kV)",0.17,0.0,0.0,0.0,0.0,0.17,0.0,0.0,0.0,0.17,0.17,0.0,0.0,0.0,none_mapped,3.94,11.16,DHHL,dhhl,False,-158.16,21.46
186019040,"Upper Waianae Mountains (interior, >2 km from 46 kV)",3.89,2.84,0.0,0.0,0.0,1.05,0.0,0.0,0.0,1.05,3.88,0.0,0.0,2.51,diversified_crop,3.06,10.52,"Nakata,Allen M",individual,False,-158.16,21.45
185033044,"Upper Waianae Mountains (interior, >2 km from 46 kV)",0.17,0.0,0.0,0.0,0.0,0.17,0.0,0.0,0.0,0.17,0.15,0.0,0.0,0.0,none_mapped,3.97,11.18,DHHL,dhhl,False,-158.16,21.46
185033045,"Upper Waianae Mountains (interior, >2 km from 46 kV)",0.17,0.0,0.0,0.0,0.0,0.17,0.0,0.0,0.0,0.17,0.17,0.0,0.0,0.0,none_mapped,3.99,11.19,DHHL,dhhl,False,-158.16,21.46
185033046,"Upper Waianae Mountains (interior, >2 km from 46 kV)",0.18,0.0,0.0,0.0,0.0,0.18,0.0,0.0,0.0,0.18,0.17,0.0,0.0,0.0,none_mapped,4.01,11.21,DHHL,dhhl,False,-158.16,21.46
185033047,"Upper Waianae Mountains (interior, >2 km from 46 kV)",0.18,0.0,0.0,0.0,0.0,0.18,0.0,0.0,0.0,0.18,0.17,0.0,0.0,0.0,none_mapped,4.03,11.24,DHHL,dhhl,False,-158.16,21.46
185033048,"Upper Waianae Mountains (interior, >2 km from 46 kV)",0.2,0.0,0.0,0.0,0.0,0.2,0.0,0.0,0.0,0.2,0.2,0.0,0.0,0.0,none_mapped,4.01,11.23,DHHL,dhhl,False,-158.16,21.46
185033049,"Upper Waianae Mountains (interior, >2 km from 46 kV)",0.22,0.0,0.0,0.0,0.0,0.22,0.0,0.0,0.0,0.22,0.22,0.0,0.0,0.0,none_mapped,4.0,11.24,DHHL,dhhl,False,-158.16,21.46
185033050,"Upper Waianae Mountains (interior, >2 km from 46 kV)",0.22,0.0,0.0,0.0,0.0,0.22,0.0,0.0,0.0,0.22,0.17,0.0,0.0,0.0,none_mapped,3.98,11.21,DHHL,dhhl,False,-158.16,21.46
185033051,"Upper Waianae Mountains (interior, >2 km from 46 kV)",0.21,0.0,0.0,0.0,0.0,0.21,0.0,0.0,0.0,0.21,0.25,0.0,0.0,0.0,none_mapped,3.96,11.19,DHHL,dhhl,False,-158.16,21.46
185033052,"Upper Waianae Mountains (interior, >2 km from 46 kV)",0.22,0.0,0.0,0.0,0.0,0.22,0.0,0.0,0.0,0.22,0.2,0.0,0.0,0.0,none_mapped,3.93,11.18,DHHL,dhhl,False,-158.16,21.46
185033053,"Upper Waianae Mountains (interior, >2 km from 46 kV)",0.17,0.0,0.0,0.0,0.0,0.17,0.0,0.0,0.0,0.17,0.17,0.0,0.0,0.0,none_mapped,3.96,11.23,DHHL,dhhl,False,-158.16,21.46
185033054,"Upper Waianae Mountains (interior, >2 km from 46 kV)",0.18,0.0,0.0,0.0,0.0,0.18,0.0,0.0,0.0,0.18,0.2,0.0,0.0,0.0,none_mapped,3.99,11.24,DHHL,dhhl,False,-158.16,21.46
185033055,"Upper Waianae Mountains (interior, >2 km from 46 kV)",0.16,0.0,0.0,0.0,0.0,0.16,0.0,0.0,0.0,0.16,0.15,0.0,0.0,0.0,none_mapped,3.98,11.26,DHHL,dhhl,False,-158.16,21.46
185033056,"Upper Waianae Mountains (interior, >2 km from 46 kV)",0.16,0.0,0.0,0.0,0.0,0.16,0.0,0.0,0.0,0.16,0.2,0.0,0.0,0.0,none_mapped,3.96,11.26,DHHL,dhhl,False,-158.16,21.46
185033057,"Upper Waianae Mountains (interior, >2 km from 46 kV)",0.16,0.0,0.0,0.0,0.0,0.16,0.0,0.0,0.0,0.16,0.17,0.0,0.0,0.0,none_mapped,3.95,11.26,DHHL,dhhl,False,-158.16,21.46
185033058,"Upper Waianae Mountains (interior, >2 km from 46 kV)",0.16,0.0,0.0,0.0,0.0,0.16,0.0,0.0,0.0,0.16,0.17,0.0,0.0,0.0,none_mapped,3.94,11.26,DHHL,dhhl,False,-158.16,21.46
185033059,"Upper Waianae Mountains (interior, >2 km from 46 kV)",0.17,0.0,0.0,0.0,0.0,0.17,0.0,0.0,0.0,0.17,0.1,0.0,0.0,0.0,none_mapped,3.94,11.27,DHHL,dhhl,False,-158.16,21.46
185033060,"Upper Waianae Mountains (interior, >2 km from 46 kV)",0.16,0.0,0.0,0.0,0.0,0.16,0.0,0.0,0.0,0.16,0.2,0.0,0.0,0.0,none_mapped,3.92,11.27,DHHL,dhhl,False,-158.16,21.46
185033061,"Upper Waianae Mountains (interior, >2 km from 46 kV)",0.18,0.0,0.0,0.0,0.0,0.18,0.0,0.0,0.0,0.18,0.17,0.0,0.0,0.0,none_mapped,3.91,11.28,DHHL,dhhl,False,-158.16,21.46
185033062,"Upper Waianae Mountains (interior, >2 km from 46 kV)",0.16,0.0,0.0,0.0,0.0,0.16,0.0,0.0,0.0,0.16,0.2,0.0,0.0,0.0,none_mapped,3.9,11.28,DHHL,dhhl,False,-158.16,21.46
185033063,"Upper Waianae Mountains (interior, >2 km from 46 kV)",0.17,0.0,0.0,0.0,0.0,0.17,0.0,0.0,0.0,0.17,0.2,0.0,0.0,0.0,none_mapped,3.89,11.28,DHHL,dhhl,False,-158.16,21.46
185033064,"Upper Waianae Mountains (interior, >2 km from 46 kV)",0.19,0.0,0.0,0.0,0.0,0.19,0.0,0.0,0.0,0.19,0.17,0.0,0.0,0.0,none_mapped,3.89,11.29,DHHL,dhhl,False,-158.16,21.46
185033065,"Upper Waianae Mountains (interior, >2 km from 46 kV)",0.19,0.0,0.0,0.0,0.0,0.19,0.0,0.0,0.0,0.19,0.17,0.0,0.0,0.0,none_mapped,3.89,11.3,DHHL,dhhl,False,-158.16,21.46
185033066,"Upper Waianae Mountains (interior, >2 km from 46 kV)",0.17,0.0,0.0,0.0,0.0,0.17,0.0,0.0,0.0,0.17,0.2,0.0,0.0,0.0,none_mapped,3.89,11.32,DHHL,dhhl,False,-158.16,21.46
185033111,"Upper Waianae Mountains (interior, >2 km from 46 kV)",0.18,0.0,0.0,0.0,0.0,0.18,0.0,0.0,0.0,0.18,0.17,0.0,0.0,0.0,none_mapped,3.77,11.18,DHHL,dhhl,False,-158.16,21.46
185033067,"Upper Waianae Mountains (interior, >2 km from 46 kV)",0.16,0.0,0.0,0.0,0.0,0.16,0.0,0.0,0.0,0.16,0.15,0.0,0.0,0.0,none_mapped,3.9,11.34,DHHL,dhhl,False,-158.16,21.46
185033068,"Upper Waianae Mountains (interior, >2 km from 46 kV)",0.17,0.0,0.0,0.0,0.0,0.17,0.0,0.0,0.0,0.17,0.2,0.0,0.0,0.0,none_mapped,3.91,11.37,DHHL,dhhl,False,-158.16,21.46
185033069,"Upper Waianae Mountains (interior, >2 km from 46 kV)",0.16,0.0,0.0,0.0,0.0,0.16,0.0,0.0,0.0,0.16,0.17,0.0,0.0,0.0,none_mapped,3.93,11.39,DHHL,dhhl,False,-158.16,21.46
185033070,"Upper Waianae Mountains (interior, >2 km from 46 kV)",0.18,0.0,0.0,0.0,0.0,0.18,0.0,0.0,0.0,0.18,0.15,0.0,0.0,0.0,none_mapped,3.92,11.38,DHHL,dhhl,False,-158.16,21.46
185033071,"Upper Waianae Mountains (interior, >2 km from 46 kV)",0.16,0.0,0.0,0.0,0.0,0.16,0.0,0.0,0.0,0.16,0.2,0.0,0.0,0.0,none_mapped,3.91,11.39,DHHL,dhhl,False,-158.16,21.46
185033072,"Upper Waianae Mountains (interior, >2 km from 46 kV)",0.2,0.0,0.0,0.0,0.0,0.2,0.0,0.0,0.0,0.2,0.2,0.0,0.0,0.0,none_mapped,3.87,11.37,DHHL,dhhl,False,-158.16,21.46
185033073,"Upper Waianae Mountains (interior, >2 km from 46 kV)",0.19,0.0,0.0,0.0,0.0,0.19,0.0,0.0,0.0,0.19,0.17,0.0,0.0,0.0,none_mapped,3.88,11.36,DHHL,dhhl,False,-158.16,21.46
185033074,"Upper Waianae Mountains (interior, >2 km from 46 kV)",0.22,0.0,0.0,0.0,0.0,0.22,0.0,0.0,0.0,0.22,0.2,0.0,0.0,0.0,none_mapped,3.88,11.35,DHHL,dhhl,False,-158.16,21.46
185033075,"Upper Waianae Mountains (interior, >2 km from 46 kV)",0.2,0.0,0.0,0.0,0.0,0.2,0.0,0.0,0.0,0.2,0.22,0.0,0.0,0.0,none_mapped,3.88,11.33,DHHL,dhhl,False,-158.16,21.46
185033076,"Upper Waianae Mountains (interior, >2 km from 46 kV)",0.21,0.0,0.0,0.0,0.0,0.21,0.0,0.0,0.0,0.21,0.2,0.0,0.0,0.0,none_mapped,3.86,11.31,DHHL,dhhl,False,-158.16,21.46
185033077,"Upper Waianae Mountains (interior, >2 km from 46 kV)",0.2,0.0,0.0,0.0,0.0,0.2,0.0,0.0,0.0,0.2,0.2,0.0,0.0,0.0,none_mapped,3.85,11.29,DHHL,dhhl,False,-158.16,21.46
185033078,"Upper Waianae Mountains (interior, >2 km from 46 kV)",0.17,0.0,0.0,0.0,0.0,0.17,0.0,0.0,0.0,0.17,0.15,0.0,0.0,0.0,none_mapped,3.84,11.31,DHHL,dhhl,False,-158.16,21.46
185033079,"Upper Waianae Mountains (interior, >2 km from 46 kV)",0.17,0.0,0.0,0.0,0.0,0.17,0.0,0.0,0.0,0.17,0.17,0.0,0.0,0.0,none_mapped,3.83,11.32,DHHL,dhhl,False,-158.16,21.46
185033080,"Upper Waianae Mountains (interior, >2 km from 46 kV)",0.17,0.0,0.0,0.0,0.0,0.17,0.0,0.0,0.0,0.17,0.17,0.0,0.0,0.0,none_mapped,3.83,11.33,DHHL,dhhl,False,-158.16,21.46
185033081,"Upper Waianae Mountains (interior, >2 km from 46 kV)",0.19,0.0,0.0,0.0,0.0,0.19,0.0,0.0,0.0,0.19,0.2,0.0,0.0,0.0,none_mapped,3.82,11.34,DHHL,dhhl,False,-158.16,21.46
185033083,"Upper Waianae Mountains (interior, >2 km from 46 kV)",0.2,0.0,0.0,0.0,0.0,0.2,0.0,0.0,0.0,0.2,0.22,0.0,0.0,0.0,none_mapped,3.81,11.27,DHHL,dhhl,False,-158.16,21.46
185033084,"Upper Waianae Mountains (interior, >2 km from 46 kV)",0.18,0.0,0.0,0.0,0.0,0.18,0.0,0.0,0.0,0.18,0.15,0.0,0.0,0.0,none_mapped,3.83,11.26,DHHL,dhhl,False,-158.16,21.46
185033085,"Upper Waianae Mountains (interior, >2 km from 46 kV)",0.18,0.0,0.0,0.0,0.0,0.18,0.0,0.0,0.0,0.18,0.2,0.0,0.0,0.0,none_mapped,3.84,11.26,DHHL,dhhl,False,-158.16,21.46
185033086,"Upper Waianae Mountains (interior, >2 km from 46 kV)",0.17,0.0,0.0,0.0,0.0,0.17,0.0,0.0,0.0,0.17,0.17,0.0,0.0,0.0,none_mapped,3.86,11.26,DHHL,dhhl,False,-158.16,21.46
185033087,"Upper Waianae Mountains (interior, >2 km from 46 kV)",0.17,0.0,0.0,0.0,0.0,0.17,0.0,0.0,0.0,0.17,0.12,0.0,0.0,0.0,none_mapped,3.86,11.25,DHHL,dhhl,False,-158.16,21.46
185033088,"Upper Waianae Mountains (interior, >2 km from 46 kV)",0.17,0.0,0.0,0.0,0.0,0.17,0.0,0.0,0.0,0.17,0.17,0.0,0.0,0.0,none_mapped,3.87,11.25,DHHL,dhhl,False,-158.16,21.46
185033089,"Upper Waianae Mountains (interior, >2 km from 46 kV)",0.19,0.0,0.0,0.0,0.0,0.19,0.0,0.0,0.0,0.19,0.22,0.0,0.0,0.0,none_mapped,3.88,11.24,DHHL,dhhl,False,-158.16,21.46
185033090,"Upper Waianae Mountains (interior, >2 km from 46 kV)",0.17,0.0,0.0,0.0,0.0,0.17,0.0,0.0,0.0,0.17,0.15,0.0,0.0,0.0,none_mapped,3.9,11.24,DHHL,dhhl,False,-158.16,21.46
185033091,"Upper Waianae Mountains (interior, >2 km from 46 kV)",0.17,0.0,0.0,0.0,0.0,0.17,0.0,0.0,0.0,0.17,0.17,0.0,0.0,0.0,none_mapped,3.9,11.24,DHHL,dhhl,False,-158.16,21.46
185033092,"Upper Waianae Mountains (interior, >2 km from 46 kV)",0.16,0.0,0.0,0.0,0.0,0.16,0.0,0.0,0.0,0.16,0.17,0.0,0.0,0.0,none_mapped,3.92,11.23,DHHL,dhhl,False,-158.16,21.46
185033093,"Upper Waianae Mountains (interior, >2 km from 46 kV)",0.16,0.0,0.0,0.0,0.0,0.16,0.0,0.0,0.0,0.16,0.15,0.0,0.0,0.0,none_mapped,3.92,11.23,DHHL,dhhl,False,-158.16,21.46
185033094,"Upper Waianae Mountains (interior, >2 km from 46 kV)",0.19,0.0,0.0,0.0,0.0,0.19,0.0,0.0,0.0,0.19,0.15,0.0,0.0,0.0,none_mapped,3.94,11.22,DHHL,dhhl,False,-158.16,21.46
185033095,"Upper Waianae Mountains (interior, >2 km from 46 kV)",0.18,0.0,0.0,0.0,0.0,0.18,0.0,0.0,0.0,0.18,0.15,0.0,0.0,0.0,none_mapped,3.91,11.18,DHHL,dhhl,False,-158.16,21.46
185033096,"Upper Waianae Mountains (interior, >2 km from 46 kV)",0.18,0.0,0.0,0.0,0.0,0.18,0.0,0.0,0.0,0.18,0.2,0.0,0.0,0.0,none_mapped,3.9,11.18,DHHL,dhhl,False,-158.16,21.46
185033097,"Upper Waianae Mountains (interior, >2 km from 46 kV)",0.18,0.0,0.0,0.0,0.0,0.18,0.0,0.0,0.0,0.18,0.2,0.0,0.0,0.0,none_mapped,3.89,11.18,DHHL,dhhl,False,-158.16,21.46
185033098,"Upper Waianae Mountains (interior, >2 km from 46 kV)",0.18,0.0,0.0,0.0,0.0,0.18,0.0,0.0,0.0,0.18,0.17,0.0,0.0,0.0,none_mapped,3.88,11.18,DHHL,dhhl,False,-158.16,21.46
185033099,"Upper Waianae Mountains (interior, >2 km from 46 kV)",0.18,0.0,0.0,0.0,0.0,0.18,0.0,0.0,0.0,0.18,0.2,0.0,0.0,0.0,none_mapped,3.86,11.19,DHHL,dhhl,False,-158.16,21.46
185033100,"Upper Waianae Mountains (interior, >2 km from 46 kV)",0.18,0.0,0.0,0.0,0.0,0.18,0.0,0.0,0.0,0.18,0.17,0.0,0.0,0.0,none_mapped,3.85,11.19,DHHL,dhhl,False,-158.16,21.46
185033101,"Upper Waianae Mountains (interior, >2 km from 46 kV)",0.2,0.0,0.0,0.0,0.0,0.2,0.0,0.0,0.0,0.2,0.15,0.0,0.0,0.0,none_mapped,3.84,11.2,DHHL,dhhl,False,-158.16,21.46
185033102,"Upper Waianae Mountains (interior, >2 km from 46 kV)",0.18,0.0,0.0,0.0,0.0,0.18,0.0,0.0,0.0,0.18,0.17,0.0,0.0,0.0,none_mapped,3.83,11.2,DHHL,dhhl,False,-158.16,21.46
185033103,"Upper Waianae Mountains (interior, >2 km from 46 kV)",0.18,0.0,0.0,0.0,0.0,0.18,0.0,0.0,0.0,0.18,0.2,0.0,0.0,0.0,none_mapped,3.82,11.2,DHHL,dhhl,False,-158.16,21.46
185033104,"Upper Waianae Mountains (interior, >2 km from 46 kV)",0.18,0.0,0.0,0.0,0.0,0.18,0.0,0.0,0.0,0.18,0.17,0.0,0.0,0.0,none_mapped,3.81,11.21,DHHL,dhhl,False,-158.16,21.46
185033105,"Upper Waianae Mountains (interior, >2 km from 46 kV)",0.18,0.0,0.0,0.0,0.0,0.18,0.0,0.0,0.0,0.18,0.2,0.0,0.0,0.0,none_mapped,3.8,11.21,DHHL,dhhl,False,-158.16,21.46
185033106,"Upper Waianae Mountains (interior, >2 km from 46 kV)",0.19,0.0,0.0,0.0,0.0,0.19,0.0,0.0,0.0,0.19,0.22,0.0,0.0,0.0,none_mapped,3.79,11.22,DHHL,dhhl,False,-158.16,21.46
185033107,"Upper Waianae Mountains (interior, >2 km from 46 kV)",0.17,0.0,0.0,0.0,0.0,0.17,0.0,0.0,0.0,0.17,0.17,0.0,0.0,0.0,none_mapped,3.78,11.24,DHHL,dhhl,False,-158.16,21.46
185033108,"Upper Waianae Mountains (interior, >2 km from 46 kV)",0.18,0.0,0.0,0.0,0.0,0.18,0.0,0.0,0.0,0.18,0.2,0.0,0.0,0.0,none_mapped,3.74,11.19,DHHL,dhhl,False,-158.16,21.46
185033109,"Upper Waianae Mountains (interior, >2 km from 46 kV)",0.17,0.0,0.0,0.0,0.0,0.17,0.0,0.0,0.0,0.17,0.15,0.0,0.0,0.0,none_mapped,3.76,11.21,DHHL,dhhl,False,-158.16,21.46
185033110,"Upper Waianae Mountains (interior, >2 km from 46 kV)",0.19,0.0,0.0,0.0,0.0,0.19,0.0,0.0,0.0,0.19,0.15,0.0,0.0,0.0,none_mapped,3.76,11.18,DHHL,dhhl,False,-158.16,21.46
185033112,"Upper Waianae Mountains (interior, >2 km from 46 kV)",0.18,0.0,0.0,0.0,0.0,0.18,0.0,0.0,0.0,0.18,0.2,0.0,0.0,0.0,none_mapped,3.78,11.18,DHHL,dhhl,False,-158.16,21.46
185033113,"Upper Waianae Mountains (interior, >2 km from 46 kV)",0.18,0.0,0.0,0.0,0.0,0.18,0.0,0.0,0.0,0.18,0.17,0.0,0.0,0.0,none_mapped,3.79,11.17,DHHL,dhhl,False,-158.16,21.46
185033114,"Upper Waianae Mountains (interior, >2 km from 46 kV)",0.18,0.0,0.0,0.0,0.0,0.18,0.0,0.0,0.0,0.18,0.2,0.0,0.0,0.0,none_mapped,3.8,11.17,DHHL,dhhl,False,-158.16,21.46
185033115,"Upper Waianae Mountains (interior, >2 km from 46 kV)",0.2,0.0,0.0,0.0,0.0,0.2,0.0,0.0,0.0,0.2,0.25,0.0,0.0,0.0,none_mapped,3.81,11.16,DHHL,dhhl,False,-158.16,21.46
185033116,"Upper Waianae Mountains (interior, >2 km from 46 kV)",0.18,0.0,0.0,0.0,0.0,0.18,0.0,0.0,0.0,0.18,0.15,0.0,0.0,0.0,none_mapped,3.82,11.16,DHHL,dhhl,False,-158.16,21.46
185033117,"Upper Waianae Mountains (interior, >2 km from 46 kV)",0.18,0.0,0.0,0.0,0.0,0.18,0.0,0.0,0.0,0.18,0.17,0.0,0.0,0.0,none_mapped,3.84,11.16,DHHL,dhhl,False,-158.16,21.46
185033118,"Upper Waianae Mountains (interior, >2 km from 46 kV)",0.18,0.0,0.0,0.0,0.0,0.18,0.0,0.0,0.0,0.18,0.2,0.0,0.0,0.0,none_mapped,3.85,11.15,DHHL,dhhl,False,-158.16,21.46
185033119,"Upper Waianae Mountains (interior, >2 km from 46 kV)",0.18,0.0,0.0,0.0,0.0,0.18,0.0,0.0,0.0,0.18,0.17,0.0,0.0,0.0,none_mapped,3.86,11.15,DHHL,dhhl,False,-158.16,21.46
185033120,"Upper Waianae Mountains (interior, >2 km from 46 kV)",0.18,0.0,0.0,0.0,0.0,0.18,0.0,0.0,0.0,0.18,0.2,0.0,0.0,0.0,none_mapped,3.87,11.14,DHHL,dhhl,False,-158.16,21.46
185033121,"Upper Waianae Mountains (interior, >2 km from 46 kV)",0.18,0.0,0.0,0.0,0.0,0.18,0.0,0.0,0.0,0.18,0.17,0.0,0.0,0.0,none_mapped,3.88,11.14,DHHL,dhhl,False,-158.16,21.46
185033122,"Upper Waianae Mountains (interior, >2 km from 46 kV)",0.17,0.0,0.0,0.0,0.0,0.17,0.0,0.0,0.0,0.17,0.2,0.0,0.0,0.0,none_mapped,3.9,11.15,DHHL,dhhl,False,-158.16,21.46
185033123,"Upper Waianae Mountains (interior, >2 km from 46 kV)",0.16,0.0,0.0,0.0,0.0,0.16,0.0,0.0,0.0,0.16,0.17,0.0,0.0,0.0,none_mapped,3.92,11.15,DHHL,dhhl,False,-158.16,21.46
185032025,"Upper Waianae Mountains (interior, >2 km from 46 kV)",0.17,0.0,0.0,0.0,0.0,0.17,0.0,0.0,0.0,0.17,0.15,0.0,0.0,0.0,none_mapped,4.12,11.42,DHHL,dhhl,False,-158.16,21.46
185029003,"Upper Waianae Mountains (interior, >2 km from 46 kV)",0.97,0.0,0.0,0.0,0.0,0.97,0.0,0.0,0.0,0.97,0.99,0.0,0.0,0.04,diversified_crop,4.37,11.84,"Poe,Emily Decd",individual,False,-158.17,21.46
185029004,"Upper Waianae Mountains (interior, >2 km from 46 kV)",0.57,0.0,0.0,0.0,0.0,0.57,0.0,0.0,0.0,0.57,0.54,0.0,0.0,0.0,none_mapped,4.44,11.91,"Salcedo,Leopoldo & Rusty A L Salcedo Tr",individual,False,-158.17,21.46
185029005,"Upper Waianae Mountains (interior, >2 km from 46 kV)",0.41,0.0,0.0,0.0,0.0,0.41,0.0,0.0,0.0,0.41,0.37,0.0,0.0,0.0,none_mapped,4.43,11.91,"Keawe,Arnold K",individual,False,-158.17,21.46
185029006,"Upper Waianae Mountains (interior, >2 km from 46 kV)",0.42,0.0,0.0,0.0,0.0,0.42,0.0,0.0,0.0,0.42,0.4,0.0,0.0,0.0,none_mapped,4.41,11.92,"Pana,Scott",individual,False,-158.17,21.46
185029007,"Upper Waianae Mountains (interior, >2 km from 46 kV)",0.41,0.0,0.0,0.0,0.0,0.41,0.0,0.0,0.0,0.41,0.42,0.0,0.0,0.0,none_mapped,4.4,11.92,"Hitchcock,Robert W Jr",individual,False,-158.17,21.46
185029008,"Upper Waianae Mountains (interior, >2 km from 46 kV)",0.34,0.0,0.0,0.0,0.0,0.34,0.0,0.0,0.0,0.34,0.3,0.0,0.0,0.0,none_mapped,4.39,11.93,"Johnson,Niki K J",individual,False,-158.17,21.46
185029009,"Upper Waianae Mountains (interior, >2 km from 46 kV)",0.86,0.0,0.0,0.0,0.0,0.86,0.0,0.0,0.0,0.86,0.84,0.0,0.0,0.0,none_mapped,4.37,11.88,"Pontin,James B",individual,False,-158.17,21.46
185029010,"Upper Waianae Mountains (interior, >2 km from 46 kV)",0.87,0.0,0.0,0.0,0.0,0.87,0.0,0.0,0.0,0.87,0.86,0.0,0.0,0.0,none_mapped,4.33,11.84,"Holani,Sharlene L Tr",individual,False,-158.17,21.46
185029011,"Upper Waianae Mountains (interior, >2 km from 46 kV)",3.08,0.0,0.0,0.0,0.0,3.08,0.0,0.0,0.0,3.08,1.7,1.01,0.35,0.0,none_mapped,4.0,11.71,DHHL,dhhl,False,-158.17,21.46
185029012,"Upper Waianae Mountains (interior, >2 km from 46 kV)",1.17,0.0,0.22,0.0,0.0,0.9,0.12,0.22,0.22,0.9,1.16,0.0,0.0,0.0,none_mapped,4.21,11.9,"Pacheco,George F Jr Trust",individual,False,-158.17,21.46
185029013,"Upper Waianae Mountains (interior, >2 km from 46 kV)",1.24,0.0,1.12,0.0,0.0,0.09,0.12,0.25,1.12,0.09,1.23,0.0,0.0,0.0,none_mapped,4.22,11.88,"Morse,Gordon K K Jr",individual,False,-158.17,21.46
185029014,"Upper Waianae Mountains (interior, >2 km from 46 kV)",0.31,0.0,0.26,0.0,0.0,0.0,0.03,0.06,0.26,0.0,0.3,0.0,0.0,0.0,none_mapped,4.27,11.93,DHHL,dhhl,False,-158.17,21.46
185029015,"Upper Waianae Mountains (interior, >2 km from 46 kV)",0.2,0.0,0.01,0.0,0.0,0.16,0.01,0.01,0.01,0.16,0.2,0.0,0.0,0.0,none_mapped,4.28,11.92,DHHL,dhhl,False,-158.17,21.46
185029016,"Upper Waianae Mountains (interior, >2 km from 46 kV)",0.16,0.0,0.0,0.0,0.0,0.15,0.0,0.0,0.0,0.15,0.15,0.0,0.0,0.0,none_mapped,4.26,11.9,DHHL,dhhl,False,-158.17,21.46
185029017,"Upper Waianae Mountains (interior, >2 km from 46 kV)",0.17,0.0,0.01,0.0,0.0,0.16,0.01,0.01,0.01,0.16,0.17,0.0,0.0,0.0,none_mapped,4.24,11.88,DHHL,dhhl,False,-158.17,21.46
185029018,"Upper Waianae Mountains (interior, >2 km from 46 kV)",0.19,0.0,0.0,0.0,0.0,0.19,0.0,0.0,0.0,0.19,0.2,0.0,0.0,0.0,none_mapped,4.22,11.84,DHHL,dhhl,False,-158.17,21.46
185029020,"Upper Waianae Mountains (interior, >2 km from 46 kV)",0.4,0.0,0.0,0.0,0.0,0.4,0.0,0.0,0.0,0.4,0.4,0.05,0.0,0.06,diversified_crop,4.15,11.75,DHHL,dhhl,False,-158.17,21.46
185030001,"Upper Waianae Mountains (interior, >2 km from 46 kV)",0.2,0.0,0.0,0.0,0.0,0.2,0.0,0.0,0.0,0.2,0.17,0.02,0.0,0.0,none_mapped,4.13,11.72,DHHL,dhhl,False,-158.17,21.46
185033017,"Upper Waianae Mountains (interior, >2 km from 46 kV)",0.16,0.0,0.0,0.0,0.0,0.16,0.0,0.0,0.0,0.16,0.15,0.0,0.0,0.0,none_mapped,3.97,11.36,DHHL,dhhl,False,-158.16,21.46
185030002,"Upper Waianae Mountains (interior, >2 km from 46 kV)",0.16,0.0,0.0,0.0,0.0,0.16,0.0,0.0,0.0,0.16,0.15,0.02,0.0,0.0,none_mapped,4.14,11.71,DHHL,dhhl,False,-158.17,21.46
185030003,"Upper Waianae Mountains (interior, >2 km from 46 kV)",0.16,0.0,0.0,0.0,0.0,0.16,0.0,0.0,0.0,0.16,0.12,0.05,0.0,0.0,none_mapped,4.14,11.7,DHHL,dhhl,False,-158.17,21.46
185030004,"Upper Waianae Mountains (interior, >2 km from 46 kV)",0.16,0.0,0.0,0.0,0.0,0.16,0.0,0.0,0.0,0.16,0.1,0.05,0.0,0.0,none_mapped,4.14,11.69,DHHL,dhhl,False,-158.17,21.46
185030005,"Upper Waianae Mountains (interior, >2 km from 46 kV)",0.17,0.0,0.0,0.0,0.0,0.17,0.0,0.0,0.0,0.17,0.08,0.1,0.0,0.0,none_mapped,4.13,11.67,DHHL,dhhl,False,-158.17,21.46
185030006,"Upper Waianae Mountains (interior, >2 km from 46 kV)",0.17,0.0,0.0,0.0,0.0,0.17,0.0,0.0,0.0,0.17,0.15,0.02,0.0,0.0,none_mapped,4.11,11.64,DHHL,dhhl,False,-158.17,21.46
185030007,"Upper Waianae Mountains (interior, >2 km from 46 kV)",0.16,0.0,0.0,0.0,0.0,0.16,0.0,0.0,0.0,0.16,0.15,0.02,0.0,0.0,none_mapped,4.09,11.62,DHHL,dhhl,False,-158.17,21.46
185030008,"Upper Waianae Mountains (interior, >2 km from 46 kV)",0.16,0.0,0.0,0.0,0.0,0.16,0.0,0.0,0.0,0.16,0.15,0.0,0.0,0.0,none_mapped,4.08,11.6,DHHL,dhhl,False,-158.17,21.46
185030009,"Upper Waianae Mountains (interior, >2 km from 46 kV)",0.17,0.0,0.0,0.0,0.0,0.17,0.0,0.0,0.0,0.17,0.17,0.0,0.0,0.0,none_mapped,4.06,11.58,DHHL,dhhl,False,-158.17,21.46
185030010,"Upper Waianae Mountains (interior, >2 km from 46 kV)",0.17,0.0,0.0,0.0,0.0,0.17,0.0,0.0,0.0,0.17,0.17,0.0,0.0,0.0,none_mapped,4.05,11.56,DHHL,dhhl,False,-158.17,21.46
185030011,"Upper Waianae Mountains (interior, >2 km from 46 kV)",0.23,0.0,0.0,0.0,0.0,0.23,0.0,0.0,0.0,0.23,0.27,0.0,0.0,0.0,none_mapped,4.01,11.53,DHHL,dhhl,False,-158.17,21.46
185030012,"Upper Waianae Mountains (interior, >2 km from 46 kV)",0.23,0.0,0.0,0.0,0.0,0.23,0.0,0.0,0.0,0.23,0.25,0.0,0.0,0.0,none_mapped,4.0,11.52,DHHL,dhhl,False,-158.17,21.46
185030013,"Upper Waianae Mountains (interior, >2 km from 46 kV)",0.17,0.0,0.0,0.0,0.0,0.17,0.0,0.0,0.0,0.17,0.15,0.0,0.0,0.0,none_mapped,4.01,11.55,DHHL,dhhl,False,-158.17,21.46
185030014,"Upper Waianae Mountains (interior, >2 km from 46 kV)",0.15,0.0,0.0,0.0,0.0,0.15,0.0,0.0,0.0,0.15,0.12,0.0,0.0,0.0,none_mapped,4.03,11.58,DHHL,dhhl,False,-158.17,21.46
185030015,"Upper Waianae Mountains (interior, >2 km from 46 kV)",0.17,0.0,0.0,0.0,0.0,0.17,0.0,0.0,0.0,0.17,0.2,0.0,0.0,0.0,none_mapped,4.04,11.6,DHHL,dhhl,False,-158.17,21.46
185030016,"Upper Waianae Mountains (interior, >2 km from 46 kV)",0.16,0.0,0.0,0.0,0.0,0.16,0.0,0.0,0.0,0.16,0.15,0.0,0.0,0.0,none_mapped,4.06,11.62,DHHL,dhhl,False,-158.17,21.46
185030017,"Upper Waianae Mountains (interior, >2 km from 46 kV)",0.19,0.0,0.0,0.0,0.0,0.19,0.0,0.0,0.0,0.19,0.2,0.0,0.0,0.0,none_mapped,4.08,11.64,DHHL,dhhl,False,-158.17,21.46
185030018,"Upper Waianae Mountains (interior, >2 km from 46 kV)",0.18,0.0,0.0,0.0,0.0,0.18,0.0,0.0,0.0,0.18,0.2,0.0,0.0,0.0,none_mapped,4.09,11.66,DHHL,dhhl,False,-158.17,21.46
185030019,"Upper Waianae Mountains (interior, >2 km from 46 kV)",0.2,0.0,0.0,0.0,0.0,0.2,0.0,0.0,0.0,0.2,0.22,0.0,0.0,0.0,none_mapped,4.1,11.67,DHHL,dhhl,False,-158.17,21.46
185030020,"Upper Waianae Mountains (interior, >2 km from 46 kV)",0.19,0.0,0.0,0.0,0.0,0.19,0.0,0.0,0.0,0.19,0.17,0.0,0.0,0.0,none_mapped,4.08,11.68,DHHL,dhhl,False,-158.17,21.46
185030021,"Upper Waianae Mountains (interior, >2 km from 46 kV)",0.21,0.0,0.0,0.0,0.0,0.21,0.0,0.0,0.0,0.21,0.2,0.0,0.0,0.0,none_mapped,4.06,11.65,DHHL,dhhl,False,-158.17,21.46
185030022,"Upper Waianae Mountains (interior, >2 km from 46 kV)",0.17,0.0,0.0,0.0,0.0,0.17,0.0,0.0,0.0,0.17,0.2,0.0,0.0,0.0,none_mapped,4.05,11.63,DHHL,dhhl,False,-158.17,21.46
185030023,"Upper Waianae Mountains (interior, >2 km from 46 kV)",0.17,0.0,0.0,0.0,0.0,0.17,0.0,0.0,0.0,0.17,0.17,0.0,0.0,0.0,none_mapped,4.03,11.61,DHHL,dhhl,False,-158.17,21.46
185030024,"Upper Waianae Mountains (interior, >2 km from 46 kV)",0.17,0.0,0.0,0.0,0.0,0.17,0.0,0.0,0.0,0.17,0.17,0.0,0.0,0.0,none_mapped,4.02,11.59,DHHL,dhhl,False,-158.17,21.46
185030025,"Upper Waianae Mountains (interior, >2 km from 46 kV)",0.18,0.0,0.0,0.0,0.0,0.18,0.0,0.0,0.0,0.18,0.17,0.0,0.0,0.0,none_mapped,4.0,11.56,DHHL,dhhl,False,-158.17,21.46
185030026,"Upper Waianae Mountains (interior, >2 km from 46 kV)",0.16,0.0,0.0,0.0,0.0,0.16,0.0,0.0,0.0,0.16,0.15,0.0,0.0,0.0,none_mapped,3.98,11.54,DHHL,dhhl,False,-158.17,21.46
185030027,"Upper Waianae Mountains (interior, >2 km from 46 kV)",0.16,0.0,0.0,0.0,0.0,0.16,0.0,0.0,0.0,0.16,0.17,0.0,0.0,0.0,none_mapped,3.97,11.52,DHHL,dhhl,False,-158.17,21.46
185030028,"Upper Waianae Mountains (interior, >2 km from 46 kV)",0.16,0.0,0.0,0.0,0.0,0.16,0.0,0.0,0.0,0.16,0.15,0.0,0.0,0.0,none_mapped,3.96,11.5,DHHL,dhhl,False,-158.17,21.46
185030029,"Upper Waianae Mountains (interior, >2 km from 46 kV)",0.16,0.0,0.0,0.0,0.0,0.16,0.0,0.0,0.0,0.16,0.15,0.0,0.0,0.0,none_mapped,3.96,11.49,DHHL,dhhl,False,-158.17,21.46
185030030,"Upper Waianae Mountains (interior, >2 km from 46 kV)",0.17,0.0,0.0,0.0,0.0,0.17,0.0,0.0,0.0,0.17,0.17,0.0,0.0,0.0,none_mapped,3.96,11.47,DHHL,dhhl,False,-158.17,21.46
185033018,"Upper Waianae Mountains (interior, >2 km from 46 kV)",0.17,0.0,0.0,0.0,0.0,0.17,0.0,0.0,0.0,0.17,0.15,0.0,0.0,0.0,none_mapped,3.97,11.37,DHHL,dhhl,False,-158.16,21.46
185030031,"Upper Waianae Mountains (interior, >2 km from 46 kV)",0.18,0.0,0.0,0.0,0.0,0.18,0.0,0.0,0.0,0.18,0.2,0.0,0.0,0.0,none_mapped,3.98,11.49,DHHL,dhhl,False,-158.17,21.46
185030032,"Upper Waianae Mountains (interior, >2 km from 46 kV)",0.17,0.0,0.0,0.0,0.0,0.17,0.0,0.0,0.0,0.17,0.15,0.0,0.0,0.0,none_mapped,4.0,11.5,DHHL,dhhl,False,-158.17,21.46
185030033,"Upper Waianae Mountains (interior, >2 km from 46 kV)",0.17,0.0,0.0,0.0,0.0,0.17,0.0,0.0,0.0,0.17,0.17,0.0,0.0,0.0,none_mapped,4.02,11.51,DHHL,dhhl,False,-158.17,21.46
185030034,"Upper Waianae Mountains (interior, >2 km from 46 kV)",0.16,0.0,0.0,0.0,0.0,0.16,0.0,0.0,0.0,0.16,0.17,0.0,0.0,0.0,none_mapped,3.99,11.47,DHHL,dhhl,False,-158.17,21.46
185030035,"Upper Waianae Mountains (interior, >2 km from 46 kV)",0.17,0.0,0.0,0.0,0.0,0.17,0.0,0.0,0.0,0.17,0.22,0.0,0.0,0.0,none_mapped,3.98,11.46,DHHL,dhhl,False,-158.17,21.46
185030036,"Upper Waianae Mountains (interior, >2 km from 46 kV)",0.19,0.0,0.0,0.0,0.0,0.19,0.0,0.0,0.0,0.19,0.17,0.0,0.0,0.0,none_mapped,3.96,11.44,DHHL,dhhl,False,-158.17,21.46
185030037,"Upper Waianae Mountains (interior, >2 km from 46 kV)",0.15,0.0,0.0,0.0,0.0,0.15,0.0,0.0,0.0,0.15,0.15,0.0,0.0,0.0,none_mapped,3.91,11.4,DHHL,dhhl,False,-158.16,21.46
185030038,"Upper Waianae Mountains (interior, >2 km from 46 kV)",0.19,0.0,0.0,0.0,0.0,0.19,0.0,0.0,0.0,0.19,0.17,0.0,0.0,0.0,none_mapped,3.9,11.41,DHHL,dhhl,False,-158.16,21.46
185030039,"Upper Waianae Mountains (interior, >2 km from 46 kV)",0.18,0.0,0.0,0.0,0.0,0.18,0.0,0.0,0.0,0.18,0.17,0.0,0.0,0.0,none_mapped,3.9,11.43,DHHL,dhhl,False,-158.17,21.46
185030040,"Upper Waianae Mountains (interior, >2 km from 46 kV)",0.16,0.0,0.0,0.0,0.0,0.16,0.0,0.0,0.0,0.16,0.12,0.0,0.0,0.0,none_mapped,3.91,11.44,DHHL,dhhl,False,-158.17,21.46
185030041,"Upper Waianae Mountains (interior, >2 km from 46 kV)",0.16,0.0,0.0,0.0,0.0,0.16,0.0,0.0,0.0,0.16,0.17,0.0,0.0,0.0,none_mapped,3.91,11.46,DHHL,dhhl,False,-158.17,21.46
185030042,"Upper Waianae Mountains (interior, >2 km from 46 kV)",0.16,0.0,0.0,0.0,0.0,0.16,0.0,0.0,0.0,0.16,0.17,0.0,0.0,0.0,none_mapped,3.92,11.48,DHHL,dhhl,False,-158.17,21.46
185030043,"Upper Waianae Mountains (interior, >2 km from 46 kV)",0.16,0.0,0.0,0.0,0.0,0.16,0.0,0.0,0.0,0.16,0.15,0.0,0.0,0.0,none_mapped,3.93,11.5,DHHL,dhhl,False,-158.17,21.46
185030044,"Upper Waianae Mountains (interior, >2 km from 46 kV)",0.16,0.0,0.0,0.0,0.0,0.16,0.0,0.0,0.0,0.16,0.17,0.0,0.0,0.0,none_mapped,3.94,11.52,DHHL,dhhl,False,-158.17,21.46
185030045,"Upper Waianae Mountains (interior, >2 km from 46 kV)",0.16,0.0,0.0,0.0,0.0,0.16,0.0,0.0,0.0,0.16,0.15,0.0,0.0,0.0,none_mapped,3.95,11.54,DHHL,dhhl,False,-158.17,21.46
185030046,"Upper Waianae Mountains (interior, >2 km from 46 kV)",0.15,0.0,0.0,0.0,0.0,0.15,0.0,0.0,0.0,0.15,0.15,0.0,0.0,0.0,none_mapped,3.97,11.56,DHHL,dhhl,False,-158.17,21.46
185030047,"Upper Waianae Mountains (interior, >2 km from 46 kV)",0.17,0.0,0.0,0.0,0.0,0.17,0.0,0.0,0.0,0.17,0.15,0.0,0.0,0.0,none_mapped,3.98,11.58,DHHL,dhhl,False,-158.17,21.46
185030048,"Upper Waianae Mountains (interior, >2 km from 46 kV)",0.16,0.0,0.0,0.0,0.0,0.16,0.0,0.0,0.0,0.16,0.17,0.0,0.0,0.0,none_mapped,4.0,11.6,DHHL,dhhl,False,-158.17,21.46
185030049,"Upper Waianae Mountains (interior, >2 km from 46 kV)",0.16,0.0,0.0,0.0,0.0,0.16,0.0,0.0,0.0,0.16,0.15,0.0,0.0,0.0,none_mapped,4.01,11.62,DHHL,dhhl,False,-158.17,21.46
185030050,"Upper Waianae Mountains (interior, >2 km from 46 kV)",0.18,0.0,0.0,0.0,0.0,0.18,0.0,0.0,0.0,0.18,0.17,0.0,0.0,0.0,none_mapped,4.03,11.64,DHHL,dhhl,False,-158.17,21.46
185030051,"Upper Waianae Mountains (interior, >2 km from 46 kV)",0.17,0.0,0.0,0.0,0.0,0.17,0.0,0.0,0.0,0.17,0.17,0.0,0.0,0.0,none_mapped,4.04,11.66,DHHL,dhhl,False,-158.17,21.46
185030052,"Upper Waianae Mountains (interior, >2 km from 46 kV)",0.19,0.0,0.0,0.0,0.0,0.19,0.0,0.0,0.0,0.19,0.2,0.0,0.0,0.0,none_mapped,4.07,11.68,DHHL,dhhl,False,-158.17,21.46
185030053,"Upper Waianae Mountains (interior, >2 km from 46 kV)",0.18,0.0,0.0,0.0,0.0,0.18,0.0,0.0,0.0,0.18,0.2,0.0,0.0,0.0,none_mapped,4.05,11.68,DHHL,dhhl,False,-158.17,21.46
185030054,"Upper Waianae Mountains (interior, >2 km from 46 kV)",0.19,0.0,0.0,0.0,0.0,0.19,0.0,0.0,0.0,0.19,0.2,0.0,0.0,0.0,none_mapped,4.04,11.68,DHHL,dhhl,False,-158.17,21.46
185030055,"Upper Waianae Mountains (interior, >2 km from 46 kV)",0.16,0.0,0.0,0.0,0.0,0.16,0.0,0.0,0.0,0.16,0.15,0.0,0.0,0.0,none_mapped,4.02,11.66,DHHL,dhhl,False,-158.17,21.46
185030056,"Upper Waianae Mountains (interior, >2 km from 46 kV)",0.17,0.0,0.0,0.0,0.0,0.17,0.0,0.0,0.0,0.17,0.17,0.0,0.0,0.0,none_mapped,4.01,11.64,DHHL,dhhl,False,-158.17,21.46
185030057,"Upper Waianae Mountains (interior, >2 km from 46 kV)",0.16,0.0,0.0,0.0,0.0,0.16,0.0,0.0,0.0,0.16,0.15,0.0,0.0,0.0,none_mapped,3.99,11.62,DHHL,dhhl,False,-158.17,21.46
185030058,"Upper Waianae Mountains (interior, >2 km from 46 kV)",0.17,0.0,0.0,0.0,0.0,0.17,0.0,0.0,0.0,0.17,0.17,0.0,0.0,0.0,none_mapped,3.98,11.6,DHHL,dhhl,False,-158.17,21.46
185030059,"Upper Waianae Mountains (interior, >2 km from 46 kV)",0.17,0.0,0.0,0.0,0.0,0.17,0.0,0.0,0.0,0.17,0.17,0.0,0.0,0.0,none_mapped,3.96,11.58,DHHL,dhhl,False,-158.17,21.46
185030060,"Upper Waianae Mountains (interior, >2 km from 46 kV)",0.17,0.0,0.0,0.0,0.0,0.17,0.0,0.0,0.0,0.17,0.2,0.0,0.0,0.0,none_mapped,3.94,11.56,DHHL,dhhl,False,-158.17,21.46
185030061,"Upper Waianae Mountains (interior, >2 km from 46 kV)",0.17,0.0,0.0,0.0,0.0,0.17,0.0,0.0,0.0,0.17,0.17,0.0,0.0,0.0,none_mapped,3.93,11.54,DHHL,dhhl,False,-158.17,21.46
185030062,"Upper Waianae Mountains (interior, >2 km from 46 kV)",0.18,0.0,0.0,0.0,0.0,0.18,0.0,0.0,0.0,0.18,0.17,0.0,0.0,0.0,none_mapped,3.92,11.51,DHHL,dhhl,False,-158.17,21.46
185030063,"Upper Waianae Mountains (interior, >2 km from 46 kV)",0.17,0.0,0.0,0.0,0.0,0.17,0.0,0.0,0.0,0.17,0.17,0.0,0.0,0.0,none_mapped,3.9,11.49,DHHL,dhhl,False,-158.17,21.46
185030064,"Upper Waianae Mountains (interior, >2 km from 46 kV)",0.18,0.0,0.0,0.0,0.0,0.18,0.0,0.0,0.0,0.18,0.15,0.0,0.0,0.0,none_mapped,3.89,11.47,DHHL,dhhl,False,-158.17,21.46
185030065,"Upper Waianae Mountains (interior, >2 km from 46 kV)",0.18,0.0,0.0,0.0,0.0,0.18,0.0,0.0,0.0,0.18,0.17,0.0,0.0,0.0,none_mapped,3.88,11.45,DHHL,dhhl,False,-158.17,21.46
185030066,"Upper Waianae Mountains (interior, >2 km from 46 kV)",0.17,0.0,0.0,0.0,0.0,0.17,0.0,0.0,0.0,0.17,0.2,0.0,0.0,0.0,none_mapped,3.88,11.44,DHHL,dhhl,False,-158.17,21.46
185030067,"Upper Waianae Mountains (interior, >2 km from 46 kV)",0.17,0.0,0.0,0.0,0.0,0.17,0.0,0.0,0.0,0.17,0.2,0.0,0.0,0.0,none_mapped,3.87,11.42,DHHL,dhhl,False,-158.17,21.46
185030068,"Upper Waianae Mountains (interior, >2 km from 46 kV)",0.19,0.0,0.0,0.0,0.0,0.19,0.0,0.0,0.0,0.19,0.2,0.0,0.0,0.0,none_mapped,3.87,11.4,DHHL,dhhl,False,-158.17,21.46
185030069,"Upper Waianae Mountains (interior, >2 km from 46 kV)",0.18,0.0,0.0,0.0,0.0,0.18,0.0,0.0,0.0,0.18,0.17,0.0,0.0,0.0,none_mapped,3.87,11.38,DHHL,dhhl,False,-158.16,21.46
185030070,"Upper Waianae Mountains (interior, >2 km from 46 kV)",0.17,0.0,0.0,0.0,0.0,0.17,0.0,0.0,0.0,0.17,0.15,0.0,0.0,0.0,none_mapped,3.82,11.35,DHHL,dhhl,False,-158.16,21.46
185030071,"Upper Waianae Mountains (interior, >2 km from 46 kV)",0.17,0.0,0.0,0.0,0.0,0.17,0.0,0.0,0.0,0.17,0.2,0.0,0.0,0.0,none_mapped,3.82,11.36,DHHL,dhhl,False,-158.17,21.46
185030072,"Upper Waianae Mountains (interior, >2 km from 46 kV)",0.17,0.0,0.0,0.0,0.0,0.17,0.0,0.0,0.0,0.17,0.15,0.0,0.0,0.0,none_mapped,3.82,11.38,DHHL,dhhl,False,-158.17,21.46
185030073,"Upper Waianae Mountains (interior, >2 km from 46 kV)",0.16,0.0,0.0,0.0,0.0,0.16,0.0,0.0,0.0,0.16,0.15,0.0,0.0,0.0,none_mapped,3.83,11.39,DHHL,dhhl,False,-158.17,21.46
185030074,"Upper Waianae Mountains (interior, >2 km from 46 kV)",0.17,0.0,0.0,0.0,0.0,0.17,0.0,0.0,0.0,0.17,0.15,0.0,0.0,0.0,none_mapped,3.83,11.41,DHHL,dhhl,False,-158.17,21.46
185030075,"Upper Waianae Mountains (interior, >2 km from 46 kV)",0.17,0.0,0.0,0.0,0.0,0.17,0.0,0.0,0.0,0.17,0.15,0.0,0.0,0.0,none_mapped,3.84,11.43,DHHL,dhhl,False,-158.17,21.46
185030076,"Upper Waianae Mountains (interior, >2 km from 46 kV)",0.16,0.0,0.0,0.0,0.0,0.16,0.0,0.0,0.0,0.16,0.15,0.0,0.0,0.0,none_mapped,3.85,11.44,DHHL,dhhl,False,-158.17,21.46
185030077,"Upper Waianae Mountains (interior, >2 km from 46 kV)",0.17,0.0,0.0,0.0,0.0,0.17,0.0,0.0,0.0,0.17,0.17,0.0,0.0,0.0,none_mapped,3.86,11.46,DHHL,dhhl,False,-158.17,21.46
185030078,"Upper Waianae Mountains (interior, >2 km from 46 kV)",0.16,0.0,0.0,0.0,0.0,0.16,0.0,0.0,0.0,0.16,0.15,0.0,0.0,0.0,none_mapped,3.87,11.48,DHHL,dhhl,False,-158.17,21.46
185030079,"Upper Waianae Mountains (interior, >2 km from 46 kV)",0.16,0.0,0.0,0.0,0.0,0.16,0.0,0.0,0.0,0.16,0.15,0.0,0.0,0.0,none_mapped,3.88,11.5,DHHL,dhhl,False,-158.17,21.46
185030080,"Upper Waianae Mountains (interior, >2 km from 46 kV)",0.15,0.0,0.0,0.0,0.0,0.15,0.0,0.0,0.0,0.15,0.15,0.0,0.0,0.0,none_mapped,3.89,11.52,DHHL,dhhl,False,-158.17,21.46
185030081,"Upper Waianae Mountains (interior, >2 km from 46 kV)",0.16,0.0,0.0,0.0,0.0,0.16,0.0,0.0,0.0,0.16,0.15,0.0,0.0,0.0,none_mapped,3.91,11.54,DHHL,dhhl,False,-158.17,21.46
185030082,"Upper Waianae Mountains (interior, >2 km from 46 kV)",0.16,0.0,0.0,0.0,0.0,0.16,0.0,0.0,0.0,0.16,0.15,0.0,0.0,0.0,none_mapped,3.92,11.56,DHHL,dhhl,False,-158.17,21.46
185030083,"Upper Waianae Mountains (interior, >2 km from 46 kV)",0.16,0.0,0.0,0.0,0.0,0.16,0.0,0.0,0.0,0.16,0.17,0.0,0.0,0.0,none_mapped,3.94,11.58,DHHL,dhhl,False,-158.17,21.46
185030084,"Upper Waianae Mountains (interior, >2 km from 46 kV)",0.16,0.0,0.0,0.0,0.0,0.16,0.0,0.0,0.0,0.16,0.15,0.0,0.0,0.0,none_mapped,3.95,11.6,DHHL,dhhl,False,-158.17,21.46
185030085,"Upper Waianae Mountains (interior, >2 km from 46 kV)",0.17,0.0,0.0,0.0,0.0,0.17,0.0,0.0,0.0,0.17,0.2,0.0,0.0,0.0,none_mapped,3.97,11.62,DHHL,dhhl,False,-158.17,21.46
185030086,"Upper Waianae Mountains (interior, >2 km from 46 kV)",0.16,0.0,0.0,0.0,0.0,0.16,0.0,0.0,0.0,0.16,0.15,0.0,0.0,0.0,none_mapped,3.98,11.64,DHHL,dhhl,False,-158.17,21.46
185030087,"Upper Waianae Mountains (interior, >2 km from 46 kV)",0.15,0.0,0.0,0.0,0.0,0.15,0.0,0.0,0.0,0.15,0.12,0.0,0.0,0.0,none_mapped,4.0,11.66,DHHL,dhhl,False,-158.17,21.46
185030088,"Upper Waianae Mountains (interior, >2 km from 46 kV)",0.19,0.0,0.0,0.0,0.0,0.19,0.0,0.0,0.0,0.19,0.2,0.0,0.0,0.0,none_mapped,4.01,11.68,DHHL,dhhl,False,-158.17,21.46
185030089,"Upper Waianae Mountains (interior, >2 km from 46 kV)",0.18,0.0,0.0,0.0,0.0,0.18,0.0,0.0,0.0,0.18,0.2,0.0,0.0,0.0,none_mapped,3.99,11.66,DHHL,dhhl,False,-158.17,21.46
185030090,"Upper Waianae Mountains (interior, >2 km from 46 kV)",0.2,0.0,0.0,0.0,0.0,0.2,0.0,0.0,0.0,0.2,0.17,0.0,0.0,0.0,none_mapped,3.98,11.66,DHHL,dhhl,False,-158.17,21.46
185036025,"Upper Waianae Mountains (interior, >2 km from 46 kV)",0.15,0.0,0.0,0.0,0.0,0.15,0.0,0.0,0.0,0.15,0.12,0.0,0.0,0.0,none_mapped,4.08,11.22,DHHL,dhhl,False,-158.16,21.46
185030091,"Upper Waianae Mountains (interior, >2 km from 46 kV)",0.15,0.0,0.0,0.0,0.0,0.15,0.0,0.0,0.0,0.15,0.15,0.0,0.0,0.0,none_mapped,3.95,11.64,DHHL,dhhl,False,-158.17,21.46
185030092,"Upper Waianae Mountains (interior, >2 km from 46 kV)",0.18,0.0,0.0,0.0,0.0,0.18,0.0,0.0,0.0,0.18,0.17,0.0,0.0,0.0,none_mapped,3.96,11.63,DHHL,dhhl,False,-158.17,21.46
185030093,"Upper Waianae Mountains (interior, >2 km from 46 kV)",0.23,0.0,0.0,0.0,0.0,0.23,0.0,0.0,0.0,0.23,0.25,0.0,0.0,0.0,none_mapped,3.94,11.58,DHHL,dhhl,False,-158.17,21.46
185030094,"Upper Waianae Mountains (interior, >2 km from 46 kV)",0.33,0.0,0.0,0.0,0.0,0.33,0.0,0.0,0.0,0.33,0.32,0.0,0.0,0.0,none_mapped,3.9,11.54,DHHL,dhhl,False,-158.17,21.46
185030095,"Upper Waianae Mountains (interior, >2 km from 46 kV)",0.18,0.0,0.0,0.0,0.0,0.18,0.0,0.0,0.0,0.18,0.17,0.0,0.0,0.0,none_mapped,3.91,11.59,DHHL,dhhl,False,-158.17,21.46
185030096,"Upper Waianae Mountains (interior, >2 km from 46 kV)",0.18,0.0,0.0,0.0,0.0,0.18,0.0,0.0,0.0,0.18,0.15,0.0,0.0,0.0,none_mapped,3.9,11.57,DHHL,dhhl,False,-158.17,21.46
185030097,"Upper Waianae Mountains (interior, >2 km from 46 kV)",0.18,0.0,0.0,0.0,0.0,0.18,0.0,0.0,0.0,0.18,0.17,0.0,0.0,0.0,none_mapped,3.87,11.54,DHHL,dhhl,False,-158.17,21.46
185030098,"Upper Waianae Mountains (interior, >2 km from 46 kV)",0.16,0.0,0.0,0.0,0.0,0.16,0.0,0.0,0.0,0.16,0.15,0.0,0.0,0.0,none_mapped,3.87,11.54,DHHL,dhhl,False,-158.17,21.46
185030099,"Upper Waianae Mountains (interior, >2 km from 46 kV)",0.18,0.0,0.0,0.0,0.0,0.18,0.0,0.0,0.0,0.18,0.2,0.0,0.0,0.0,none_mapped,3.87,11.52,DHHL,dhhl,False,-158.17,21.46
185030100,"Upper Waianae Mountains (interior, >2 km from 46 kV)",0.19,0.0,0.0,0.0,0.0,0.19,0.0,0.0,0.0,0.19,0.15,0.0,0.0,0.0,none_mapped,3.86,11.51,DHHL,dhhl,False,-158.17,21.46
185030101,"Upper Waianae Mountains (interior, >2 km from 46 kV)",0.17,0.0,0.0,0.0,0.0,0.17,0.0,0.0,0.0,0.17,0.2,0.0,0.0,0.0,none_mapped,3.85,11.49,DHHL,dhhl,False,-158.17,21.46
185030102,"Upper Waianae Mountains (interior, >2 km from 46 kV)",0.16,0.0,0.0,0.0,0.0,0.16,0.0,0.0,0.0,0.16,0.15,0.0,0.0,0.0,none_mapped,3.84,11.47,DHHL,dhhl,False,-158.17,21.46
185030103,"Upper Waianae Mountains (interior, >2 km from 46 kV)",0.16,0.0,0.0,0.0,0.0,0.16,0.0,0.0,0.0,0.16,0.15,0.0,0.0,0.0,none_mapped,3.83,11.45,DHHL,dhhl,False,-158.17,21.46
185033020,"Upper Waianae Mountains (interior, >2 km from 46 kV)",0.16,0.0,0.0,0.0,0.0,0.16,0.0,0.0,0.0,0.16,0.17,0.0,0.0,0.0,none_mapped,3.94,11.35,DHHL,dhhl,False,-158.16,21.46
185030104,"Upper Waianae Mountains (interior, >2 km from 46 kV)",0.15,0.0,0.0,0.0,0.0,0.15,0.0,0.0,0.0,0.15,0.12,0.0,0.0,0.0,none_mapped,3.82,11.43,DHHL,dhhl,False,-158.17,21.46
185030105,"Upper Waianae Mountains (interior, >2 km from 46 kV)",0.16,0.0,0.0,0.0,0.0,0.16,0.0,0.0,0.0,0.16,0.17,0.0,0.0,0.0,none_mapped,3.81,11.42,DHHL,dhhl,False,-158.17,21.46
185030106,"Upper Waianae Mountains (interior, >2 km from 46 kV)",0.16,0.0,0.0,0.0,0.0,0.16,0.0,0.0,0.0,0.16,0.2,0.0,0.0,0.0,none_mapped,3.8,11.4,DHHL,dhhl,False,-158.17,21.46
185030107,"Upper Waianae Mountains (interior, >2 km from 46 kV)",0.16,0.0,0.0,0.0,0.0,0.16,0.0,0.0,0.0,0.16,0.2,0.0,0.0,0.0,none_mapped,3.8,11.38,DHHL,dhhl,False,-158.17,21.46
185030108,"Upper Waianae Mountains (interior, >2 km from 46 kV)",0.16,0.0,0.0,0.0,0.0,0.16,0.0,0.0,0.0,0.16,0.17,0.0,0.0,0.0,none_mapped,3.8,11.37,DHHL,dhhl,False,-158.17,21.46
185030109,"Upper Waianae Mountains (interior, >2 km from 46 kV)",0.16,0.0,0.0,0.0,0.0,0.16,0.0,0.0,0.0,0.16,0.15,0.0,0.0,0.0,none_mapped,3.79,11.35,DHHL,dhhl,False,-158.17,21.46
185030110,"Upper Waianae Mountains (interior, >2 km from 46 kV)",0.18,0.0,0.0,0.0,0.0,0.18,0.0,0.0,0.0,0.18,0.2,0.0,0.0,0.0,none_mapped,3.79,11.34,DHHL,dhhl,False,-158.16,21.46
185030111,"Upper Waianae Mountains (interior, >2 km from 46 kV)",0.16,0.0,0.0,0.0,0.0,0.16,0.0,0.0,0.0,0.16,0.17,0.0,0.0,0.0,none_mapped,3.79,11.32,DHHL,dhhl,False,-158.16,21.46
185030112,"Upper Waianae Mountains (interior, >2 km from 46 kV)",0.17,0.0,0.0,0.0,0.0,0.17,0.0,0.0,0.0,0.17,0.2,0.0,0.0,0.0,none_mapped,3.85,11.56,DHHL,dhhl,False,-158.17,21.45
185030113,"Upper Waianae Mountains (interior, >2 km from 46 kV)",0.16,0.0,0.0,0.0,0.0,0.16,0.0,0.0,0.0,0.16,0.17,0.0,0.0,0.0,none_mapped,3.87,11.58,DHHL,dhhl,False,-158.17,21.46
185030114,"Upper Waianae Mountains (interior, >2 km from 46 kV)",0.16,0.0,0.0,0.0,0.0,0.16,0.0,0.0,0.0,0.16,0.2,0.0,0.0,0.0,none_mapped,3.89,11.6,DHHL,dhhl,False,-158.17,21.46
185030115,"Upper Waianae Mountains (interior, >2 km from 46 kV)",0.17,0.0,0.0,0.0,0.0,0.17,0.0,0.0,0.0,0.17,0.17,0.0,0.0,0.0,none_mapped,3.91,11.62,DHHL,dhhl,False,-158.17,21.46
185030116,"Upper Waianae Mountains (interior, >2 km from 46 kV)",0.17,0.0,0.0,0.0,0.0,0.17,0.0,0.0,0.0,0.17,0.12,0.0,0.0,0.0,none_mapped,3.93,11.64,DHHL,dhhl,False,-158.17,21.46
185030117,"Upper Waianae Mountains (interior, >2 km from 46 kV)",0.16,0.0,0.0,0.0,0.0,0.16,0.0,0.0,0.0,0.16,0.2,0.0,0.0,0.0,none_mapped,3.95,11.66,DHHL,dhhl,False,-158.17,21.46
185030118,"Upper Waianae Mountains (interior, >2 km from 46 kV)",0.18,0.0,0.0,0.0,0.0,0.18,0.0,0.0,0.0,0.18,0.17,0.0,0.0,0.0,none_mapped,3.96,11.68,DHHL,dhhl,False,-158.17,21.46
185030119,"Upper Waianae Mountains (interior, >2 km from 46 kV)",0.18,0.0,0.0,0.0,0.0,0.18,0.0,0.0,0.0,0.18,0.15,0.05,0.0,0.0,none_mapped,4.01,11.71,DHHL,dhhl,False,-158.17,21.46
185030120,"Upper Waianae Mountains (interior, >2 km from 46 kV)",0.18,0.0,0.0,0.0,0.0,0.18,0.0,0.0,0.0,0.18,0.12,0.05,0.0,0.0,none_mapped,4.03,11.71,DHHL,dhhl,False,-158.17,21.46
185030121,"Upper Waianae Mountains (interior, >2 km from 46 kV)",0.2,0.0,0.0,0.0,0.0,0.2,0.0,0.0,0.0,0.2,0.15,0.05,0.0,0.0,none_mapped,4.05,11.72,DHHL,dhhl,False,-158.17,21.46
185030122,"Upper Waianae Mountains (interior, >2 km from 46 kV)",0.18,0.0,0.0,0.0,0.0,0.18,0.0,0.0,0.0,0.18,0.1,0.05,0.0,0.0,none_mapped,4.07,11.72,DHHL,dhhl,False,-158.17,21.46
185030123,"Upper Waianae Mountains (interior, >2 km from 46 kV)",0.18,0.0,0.0,0.0,0.0,0.18,0.0,0.0,0.0,0.18,0.15,0.07,0.0,0.0,none_mapped,4.08,11.73,DHHL,dhhl,False,-158.17,21.46
185030124,"Upper Waianae Mountains (interior, >2 km from 46 kV)",0.18,0.0,0.0,0.0,0.0,0.18,0.0,0.0,0.0,0.18,0.17,0.02,0.0,0.0,none_mapped,4.1,11.73,DHHL,dhhl,False,-158.17,21.46
185030125,"Upper Waianae Mountains (interior, >2 km from 46 kV)",0.18,0.0,0.0,0.0,0.0,0.18,0.0,0.0,0.0,0.18,0.17,0.0,0.0,0.0,none_mapped,4.11,11.73,DHHL,dhhl,False,-158.17,21.46
185031001,"Upper Waianae Mountains (interior, >2 km from 46 kV)",0.17,0.0,0.0,0.0,0.0,0.17,0.0,0.0,0.0,0.17,0.17,0.0,0.0,0.0,none_mapped,3.74,11.29,DHHL,dhhl,False,-158.16,21.45
185031002,"Upper Waianae Mountains (interior, >2 km from 46 kV)",0.16,0.0,0.0,0.0,0.0,0.16,0.0,0.0,0.0,0.16,0.17,0.0,0.0,0.0,none_mapped,3.74,11.3,DHHL,dhhl,False,-158.16,21.45
185031003,"Upper Waianae Mountains (interior, >2 km from 46 kV)",0.17,0.0,0.0,0.0,0.0,0.17,0.0,0.0,0.0,0.17,0.17,0.0,0.0,0.0,none_mapped,3.74,11.32,DHHL,dhhl,False,-158.17,21.45
185031004,"Upper Waianae Mountains (interior, >2 km from 46 kV)",0.17,0.0,0.0,0.0,0.0,0.17,0.0,0.0,0.0,0.17,0.15,0.0,0.0,0.0,none_mapped,3.75,11.33,DHHL,dhhl,False,-158.17,21.45
185031005,"Upper Waianae Mountains (interior, >2 km from 46 kV)",0.16,0.0,0.0,0.0,0.0,0.16,0.0,0.0,0.0,0.16,0.15,0.0,0.0,0.0,none_mapped,3.75,11.35,DHHL,dhhl,False,-158.17,21.45
185031006,"Upper Waianae Mountains (interior, >2 km from 46 kV)",0.2,0.0,0.0,0.0,0.0,0.2,0.0,0.0,0.0,0.2,0.17,0.0,0.0,0.0,none_mapped,3.76,11.37,DHHL,dhhl,False,-158.17,21.45
185031007,"Upper Waianae Mountains (interior, >2 km from 46 kV)",0.21,0.0,0.0,0.0,0.0,0.21,0.0,0.0,0.0,0.21,0.22,0.0,0.0,0.0,none_mapped,3.74,11.38,DHHL,dhhl,False,-158.17,21.45
185031008,"Upper Waianae Mountains (interior, >2 km from 46 kV)",0.2,0.0,0.0,0.0,0.0,0.2,0.0,0.0,0.0,0.2,0.2,0.0,0.0,0.0,none_mapped,3.77,11.39,DHHL,dhhl,False,-158.17,21.45
185031009,"Upper Waianae Mountains (interior, >2 km from 46 kV)",0.19,0.0,0.0,0.0,0.0,0.19,0.0,0.0,0.0,0.19,0.2,0.0,0.0,0.0,none_mapped,3.78,11.4,DHHL,dhhl,False,-158.17,21.45
185031010,"Upper Waianae Mountains (interior, >2 km from 46 kV)",0.2,0.0,0.0,0.0,0.0,0.2,0.0,0.0,0.0,0.2,0.22,0.0,0.0,0.0,none_mapped,3.78,11.42,DHHL,dhhl,False,-158.17,21.45
185031011,"Upper Waianae Mountains (interior, >2 km from 46 kV)",0.17,0.0,0.0,0.0,0.0,0.17,0.0,0.0,0.0,0.17,0.15,0.0,0.0,0.0,none_mapped,3.8,11.45,DHHL,dhhl,False,-158.17,21.45
185031012,"Upper Waianae Mountains (interior, >2 km from 46 kV)",0.19,0.0,0.0,0.0,0.0,0.19,0.0,0.0,0.0,0.19,0.2,0.0,0.0,0.0,none_mapped,3.82,11.47,DHHL,dhhl,False,-158.17,21.45
185031013,"Upper Waianae Mountains (interior, >2 km from 46 kV)",0.21,0.0,0.0,0.0,0.0,0.21,0.0,0.0,0.0,0.21,0.22,0.0,0.0,0.0,none_mapped,3.83,11.5,DHHL,dhhl,False,-158.17,21.45
185031014,"Upper Waianae Mountains (interior, >2 km from 46 kV)",0.19,0.0,0.0,0.0,0.0,0.19,0.0,0.0,0.0,0.19,0.2,0.0,0.0,0.0,none_mapped,3.8,11.47,DHHL,dhhl,False,-158.17,21.45
185031015,"Upper Waianae Mountains (interior, >2 km from 46 kV)",0.18,0.0,0.0,0.0,0.0,0.18,0.0,0.0,0.0,0.18,0.2,0.0,0.0,0.0,none_mapped,3.78,11.45,DHHL,dhhl,False,-158.17,21.45
185031016,"Upper Waianae Mountains (interior, >2 km from 46 kV)",0.19,0.0,0.0,0.0,0.0,0.19,0.0,0.0,0.0,0.19,0.22,0.0,0.0,0.0,none_mapped,3.76,11.43,DHHL,dhhl,False,-158.17,21.45
185031018,"Upper Waianae Mountains (interior, >2 km from 46 kV)",0.16,0.0,0.0,0.0,0.0,0.16,0.0,0.0,0.0,0.16,0.1,0.0,0.0,0.0,none_mapped,3.75,11.44,DHHL,dhhl,False,-158.17,21.45
185031019,"Upper Waianae Mountains (interior, >2 km from 46 kV)",0.16,0.0,0.0,0.0,0.0,0.16,0.0,0.0,0.0,0.16,0.15,0.0,0.0,0.0,none_mapped,3.76,11.46,DHHL,dhhl,False,-158.17,21.45
185031020,"Upper Waianae Mountains (interior, >2 km from 46 kV)",0.16,0.0,0.0,0.0,0.0,0.16,0.0,0.0,0.0,0.16,0.15,0.0,0.0,0.0,none_mapped,3.78,11.48,DHHL,dhhl,False,-158.17,21.45
185031021,"Upper Waianae Mountains (interior, >2 km from 46 kV)",0.16,0.0,0.0,0.0,0.0,0.16,0.0,0.0,0.0,0.16,0.2,0.0,0.0,0.0,none_mapped,3.8,11.5,DHHL,dhhl,False,-158.17,21.45
185031022,"Upper Waianae Mountains (interior, >2 km from 46 kV)",0.17,0.0,0.0,0.0,0.0,0.17,0.0,0.0,0.0,0.17,0.17,0.0,0.0,0.0,none_mapped,3.82,11.52,DHHL,dhhl,False,-158.17,21.45
185031023,"Upper Waianae Mountains (interior, >2 km from 46 kV)",0.16,0.0,0.0,0.0,0.0,0.16,0.0,0.0,0.0,0.16,0.12,0.0,0.0,0.0,none_mapped,3.84,11.54,DHHL,dhhl,False,-158.17,21.45
185031024,"Upper Waianae Mountains (interior, >2 km from 46 kV)",0.16,0.0,0.0,0.0,0.0,0.16,0.0,0.0,0.0,0.16,0.17,0.0,0.0,0.0,none_mapped,3.79,11.31,DHHL,dhhl,False,-158.16,21.46
185031025,"Upper Waianae Mountains (interior, >2 km from 46 kV)",0.17,0.0,0.0,0.0,0.0,0.17,0.0,0.0,0.0,0.17,0.17,0.0,0.0,0.0,none_mapped,3.79,11.3,DHHL,dhhl,False,-158.16,21.46
185031026,"Upper Waianae Mountains (interior, >2 km from 46 kV)",0.17,0.0,0.0,0.0,0.0,0.17,0.0,0.0,0.0,0.17,0.17,0.0,0.0,0.0,none_mapped,3.8,11.29,DHHL,dhhl,False,-158.16,21.46
185031027,"Upper Waianae Mountains (interior, >2 km from 46 kV)",0.17,0.0,0.0,0.0,0.0,0.17,0.0,0.0,0.0,0.17,0.17,0.0,0.0,0.0,none_mapped,3.8,11.28,DHHL,dhhl,False,-158.16,21.46
185031028,"Upper Waianae Mountains (interior, >2 km from 46 kV)",0.17,0.0,0.0,0.0,0.0,0.17,0.0,0.0,0.0,0.17,0.15,0.0,0.0,0.0,none_mapped,3.81,11.28,DHHL,dhhl,False,-158.16,21.46
185031029,"Upper Waianae Mountains (interior, >2 km from 46 kV)",0.16,0.0,0.0,0.0,0.0,0.16,0.0,0.0,0.0,0.16,0.17,0.0,0.0,0.0,none_mapped,3.76,11.23,DHHL,dhhl,False,-158.16,21.46
185031030,"Upper Waianae Mountains (interior, >2 km from 46 kV)",0.17,0.0,0.0,0.0,0.0,0.17,0.0,0.0,0.0,0.17,0.17,0.0,0.0,0.0,none_mapped,3.76,11.24,DHHL,dhhl,False,-158.16,21.46
185031031,"Upper Waianae Mountains (interior, >2 km from 46 kV)",0.17,0.0,0.0,0.0,0.0,0.17,0.0,0.0,0.0,0.17,0.15,0.0,0.0,0.0,none_mapped,3.75,11.25,DHHL,dhhl,False,-158.16,21.46
185031032,"Upper Waianae Mountains (interior, >2 km from 46 kV)",0.17,0.0,0.0,0.0,0.0,0.17,0.0,0.0,0.0,0.17,0.2,0.0,0.0,0.0,none_mapped,3.75,11.26,DHHL,dhhl,False,-158.16,21.45
185031033,"Upper Waianae Mountains (interior, >2 km from 46 kV)",0.17,0.0,0.0,0.0,0.0,0.17,0.0,0.0,0.0,0.17,0.17,0.0,0.0,0.0,none_mapped,3.74,11.27,DHHL,dhhl,False,-158.16,21.45
185031034,"Upper Waianae Mountains (interior, >2 km from 46 kV)",0.16,0.0,0.0,0.0,0.0,0.16,0.0,0.0,0.0,0.16,0.15,0.0,0.0,0.0,none_mapped,3.74,11.28,DHHL,dhhl,False,-158.16,21.45
185031035,"Upper Waianae Mountains (interior, >2 km from 46 kV)",0.15,0.0,0.0,0.0,0.0,0.15,0.0,0.0,0.0,0.15,0.15,0.0,0.0,0.0,none_mapped,3.73,11.35,DHHL,dhhl,False,-158.17,21.45
185031036,"Upper Waianae Mountains (interior, >2 km from 46 kV)",0.19,0.0,0.0,0.0,0.0,0.19,0.0,0.0,0.0,0.19,0.2,0.0,0.0,0.0,none_mapped,3.71,11.32,DHHL,dhhl,False,-158.17,21.45
185031037,"Upper Waianae Mountains (interior, >2 km from 46 kV)",0.18,0.0,0.0,0.0,0.0,0.18,0.0,0.0,0.0,0.18,0.2,0.0,0.0,0.0,none_mapped,3.71,11.3,DHHL,dhhl,False,-158.17,21.45
185031038,"Upper Waianae Mountains (interior, >2 km from 46 kV)",0.18,0.0,0.0,0.0,0.0,0.18,0.0,0.0,0.0,0.18,0.15,0.0,0.0,0.0,none_mapped,3.71,11.28,DHHL,dhhl,False,-158.16,21.45
185031039,"Upper Waianae Mountains (interior, >2 km from 46 kV)",0.18,0.0,0.0,0.0,0.0,0.18,0.0,0.0,0.0,0.18,0.2,0.0,0.0,0.0,none_mapped,3.71,11.27,DHHL,dhhl,False,-158.16,21.45
185036026,"Upper Waianae Mountains (interior, >2 km from 46 kV)",0.15,0.0,0.0,0.0,0.0,0.15,0.0,0.0,0.0,0.15,0.2,0.0,0.0,0.0,none_mapped,4.07,11.22,DHHL,dhhl,False,-158.16,21.46
185031040,"Upper Waianae Mountains (interior, >2 km from 46 kV)",0.18,0.0,0.0,0.0,0.0,0.18,0.0,0.0,0.0,0.18,0.17,0.0,0.0,0.0,none_mapped,3.71,11.26,DHHL,dhhl,False,-158.16,21.45
185031041,"Upper Waianae Mountains (interior, >2 km from 46 kV)",0.17,0.0,0.0,0.0,0.0,0.17,0.0,0.0,0.0,0.17,0.17,0.0,0.0,0.0,none_mapped,3.71,11.25,DHHL,dhhl,False,-158.16,21.45
185031042,"Upper Waianae Mountains (interior, >2 km from 46 kV)",0.17,0.0,0.0,0.0,0.0,0.17,0.0,0.0,0.0,0.17,0.17,0.0,0.0,0.0,none_mapped,3.71,11.24,DHHL,dhhl,False,-158.16,21.45
185031043,"Upper Waianae Mountains (interior, >2 km from 46 kV)",0.17,0.0,0.0,0.0,0.0,0.17,0.0,0.0,0.0,0.17,0.2,0.0,0.0,0.0,none_mapped,3.71,11.22,DHHL,dhhl,False,-158.16,21.45
185031044,"Upper Waianae Mountains (interior, >2 km from 46 kV)",0.17,0.0,0.0,0.0,0.0,0.17,0.0,0.0,0.0,0.17,0.12,0.0,0.0,0.0,none_mapped,3.72,11.22,DHHL,dhhl,False,-158.16,21.45
185031045,"Upper Waianae Mountains (interior, >2 km from 46 kV)",0.17,0.0,0.0,0.0,0.0,0.17,0.0,0.0,0.0,0.17,0.2,0.0,0.0,0.0,none_mapped,3.72,11.21,DHHL,dhhl,False,-158.16,21.45
185031046,"Upper Waianae Mountains (interior, >2 km from 46 kV)",0.17,0.0,0.0,0.0,0.0,0.17,0.0,0.0,0.0,0.17,0.15,0.0,0.0,0.0,none_mapped,3.73,11.2,DHHL,dhhl,False,-158.16,21.45
185031047,"Upper Waianae Mountains (interior, >2 km from 46 kV)",0.17,0.0,0.0,0.0,0.0,0.17,0.0,0.0,0.0,0.17,0.15,0.02,0.0,0.0,none_mapped,3.68,11.16,DHHL,dhhl,False,-158.16,21.45
185031048,"Upper Waianae Mountains (interior, >2 km from 46 kV)",0.22,0.0,0.0,0.0,0.0,0.2,0.0,0.0,0.0,0.2,0.2,0.02,0.0,0.0,none_mapped,3.66,11.16,DHHL,dhhl,False,-158.16,21.45
185031049,"Upper Waianae Mountains (interior, >2 km from 46 kV)",0.18,0.0,0.0,0.0,0.0,0.18,0.0,0.0,0.0,0.18,0.17,0.0,0.0,0.0,none_mapped,3.68,11.18,DHHL,dhhl,False,-158.16,21.45
185031050,"Upper Waianae Mountains (interior, >2 km from 46 kV)",0.21,0.0,0.0,0.0,0.0,0.13,0.0,0.0,0.0,0.13,0.17,0.05,0.0,0.0,none_mapped,3.64,11.16,DHHL,dhhl,False,-158.16,21.45
185031051,"Upper Waianae Mountains (interior, >2 km from 46 kV)",0.29,0.0,0.0,0.0,0.0,0.25,0.0,0.0,0.0,0.25,0.22,0.02,0.0,0.0,none_mapped,3.62,11.16,DHHL,dhhl,False,-158.16,21.45
185031052,"Upper Waianae Mountains (interior, >2 km from 46 kV)",0.18,0.0,0.0,0.0,0.0,0.18,0.0,0.0,0.0,0.18,0.15,0.0,0.0,0.0,none_mapped,3.66,11.18,DHHL,dhhl,False,-158.16,21.45
185031053,"Upper Waianae Mountains (interior, >2 km from 46 kV)",0.18,0.0,0.0,0.0,0.0,0.18,0.0,0.0,0.0,0.18,0.17,0.0,0.0,0.0,none_mapped,3.67,11.2,DHHL,dhhl,False,-158.16,21.45
185031054,"Upper Waianae Mountains (interior, >2 km from 46 kV)",0.18,0.0,0.0,0.0,0.0,0.18,0.0,0.0,0.0,0.18,0.22,0.0,0.0,0.0,none_mapped,3.65,11.18,DHHL,dhhl,False,-158.16,21.45
185031055,"Upper Waianae Mountains (interior, >2 km from 46 kV)",0.21,0.0,0.0,0.0,0.0,0.21,0.0,0.0,0.0,0.21,0.2,0.02,0.0,0.0,none_mapped,3.62,11.17,DHHL,dhhl,False,-158.16,21.45
185031056,"Upper Waianae Mountains (interior, >2 km from 46 kV)",0.21,0.0,0.0,0.0,0.0,0.21,0.0,0.0,0.0,0.21,0.12,0.05,0.0,0.0,none_mapped,3.61,11.17,DHHL,dhhl,False,-158.16,21.45
185031057,"Upper Waianae Mountains (interior, >2 km from 46 kV)",0.2,0.0,0.0,0.0,0.0,0.2,0.0,0.0,0.0,0.2,0.17,0.02,0.02,0.0,none_mapped,3.59,11.18,DHHL,dhhl,False,-158.16,21.45
185031058,"Upper Waianae Mountains (interior, >2 km from 46 kV)",0.17,0.0,0.0,0.0,0.0,0.17,0.0,0.0,0.0,0.17,0.1,0.07,0.0,0.0,none_mapped,3.59,11.19,DHHL,dhhl,False,-158.16,21.45
185031059,"Upper Waianae Mountains (interior, >2 km from 46 kV)",0.16,0.0,0.0,0.0,0.0,0.16,0.0,0.0,0.0,0.16,0.17,0.0,0.0,0.0,none_mapped,3.58,11.21,DHHL,dhhl,False,-158.16,21.45
185031060,"Upper Waianae Mountains (interior, >2 km from 46 kV)",0.18,0.0,0.0,0.0,0.0,0.18,0.0,0.0,0.0,0.18,0.15,0.0,0.0,0.0,none_mapped,3.58,11.22,DHHL,dhhl,False,-158.17,21.45
185031061,"Upper Waianae Mountains (interior, >2 km from 46 kV)",0.2,0.0,0.0,0.0,0.0,0.2,0.0,0.0,0.0,0.2,0.22,0.0,0.0,0.0,none_mapped,3.58,11.23,DHHL,dhhl,False,-158.17,21.45
185031064,"Upper Waianae Mountains (interior, >2 km from 46 kV)",0.26,0.0,0.0,0.0,0.0,0.26,0.0,0.0,0.0,0.26,0.27,0.0,0.0,0.0,none_mapped,3.57,11.26,DHHL,dhhl,False,-158.17,21.45
185031065,"Upper Waianae Mountains (interior, >2 km from 46 kV)",0.18,0.0,0.0,0.0,0.0,0.18,0.0,0.0,0.0,0.18,0.17,0.0,0.0,0.0,none_mapped,3.61,11.28,DHHL,dhhl,False,-158.17,21.45
185031066,"Upper Waianae Mountains (interior, >2 km from 46 kV)",0.27,0.0,0.0,0.0,0.0,0.27,0.0,0.0,0.0,0.27,0.25,0.0,0.0,0.0,none_mapped,3.61,11.3,DHHL,dhhl,False,-158.17,21.45
185031067,"Upper Waianae Mountains (interior, >2 km from 46 kV)",0.21,0.0,0.0,0.0,0.0,0.21,0.0,0.0,0.0,0.21,0.25,0.0,0.0,0.0,none_mapped,3.63,11.33,DHHL,dhhl,False,-158.17,21.45
185031071,"Upper Waianae Mountains (interior, >2 km from 46 kV)",0.17,0.0,0.0,0.0,0.0,0.17,0.0,0.0,0.0,0.17,0.15,0.0,0.0,0.0,none_mapped,3.73,11.42,DHHL,dhhl,False,-158.17,21.45
185031075,"Upper Waianae Mountains (interior, >2 km from 46 kV)",0.18,0.0,0.0,0.0,0.0,0.18,0.0,0.0,0.0,0.18,0.2,0.0,0.0,0.0,none_mapped,3.66,11.32,DHHL,dhhl,False,-158.17,21.45
185031079,"Upper Waianae Mountains (interior, >2 km from 46 kV)",0.17,0.0,0.0,0.0,0.0,0.17,0.0,0.0,0.0,0.17,0.2,0.0,0.0,0.0,none_mapped,3.63,11.24,DHHL,dhhl,False,-158.17,21.45
185031080,"Upper Waianae Mountains (interior, >2 km from 46 kV)",0.17,0.0,0.0,0.0,0.0,0.17,0.0,0.0,0.0,0.17,0.15,0.0,0.0,0.0,none_mapped,3.63,11.23,DHHL,dhhl,False,-158.16,21.45
185031081,"Upper Waianae Mountains (interior, >2 km from 46 kV)",0.17,0.0,0.0,0.0,0.0,0.17,0.0,0.0,0.0,0.17,0.15,0.0,0.0,0.0,none_mapped,3.63,11.22,DHHL,dhhl,False,-158.16,21.45
185031082,"Upper Waianae Mountains (interior, >2 km from 46 kV)",0.17,0.0,0.0,0.0,0.0,0.17,0.0,0.0,0.0,0.17,0.17,0.0,0.0,0.0,none_mapped,3.64,11.22,DHHL,dhhl,False,-158.16,21.45
185031083,"Upper Waianae Mountains (interior, >2 km from 46 kV)",0.18,0.0,0.0,0.0,0.0,0.18,0.0,0.0,0.0,0.18,0.17,0.0,0.0,0.0,none_mapped,3.66,11.23,DHHL,dhhl,False,-158.16,21.45
185031084,"Upper Waianae Mountains (interior, >2 km from 46 kV)",0.17,0.0,0.0,0.0,0.0,0.17,0.0,0.0,0.0,0.17,0.22,0.0,0.0,0.0,none_mapped,3.66,11.25,DHHL,dhhl,False,-158.16,21.45
185031085,"Upper Waianae Mountains (interior, >2 km from 46 kV)",0.17,0.0,0.0,0.0,0.0,0.17,0.0,0.0,0.0,0.17,0.15,0.0,0.0,0.0,none_mapped,3.66,11.26,DHHL,dhhl,False,-158.16,21.45
185031090,"Upper Waianae Mountains (interior, >2 km from 46 kV)",0.2,0.0,0.0,0.0,0.0,0.2,0.0,0.0,0.0,0.2,0.2,0.0,0.0,0.0,none_mapped,3.71,11.36,DHHL,dhhl,False,-158.17,21.45
185032001,"Upper Waianae Mountains (interior, >2 km from 46 kV)",0.16,0.0,0.0,0.0,0.0,0.16,0.0,0.0,0.0,0.16,0.15,0.0,0.0,0.0,none_mapped,3.96,11.43,DHHL,dhhl,False,-158.16,21.46
185032002,"Upper Waianae Mountains (interior, >2 km from 46 kV)",0.17,0.0,0.0,0.0,0.0,0.17,0.0,0.0,0.0,0.17,0.17,0.0,0.0,0.0,none_mapped,4.05,11.4,DHHL,dhhl,False,-158.16,21.46
185032003,"Upper Waianae Mountains (interior, >2 km from 46 kV)",0.16,0.0,0.0,0.0,0.0,0.16,0.0,0.0,0.0,0.16,0.17,0.0,0.0,0.0,none_mapped,4.06,11.42,DHHL,dhhl,False,-158.16,21.46
185032004,"Upper Waianae Mountains (interior, >2 km from 46 kV)",0.17,0.0,0.0,0.0,0.0,0.17,0.0,0.0,0.0,0.17,0.17,0.0,0.0,0.0,none_mapped,4.08,11.44,DHHL,dhhl,False,-158.16,21.46
185032005,"Upper Waianae Mountains (interior, >2 km from 46 kV)",0.16,0.0,0.0,0.0,0.0,0.16,0.0,0.0,0.0,0.16,0.15,0.0,0.0,0.0,none_mapped,4.1,11.46,DHHL,dhhl,False,-158.16,21.46
185032006,"Upper Waianae Mountains (interior, >2 km from 46 kV)",0.16,0.0,0.0,0.0,0.0,0.16,0.0,0.0,0.0,0.16,0.15,0.0,0.0,0.0,none_mapped,4.12,11.48,DHHL,dhhl,False,-158.16,21.46
185032007,"Upper Waianae Mountains (interior, >2 km from 46 kV)",0.18,0.0,0.0,0.0,0.0,0.18,0.0,0.0,0.0,0.18,0.17,0.0,0.0,0.0,none_mapped,4.13,11.5,DHHL,dhhl,False,-158.16,21.46
185032008,"Upper Waianae Mountains (interior, >2 km from 46 kV)",0.22,0.0,0.0,0.0,0.0,0.22,0.0,0.0,0.0,0.22,0.22,0.0,0.0,0.0,none_mapped,4.16,11.51,DHHL,dhhl,False,-158.16,21.46
185036027,"Upper Waianae Mountains (interior, >2 km from 46 kV)",0.15,0.0,0.0,0.0,0.0,0.15,0.0,0.0,0.0,0.15,0.15,0.0,0.0,0.0,none_mapped,4.11,11.27,DHHL,dhhl,False,-158.16,21.46
185032009,"Upper Waianae Mountains (interior, >2 km from 46 kV)",0.3,0.0,0.0,0.0,0.0,0.3,0.0,0.0,0.0,0.3,0.27,0.02,0.02,0.0,none_mapped,4.18,11.53,DHHL,dhhl,False,-158.16,21.46
185032010,"Upper Waianae Mountains (interior, >2 km from 46 kV)",0.28,0.0,0.0,0.0,0.0,0.28,0.0,0.0,0.0,0.28,0.17,0.05,0.07,0.0,none_mapped,4.2,11.54,DHHL,dhhl,False,-158.16,21.46
185032011,"Upper Waianae Mountains (interior, >2 km from 46 kV)",0.19,0.0,0.0,0.0,0.0,0.19,0.0,0.0,0.0,0.19,0.1,0.02,0.02,0.0,none_mapped,4.22,11.55,DHHL,dhhl,False,-158.16,21.46
185032012,"Upper Waianae Mountains (interior, >2 km from 46 kV)",0.18,0.0,0.0,0.0,0.0,0.18,0.0,0.0,0.0,0.18,0.12,0.05,0.02,0.0,none_mapped,4.24,11.56,DHHL,dhhl,False,-158.16,21.46
185032013,"Upper Waianae Mountains (interior, >2 km from 46 kV)",0.2,0.0,0.0,0.0,0.0,0.2,0.0,0.0,0.0,0.2,0.1,0.1,0.0,0.0,none_mapped,4.23,11.55,DHHL,dhhl,False,-158.16,21.46
185032014,"Upper Waianae Mountains (interior, >2 km from 46 kV)",0.19,0.0,0.0,0.0,0.0,0.19,0.0,0.0,0.0,0.19,0.1,0.07,0.0,0.0,none_mapped,4.21,11.51,DHHL,dhhl,False,-158.16,21.46
185032015,"Upper Waianae Mountains (interior, >2 km from 46 kV)",0.17,0.0,0.0,0.0,0.0,0.17,0.0,0.0,0.0,0.17,0.17,0.0,0.0,0.0,none_mapped,4.2,11.51,DHHL,dhhl,False,-158.16,21.46
185032016,"Upper Waianae Mountains (interior, >2 km from 46 kV)",0.16,0.0,0.0,0.0,0.0,0.16,0.0,0.0,0.0,0.16,0.15,0.05,0.0,0.0,none_mapped,4.18,11.5,DHHL,dhhl,False,-158.16,21.46
185032017,"Upper Waianae Mountains (interior, >2 km from 46 kV)",0.16,0.0,0.0,0.0,0.0,0.16,0.0,0.0,0.0,0.16,0.15,0.02,0.0,0.0,none_mapped,4.16,11.49,DHHL,dhhl,False,-158.16,21.46
185032018,"Upper Waianae Mountains (interior, >2 km from 46 kV)",0.16,0.0,0.0,0.0,0.0,0.16,0.0,0.0,0.0,0.16,0.12,0.0,0.0,0.0,none_mapped,4.14,11.47,DHHL,dhhl,False,-158.16,21.46
185032019,"Upper Waianae Mountains (interior, >2 km from 46 kV)",0.16,0.0,0.0,0.0,0.0,0.16,0.0,0.0,0.0,0.16,0.2,0.0,0.0,0.0,none_mapped,4.12,11.45,DHHL,dhhl,False,-158.16,21.46
185032020,"Upper Waianae Mountains (interior, >2 km from 46 kV)",0.17,0.0,0.0,0.0,0.0,0.17,0.0,0.0,0.0,0.17,0.17,0.0,0.0,0.0,none_mapped,4.1,11.43,DHHL,dhhl,False,-158.16,21.46
185032021,"Upper Waianae Mountains (interior, >2 km from 46 kV)",0.16,0.0,0.0,0.0,0.0,0.16,0.0,0.0,0.0,0.16,0.2,0.0,0.0,0.0,none_mapped,4.09,11.41,DHHL,dhhl,False,-158.16,21.46
185032022,"Upper Waianae Mountains (interior, >2 km from 46 kV)",0.17,0.0,0.0,0.0,0.0,0.17,0.0,0.0,0.0,0.17,0.17,0.0,0.0,0.0,none_mapped,4.07,11.39,DHHL,dhhl,False,-158.16,21.46
185032023,"Upper Waianae Mountains (interior, >2 km from 46 kV)",0.17,0.0,0.0,0.0,0.0,0.17,0.0,0.0,0.0,0.17,0.15,0.0,0.0,0.0,none_mapped,4.08,11.38,DHHL,dhhl,False,-158.16,21.46
185032024,"Upper Waianae Mountains (interior, >2 km from 46 kV)",0.16,0.0,0.0,0.0,0.0,0.16,0.0,0.0,0.0,0.16,0.15,0.0,0.0,0.0,none_mapped,4.1,11.4,DHHL,dhhl,False,-158.16,21.46
185032026,"Upper Waianae Mountains (interior, >2 km from 46 kV)",0.15,0.0,0.0,0.0,0.0,0.15,0.0,0.0,0.0,0.15,0.12,0.0,0.0,0.0,none_mapped,4.14,11.44,DHHL,dhhl,False,-158.16,21.46
185032027,"Upper Waianae Mountains (interior, >2 km from 46 kV)",0.23,0.0,0.0,0.0,0.0,0.23,0.0,0.0,0.0,0.23,0.22,0.0,0.0,0.0,none_mapped,4.16,11.46,DHHL,dhhl,False,-158.16,21.46
185032028,"Upper Waianae Mountains (interior, >2 km from 46 kV)",0.23,0.0,0.0,0.0,0.0,0.23,0.0,0.0,0.0,0.23,0.07,0.2,0.0,0.0,none_mapped,4.18,11.46,DHHL,dhhl,False,-158.16,21.46
185032029,"Upper Waianae Mountains (interior, >2 km from 46 kV)",0.21,0.0,0.0,0.0,0.0,0.21,0.0,0.0,0.0,0.21,0.05,0.17,0.0,0.0,none_mapped,4.16,11.44,DHHL,dhhl,False,-158.16,21.46
185032030,"Upper Waianae Mountains (interior, >2 km from 46 kV)",0.17,0.0,0.0,0.0,0.0,0.17,0.0,0.0,0.0,0.17,0.17,0.0,0.0,0.0,none_mapped,4.14,11.42,DHHL,dhhl,False,-158.16,21.46
185032031,"Upper Waianae Mountains (interior, >2 km from 46 kV)",0.17,0.0,0.0,0.0,0.0,0.17,0.0,0.0,0.0,0.17,0.15,0.0,0.0,0.0,none_mapped,4.13,11.4,DHHL,dhhl,False,-158.16,21.46
185032032,"Upper Waianae Mountains (interior, >2 km from 46 kV)",0.17,0.0,0.0,0.0,0.0,0.17,0.0,0.0,0.0,0.17,0.17,0.0,0.0,0.0,none_mapped,4.11,11.38,DHHL,dhhl,False,-158.16,21.46
185032033,"Upper Waianae Mountains (interior, >2 km from 46 kV)",0.16,0.0,0.0,0.0,0.0,0.16,0.0,0.0,0.0,0.16,0.2,0.0,0.0,0.0,none_mapped,4.13,11.37,DHHL,dhhl,False,-158.16,21.46
185032034,"Upper Waianae Mountains (interior, >2 km from 46 kV)",0.24,0.0,0.0,0.0,0.0,0.24,0.0,0.0,0.0,0.24,0.07,0.15,0.0,0.0,none_mapped,4.14,11.37,DHHL,dhhl,False,-158.16,21.46
185032035,"Upper Waianae Mountains (interior, >2 km from 46 kV)",0.23,0.0,0.0,0.0,0.0,0.23,0.0,0.0,0.0,0.23,0.15,0.1,0.02,0.0,none_mapped,4.14,11.37,DHHL,dhhl,False,-158.16,21.46
185032036,"Upper Waianae Mountains (interior, >2 km from 46 kV)",0.16,0.0,0.0,0.0,0.0,0.16,0.0,0.0,0.0,0.16,0.17,0.0,0.0,0.0,none_mapped,4.14,11.37,DHHL,dhhl,False,-158.16,21.46
185032037,"Upper Waianae Mountains (interior, >2 km from 46 kV)",0.19,0.0,0.0,0.0,0.0,0.19,0.0,0.0,0.0,0.19,0.2,0.0,0.0,0.0,none_mapped,4.15,11.36,DHHL,dhhl,False,-158.16,21.46
185032038,"Upper Waianae Mountains (interior, >2 km from 46 kV)",0.16,0.0,0.0,0.0,0.0,0.16,0.0,0.0,0.0,0.16,0.15,0.0,0.0,0.0,none_mapped,4.17,11.36,DHHL,dhhl,False,-158.16,21.46
185033019,"Upper Waianae Mountains (interior, >2 km from 46 kV)",0.17,0.0,0.0,0.0,0.0,0.17,0.0,0.0,0.0,0.17,0.17,0.0,0.0,0.0,none_mapped,3.95,11.38,DHHL,dhhl,False,-158.16,21.46
185036028,"Upper Waianae Mountains (interior, >2 km from 46 kV)",0.15,0.0,0.0,0.0,0.0,0.15,0.0,0.0,0.0,0.15,0.12,0.0,0.0,0.0,none_mapped,4.12,11.27,DHHL,dhhl,False,-158.16,21.46
185032039,"Upper Waianae Mountains (interior, >2 km from 46 kV)",7.52,0.0,0.0,0.0,0.0,7.52,0.0,0.0,0.0,7.52,6.52,0.4,0.49,0.0,none_mapped,3.97,11.4,DHHL,dhhl,False,-158.16,21.46
185033001,"Upper Waianae Mountains (interior, >2 km from 46 kV)",0.2,0.0,0.0,0.0,0.0,0.2,0.0,0.0,0.0,0.2,0.17,0.0,0.0,0.0,none_mapped,4.12,11.32,DHHL,dhhl,False,-158.16,21.46
185033002,"Upper Waianae Mountains (interior, >2 km from 46 kV)",0.17,0.0,0.0,0.0,0.0,0.17,0.0,0.0,0.0,0.17,0.17,0.0,0.0,0.0,none_mapped,4.11,11.3,DHHL,dhhl,False,-158.16,21.46
185033003,"Upper Waianae Mountains (interior, >2 km from 46 kV)",0.19,0.0,0.0,0.0,0.0,0.19,0.0,0.0,0.0,0.19,0.15,0.0,0.0,0.0,none_mapped,4.09,11.27,DHHL,dhhl,False,-158.16,21.46
185033004,"Upper Waianae Mountains (interior, >2 km from 46 kV)",0.15,0.0,0.0,0.0,0.0,0.15,0.0,0.0,0.0,0.15,0.17,0.0,0.0,0.0,none_mapped,4.1,11.32,DHHL,dhhl,False,-158.16,21.46
185033005,"Upper Waianae Mountains (interior, >2 km from 46 kV)",0.16,0.0,0.0,0.0,0.0,0.16,0.0,0.0,0.0,0.16,0.15,0.0,0.0,0.0,none_mapped,4.09,11.32,DHHL,dhhl,False,-158.16,21.46
185033006,"Upper Waianae Mountains (interior, >2 km from 46 kV)",0.16,0.0,0.0,0.0,0.0,0.16,0.0,0.0,0.0,0.16,0.17,0.0,0.0,0.0,none_mapped,4.08,11.32,DHHL,dhhl,False,-158.16,21.46
185033007,"Upper Waianae Mountains (interior, >2 km from 46 kV)",0.16,0.0,0.0,0.0,0.0,0.16,0.0,0.0,0.0,0.16,0.17,0.0,0.0,0.0,none_mapped,4.07,11.32,DHHL,dhhl,False,-158.16,21.46
185033008,"Upper Waianae Mountains (interior, >2 km from 46 kV)",0.16,0.0,0.0,0.0,0.0,0.16,0.0,0.0,0.0,0.16,0.17,0.0,0.0,0.0,none_mapped,4.06,11.33,DHHL,dhhl,False,-158.16,21.46
185033124,"Upper Waianae Mountains (interior, >2 km from 46 kV)",0.18,0.0,0.0,0.0,0.0,0.18,0.0,0.0,0.0,0.18,0.2,0.0,0.0,0.0,none_mapped,3.91,11.11,DHHL,dhhl,False,-158.16,21.46
185033125,"Upper Waianae Mountains (interior, >2 km from 46 kV)",0.19,0.0,0.0,0.0,0.0,0.19,0.0,0.0,0.0,0.19,0.15,0.02,0.0,0.0,none_mapped,3.89,11.1,DHHL,dhhl,False,-158.16,21.46
185033126,"Upper Waianae Mountains (interior, >2 km from 46 kV)",0.22,0.0,0.0,0.0,0.0,0.22,0.0,0.0,0.0,0.22,0.22,0.0,0.0,0.0,none_mapped,3.87,11.1,DHHL,dhhl,False,-158.16,21.46
185033127,"Upper Waianae Mountains (interior, >2 km from 46 kV)",0.23,0.0,0.0,0.0,0.0,0.23,0.0,0.0,0.0,0.23,0.15,0.05,0.0,0.0,none_mapped,3.84,11.1,DHHL,dhhl,False,-158.16,21.46
185033128,"Upper Waianae Mountains (interior, >2 km from 46 kV)",0.23,0.0,0.0,0.0,0.0,0.23,0.0,0.0,0.0,0.23,0.15,0.05,0.0,0.0,none_mapped,3.83,11.1,DHHL,dhhl,False,-158.16,21.46
185033129,"Upper Waianae Mountains (interior, >2 km from 46 kV)",0.2,0.0,0.0,0.0,0.0,0.2,0.0,0.0,0.0,0.2,0.15,0.05,0.0,0.0,none_mapped,3.81,11.1,DHHL,dhhl,False,-158.16,21.46
185033130,"Upper Waianae Mountains (interior, >2 km from 46 kV)",0.2,0.0,0.0,0.0,0.0,0.2,0.0,0.0,0.0,0.2,0.17,0.05,0.0,0.0,none_mapped,3.8,11.11,DHHL,dhhl,False,-158.16,21.46
185033131,"Upper Waianae Mountains (interior, >2 km from 46 kV)",0.18,0.0,0.0,0.0,0.0,0.18,0.0,0.0,0.0,0.18,0.15,0.05,0.0,0.0,none_mapped,3.79,11.11,DHHL,dhhl,False,-158.16,21.46
185033132,"Upper Waianae Mountains (interior, >2 km from 46 kV)",0.2,0.0,0.0,0.0,0.0,0.2,0.0,0.0,0.0,0.2,0.2,0.0,0.0,0.0,none_mapped,3.78,11.12,DHHL,dhhl,False,-158.16,21.46
185033133,"Upper Waianae Mountains (interior, >2 km from 46 kV)",0.19,0.0,0.0,0.0,0.0,0.19,0.0,0.0,0.0,0.19,0.17,0.02,0.0,0.0,none_mapped,3.76,11.13,DHHL,dhhl,False,-158.16,21.46
185033134,"Upper Waianae Mountains (interior, >2 km from 46 kV)",0.2,0.0,0.0,0.0,0.0,0.2,0.0,0.0,0.0,0.2,0.15,0.02,0.0,0.0,none_mapped,3.75,11.13,DHHL,dhhl,False,-158.16,21.46
185033135,"Upper Waianae Mountains (interior, >2 km from 46 kV)",0.22,0.0,0.0,0.0,0.0,0.22,0.0,0.0,0.0,0.22,0.17,0.05,0.0,0.0,none_mapped,3.74,11.14,DHHL,dhhl,False,-158.16,21.46
185033136,"Upper Waianae Mountains (interior, >2 km from 46 kV)",0.24,0.0,0.0,0.0,0.0,0.24,0.0,0.0,0.0,0.24,0.2,0.05,0.0,0.0,none_mapped,3.7,11.16,DHHL,dhhl,False,-158.16,21.45
185034001,"Upper Waianae Mountains (interior, >2 km from 46 kV)",4.99,0.0,0.0,0.0,0.0,4.47,0.0,0.0,0.0,4.47,2.87,1.73,0.42,0.0,none_mapped,4.8,12.51,State of Hawaii (agency unspecified),state,False,-158.17,21.46
185034002,"Upper Waianae Mountains (interior, >2 km from 46 kV)",10.18,0.0,0.0,0.0,0.0,10.18,0.0,0.0,0.0,10.18,4.97,3.78,1.48,0.0,none_mapped,4.9,12.59,State of Hawaii (agency unspecified),state,False,-158.18,21.46
185034003,"Upper Waianae Mountains (interior, >2 km from 46 kV)",6.57,0.0,0.0,0.0,0.0,6.57,0.0,0.0,0.0,6.57,4.55,1.73,0.4,4.09,tropical_fruits,4.92,12.63,State of Hawaii (agency unspecified),state,False,-158.18,21.46
185034004,"Upper Waianae Mountains (interior, >2 km from 46 kV)",7.27,0.0,0.0,0.0,0.0,7.27,0.0,0.0,0.0,7.27,4.52,2.64,0.12,2.17,tropical_fruits,5.08,12.78,State of Hawaii (agency unspecified),state,False,-158.18,21.46
185034005,"Upper Waianae Mountains (interior, >2 km from 46 kV)",6.12,0.0,0.0,0.0,0.0,6.12,0.0,0.0,0.0,6.12,3.83,2.22,0.05,4.09,diversified_crop,5.27,12.94,State of Hawaii (agency unspecified),state,False,-158.18,21.46
185034006,"Upper Waianae Mountains (interior, >2 km from 46 kV)",12.38,0.0,0.0,0.0,0.0,12.38,0.0,0.0,0.0,12.38,0.89,8.77,2.72,0.0,none_mapped,5.4,13.06,State of Hawaii (agency unspecified),state,False,-158.18,21.46
185034007,"Upper Waianae Mountains (interior, >2 km from 46 kV)",6.88,0.0,0.0,0.0,0.0,6.88,0.0,0.0,0.0,6.88,1.66,3.9,1.16,1.69,diversified_crop,5.36,13.03,State of Hawaii (agency unspecified),state,False,-158.18,21.46
185034008,"Upper Waianae Mountains (interior, >2 km from 46 kV)",9.58,0.0,0.0,0.0,0.0,9.58,0.0,0.0,0.0,9.58,1.16,8.3,0.25,1.55,flowers_foliage_landscape,5.25,12.94,State of Hawaii (agency unspecified),state,False,-158.18,21.46
185034009,"Upper Waianae Mountains (interior, >2 km from 46 kV)",8.88,0.0,0.0,0.0,0.0,8.88,0.0,0.0,0.0,8.88,2.1,6.62,0.2,1.87,flowers_foliage_landscape,5.18,12.87,State of Hawaii - DLNR,state,False,-158.18,21.46
185034010,"Upper Waianae Mountains (interior, >2 km from 46 kV)",10.83,0.0,0.0,0.0,0.0,10.83,0.0,0.0,0.0,10.83,2.74,7.29,0.79,0.0,none_mapped,5.12,12.83,State of Hawaii (agency unspecified),state,False,-158.18,21.46
185034011,"Upper Waianae Mountains (interior, >2 km from 46 kV)",5.88,0.0,0.0,0.0,0.0,5.88,0.0,0.0,0.0,5.88,0.72,5.04,0.12,0.0,none_mapped,5.13,12.84,State of Hawaii (agency unspecified),state,False,-158.18,21.46
185034012,"Upper Waianae Mountains (interior, >2 km from 46 kV)",10.6,0.0,0.0,0.0,0.0,10.6,0.0,0.0,0.0,10.6,2.82,7.66,0.02,6.58,diversified_crop,5.02,12.68,State of Hawaii (agency unspecified),state,False,-158.18,21.47
185034013,"Upper Waianae Mountains (interior, >2 km from 46 kV)",8.08,0.0,0.0,0.0,0.0,8.08,0.0,0.0,0.0,8.08,3.8,4.13,0.35,4.79,diversified_crop,5.01,12.62,State of Hawaii (agency unspecified),state,False,-158.17,21.47
185034014,"Upper Waianae Mountains (interior, >2 km from 46 kV)",13.14,0.0,0.0,0.0,0.0,13.14,0.0,0.0,0.0,13.14,5.41,7.14,0.22,6.6,tropical_fruits,4.99,12.51,State of Hawaii (agency unspecified),state,False,-158.17,21.47
185034015,"Upper Waianae Mountains (interior, >2 km from 46 kV)",6.0,0.0,0.0,0.0,0.0,6.0,0.0,0.0,0.0,6.0,3.21,2.79,0.0,0.3,diversified_crop,4.89,12.36,State of Hawaii (agency unspecified),state,False,-158.17,21.46
185034016,"Upper Waianae Mountains (interior, >2 km from 46 kV)",6.41,0.0,0.0,0.0,0.0,6.41,0.0,0.0,0.0,6.41,5.93,0.52,0.0,0.0,none_mapped,4.88,12.45,State of Hawaii (agency unspecified),state,False,-158.17,21.46
185034017,"Upper Waianae Mountains (interior, >2 km from 46 kV)",9.41,0.0,0.0,0.0,0.0,9.4,0.0,0.0,0.0,9.4,6.82,2.57,0.05,3.79,diversified_crop,4.8,12.31,State of Hawaii (agency unspecified),state,False,-158.17,21.46
185034018,"Upper Waianae Mountains (interior, >2 km from 46 kV)",0.79,0.0,0.0,0.0,0.0,0.79,0.0,0.0,0.0,0.79,0.25,0.4,0.17,0.0,none_mapped,5.2,12.52,State of Hawaii (agency unspecified),state,False,-158.17,21.47
185034019,"Upper Waianae Mountains (interior, >2 km from 46 kV)",0.39,0.0,0.0,0.0,0.0,0.39,0.0,0.0,0.0,0.39,0.02,0.2,0.17,0.0,none_mapped,5.27,12.63,State of Hawaii (agency unspecified),state,False,-158.17,21.47
185034020,"Upper Waianae Mountains (interior, >2 km from 46 kV)",4.43,0.0,0.0,0.0,0.0,4.42,0.0,0.0,0.0,4.42,3.14,1.06,0.02,0.0,none_mapped,4.8,12.5,State of Hawaii (agency unspecified),state,False,-158.18,21.46
185035011,"Upper Waianae Mountains (interior, >2 km from 46 kV)",0.13,0.0,0.0,0.0,0.0,0.0,0.0,0.0,0.0,0.0,0.12,0.0,0.0,0.0,none_mapped,4.1,11.58,"Moniz,Alan P",individual,False,-158.18,21.45
185035012,"Upper Waianae Mountains (interior, >2 km from 46 kV)",0.12,0.0,0.0,0.0,0.0,0.0,0.0,0.0,0.0,0.0,0.1,0.0,0.0,0.0,none_mapped,4.08,11.55,"Aipia,Donald K",individual,False,-158.18,21.45
185035013,"Upper Waianae Mountains (interior, >2 km from 46 kV)",0.12,0.0,0.0,0.0,0.0,0.0,0.0,0.0,0.0,0.0,0.12,0.0,0.0,0.0,none_mapped,4.06,11.54,"Enright,Richard Jr/Lin M H Tr",individual,False,-158.18,21.45
185035021,"Upper Waianae Mountains (interior, >2 km from 46 kV)",1.46,0.0,0.0,0.0,0.0,0.0,0.0,0.0,0.0,0.0,1.58,0.0,0.0,0.0,none_mapped,4.17,11.61,Plantation Bk Llc,corporate_ag,False,-158.18,21.45
185035022,"Upper Waianae Mountains (interior, >2 km from 46 kV)",2.87,0.01,0.0,0.0,0.0,0.0,0.0,0.0,0.0,0.0,2.89,0.0,0.0,0.0,none_mapped,4.21,11.65,Keola Hoomalu Associates,nonprofit,False,-158.18,21.45
185035024,"Upper Waianae Mountains (interior, >2 km from 46 kV)",0.14,0.14,0.0,0.0,0.0,0.0,0.0,0.0,0.0,0.0,0.15,0.0,0.0,0.0,none_mapped,4.22,11.73,"Ryan,Charmaine B",individual,False,-158.18,21.45
185035025,"Upper Waianae Mountains (interior, >2 km from 46 kV)",0.14,0.14,0.0,0.0,0.0,0.0,0.0,0.0,0.0,0.0,0.15,0.0,0.0,0.0,none_mapped,4.24,11.74,"Kaululaau,James D",individual,False,-158.18,21.45
185035026,"Upper Waianae Mountains (interior, >2 km from 46 kV)",0.14,0.14,0.0,0.0,0.0,0.0,0.0,0.0,0.0,0.0,0.15,0.0,0.0,0.0,none_mapped,4.25,11.74,"Lafua,Rosalina T",individual,False,-158.18,21.45
185035027,"Upper Waianae Mountains (interior, >2 km from 46 kV)",0.15,0.15,0.0,0.0,0.0,0.0,0.0,0.0,0.0,0.0,0.12,0.0,0.0,0.0,none_mapped,4.26,11.74,"Burns,Henry F Jr",individual,False,-158.18,21.45
185035028,"Upper Waianae Mountains (interior, >2 km from 46 kV)",0.17,0.17,0.0,0.0,0.0,0.0,0.0,0.0,0.0,0.0,0.17,0.0,0.0,0.0,none_mapped,4.26,11.74,"Kalahiki,Brenda-Lee P",individual,False,-158.18,21.45
185035029,"Upper Waianae Mountains (interior, >2 km from 46 kV)",0.14,0.14,0.0,0.0,0.0,0.0,0.0,0.0,0.0,0.0,0.12,0.0,0.0,0.0,none_mapped,4.25,11.74,"Maunakea,2001 Alexis K K Tr",unknown,False,-158.18,21.45
185035030,"Upper Waianae Mountains (interior, >2 km from 46 kV)",0.16,0.16,0.0,0.0,0.0,0.0,0.0,0.0,0.0,0.0,0.17,0.0,0.0,0.0,none_mapped,4.21,11.69,"Asuncion,Robert A",individual,False,-158.18,21.45
185035031,"Upper Waianae Mountains (interior, >2 km from 46 kV)",0.19,0.19,0.0,0.0,0.0,0.0,0.0,0.0,0.0,0.0,0.2,0.0,0.0,0.0,none_mapped,4.2,11.69,"Kaauwai,David K",individual,False,-158.18,21.45
185035032,"Upper Waianae Mountains (interior, >2 km from 46 kV)",0.19,0.19,0.0,0.0,0.0,0.0,0.0,0.0,0.0,0.0,0.2,0.0,0.0,0.0,none_mapped,4.2,11.69,"Desoto,Ronald P F Sr Tr",individual,False,-158.18,21.45
185035033,"Upper Waianae Mountains (interior, >2 km from 46 kV)",0.13,0.13,0.0,0.0,0.0,0.0,0.0,0.0,0.0,0.0,0.12,0.0,0.0,0.0,none_mapped,4.17,11.66,"Belaski,Ronaldo A",individual,False,-158.18,21.45
185035034,"Upper Waianae Mountains (interior, >2 km from 46 kV)",0.14,0.14,0.0,0.0,0.0,0.0,0.0,0.0,0.0,0.0,0.17,0.0,0.0,0.0,none_mapped,4.17,11.66,"Robello,Robert G",individual,False,-158.18,21.45
185035035,"Upper Waianae Mountains (interior, >2 km from 46 kV)",0.19,0.19,0.0,0.0,0.0,0.0,0.0,0.0,0.0,0.0,0.15,0.0,0.0,0.0,none_mapped,4.16,11.65,"Victorino,Dell E",individual,False,-158.18,21.45
185035036,"Upper Waianae Mountains (interior, >2 km from 46 kV)",0.19,0.19,0.0,0.0,0.0,0.0,0.0,0.0,0.0,0.0,0.2,0.0,0.0,0.0,none_mapped,4.12,11.6,"Abell,Joe L",individual,False,-158.18,21.45
185035037,"Upper Waianae Mountains (interior, >2 km from 46 kV)",0.14,0.14,0.0,0.0,0.0,0.0,0.0,0.0,0.0,0.0,0.12,0.0,0.0,0.0,none_mapped,4.12,11.61,"Frias,Keith E",individual,False,-158.18,21.45
185035038,"Upper Waianae Mountains (interior, >2 km from 46 kV)",0.14,0.14,0.0,0.0,0.0,0.0,0.0,0.0,0.0,0.0,0.17,0.0,0.0,0.0,none_mapped,4.12,11.61,"Hauhio,Cheryl A",individual,False,-158.18,21.45
185035039,"Upper Waianae Mountains (interior, >2 km from 46 kV)",0.13,0.13,0.0,0.0,0.0,0.0,0.0,0.0,0.0,0.0,0.12,0.0,0.0,0.0,none_mapped,4.08,11.58,"Loughmiller,I H/L A K Loughmiller Tr",individual,False,-158.18,21.45
185035040,"Upper Waianae Mountains (interior, >2 km from 46 kV)",0.14,0.14,0.0,0.0,0.0,0.0,0.0,0.0,0.0,0.0,0.12,0.0,0.0,0.0,none_mapped,4.09,11.58,"Guzman,Edwin Tr",individual,False,-158.18,21.45
185035041,"Upper Waianae Mountains (interior, >2 km from 46 kV)",0.17,0.17,0.0,0.0,0.0,0.0,0.0,0.0,0.0,0.0,0.2,0.0,0.0,0.0,none_mapped,4.08,11.57,"Kaiwi,Family Tr 2008",individual,False,-158.18,21.45
185035042,"Upper Waianae Mountains (interior, >2 km from 46 kV)",0.19,0.19,0.0,0.0,0.0,0.0,0.0,0.0,0.0,0.0,0.2,0.0,0.0,0.0,none_mapped,4.04,11.53,"Romero,Michael S",individual,False,-158.18,21.45
185035043,"Upper Waianae Mountains (interior, >2 km from 46 kV)",0.14,0.14,0.0,0.0,0.0,0.0,0.0,0.0,0.0,0.0,0.15,0.0,0.0,0.0,none_mapped,4.04,11.53,"Panui,Leighton S K",individual,False,-158.18,21.45
185035044,"Upper Waianae Mountains (interior, >2 km from 46 kV)",0.14,0.14,0.0,0.0,0.0,0.0,0.0,0.0,0.0,0.0,0.12,0.0,0.0,0.0,none_mapped,4.04,11.53,"Yamamoto,Bruce M",individual,False,-158.18,21.45
185035045,"Upper Waianae Mountains (interior, >2 km from 46 kV)",0.14,0.14,0.0,0.0,0.0,0.0,0.0,0.0,0.0,0.0,0.12,0.0,0.0,0.0,none_mapped,4.01,11.5,Consuelo Zobel Alger Fdn,nonprofit,False,-158.18,21.45
185035046,"Upper Waianae Mountains (interior, >2 km from 46 kV)",0.18,0.18,0.0,0.0,0.0,0.0,0.0,0.0,0.0,0.0,0.15,0.0,0.0,0.0,none_mapped,4.0,11.5,Consuelo Zobel Alger Fdn,nonprofit,False,-158.18,21.45
185035047,"Upper Waianae Mountains (interior, >2 km from 46 kV)",0.18,0.18,0.0,0.0,0.0,0.0,0.0,0.0,0.0,0.0,0.2,0.0,0.0,0.0,none_mapped,3.96,11.46,Consuelo Zobel Alger Fdn,nonprofit,False,-158.18,21.45
185035048,"Upper Waianae Mountains (interior, >2 km from 46 kV)",0.16,0.16,0.0,0.0,0.0,0.0,0.0,0.0,0.0,0.0,0.17,0.0,0.0,0.0,none_mapped,3.94,11.45,"Yamamoto,Mitsuji",individual,False,-158.18,21.45
185035049,"Upper Waianae Mountains (interior, >2 km from 46 kV)",0.15,0.15,0.0,0.0,0.0,0.0,0.0,0.0,0.0,0.0,0.15,0.0,0.0,0.0,none_mapped,3.96,11.46,"Oliva,Danson J",individual,False,-158.18,21.45
185035050,"Upper Waianae Mountains (interior, >2 km from 46 kV)",0.14,0.14,0.0,0.0,0.0,0.0,0.0,0.0,0.0,0.0,0.12,0.0,0.0,0.0,none_mapped,3.97,11.48,"Canionero,Jesse A E",individual,False,-158.18,21.45
185035051,"Upper Waianae Mountains (interior, >2 km from 46 kV)",0.14,0.14,0.0,0.0,0.0,0.0,0.0,0.0,0.0,0.0,0.1,0.0,0.0,0.0,none_mapped,4.0,11.51,Consuelo Zobel Alger Fdn,nonprofit,False,-158.18,21.45
185035052,"Upper Waianae Mountains (interior, >2 km from 46 kV)",0.14,0.14,0.0,0.0,0.0,0.0,0.0,0.0,0.0,0.0,0.17,0.0,0.0,0.0,none_mapped,4.02,11.52,"Kamakele,Travis-Dean M",individual,False,-158.18,21.45
185035053,"Upper Waianae Mountains (interior, >2 km from 46 kV)",0.14,0.14,0.0,0.0,0.0,0.0,0.0,0.0,0.0,0.0,0.15,0.0,0.0,0.0,none_mapped,4.04,11.54,"Martin,Michael V",individual,False,-158.18,21.45
185035054,"Upper Waianae Mountains (interior, >2 km from 46 kV)",0.15,0.15,0.0,0.0,0.0,0.0,0.0,0.0,0.0,0.0,0.15,0.0,0.0,0.0,none_mapped,4.05,11.56,"Burke,Evan J",individual,False,-158.18,21.45
185035055,"Upper Waianae Mountains (interior, >2 km from 46 kV)",0.15,0.15,0.0,0.0,0.0,0.0,0.0,0.0,0.0,0.0,0.15,0.0,0.0,0.0,none_mapped,4.03,11.54,Consuelo Zobel Alger Fdn,nonprofit,False,-158.18,21.45
185035056,"Upper Waianae Mountains (interior, >2 km from 46 kV)",0.14,0.14,0.0,0.0,0.0,0.0,0.0,0.0,0.0,0.0,0.1,0.0,0.0,0.0,none_mapped,4.01,11.52,Consuelo Zobel Alger Fdn,nonprofit,False,-158.18,21.45
185035057,"Upper Waianae Mountains (interior, >2 km from 46 kV)",0.18,0.18,0.0,0.0,0.0,0.0,0.0,0.0,0.0,0.0,0.22,0.0,0.0,0.0,none_mapped,3.98,11.5,"Canionero,Lloyd A",individual,False,-158.18,21.45
185035058,"Upper Waianae Mountains (interior, >2 km from 46 kV)",0.13,0.13,0.0,0.0,0.0,0.0,0.0,0.0,0.0,0.0,0.12,0.0,0.0,0.0,none_mapped,4.08,11.59,"Frederick,Joseph S K",individual,False,-158.18,21.45
185035059,"Upper Waianae Mountains (interior, >2 km from 46 kV)",0.14,0.14,0.0,0.0,0.0,0.0,0.0,0.0,0.0,0.0,0.15,0.0,0.0,0.0,none_mapped,4.08,11.59,"Vierra,Stephen R",individual,False,-158.18,21.45
185035060,"Upper Waianae Mountains (interior, >2 km from 46 kV)",0.12,0.12,0.0,0.0,0.0,0.0,0.0,0.0,0.0,0.0,0.12,0.0,0.0,0.0,none_mapped,4.11,11.62,Consuelo Zobel Alger Fdn,nonprofit,False,-158.18,21.45
185035061,"Upper Waianae Mountains (interior, >2 km from 46 kV)",0.16,0.16,0.0,0.0,0.0,0.0,0.0,0.0,0.0,0.0,0.15,0.0,0.0,0.0,none_mapped,4.12,11.63,"Bradley,Candace L Tr",individual,False,-158.18,21.45
185036008,"Upper Waianae Mountains (interior, >2 km from 46 kV)",0.19,0.0,0.0,0.0,0.0,0.19,0.0,0.0,0.0,0.19,0.2,0.0,0.0,0.0,none_mapped,4.24,11.33,DHHL,dhhl,False,-158.16,21.46
185035063,"Upper Waianae Mountains (interior, >2 km from 46 kV)",0.8,0.8,0.0,0.0,0.0,0.0,0.0,0.0,0.0,0.0,0.82,0.0,0.0,0.0,none_mapped,4.14,11.65,Ke Aka Ho'Ona Association,nonprofit,False,-158.18,21.45
185035064,"Upper Waianae Mountains (interior, >2 km from 46 kV)",0.14,0.14,0.0,0.0,0.0,0.0,0.0,0.0,0.0,0.0,0.15,0.0,0.0,0.0,none_mapped,4.23,11.74,Consuelo Zobel Alger Fdn,nonprofit,False,-158.18,21.45
185035065,"Upper Waianae Mountains (interior, >2 km from 46 kV)",0.14,0.14,0.0,0.0,0.0,0.0,0.0,0.0,0.0,0.0,0.15,0.0,0.0,0.0,none_mapped,4.22,11.73,Consuelo Zobel Alger Fdn,nonprofit,False,-158.18,21.45
185035067,"Upper Waianae Mountains (interior, >2 km from 46 kV)",0.14,0.14,0.0,0.0,0.0,0.0,0.0,0.0,0.0,0.0,0.12,0.0,0.0,0.0,none_mapped,4.21,11.73,"Kalipi,Zelda L",individual,False,-158.18,21.45
185035068,"Upper Waianae Mountains (interior, >2 km from 46 kV)",0.14,0.14,0.0,0.0,0.0,0.0,0.0,0.0,0.0,0.0,0.12,0.0,0.0,0.0,none_mapped,4.2,11.72,"Verano,Frank M",individual,False,-158.18,21.45
185035069,"Upper Waianae Mountains (interior, >2 km from 46 kV)",0.14,0.14,0.0,0.0,0.0,0.0,0.0,0.0,0.0,0.0,0.15,0.0,0.0,0.0,none_mapped,4.2,11.72,"Palakiko,Robert K P",individual,False,-158.18,21.45
185035070,"Upper Waianae Mountains (interior, >2 km from 46 kV)",0.14,0.14,0.0,0.0,0.0,0.0,0.0,0.0,0.0,0.0,0.15,0.0,0.0,0.0,none_mapped,4.19,11.72,Consuelo Zobel Alger Fdn,nonprofit,False,-158.18,21.45
185035071,"Upper Waianae Mountains (interior, >2 km from 46 kV)",0.09,0.09,0.0,0.0,0.0,0.0,0.0,0.0,0.0,0.0,0.07,0.0,0.0,0.0,none_mapped,4.18,11.72,"Gabriel,Marie L K",individual,False,-158.18,21.45
185035072,"Upper Waianae Mountains (interior, >2 km from 46 kV)",0.09,0.09,0.0,0.0,0.0,0.0,0.0,0.0,0.0,0.0,0.1,0.0,0.0,0.0,none_mapped,4.18,11.72,Consuelo Zobel Alger Fdn,nonprofit,False,-158.18,21.45
185035073,"Upper Waianae Mountains (interior, >2 km from 46 kV)",0.09,0.09,0.0,0.0,0.0,0.0,0.0,0.0,0.0,0.0,0.07,0.0,0.0,0.0,none_mapped,4.18,11.72,Consuelo Zobel Alger Fdn,nonprofit,False,-158.18,21.45
185035074,"Upper Waianae Mountains (interior, >2 km from 46 kV)",0.09,0.09,0.0,0.0,0.0,0.0,0.0,0.0,0.0,0.0,0.1,0.0,0.0,0.0,none_mapped,4.17,11.71,"Paaluhi,Francine K",individual,False,-158.18,21.45
185035075,"Upper Waianae Mountains (interior, >2 km from 46 kV)",0.09,0.09,0.0,0.0,0.0,0.0,0.0,0.0,0.0,0.0,0.1,0.0,0.0,0.0,none_mapped,4.17,11.71,"Silva,Royce K",individual,False,-158.18,21.45
185035076,"Upper Waianae Mountains (interior, >2 km from 46 kV)",0.09,0.08,0.0,0.0,0.0,0.0,0.0,0.0,0.0,0.0,0.07,0.0,0.0,0.0,none_mapped,4.16,11.71,Consuelo Zobel Alger Fdn,nonprofit,False,-158.18,21.45
185035077,"Upper Waianae Mountains (interior, >2 km from 46 kV)",0.1,0.02,0.0,0.0,0.0,0.0,0.0,0.0,0.0,0.0,0.07,0.0,0.0,0.0,none_mapped,4.16,11.7,Consuelo Zobel Alger Fdn,nonprofit,False,-158.18,21.45
185035079,"Upper Waianae Mountains (interior, >2 km from 46 kV)",0.12,0.0,0.0,0.0,0.0,0.0,0.0,0.0,0.0,0.0,0.12,0.0,0.0,0.0,none_mapped,4.12,11.67,"Torres,Darren K",individual,False,-158.18,21.45
185035080,"Upper Waianae Mountains (interior, >2 km from 46 kV)",0.09,0.07,0.0,0.0,0.0,0.0,0.0,0.0,0.0,0.0,0.12,0.0,0.0,0.0,none_mapped,4.13,11.67,Consuelo Zobel Alger Fdn,nonprofit,False,-158.18,21.45
185035081,"Upper Waianae Mountains (interior, >2 km from 46 kV)",0.09,0.09,0.0,0.0,0.0,0.0,0.0,0.0,0.0,0.0,0.07,0.0,0.0,0.0,none_mapped,4.13,11.67,Consuelo Zobel Alger Fdn,nonprofit,False,-158.18,21.45
185035082,"Upper Waianae Mountains (interior, >2 km from 46 kV)",0.09,0.09,0.0,0.0,0.0,0.0,0.0,0.0,0.0,0.0,0.1,0.0,0.0,0.0,none_mapped,4.14,11.67,"Meyers,Alfred W K",individual,False,-158.18,21.45
185035083,"Upper Waianae Mountains (interior, >2 km from 46 kV)",0.14,0.14,0.0,0.0,0.0,0.0,0.0,0.0,0.0,0.0,0.12,0.0,0.0,0.0,none_mapped,4.14,11.67,"Alimoot,Dennis",individual,False,-158.18,21.45
185035084,"Upper Waianae Mountains (interior, >2 km from 46 kV)",0.13,0.13,0.0,0.0,0.0,0.0,0.0,0.0,0.0,0.0,0.12,0.0,0.0,0.0,none_mapped,4.12,11.65,"Kwiatkowski,Luke A",individual,False,-158.18,21.45
185035085,"Upper Waianae Mountains (interior, >2 km from 46 kV)",0.14,0.14,0.0,0.0,0.0,0.0,0.0,0.0,0.0,0.0,0.12,0.0,0.0,0.0,none_mapped,4.11,11.65,Consuelo Zobel Alger Fdn,nonprofit,False,-158.18,21.45
185035086,"Upper Waianae Mountains (interior, >2 km from 46 kV)",0.13,0.13,0.0,0.0,0.0,0.0,0.0,0.0,0.0,0.0,0.15,0.0,0.0,0.0,none_mapped,4.09,11.62,"Lopes,Lance M",individual,False,-158.18,21.45
185035087,"Upper Waianae Mountains (interior, >2 km from 46 kV)",0.13,0.13,0.0,0.0,0.0,0.0,0.0,0.0,0.0,0.0,0.17,0.0,0.0,0.0,none_mapped,4.07,11.6,Consuelo Zobel Alger Fdn,nonprofit,False,-158.18,21.45
185035088,"Upper Waianae Mountains (interior, >2 km from 46 kV)",0.14,0.14,0.0,0.0,0.0,0.0,0.0,0.0,0.0,0.0,0.15,0.0,0.0,0.0,none_mapped,4.08,11.6,"Horswill,Jonathan P N",individual,False,-158.18,21.45
185035089,"Upper Waianae Mountains (interior, >2 km from 46 kV)",0.12,0.12,0.0,0.0,0.0,0.0,0.0,0.0,0.0,0.0,0.1,0.0,0.0,0.0,none_mapped,4.09,11.61,"Hauhio,August K",individual,False,-158.18,21.45
185035090,"Upper Waianae Mountains (interior, >2 km from 46 kV)",0.13,0.13,0.0,0.0,0.0,0.0,0.0,0.0,0.0,0.0,0.1,0.0,0.0,0.0,none_mapped,4.07,11.59,"Alama,Samuel K Tr",individual,False,-158.18,21.45
185035091,"Upper Waianae Mountains (interior, >2 km from 46 kV)",0.14,0.14,0.0,0.0,0.0,0.0,0.0,0.0,0.0,0.0,0.1,0.0,0.0,0.0,none_mapped,4.06,11.58,"Uyeda,Thomas K",individual,False,-158.18,21.45
185035092,"Upper Waianae Mountains (interior, >2 km from 46 kV)",0.14,0.14,0.0,0.0,0.0,0.0,0.0,0.0,0.0,0.0,0.15,0.0,0.0,0.0,none_mapped,4.03,11.56,"Sakamoto,Dennis I Jr",individual,False,-158.18,21.45
185036024,"Upper Waianae Mountains (interior, >2 km from 46 kV)",0.15,0.0,0.0,0.0,0.0,0.15,0.0,0.0,0.0,0.15,0.15,0.0,0.0,0.0,none_mapped,4.09,11.22,DHHL,dhhl,False,-158.16,21.46
185035093,"Upper Waianae Mountains (interior, >2 km from 46 kV)",0.14,0.14,0.0,0.0,0.0,0.0,0.0,0.0,0.0,0.0,0.15,0.0,0.0,0.0,none_mapped,4.01,11.53,"Smith,Keoni W L",individual,False,-158.18,21.45
185035094,"Upper Waianae Mountains (interior, >2 km from 46 kV)",0.12,0.12,0.0,0.0,0.0,0.0,0.0,0.0,0.0,0.0,0.12,0.0,0.0,0.0,none_mapped,4.1,11.61,Consuelo Zobel Alger Fdn,nonprofit,False,-158.18,21.45
185035095,"Upper Waianae Mountains (interior, >2 km from 46 kV)",0.16,0.16,0.0,0.0,0.0,0.0,0.0,0.0,0.0,0.0,0.17,0.0,0.0,0.0,none_mapped,4.11,11.63,Consuelo Zobel Alger Fdn,nonprofit,False,-158.18,21.45
185035096,"Upper Waianae Mountains (interior, >2 km from 46 kV)",0.14,0.14,0.0,0.0,0.0,0.0,0.0,0.0,0.0,0.0,0.2,0.0,0.0,0.0,none_mapped,4.13,11.65,Consuelo Zobel Alger Fdn,nonprofit,False,-158.18,21.45
185035097,"Upper Waianae Mountains (interior, >2 km from 46 kV)",0.14,0.14,0.0,0.0,0.0,0.0,0.0,0.0,0.0,0.0,0.12,0.0,0.0,0.0,none_mapped,4.14,11.66,"Alcantra,Iokepa R",individual,False,-158.18,21.45
185035098,"Upper Waianae Mountains (interior, >2 km from 46 kV)",0.12,0.12,0.0,0.0,0.0,0.0,0.0,0.0,0.0,0.0,0.12,0.0,0.0,0.0,none_mapped,4.15,11.68,Consuelo Zobel Alger Fdn,nonprofit,False,-158.18,21.45
185035099,"Upper Waianae Mountains (interior, >2 km from 46 kV)",0.12,0.12,0.0,0.0,0.0,0.0,0.0,0.0,0.0,0.0,0.12,0.0,0.0,0.0,none_mapped,4.16,11.68,Consuelo Zobel Alger Fdn,nonprofit,False,-158.18,21.45
185035100,"Upper Waianae Mountains (interior, >2 km from 46 kV)",0.12,0.12,0.0,0.0,0.0,0.0,0.0,0.0,0.0,0.0,0.12,0.0,0.0,0.0,none_mapped,4.16,11.68,Consuelo Zobel Alger Fdn,nonprofit,False,-158.18,21.45
185035101,"Upper Waianae Mountains (interior, >2 km from 46 kV)",0.14,0.14,0.0,0.0,0.0,0.0,0.0,0.0,0.0,0.0,0.12,0.0,0.0,0.0,none_mapped,4.17,11.68,"Pokipala,Benjamin",individual,False,-158.18,21.45
185035103,"Upper Waianae Mountains (interior, >2 km from 46 kV)",1.46,0.0,0.0,0.0,0.0,0.0,0.0,0.0,0.0,0.0,1.33,0.0,0.0,0.0,none_mapped,4.13,11.57,"Tacub,Vernie A Trust",individual,False,-158.18,21.45
185036001,"Upper Waianae Mountains (interior, >2 km from 46 kV)",0.17,0.0,0.0,0.0,0.0,0.17,0.0,0.0,0.0,0.17,0.1,0.02,0.02,0.0,none_mapped,4.18,11.35,DHHL,dhhl,False,-158.16,21.46
185036002,"Upper Waianae Mountains (interior, >2 km from 46 kV)",0.18,0.0,0.0,0.0,0.0,0.18,0.0,0.0,0.0,0.18,0.12,0.0,0.02,0.0,none_mapped,4.19,11.35,DHHL,dhhl,False,-158.16,21.46
185036003,"Upper Waianae Mountains (interior, >2 km from 46 kV)",0.18,0.0,0.0,0.0,0.0,0.18,0.0,0.0,0.0,0.18,0.15,0.02,0.02,0.0,none_mapped,4.2,11.35,DHHL,dhhl,False,-158.16,21.46
185036004,"Upper Waianae Mountains (interior, >2 km from 46 kV)",0.18,0.0,0.0,0.0,0.0,0.18,0.0,0.0,0.0,0.18,0.1,0.02,0.0,0.0,none_mapped,4.21,11.35,DHHL,dhhl,False,-158.16,21.46
185036005,"Upper Waianae Mountains (interior, >2 km from 46 kV)",0.18,0.0,0.0,0.0,0.0,0.18,0.0,0.0,0.0,0.18,0.15,0.02,0.0,0.0,none_mapped,4.22,11.35,DHHL,dhhl,False,-158.16,21.46
185036006,"Upper Waianae Mountains (interior, >2 km from 46 kV)",0.18,0.0,0.0,0.0,0.0,0.18,0.0,0.0,0.0,0.18,0.12,0.05,0.0,0.0,none_mapped,4.23,11.34,DHHL,dhhl,False,-158.16,21.46
185036007,"Upper Waianae Mountains (interior, >2 km from 46 kV)",0.22,0.0,0.0,0.0,0.0,0.22,0.0,0.0,0.0,0.22,0.2,0.0,0.0,0.0,none_mapped,4.26,11.34,DHHL,dhhl,False,-158.16,21.46
185036009,"Upper Waianae Mountains (interior, >2 km from 46 kV)",0.28,0.0,0.0,0.0,0.0,0.28,0.0,0.0,0.0,0.28,0.25,0.02,0.0,0.0,none_mapped,4.29,11.35,DHHL,dhhl,False,-158.16,21.46
185036010,"Upper Waianae Mountains (interior, >2 km from 46 kV)",0.17,0.0,0.0,0.0,0.0,0.17,0.0,0.0,0.0,0.17,0.15,0.0,0.0,0.0,none_mapped,4.27,11.32,DHHL,dhhl,False,-158.16,21.46
185036011,"Upper Waianae Mountains (interior, >2 km from 46 kV)",0.17,0.0,0.0,0.0,0.0,0.17,0.0,0.0,0.0,0.17,0.17,0.0,0.0,0.0,none_mapped,4.25,11.31,DHHL,dhhl,False,-158.16,21.46
185036013,"Upper Waianae Mountains (interior, >2 km from 46 kV)",0.15,0.0,0.0,0.0,0.0,0.15,0.0,0.0,0.0,0.15,0.15,0.0,0.0,0.0,none_mapped,4.29,11.31,DHHL,dhhl,False,-158.16,21.46
185036014,"Upper Waianae Mountains (interior, >2 km from 46 kV)",0.15,0.0,0.0,0.0,0.0,0.15,0.0,0.0,0.0,0.15,0.12,0.0,0.0,0.0,none_mapped,4.27,11.29,DHHL,dhhl,False,-158.16,21.46
185036015,"Upper Waianae Mountains (interior, >2 km from 46 kV)",0.16,0.0,0.0,0.0,0.0,0.16,0.0,0.0,0.0,0.16,0.15,0.0,0.0,0.0,none_mapped,4.25,11.28,DHHL,dhhl,False,-158.16,21.46
185036016,"Upper Waianae Mountains (interior, >2 km from 46 kV)",0.16,0.0,0.0,0.0,0.0,0.16,0.0,0.0,0.0,0.16,0.15,0.0,0.0,0.0,none_mapped,4.21,11.25,DHHL,dhhl,False,-158.16,21.46
185036017,"Upper Waianae Mountains (interior, >2 km from 46 kV)",0.16,0.0,0.0,0.0,0.0,0.16,0.0,0.0,0.0,0.16,0.17,0.0,0.0,0.0,none_mapped,4.19,11.24,DHHL,dhhl,False,-158.16,21.46
185036018,"Upper Waianae Mountains (interior, >2 km from 46 kV)",0.16,0.0,0.0,0.0,0.0,0.16,0.0,0.0,0.0,0.16,0.15,0.0,0.0,0.0,none_mapped,4.17,11.22,DHHL,dhhl,False,-158.16,21.46
185036019,"Upper Waianae Mountains (interior, >2 km from 46 kV)",0.16,0.0,0.0,0.0,0.0,0.16,0.0,0.0,0.0,0.16,0.15,0.0,0.0,0.0,none_mapped,4.15,11.22,DHHL,dhhl,False,-158.16,21.46
185036020,"Upper Waianae Mountains (interior, >2 km from 46 kV)",0.16,0.0,0.0,0.0,0.0,0.16,0.0,0.0,0.0,0.16,0.17,0.0,0.0,0.0,none_mapped,4.13,11.21,DHHL,dhhl,False,-158.16,21.46
185036021,"Upper Waianae Mountains (interior, >2 km from 46 kV)",0.16,0.0,0.0,0.0,0.0,0.16,0.0,0.0,0.0,0.16,0.15,0.0,0.0,0.0,none_mapped,4.12,11.21,DHHL,dhhl,False,-158.16,21.46
185036022,"Upper Waianae Mountains (interior, >2 km from 46 kV)",0.16,0.0,0.0,0.0,0.0,0.16,0.0,0.0,0.0,0.16,0.17,0.0,0.0,0.0,none_mapped,4.11,11.21,DHHL,dhhl,False,-158.16,21.46
185036023,"Upper Waianae Mountains (interior, >2 km from 46 kV)",0.15,0.0,0.0,0.0,0.0,0.15,0.0,0.0,0.0,0.15,0.1,0.0,0.0,0.0,none_mapped,4.1,11.22,DHHL,dhhl,False,-158.16,21.46
185036030,"Upper Waianae Mountains (interior, >2 km from 46 kV)",0.17,0.0,0.0,0.0,0.0,0.17,0.0,0.0,0.0,0.17,0.15,0.0,0.0,0.0,none_mapped,4.15,11.3,DHHL,dhhl,False,-158.16,21.46
185036031,"Upper Waianae Mountains (interior, >2 km from 46 kV)",0.16,0.0,0.0,0.0,0.0,0.16,0.0,0.0,0.0,0.16,0.2,0.0,0.0,0.0,none_mapped,4.14,11.3,DHHL,dhhl,False,-158.16,21.46
185036032,"Upper Waianae Mountains (interior, >2 km from 46 kV)",0.15,0.0,0.0,0.0,0.0,0.15,0.0,0.0,0.0,0.15,0.12,0.0,0.0,0.0,none_mapped,4.14,11.3,DHHL,dhhl,False,-158.16,21.46
185036034,"Upper Waianae Mountains (interior, >2 km from 46 kV)",3.0,0.0,0.0,0.0,0.0,3.0,0.0,0.0,0.0,3.0,3.02,0.0,0.0,0.0,none_mapped,4.08,11.1,DHHL,dhhl,False,-158.16,21.46
185037002,"Upper Waianae Mountains (interior, >2 km from 46 kV)",0.12,0.12,0.0,0.0,0.0,0.0,0.0,0.0,0.0,0.0,0.15,0.0,0.0,0.0,none_mapped,4.29,11.79,DHHL,dhhl,False,-158.18,21.45
185037003,"Upper Waianae Mountains (interior, >2 km from 46 kV)",0.16,0.16,0.0,0.0,0.0,0.0,0.0,0.0,0.0,0.0,0.17,0.0,0.0,0.0,none_mapped,4.3,11.79,DHHL,dhhl,False,-158.18,21.45
185037004,"Upper Waianae Mountains (interior, >2 km from 46 kV)",0.13,0.13,0.0,0.0,0.0,0.0,0.0,0.0,0.0,0.0,0.12,0.0,0.0,0.0,none_mapped,4.32,11.81,DHHL,dhhl,False,-158.18,21.45
185037005,"Upper Waianae Mountains (interior, >2 km from 46 kV)",0.12,0.12,0.0,0.0,0.0,0.0,0.0,0.0,0.0,0.0,0.1,0.0,0.0,0.0,none_mapped,4.34,11.83,DHHL,dhhl,False,-158.18,21.45
185037006,"Upper Waianae Mountains (interior, >2 km from 46 kV)",0.12,0.12,0.0,0.0,0.0,0.0,0.0,0.0,0.0,0.0,0.12,0.0,0.0,0.0,none_mapped,4.33,11.83,DHHL,dhhl,False,-158.18,21.45
185037007,"Upper Waianae Mountains (interior, >2 km from 46 kV)",0.12,0.12,0.0,0.0,0.0,0.0,0.0,0.0,0.0,0.0,0.15,0.0,0.0,0.0,none_mapped,4.32,11.82,DHHL,dhhl,False,-158.18,21.45
185037008,"Upper Waianae Mountains (interior, >2 km from 46 kV)",0.12,0.12,0.0,0.0,0.0,0.0,0.0,0.0,0.0,0.0,0.12,0.0,0.0,0.0,none_mapped,4.32,11.82,DHHL,dhhl,False,-158.18,21.45
185037009,"Upper Waianae Mountains (interior, >2 km from 46 kV)",0.12,0.12,0.0,0.0,0.0,0.0,0.0,0.0,0.0,0.0,0.1,0.0,0.0,0.0,none_mapped,4.31,11.82,DHHL,dhhl,False,-158.18,21.45
185037010,"Upper Waianae Mountains (interior, >2 km from 46 kV)",0.12,0.12,0.0,0.0,0.0,0.0,0.0,0.0,0.0,0.0,0.1,0.0,0.0,0.0,none_mapped,4.3,11.82,DHHL,dhhl,False,-158.18,21.45
185037011,"Upper Waianae Mountains (interior, >2 km from 46 kV)",0.12,0.1,0.0,0.0,0.0,0.02,0.0,0.0,0.0,0.02,0.15,0.0,0.0,0.0,none_mapped,4.29,11.81,DHHL,dhhl,False,-158.18,21.45
185037012,"Upper Waianae Mountains (interior, >2 km from 46 kV)",0.12,0.04,0.0,0.0,0.0,0.08,0.0,0.0,0.0,0.08,0.1,0.0,0.0,0.0,none_mapped,4.29,11.81,DHHL,dhhl,False,-158.18,21.45
185037013,"Upper Waianae Mountains (interior, >2 km from 46 kV)",0.12,0.11,0.0,0.0,0.0,0.01,0.0,0.0,0.0,0.01,0.12,0.0,0.0,0.0,none_mapped,4.28,11.81,DHHL,dhhl,False,-158.18,21.45
185037014,"Upper Waianae Mountains (interior, >2 km from 46 kV)",0.12,0.12,0.0,0.0,0.0,0.0,0.0,0.0,0.0,0.0,0.12,0.0,0.0,0.0,none_mapped,4.28,11.81,DHHL,dhhl,False,-158.18,21.45
185037015,"Upper Waianae Mountains (interior, >2 km from 46 kV)",0.12,0.12,0.0,0.0,0.0,0.0,0.0,0.0,0.0,0.0,0.12,0.0,0.0,0.0,none_mapped,4.25,11.78,DHHL,dhhl,False,-158.18,21.45
185037016,"Upper Waianae Mountains (interior, >2 km from 46 kV)",0.13,0.13,0.0,0.0,0.0,0.0,0.0,0.0,0.0,0.0,0.15,0.0,0.0,0.0,none_mapped,4.23,11.76,DHHL,dhhl,False,-158.18,21.45
185037017,"Upper Waianae Mountains (interior, >2 km from 46 kV)",0.13,0.13,0.0,0.0,0.0,0.0,0.0,0.0,0.0,0.0,0.12,0.0,0.0,0.0,none_mapped,4.24,11.77,DHHL,dhhl,False,-158.18,21.45
185037018,"Upper Waianae Mountains (interior, >2 km from 46 kV)",0.13,0.13,0.0,0.0,0.0,0.0,0.0,0.0,0.0,0.0,0.15,0.0,0.0,0.0,none_mapped,4.25,11.77,DHHL,dhhl,False,-158.18,21.45
185037019,"Upper Waianae Mountains (interior, >2 km from 46 kV)",0.13,0.13,0.0,0.0,0.0,0.0,0.0,0.0,0.0,0.0,0.1,0.0,0.0,0.0,none_mapped,4.26,11.78,DHHL,dhhl,False,-158.18,21.45
185037020,"Upper Waianae Mountains (interior, >2 km from 46 kV)",0.13,0.13,0.0,0.0,0.0,0.0,0.0,0.0,0.0,0.0,0.12,0.0,0.0,0.0,none_mapped,4.26,11.78,DHHL,dhhl,False,-158.18,21.45
185037023,"Upper Waianae Mountains (interior, >2 km from 46 kV)",0.12,0.12,0.0,0.0,0.0,0.0,0.0,0.0,0.0,0.0,0.1,0.0,0.0,0.0,none_mapped,4.29,11.79,DHHL,dhhl,False,-158.18,21.45
185037024,"Upper Waianae Mountains (interior, >2 km from 46 kV)",0.12,0.12,0.0,0.0,0.0,0.0,0.0,0.0,0.0,0.0,0.15,0.0,0.0,0.0,none_mapped,4.27,11.78,DHHL,dhhl,False,-158.18,21.45
186004015,"Upper Waianae Mountains (interior, >2 km from 46 kV)",0.99,0.0,0.0,0.0,0.0,0.99,0.0,0.0,0.0,0.99,1.01,0.0,0.0,0.0,none_mapped,3.73,10.24,"Mai,Hoang Thi",individual,False,-158.15,21.46
185037025,"Upper Waianae Mountains (interior, >2 km from 46 kV)",0.75,0.74,0.0,0.0,0.0,0.0,0.0,0.0,0.0,0.0,0.74,0.0,0.0,0.0,none_mapped,4.26,11.78,DHHL,dhhl,False,-158.18,21.45
186001001,"Upper Waianae Mountains (interior, >2 km from 46 kV)",99.07,0.0,0.0,0.0,0.0,35.06,0.0,0.0,0.0,35.06,15.57,16.43,67.14,0.0,none_mapped,2.05,9.46,DHHL,dhhl,False,-158.17,21.44
186001011,"Upper Waianae Mountains (interior, >2 km from 46 kV)",12.15,0.0,0.0,0.0,0.0,0.0,0.0,0.0,0.0,0.0,5.29,5.49,1.33,0.0,none_mapped,2.79,10.39,Zyj Property Llc,corporate_other,False,-158.17,21.44
186005001,"Upper Waianae Mountains (interior, >2 km from 46 kV)",9.96,0.0,9.09,0.0,0.0,0.87,1.0,1.99,9.09,0.87,9.93,0.02,0.0,0.0,none_mapped,2.41,8.93,"Osullivan,Christopher K M",individual,False,-158.15,21.44
186001051,"Upper Waianae Mountains (interior, >2 km from 46 kV)",6.52,0.03,0.0,0.0,0.0,6.49,0.0,0.0,0.0,6.49,6.01,0.52,0.0,0.0,none_mapped,2.56,10.18,DHHL,dhhl,False,-158.17,21.44
186001052,"Upper Waianae Mountains (interior, >2 km from 46 kV)",3.55,0.43,0.0,0.0,0.0,3.12,0.0,0.0,0.0,3.12,3.01,0.54,0.0,0.0,none_mapped,2.4,10.02,DHHL,dhhl,False,-158.17,21.44
186003057,"Upper Waianae Mountains (interior, >2 km from 46 kV)",2.96,0.0,0.0,0.0,0.0,1.7,0.0,0.0,0.0,1.7,0.22,0.67,2.1,0.0,none_mapped,3.01,10.73,DHHL,dhhl,False,-158.17,21.45
186003008,"Upper Waianae Mountains (interior, >2 km from 46 kV)",34.77,0.0,0.0,0.0,0.0,20.24,0.0,0.0,0.0,20.24,2.54,8.75,23.45,0.0,none_mapped,2.72,10.32,DHHL,dhhl,False,-158.17,21.44
186003009,"Upper Waianae Mountains (interior, >2 km from 46 kV)",32.56,0.0,0.0,0.0,0.0,32.43,0.0,0.0,0.0,32.43,13.81,7.46,10.95,0.17,pasture,4.6,10.5,DHHL,dhhl,False,-158.15,21.46
186003018,"Upper Waianae Mountains (interior, >2 km from 46 kV)",1.77,0.0,1.77,0.0,0.0,0.0,0.18,0.35,1.77,0.0,1.73,0.0,0.0,0.0,none_mapped,3.1,9.83,"Sonognini-Hewlen,Momi M Tr",individual,False,-158.15,21.45
186003019,"Upper Waianae Mountains (interior, >2 km from 46 kV)",6.92,0.0,6.92,0.0,0.0,0.0,0.69,1.38,6.92,0.0,6.92,0.0,0.0,5.9,diversified_crop,2.98,9.62,"Guerrero,Howard L Tr Est",individual,False,-158.15,21.45
186003021,"Upper Waianae Mountains (interior, >2 km from 46 kV)",2.0,0.0,2.0,0.0,0.0,0.0,0.2,0.4,2.0,0.0,2.0,0.0,0.0,1.47,diversified_crop,2.79,9.54,"Medlin,Rod P/Monica M Tr",individual,False,-158.15,21.45
186003022,"Upper Waianae Mountains (interior, >2 km from 46 kV)",27.54,0.0,0.0,0.0,0.0,27.54,0.0,0.0,0.0,27.54,23.7,3.85,0.02,0.0,none_mapped,3.79,10.19,DHHL,dhhl,False,-158.15,21.46
186003027,"Upper Waianae Mountains (interior, >2 km from 46 kV)",5.32,0.0,0.0,0.0,0.0,3.25,0.0,0.0,0.0,3.25,1.56,2.72,0.82,0.0,none_mapped,4.14,10.5,DHHL,dhhl,False,-158.15,21.46
186003029,"Upper Waianae Mountains (interior, >2 km from 46 kV)",10.29,0.0,10.29,0.0,0.0,0.0,1.03,2.06,10.29,0.0,10.3,0.0,0.0,8.11,diversified_crop,3.09,9.61,"Wang,Xiao Q",individual,False,-158.15,21.45
186003058,"Upper Waianae Mountains (interior, >2 km from 46 kV)",3.44,0.0,0.0,0.0,0.0,2.08,0.0,0.0,0.0,2.08,0.17,0.86,2.35,0.0,none_mapped,3.06,10.78,DHHL,dhhl,False,-158.17,21.45
186004016,"Upper Waianae Mountains (interior, >2 km from 46 kV)",12.05,0.0,2.6,0.0,0.0,9.45,1.2,2.41,2.6,9.45,11.96,0.05,0.0,3.04,diversified_crop,3.56,9.99,Alternative Structures Intl,unknown,False,-158.15,21.45
186003042,"Upper Waianae Mountains (interior, >2 km from 46 kV)",227.18,0.0,0.54,0.0,0.0,226.59,0.54,0.54,0.54,226.59,223.9,2.15,1.11,0.0,none_mapped,2.44,8.66,United States of America,federal,True,-158.15,21.45
186003048,"Upper Waianae Mountains (interior, >2 km from 46 kV)",1.98,0.0,1.98,0.0,0.0,0.0,0.2,0.4,1.98,0.0,2.0,0.0,0.0,0.0,none_mapped,3.06,9.58,"Okada,Edwin S",individual,False,-158.15,21.45
186003050,"Upper Waianae Mountains (interior, >2 km from 46 kV)",3.02,0.0,3.02,0.0,0.0,0.0,0.3,0.6,3.02,0.0,3.02,0.0,0.0,0.0,none_mapped,3.09,9.52,"Ragmat,Matthew",individual,False,-158.15,21.45
186003053,"Upper Waianae Mountains (interior, >2 km from 46 kV)",4.88,0.0,4.88,0.0,0.0,0.0,0.49,0.98,4.88,0.0,4.89,0.0,0.0,2.93,diversified_crop,2.75,9.42,"Okabe,Benjamin T Tr",individual,False,-158.15,21.45
186003054,"Upper Waianae Mountains (interior, >2 km from 46 kV)",2.42,0.0,2.42,0.0,0.0,0.0,0.24,0.48,2.42,0.0,2.4,0.0,0.0,0.0,none_mapped,2.85,9.37,"Okabe,Ronald T Tr",individual,False,-158.15,21.45
186003055,"Upper Waianae Mountains (interior, >2 km from 46 kV)",2.63,0.0,2.59,0.0,0.0,0.04,0.26,0.53,2.59,0.04,2.62,0.0,0.0,0.44,diversified_crop,2.85,9.33,"Okabe,Ronald T Tr",individual,False,-158.15,21.45
186003056,"Upper Waianae Mountains (interior, >2 km from 46 kV)",3.21,0.0,0.0,0.0,0.0,1.63,0.0,0.0,0.0,1.63,0.0,0.82,2.42,0.0,none_mapped,2.97,10.68,DHHL,dhhl,False,-158.17,21.45
186003059,"Upper Waianae Mountains (interior, >2 km from 46 kV)",2.72,0.0,0.0,0.0,0.0,1.59,0.0,0.0,0.0,1.59,0.3,0.39,2.0,0.0,none_mapped,3.11,10.83,DHHL,dhhl,False,-158.17,21.45
186003060,"Upper Waianae Mountains (interior, >2 km from 46 kV)",2.94,0.0,0.0,0.0,0.0,2.04,0.0,0.0,0.0,2.04,0.54,0.49,1.9,0.0,none_mapped,3.14,10.86,DHHL,dhhl,False,-158.17,21.45
186003061,"Upper Waianae Mountains (interior, >2 km from 46 kV)",4.09,0.0,0.0,0.0,0.0,2.45,0.0,0.0,0.0,2.45,0.54,0.62,2.92,0.0,none_mapped,3.18,10.9,DHHL,dhhl,False,-158.17,21.45
186003062,"Upper Waianae Mountains (interior, >2 km from 46 kV)",2.81,0.0,0.0,0.0,0.0,1.93,0.0,0.0,0.0,1.93,0.47,0.49,1.83,0.0,none_mapped,3.21,10.93,DHHL,dhhl,False,-158.17,21.45
186003063,"Upper Waianae Mountains (interior, >2 km from 46 kV)",2.87,0.0,0.0,0.0,0.0,1.9,0.0,0.0,0.0,1.9,0.1,0.91,1.83,0.0,none_mapped,3.24,10.95,DHHL,dhhl,False,-158.17,21.45
186003064,"Upper Waianae Mountains (interior, >2 km from 46 kV)",2.81,0.0,0.0,0.0,0.0,1.88,0.0,0.0,0.0,1.88,0.27,0.67,1.88,0.0,none_mapped,3.27,10.98,DHHL,dhhl,False,-158.16,21.45
186003065,"Upper Waianae Mountains (interior, >2 km from 46 kV)",3.27,0.0,0.0,0.0,0.0,2.06,0.0,0.0,0.0,2.06,0.15,0.64,2.45,0.0,none_mapped,3.3,10.98,DHHL,dhhl,False,-158.16,21.45
186003066,"Upper Waianae Mountains (interior, >2 km from 46 kV)",3.11,0.0,0.0,0.0,0.0,2.03,0.0,0.0,0.0,2.03,0.0,0.52,2.62,0.0,none_mapped,3.34,10.97,DHHL,dhhl,False,-158.16,21.45
186004014,"Upper Waianae Mountains (interior, >2 km from 46 kV)",0.45,0.0,0.0,0.0,0.0,0.45,0.0,0.0,0.0,0.45,0.44,0.0,0.0,0.0,none_mapped,3.69,10.32,"Moniz,Cassie A Tr",individual,False,-158.15,21.46
186003067,"Upper Waianae Mountains (interior, >2 km from 46 kV)",2.21,0.0,0.0,0.0,0.0,1.49,0.0,0.0,0.0,1.49,0.1,0.45,1.61,0.0,none_mapped,3.38,10.96,DHHL,dhhl,False,-158.16,21.45
186003068,"Upper Waianae Mountains (interior, >2 km from 46 kV)",2.29,0.0,0.0,0.0,0.0,1.67,0.0,0.0,0.0,1.67,0.12,0.62,1.48,0.0,none_mapped,3.42,10.95,DHHL,dhhl,False,-158.16,21.45
186003069,"Upper Waianae Mountains (interior, >2 km from 46 kV)",2.45,0.0,0.0,0.0,0.0,1.88,0.0,0.0,0.0,1.88,0.05,1.19,1.31,0.0,none_mapped,3.45,10.94,DHHL,dhhl,False,-158.16,21.45
186003070,"Upper Waianae Mountains (interior, >2 km from 46 kV)",2.44,0.0,0.0,0.0,0.0,1.83,0.0,0.0,0.0,1.83,0.02,1.04,1.33,0.0,none_mapped,3.48,10.92,DHHL,dhhl,False,-158.16,21.45
186003071,"Upper Waianae Mountains (interior, >2 km from 46 kV)",3.11,0.0,0.0,0.0,0.0,1.88,0.0,0.0,0.0,1.88,0.07,1.04,2.03,0.0,none_mapped,3.5,10.9,DHHL,dhhl,False,-158.16,21.45
186003072,"Upper Waianae Mountains (interior, >2 km from 46 kV)",2.46,0.0,0.0,0.0,0.0,1.64,0.0,0.0,0.0,1.64,0.05,1.01,1.43,0.0,none_mapped,3.51,10.88,DHHL,dhhl,False,-158.16,21.45
186003073,"Upper Waianae Mountains (interior, >2 km from 46 kV)",2.46,0.0,0.0,0.0,0.0,1.63,0.0,0.0,0.0,1.63,0.02,1.21,1.24,0.0,none_mapped,3.52,10.86,DHHL,dhhl,False,-158.16,21.45
186003074,"Upper Waianae Mountains (interior, >2 km from 46 kV)",3.28,0.0,0.0,0.0,0.0,2.19,0.0,0.0,0.0,2.19,0.1,1.48,1.68,0.0,none_mapped,3.54,10.82,DHHL,dhhl,False,-158.16,21.45
186003075,"Upper Waianae Mountains (interior, >2 km from 46 kV)",109.32,0.0,0.0,0.0,0.0,47.3,0.0,0.0,0.0,47.3,4.37,31.88,73.27,0.0,none_mapped,3.55,10.51,DHHL,dhhl,False,-158.15,21.46
186004001,"Upper Waianae Mountains (interior, >2 km from 46 kV)",12.04,0.0,10.38,0.0,0.0,1.66,1.2,2.41,10.38,1.66,12.06,0.0,0.0,0.0,none_mapped,3.21,9.7,"Arakaki,Keith T",individual,False,-158.15,21.45
186004003,"Upper Waianae Mountains (interior, >2 km from 46 kV)",11.92,0.0,6.52,0.0,0.0,5.4,1.19,2.38,6.52,5.4,11.17,0.77,0.0,2.31,diversified_crop,3.44,9.9,Alternative Structures Intl,unknown,False,-158.15,21.45
186004004,"Upper Waianae Mountains (interior, >2 km from 46 kV)",0.46,0.0,0.0,0.0,0.0,0.46,0.0,0.0,0.0,0.46,0.47,0.0,0.0,0.0,none_mapped,3.7,10.3,"Patten,Gerald/Judy Tr",individual,False,-158.15,21.46
186004005,"Upper Waianae Mountains (interior, >2 km from 46 kV)",0.88,0.0,0.0,0.0,0.0,0.88,0.0,0.0,0.0,0.88,0.86,0.0,0.0,0.0,none_mapped,3.74,10.35,"Lenz,Michael J",individual,False,-158.15,21.46
186004006,"Upper Waianae Mountains (interior, >2 km from 46 kV)",0.99,0.0,0.0,0.0,0.0,0.99,0.0,0.0,0.0,0.99,0.91,0.1,0.0,0.0,none_mapped,3.7,10.28,"Alcantra,Gwendolyn H",individual,False,-158.15,21.46
186004007,"Upper Waianae Mountains (interior, >2 km from 46 kV)",1.0,0.0,0.0,0.0,0.0,1.0,0.0,0.0,0.0,1.0,0.89,0.05,0.0,0.0,none_mapped,3.72,10.26,"Salas,Jesus/Pilar Trust",individual,False,-158.15,21.46
186004008,"Upper Waianae Mountains (interior, >2 km from 46 kV)",0.99,0.0,0.0,0.0,0.0,0.99,0.0,0.0,0.0,0.99,0.96,0.02,0.0,0.0,none_mapped,3.74,10.21,"Taogoshi,Richard T",individual,False,-158.15,21.46
186004009,"Upper Waianae Mountains (interior, >2 km from 46 kV)",1.0,0.0,0.0,0.0,0.0,1.0,0.0,0.0,0.0,1.0,0.86,0.15,0.0,0.0,none_mapped,3.75,10.19,"Hill,George T",individual,False,-158.15,21.46
186004010,"Upper Waianae Mountains (interior, >2 km from 46 kV)",1.0,0.0,0.0,0.0,0.0,1.0,0.0,0.0,0.0,1.0,0.94,0.02,0.0,0.0,none_mapped,3.77,10.15,"O'Neill,Michael J",individual,False,-158.15,21.46
186004011,"Upper Waianae Mountains (interior, >2 km from 46 kV)",1.01,0.0,0.0,0.0,0.0,1.01,0.0,0.0,0.0,1.01,1.04,0.0,0.0,0.0,none_mapped,3.78,10.12,"Rivera,Clayton A",individual,False,-158.15,21.46
186004012,"Upper Waianae Mountains (interior, >2 km from 46 kV)",0.98,0.0,0.0,0.0,0.0,0.98,0.0,0.0,0.0,0.98,0.86,0.12,0.0,0.0,none_mapped,3.76,10.17,"Nebreja,Juliana",individual,False,-158.15,21.46
186004013,"Upper Waianae Mountains (interior, >2 km from 46 kV)",1.01,0.0,0.0,0.0,0.0,1.01,0.0,0.0,0.0,1.01,1.01,0.0,0.0,0.0,none_mapped,3.8,10.1,"Rivera,Clayton A",individual,False,-158.15,21.46
186005002,"Upper Waianae Mountains (interior, >2 km from 46 kV)",6.16,0.0,6.16,0.0,0.0,0.0,0.62,1.23,6.16,0.0,6.15,0.0,0.0,3.72,flowers_foliage_landscape,2.31,9.01,Hachi Ko Ventures Llc,corporate_other,False,-158.15,21.44
186022051,"Upper Waianae Mountains (interior, >2 km from 46 kV)",0.15,0.0,0.0,0.0,0.0,0.0,0.0,0.0,0.0,0.0,0.17,0.0,0.0,0.0,none_mapped,2.78,10.38,"Baltazar,Daniel",individual,False,-158.17,21.44
186022052,"Upper Waianae Mountains (interior, >2 km from 46 kV)",0.13,0.0,0.0,0.0,0.0,0.0,0.0,0.0,0.0,0.0,0.12,0.0,0.0,0.0,none_mapped,2.77,10.37,"Bonner,Dynell L",individual,False,-158.17,21.44
186022053,"Upper Waianae Mountains (interior, >2 km from 46 kV)",0.12,0.0,0.0,0.0,0.0,0.0,0.0,0.0,0.0,0.0,0.1,0.0,0.0,0.0,none_mapped,2.77,10.36,"Crocker,Richard H Trust",individual,False,-158.17,21.44
186022054,"Upper Waianae Mountains (interior, >2 km from 46 kV)",0.13,0.0,0.0,0.0,0.0,0.01,0.0,0.0,0.0,0.01,0.15,0.0,0.0,0.0,none_mapped,2.76,10.35,"Levin,Shahrashad Z",individual,False,-158.17,21.44
186022055,"Upper Waianae Mountains (interior, >2 km from 46 kV)",0.19,0.0,0.0,0.0,0.0,0.01,0.0,0.0,0.0,0.01,0.17,0.0,0.0,0.0,none_mapped,2.75,10.33,"Kaululaau,Germaine",individual,False,-158.17,21.44
187023026,"Upper Waianae Mountains (interior, >2 km from 46 kV)",1.01,0.0,0.0,0.0,0.0,0.0,0.0,0.0,0.0,0.0,1.04,0.0,0.0,0.0,none_mapped,2.15,7.48,"Lukela,Kelly A",individual,False,-158.17,21.41
187023027,"Upper Waianae Mountains (interior, >2 km from 46 kV)",1.38,0.0,0.0,0.0,0.0,0.0,0.0,0.0,0.0,0.0,1.38,0.0,0.0,0.0,none_mapped,2.12,7.52,"Fernandez,Stephen J Sr",individual,False,-158.17,21.41
186027032,"Upper Waianae Mountains (interior, >2 km from 46 kV)",0.14,0.0,0.0,0.0,0.0,0.0,0.0,0.0,0.0,0.0,0.15,0.0,0.0,0.0,none_mapped,2.65,10.12,"Nacapoy,Brandon W K",individual,False,-158.17,21.44
187003004,"Upper Waianae Mountains (interior, >2 km from 46 kV)",0.7,0.0,0.0,0.0,0.0,0.01,0.0,0.0,0.0,0.01,0.69,0.0,0.0,0.0,none_mapped,2.21,9.41,Maile Point Properties Llc,corporate_other,False,-158.17,21.43
187003024,"Upper Waianae Mountains (interior, >2 km from 46 kV)",3.64,0.0,0.0,0.0,0.0,0.01,0.0,0.0,0.0,0.01,3.61,0.0,0.0,0.0,none_mapped,2.04,9.22,Maile Point Properties Llc,corporate_other,False,-158.17,21.43
187003025,"Upper Waianae Mountains (interior, >2 km from 46 kV)",0.24,0.0,0.0,0.0,0.0,0.01,0.0,0.0,0.0,0.01,0.3,0.0,0.0,0.0,none_mapped,2.09,9.29,Maile Point Properties Llc,corporate_other,False,-158.17,21.43
187003032,"Upper Waianae Mountains (interior, >2 km from 46 kV)",2.68,0.0,2.63,0.0,0.0,0.0,0.27,0.54,2.63,0.0,2.69,0.0,0.0,1.12,diversified_crop,2.01,9.15,"Ojerio,Alejandro M Tr Est",individual,False,-158.17,21.43
187003061,"Upper Waianae Mountains (interior, >2 km from 46 kV)",4.16,0.0,0.0,0.0,0.0,0.56,0.0,0.0,0.0,0.56,3.01,1.19,0.0,0.0,none_mapped,2.08,9.3,City & County of Honolulu,county,False,-158.18,21.43
187003073,"Upper Waianae Mountains (interior, >2 km from 46 kV)",1.07,0.0,1.06,0.0,0.0,0.0,0.11,0.22,1.06,0.0,1.06,0.0,0.0,0.05,diversified_crop,2.01,9.05,"Jordan,Preston M/Nicole M Tr",individual,False,-158.17,21.43
187041084,"Upper Waianae Mountains (interior, >2 km from 46 kV)",0.09,0.0,0.0,0.0,0.0,0.0,0.0,0.0,0.0,0.0,0.1,0.0,0.0,0.0,none_mapped,2.13,7.29,"Quinata,Jesse E A",individual,False,-158.17,21.41
187041085,"Upper Waianae Mountains (interior, >2 km from 46 kV)",0.09,0.0,0.0,0.0,0.0,0.0,0.0,0.0,0.0,0.0,0.07,0.0,0.0,0.0,none_mapped,2.14,7.3,"Keaweehu,Dewey K/Ladonna Tr",individual,False,-158.17,21.41
187041086,"Upper Waianae Mountains (interior, >2 km from 46 kV)",0.09,0.0,0.0,0.0,0.0,0.0,0.0,0.0,0.0,0.0,0.1,0.0,0.0,0.0,none_mapped,2.15,7.31,"Pawlowicz,Arnold A",individual,False,-158.17,21.41
187041087,"Upper Waianae Mountains (interior, >2 km from 46 kV)",0.11,0.0,0.0,0.0,0.0,0.0,0.0,0.0,0.0,0.0,0.12,0.0,0.0,0.0,none_mapped,2.16,7.31,Cougar Oahu Llc,corporate_other,False,-158.17,21.41
187041138,"Upper Waianae Mountains (interior, >2 km from 46 kV)",0.13,0.0,0.0,0.0,0.0,0.0,0.0,0.0,0.0,0.0,0.07,0.0,0.0,0.0,none_mapped,2.17,7.32,Henderson Construction Llc,developer,False,-158.17,21.41
192005012,"Upper Waianae Mountains (interior, >2 km from 46 kV)",2.44,0.0,0.0,0.0,0.0,0.25,0.0,0.0,0.0,0.25,2.37,0.07,0.0,0.92,seed_production,3.67,5.12,State of Hawaii (agency unspecified),state,False,-158.06,21.46
192005023,"Upper Waianae Mountains (interior, >2 km from 46 kV)",110.06,0.0,36.05,1.5,7.5,18.92,11.01,22.01,37.55,26.42,99.06,9.88,0.96,34.36,seed_production,3.18,4.42,92-1700 Kunia Road (address placeholder),unknown,False,-158.06,21.46
