{
"type": "FeatureCollection",
"name": "hdoa2020",
"crs": { "type": "name", "properties": { "name": "urn:ogc:def:crs:OGC:1.3:CRS84" } },
"xy_coordinate_resolution": 1e-06,
"features": [
{ "type": "Feature", "properties": { "crop": "Pineapple", "acreage": 25.8 }, "geometry": { "type": "Polygon", "coordinates": [ [ [ -158.043352, 21.521383 ], [ -158.043241, 21.521539 ], [ -158.043036, 21.521606 ], [ -158.042824, 21.521601 ], [ -158.042621, 21.521502 ], [ -158.041907, 21.520928 ], [ -158.041674, 21.520843 ], [ -158.040607, 21.52128 ], [ -158.040099, 21.521634 ], [ -158.039961, 21.521646 ], [ -158.039639, 21.521547 ], [ -158.039244, 21.521519 ], [ -158.038982, 21.521555 ], [ -158.038608, 21.521701 ], [ -158.038417, 21.521634 ], [ -158.038291, 21.521525 ], [ -158.038107, 21.520854 ], [ -158.038192, 21.520644 ], [ -158.038581, 21.52021 ], [ -158.038745, 21.51953 ], [ -158.038853, 21.519366 ], [ -158.039978, 21.519053 ], [ -158.040269, 21.519026 ], [ -158.040775, 21.519162 ], [ -158.041468, 21.519548 ], [ -158.042265, 21.51987 ], [ -158.04281, 21.520148 ], [ -158.042989, 21.520312 ], [ -158.043093, 21.52072 ], [ -158.04335, 21.521041 ], [ -158.043397, 21.521167 ], [ -158.043352, 21.521383 ] ] ] } },
{ "type": "Feature", "properties": { "crop": "Diversified Crop", "acreage": 62.6 }, "geometry": { "type": "Polygon", "coordinates": [ [ [ -158.069287, 21.46279 ], [ -158.069704, 21.463009 ], [ -158.070108, 21.463146 ], [ -158.070531, 21.463222 ], [ -158.070946, 21.463241 ], [ -158.071164, 21.463313 ], [ -158.071353, 21.46344 ], [ -158.071548, 21.46371 ], [ -158.072174, 21.464255 ], [ -158.072205, 21.464942 ], [ -158.071862, 21.46555 ], [ -158.071649, 21.466096 ], [ -158.071565, 21.466524 ], [ -158.071695, 21.467189 ], [ -158.071656, 21.467355 ], [ -158.071509, 21.467535 ], [ -158.071682, 21.467987 ], [ -158.072574, 21.468174 ], [ -158.072616, 21.468289 ], [ -158.072172, 21.469629 ], [ -158.072048, 21.469775 ], [ -158.071652, 21.470015 ], [ -158.071403, 21.47023 ], [ -158.071168, 21.470545 ], [ -158.071022, 21.47089 ], [ -158.071022, 21.471338 ], [ -158.071141, 21.47177 ], [ -158.071349, 21.472132 ], [ -158.07189, 21.472786 ], [ -158.071811, 21.47313 ], [ -158.070103, 21.474297 ], [ -158.069683, 21.470479 ], [ -158.070449, 21.470398 ], [ -158.070397, 21.469035 ], [ -158.069631, 21.46893 ], [ -158.069119, 21.462789 ], [ -158.069287, 21.46279 ] ] ] } },
{ "type": "Feature", "properties": { "crop": "Banana", "acreage": 29.5 }, "geometry": { "type": "Polygon", "coordinates": [ [ [ -158.044065, 21.444654 ], [ -158.04361, 21.444043 ], [ -158.043549, 21.443719 ], [ -158.04363, 21.443518 ], [ -158.0435, 21.44333 ], [ -158.043127, 21.442965 ], [ -158.042565, 21.442789 ], [ -158.042246, 21.442514 ], [ -158.042065, 21.442058 ], [ -158.042135, 21.441587 ], [ -158.042098, 21.441238 ], [ -158.041594, 21.440172 ], [ -158.041652, 21.439845 ], [ -158.041909, 21.439532 ], [ -158.042265, 21.43951 ], [ -158.042523, 21.439618 ], [ -158.042784, 21.439889 ], [ -158.04298, 21.439985 ], [ -158.04303, 21.440202 ], [ -158.043192, 21.440462 ], [ -158.04372, 21.440773 ], [ -158.044088, 21.441244 ], [ -158.044559, 21.441464 ], [ -158.0447, 21.441672 ], [ -158.044745, 21.442076 ], [ -158.044841, 21.442309 ], [ -158.045103, 21.442598 ], [ -158.045424, 21.442838 ], [ -158.04549, 21.443299 ], [ -158.045453, 21.443641 ], [ -158.045726, 21.444002 ], [ -158.044569, 21.445067 ], [ -158.044388, 21.444937 ], [ -158.044065, 21.444654 ] ] ] } },
{ "type": "Feature", "properties": { "crop": "Aquaculture", "acreage": 224.2 }, "geometry": { "type": "Polygon", "coordinates": [ [ [ -157.967106, 21.690305 ], [ -157.967244, 21.690361 ], [ -157.96908, 21.690495 ], [ -157.969235, 21.690692 ], [ -157.969402, 21.690789 ], [ -157.969846, 21.690855 ], [ -157.970427, 21.691081 ], [ -157.968678, 21.691932 ], [ -157.967377, 21.69262 ], [ -157.966818, 21.693142 ], [ -157.966359, 21.693455 ], [ -157.965112, 21.693795 ], [ -157.96479, 21.693787 ], [ -157.964311, 21.693733 ], [ -157.963754, 21.693604 ], [ -157.963013, 21.693228 ], [ -157.962162, 21.692704 ], [ -157.961114, 21.691979 ], [ -157.958243, 21.689593 ], [ -157.958352, 21.689427 ], [ -157.958291, 21.68722 ], [ -157.95469, 21.68358 ], [ -157.954507, 21.682632 ], [ -157.956496, 21.680634 ], [ -157.967084, 21.689181 ], [ -157.967049, 21.689376 ], [ -157.967075, 21.689796 ], [ -157.967106, 21.690305 ] ] ] } },
{ "type": "Feature", "properties": { "crop": "Diversified Crop", "acreage": 248.0 }, "geometry": { "type": "Polygon", "coordinates": [ [ [ -157.956991, 21.67728 ], [ -157.957417, 21.67716 ], [ -157.957989, 21.676519 ], [ -157.958802, 21.675877 ], [ -157.959198, 21.675817 ], [ -157.961697, 21.676214 ], [ -157.961973, 21.676335 ], [ -157.963659, 21.677355 ], [ -157.96395, 21.67743 ], [ -157.964245, 21.677397 ], [ -157.964995, 21.677072 ], [ -157.965224, 21.676837 ], [ -157.965372, 21.676541 ], [ -157.965421, 21.675922 ], [ -157.965288, 21.675353 ], [ -157.965425, 21.675303 ], [ -157.96548, 21.675168 ], [ -157.965136, 21.674176 ], [ -157.965139, 21.674039 ], [ -157.965214, 21.673922 ], [ -157.966207, 21.673437 ], [ -157.966749, 21.672942 ], [ -157.966999, 21.67407 ], [ -157.968379, 21.673531 ], [ -157.96853, 21.673602 ], [ -157.968595, 21.673704 ], [ -157.968593, 21.67385 ], [ -157.968253, 21.674231 ], [ -157.968012, 21.674724 ], [ -157.967726, 21.675706 ], [ -157.967709, 21.676109 ], [ -157.967648, 21.676367 ], [ -157.967563, 21.676532 ], [ -157.967237, 21.676905 ], [ -157.967031, 21.677252 ], [ -157.966845, 21.67794 ], [ -157.966697, 21.678041 ], [ -157.966252, 21.678056 ], [ -157.965997, 21.678157 ], [ -157.965801, 21.678308 ], [ -157.965582, 21.678651 ], [ -157.964759, 21.67904 ], [ -157.964638, 21.679147 ], [ -157.964604, 21.679265 ], [ -157.964873, 21.680009 ], [ -157.965734, 21.681064 ], [ -157.965922, 21.681428 ], [ -157.965937, 21.681751 ], [ -157.965598, 21.68252 ], [ -157.965631, 21.682752 ], [ -157.965734, 21.682898 ], [ -157.965872, 21.682995 ], [ -157.966581, 21.683234 ], [ -157.966807, 21.683369 ], [ -157.96688, 21.68349 ], [ -157.966935, 21.683757 ], [ -157.967155, 21.684035 ], [ -157.967292, 21.684376 ], [ -157.967494, 21.684652 ], [ -157.967518, 21.684939 ], [ -157.967368, 21.6855 ], [ -157.967369, 21.685875 ], [ -157.967564, 21.68629 ], [ -157.967953, 21.686663 ], [ -157.968065, 21.687118 ], [ -157.967846, 21.687964 ], [ -157.967895, 21.689103 ], [ -157.967794, 21.689454 ], [ -157.962776, 21.685448 ], [ -157.956272, 21.680012 ], [ -157.956102, 21.679742 ], [ -157.956772, 21.677593 ], [ -157.956795, 21.67741 ], [ -157.956991, 21.67728 ] ] ] } },
{ "type": "Feature", "properties": { "crop": "Diversified Crop", "acreage": 138.0 }, "geometry": { "type": "Polygon", "coordinates": [ [ [ -157.949891, 21.662902 ], [ -157.949918, 21.662672 ], [ -157.950006, 21.662566 ], [ -157.950245, 21.662466 ], [ -157.950551, 21.662434 ], [ -157.950667, 21.662468 ], [ -157.950709, 21.662576 ], [ -157.950661, 21.663201 ], [ -157.950685, 21.663364 ], [ -157.950756, 21.663454 ], [ -157.951002, 21.663535 ], [ -157.95128, 21.663541 ], [ -157.951532, 21.663471 ], [ -157.95188, 21.663628 ], [ -157.952522, 21.663273 ], [ -157.953263, 21.663192 ], [ -157.95344, 21.663248 ], [ -157.953603, 21.663359 ], [ -157.953851, 21.663823 ], [ -157.954273, 21.663368 ], [ -157.954348, 21.663364 ], [ -157.954548, 21.663454 ], [ -157.955037, 21.663815 ], [ -157.955465, 21.664014 ], [ -157.955734, 21.664067 ], [ -157.956621, 21.663969 ], [ -157.957033, 21.663647 ], [ -157.957253, 21.663675 ], [ -157.957719, 21.664167 ], [ -157.957651, 21.664485 ], [ -157.957447, 21.664828 ], [ -157.957378, 21.665033 ], [ -157.957773, 21.665505 ], [ -157.957982, 21.665996 ], [ -157.957977, 21.666414 ], [ -157.957804, 21.666872 ], [ -157.957375, 21.667463 ], [ -157.95672, 21.668069 ], [ -157.955929, 21.668603 ], [ -157.955535, 21.668803 ], [ -157.955038, 21.668976 ], [ -157.954928, 21.669098 ], [ -157.954735, 21.669186 ], [ -157.954343, 21.669177 ], [ -157.952593, 21.669606 ], [ -157.95163, 21.670173 ], [ -157.951282, 21.670117 ], [ -157.951046, 21.670012 ], [ -157.949231, 21.668377 ], [ -157.949172, 21.66824 ], [ -157.949262, 21.668061 ], [ -157.95032, 21.667582 ], [ -157.950537, 21.667301 ], [ -157.950858, 21.667048 ], [ -157.950868, 21.666959 ], [ -157.950615, 21.666887 ], [ -157.949233, 21.666784 ], [ -157.948454, 21.666624 ], [ -157.948388, 21.666544 ], [ -157.948395, 21.666363 ], [ -157.948478, 21.666145 ], [ -157.948401, 21.665721 ], [ -157.948424, 21.665545 ], [ -157.948571, 21.665413 ], [ -157.949191, 21.665108 ], [ -157.949235, 21.66497 ], [ -157.949109, 21.664653 ], [ -157.949119, 21.664515 ], [ -157.949282, 21.664363 ], [ -157.949742, 21.664089 ], [ -157.949781, 21.663973 ], [ -157.949579, 21.663823 ], [ -157.949328, 21.663746 ], [ -157.949112, 21.663809 ], [ -157.948537, 21.664123 ], [ -157.948045, 21.664154 ], [ -157.947735, 21.664104 ], [ -157.948743, 21.662616 ], [ -157.948929, 21.662689 ], [ -157.949429, 21.663064 ], [ -157.949555, 21.663106 ], [ -157.94966, 21.663088 ], [ -157.949891, 21.662902 ] ] ] } },
{ "type": "Feature", "properties": { "crop": "Diversified Crop", "acreage": 6.7 }, "geometry": { "type": "Polygon", "coordinates": [ [ [ -157.951759, 21.658442 ], [ -157.95191, 21.658498 ], [ -157.95215, 21.658723 ], [ -157.952233, 21.658896 ], [ -157.952189, 21.659015 ], [ -157.951717, 21.659682 ], [ -157.951864, 21.659827 ], [ -157.951892, 21.659911 ], [ -157.951679, 21.66038 ], [ -157.951652, 21.660556 ], [ -157.951531, 21.660668 ], [ -157.951384, 21.660712 ], [ -157.950972, 21.66049 ], [ -157.95071, 21.660412 ], [ -157.950371, 21.660031 ], [ -157.950413, 21.659763 ], [ -157.951564, 21.658452 ], [ -157.951759, 21.658442 ] ] ] } },
{ "type": "Feature", "properties": { "crop": "Coffee", "acreage": 89.6 }, "geometry": { "type": "Polygon", "coordinates": [ [ [ -158.071425, 21.559088 ], [ -158.075414, 21.56051 ], [ -158.074151, 21.563047 ], [ -158.075701, 21.563648 ], [ -158.077044, 21.564612 ], [ -158.076821, 21.564798 ], [ -158.071822, 21.56293 ], [ -158.070285, 21.56221 ], [ -158.069475, 21.561653 ], [ -158.068765, 21.56103 ], [ -158.068301, 21.56053 ], [ -158.066603, 21.558482 ], [ -158.066822, 21.558218 ], [ -158.068023, 21.557429 ], [ -158.068239, 21.557425 ], [ -158.068406, 21.557337 ], [ -158.068485, 21.557229 ], [ -158.068648, 21.556777 ], [ -158.068822, 21.556653 ], [ -158.068953, 21.556661 ], [ -158.070104, 21.5573 ], [ -158.070771, 21.5576 ], [ -158.071421, 21.557776 ], [ -158.072064, 21.557866 ], [ -158.071425, 21.559088 ] ] ] } },
{ "type": "Feature", "properties": { "crop": "Commercial Forestry", "acreage": 26.6 }, "geometry": { "type": "Polygon", "coordinates": [ [ [ -158.00815, 21.513228 ], [ -158.008773, 21.513233 ], [ -158.00974, 21.513118 ], [ -158.010298, 21.513351 ], [ -158.010609, 21.513337 ], [ -158.010914, 21.513178 ], [ -158.011126, 21.512916 ], [ -158.011463, 21.512669 ], [ -158.011863, 21.512236 ], [ -158.012457, 21.511759 ], [ -158.012665, 21.511753 ], [ -158.013045, 21.51206 ], [ -158.013476, 21.512264 ], [ -158.013962, 21.512346 ], [ -158.014409, 21.512314 ], [ -158.014864, 21.512158 ], [ -158.015358, 21.511901 ], [ -158.015605, 21.511718 ], [ -158.01586, 21.511391 ], [ -158.01599, 21.511291 ], [ -158.01615, 21.511264 ], [ -158.016562, 21.511307 ], [ -158.01671, 21.511267 ], [ -158.01688, 21.511089 ], [ -158.017051, 21.510767 ], [ -158.017302, 21.510542 ], [ -158.017489, 21.510519 ], [ -158.017671, 21.510684 ], [ -158.017669, 21.510908 ], [ -158.017532, 21.511137 ], [ -158.017535, 21.511591 ], [ -158.017464, 21.511702 ], [ -158.013463, 21.513036 ], [ -158.008055, 21.514603 ], [ -158.007978, 21.514288 ], [ -158.007521, 21.514398 ], [ -158.007351, 21.514377 ], [ -158.007237, 21.514275 ], [ -158.007178, 21.514132 ], [ -158.007176, 21.513749 ], [ -158.007439, 21.51343 ], [ -158.007746, 21.513336 ], [ -158.00815, 21.513228 ] ] ] } },
{ "type": "Feature", "properties": { "crop": "Seed Production", "acreage": 254.1 }, "geometry": { "type": "Polygon", "coordinates": [ [ [ -158.055065, 21.45428 ], [ -158.055039, 21.454108 ], [ -158.055137, 21.453955 ], [ -158.055298, 21.453819 ], [ -158.055648, 21.453717 ], [ -158.055852, 21.453516 ], [ -158.056747, 21.453438 ], [ -158.057028, 21.45317 ], [ -158.057063, 21.453025 ], [ -158.056999, 21.452895 ], [ -158.056729, 21.452785 ], [ -158.056629, 21.452831 ], [ -158.056532, 21.452807 ], [ -158.056313, 21.452601 ], [ -158.056128, 21.452521 ], [ -158.05552, 21.45249 ], [ -158.055289, 21.452561 ], [ -158.055108, 21.452712 ], [ -158.054998, 21.453174 ], [ -158.054918, 21.453292 ], [ -158.054813, 21.453355 ], [ -158.054512, 21.453421 ], [ -158.054184, 21.453358 ], [ -158.05341, 21.453381 ], [ -158.053271, 21.453314 ], [ -158.052934, 21.452828 ], [ -158.052685, 21.452656 ], [ -158.052454, 21.45256 ], [ -158.052152, 21.452545 ], [ -158.051848, 21.452597 ], [ -158.051517, 21.452806 ], [ -158.051294, 21.452832 ], [ -158.0508, 21.452535 ], [ -158.050014, 21.452368 ], [ -158.049811, 21.452362 ], [ -158.049103, 21.452046 ], [ -158.04877, 21.451769 ], [ -158.048699, 21.451257 ], [ -158.04835, 21.4508 ], [ -158.048319, 21.45068 ], [ -158.048337, 21.450615 ], [ -158.053862, 21.445165 ], [ -158.057063, 21.44182 ], [ -158.05742, 21.44186 ], [ -158.057665, 21.441938 ], [ -158.057949, 21.442283 ], [ -158.058419, 21.442229 ], [ -158.059093, 21.442271 ], [ -158.05952, 21.442522 ], [ -158.059673, 21.442548 ], [ -158.060031, 21.450986 ], [ -158.059966, 21.451872 ], [ -158.058404, 21.451593 ], [ -158.057815, 21.45157 ], [ -158.057575, 21.451665 ], [ -158.057246, 21.45202 ], [ -158.057281, 21.452068 ], [ -158.058009, 21.45213 ], [ -158.059024, 21.452165 ], [ -158.059699, 21.452409 ], [ -158.059034, 21.454184 ], [ -158.058396, 21.454184 ], [ -158.057451, 21.454359 ], [ -158.056931, 21.454386 ], [ -158.056646, 21.454495 ], [ -158.056471, 21.454637 ], [ -158.055804, 21.454586 ], [ -158.055417, 21.454488 ], [ -158.055065, 21.45428 ] ] ] } },
{ "type": "Feature", "properties": { "crop": "Seed Production", "acreage": 36.3 }, "geometry": { "type": "Polygon", "coordinates": [ [ [ -158.057172, 21.457883 ], [ -158.057338, 21.457482 ], [ -158.057136, 21.45708 ], [ -158.056321, 21.45675 ], [ -158.055744, 21.457512 ], [ -158.055294, 21.457662 ], [ -158.054928, 21.45745 ], [ -158.054279, 21.456605 ], [ -158.053932, 21.456564 ], [ -158.053278, 21.456637 ], [ -158.05215, 21.457434 ], [ -158.051743, 21.457221 ], [ -158.051317, 21.456664 ], [ -158.051156, 21.456377 ], [ -158.051383, 21.455938 ], [ -158.051344, 21.455613 ], [ -158.050736, 21.454921 ], [ -158.050739, 21.454462 ], [ -158.051292, 21.454197 ], [ -158.051701, 21.4542 ], [ -158.052211, 21.454279 ], [ -158.052331, 21.4547 ], [ -158.052757, 21.455124 ], [ -158.053287, 21.455299 ], [ -158.053797, 21.455397 ], [ -158.054143, 21.455629 ], [ -158.054427, 21.455898 ], [ -158.05508, 21.455959 ], [ -158.055529, 21.456115 ], [ -158.056387, 21.456062 ], [ -158.056941, 21.455702 ], [ -158.057312, 21.455226 ], [ -158.057701, 21.455037 ], [ -158.05868, 21.455234 ], [ -158.057994, 21.457161 ], [ -158.057395, 21.458056 ], [ -158.057172, 21.457883 ] ] ] } },
{ "type": "Feature", "properties": { "crop": "Seed Production", "acreage": 162.7 }, "geometry": { "type": "Polygon", "coordinates": [ [ [ -158.049419, 21.461413 ], [ -158.0484, 21.459205 ], [ -158.046597, 21.452953 ], [ -158.04689, 21.452719 ], [ -158.047723, 21.453297 ], [ -158.048067, 21.453797 ], [ -158.048228, 21.454199 ], [ -158.048325, 21.454965 ], [ -158.048444, 21.455501 ], [ -158.048768, 21.456038 ], [ -158.048871, 21.455943 ], [ -158.049337, 21.456481 ], [ -158.049518, 21.456845 ], [ -158.049783, 21.456923 ], [ -158.050048, 21.457135 ], [ -158.05027, 21.457481 ], [ -158.050489, 21.458362 ], [ -158.050731, 21.458841 ], [ -158.051119, 21.458901 ], [ -158.051775, 21.458579 ], [ -158.052101, 21.458581 ], [ -158.052632, 21.458699 ], [ -158.053184, 21.45853 ], [ -158.053432, 21.458168 ], [ -158.053718, 21.458093 ], [ -158.054166, 21.458325 ], [ -158.054514, 21.458289 ], [ -158.054922, 21.45831 ], [ -158.055125, 21.458483 ], [ -158.055472, 21.458581 ], [ -158.055616, 21.458352 ], [ -158.056168, 21.458394 ], [ -158.056493, 21.458587 ], [ -158.056839, 21.458895 ], [ -158.057144, 21.458992 ], [ -158.053322, 21.468838 ], [ -158.053254, 21.468708 ], [ -158.049419, 21.461413 ] ] ] } },
{ "type": "Feature", "properties": { "crop": "Pineapple", "acreage": 60.6 }, "geometry": { "type": "Polygon", "coordinates": [ [ [ -158.06818, 21.449334 ], [ -158.069921, 21.445799 ], [ -158.070933, 21.445833 ], [ -158.07154, 21.446042 ], [ -158.072009, 21.44615 ], [ -158.072981, 21.446568 ], [ -158.073164, 21.44678 ], [ -158.073301, 21.44717 ], [ -158.073294, 21.44758 ], [ -158.073167, 21.447903 ], [ -158.0732, 21.448041 ], [ -158.073312, 21.448134 ], [ -158.074035, 21.44843 ], [ -158.074153, 21.448547 ], [ -158.074227, 21.448748 ], [ -158.074308, 21.448825 ], [ -158.074724, 21.449007 ], [ -158.074873, 21.44918 ], [ -158.073801, 21.451312 ], [ -158.073576, 21.451336 ], [ -158.073423, 21.45124 ], [ -158.073364, 21.451073 ], [ -158.07339, 21.450813 ], [ -158.073292, 21.450569 ], [ -158.073016, 21.450525 ], [ -158.072237, 21.450554 ], [ -158.071818, 21.450517 ], [ -158.071504, 21.450552 ], [ -158.06818, 21.449334 ] ] ] } },
{ "type": "Feature", "properties": { "crop": "Diversified Crop", "acreage": 34.5 }, "geometry": { "type": "Polygon", "coordinates": [ [ [ -158.056363, 21.466586 ], [ -158.056443, 21.466637 ], [ -158.058523, 21.467004 ], [ -158.061389, 21.467349 ], [ -158.061623, 21.470932 ], [ -158.06077, 21.47056 ], [ -158.059842, 21.470251 ], [ -158.059641, 21.470044 ], [ -158.059487, 21.469656 ], [ -158.059301, 21.469392 ], [ -158.058085, 21.468729 ], [ -158.056033, 21.467475 ], [ -158.056363, 21.466586 ] ] ] } },
{ "type": "Feature", "properties": { "crop": "Diversified Crop", "acreage": 424.2 }, "geometry": { "type": "Polygon", "coordinates": [ [ [ -158.067219, 21.422772 ], [ -158.067425, 21.423115 ], [ -158.067703, 21.423304 ], [ -158.068215, 21.423399 ], [ -158.069147, 21.423832 ], [ -158.0705, 21.425486 ], [ -158.069548, 21.426527 ], [ -158.068734, 21.426099 ], [ -158.068568, 21.426077 ], [ -158.067117, 21.426074 ], [ -158.065309, 21.426216 ], [ -158.06489, 21.426544 ], [ -158.06446, 21.42708 ], [ -158.064173, 21.427338 ], [ -158.064006, 21.427441 ], [ -158.063193, 21.427588 ], [ -158.063051, 21.42787 ], [ -158.063292, 21.429117 ], [ -158.064088, 21.429013 ], [ -158.064741, 21.429329 ], [ -158.064862, 21.429427 ], [ -158.064985, 21.429808 ], [ -158.064981, 21.430494 ], [ -158.06522, 21.43122 ], [ -158.065704, 21.431984 ], [ -158.06582, 21.432938 ], [ -158.066078, 21.433145 ], [ -158.066305, 21.433734 ], [ -158.066874, 21.434526 ], [ -158.067148, 21.4348 ], [ -158.067289, 21.434421 ], [ -158.067352, 21.434034 ], [ -158.067165, 21.433387 ], [ -158.06716, 21.43305 ], [ -158.067345, 21.432808 ], [ -158.0674, 21.432578 ], [ -158.067538, 21.432536 ], [ -158.067783, 21.432624 ], [ -158.068151, 21.43254 ], [ -158.068663, 21.43265 ], [ -158.069205, 21.433004 ], [ -158.070188, 21.433777 ], [ -158.070254, 21.434165 ], [ -158.070161, 21.434437 ], [ -158.06978, 21.435259 ], [ -158.069448, 21.435666 ], [ -158.069294, 21.43578 ], [ -158.068768, 21.435541 ], [ -158.068456, 21.435202 ], [ -158.068295, 21.435129 ], [ -158.067924, 21.434817 ], [ -158.067343, 21.435429 ], [ -158.06466, 21.43585 ], [ -158.063589, 21.434322 ], [ -158.061157, 21.433754 ], [ -158.06076, 21.434318 ], [ -158.057424, 21.433076 ], [ -158.055038, 21.427121 ], [ -158.054109, 21.425759 ], [ -158.052611, 21.423779 ], [ -158.056158, 21.421263 ], [ -158.056524, 21.421117 ], [ -158.05916, 21.424783 ], [ -158.059619, 21.424542 ], [ -158.060137, 21.424696 ], [ -158.060224, 21.424606 ], [ -158.060304, 21.424084 ], [ -158.060408, 21.423737 ], [ -158.060398, 21.423116 ], [ -158.060336, 21.422974 ], [ -158.060224, 21.422861 ], [ -158.059639, 21.422533 ], [ -158.060011, 21.42188 ], [ -158.060493, 21.421612 ], [ -158.060524, 21.421681 ], [ -158.064542, 21.419016 ], [ -158.064843, 21.419757 ], [ -158.066232, 21.420719 ], [ -158.066723, 21.421195 ], [ -158.067007, 21.421654 ], [ -158.067198, 21.422245 ], [ -158.067219, 21.422772 ] ] ] } },
{ "type": "Feature", "properties": { "crop": "Pineapple", "acreage": 93.1 }, "geometry": { "type": "Polygon", "coordinates": [ [ [ -158.04354, 21.419605 ], [ -158.046066, 21.422326 ], [ -158.04751, 21.42431 ], [ -158.046875, 21.424728 ], [ -158.046678, 21.424909 ], [ -158.04587, 21.426307 ], [ -158.044852, 21.42942 ], [ -158.044844, 21.429608 ], [ -158.041265, 21.423744 ], [ -158.04074, 21.42284 ], [ -158.040666, 21.422611 ], [ -158.040692, 21.422254 ], [ -158.04085, 21.421956 ], [ -158.041066, 21.421691 ], [ -158.042181, 21.420716 ], [ -158.043389, 21.419745 ], [ -158.04354, 21.419605 ] ] ] } },
{ "type": "Feature", "properties": { "crop": "Diversified Crop", "acreage": 64.3 }, "geometry": { "type": "Polygon", "coordinates": [ [ [ -158.047492, 21.424285 ], [ -158.046066, 21.422326 ], [ -158.04354, 21.419605 ], [ -158.047067, 21.416525 ], [ -158.047697, 21.417636 ], [ -158.049696, 21.420279 ], [ -158.049624, 21.420399 ], [ -158.0499, 21.42076 ], [ -158.049832, 21.420904 ], [ -158.049709, 21.420983 ], [ -158.049104, 21.421005 ], [ -158.048717, 21.421164 ], [ -158.048353, 21.421512 ], [ -158.048172, 21.421844 ], [ -158.048111, 21.422307 ], [ -158.048354, 21.423012 ], [ -158.048451, 21.423912 ], [ -158.04862, 21.42442 ], [ -158.04859, 21.424573 ], [ -158.048478, 21.42466 ], [ -158.048336, 21.424665 ], [ -158.047739, 21.424295 ], [ -158.047557, 21.424286 ], [ -158.047492, 21.424285 ] ], [ [ -158.047826, 21.421794 ], [ -158.04797, 21.421712 ], [ -158.048063, 21.421451 ], [ -158.048198, 21.42135 ], [ -158.048262, 21.421221 ], [ -158.04822, 21.421008 ], [ -158.047893, 21.420674 ], [ -158.047382, 21.421348 ], [ -158.047308, 21.42171 ], [ -158.04766, 21.421803 ], [ -158.047826, 21.421794 ] ] ] } },
{ "type": "Feature", "properties": { "crop": "Banana", "acreage": 160.0 }, "geometry": { "type": "Polygon", "coordinates": [ [ [ -158.036022, 21.436128 ], [ -158.036216, 21.435881 ], [ -158.03642, 21.43581 ], [ -158.037366, 21.435919 ], [ -158.037863, 21.436203 ], [ -158.038378, 21.436819 ], [ -158.038298, 21.437046 ], [ -158.037991, 21.437158 ], [ -158.037742, 21.43717 ], [ -158.037185, 21.437076 ], [ -158.036692, 21.437118 ], [ -158.036723, 21.437322 ], [ -158.036689, 21.437503 ], [ -158.036768, 21.437533 ], [ -158.036668, 21.438213 ], [ -158.03675, 21.438698 ], [ -158.03696, 21.439241 ], [ -158.036899, 21.439698 ], [ -158.037256, 21.440503 ], [ -158.037411, 21.440679 ], [ -158.037777, 21.440979 ], [ -158.038461, 21.441332 ], [ -158.038867, 21.441719 ], [ -158.038937, 21.441911 ], [ -158.039603, 21.442816 ], [ -158.039684, 21.443346 ], [ -158.039446, 21.443321 ], [ -158.038936, 21.443409 ], [ -158.038333, 21.443712 ], [ -158.037918, 21.443846 ], [ -158.037775, 21.443973 ], [ -158.037493, 21.444453 ], [ -158.03709, 21.444747 ], [ -158.036722, 21.444757 ], [ -158.036347, 21.444855 ], [ -158.035243, 21.44535 ], [ -158.03474, 21.445628 ], [ -158.033699, 21.445751 ], [ -158.032729, 21.446158 ], [ -158.032559, 21.446327 ], [ -158.032473, 21.446333 ], [ -158.032165, 21.446198 ], [ -158.032046, 21.446044 ], [ -158.031925, 21.445624 ], [ -158.031981, 21.445289 ], [ -158.032193, 21.444879 ], [ -158.032401, 21.4446 ], [ -158.033733, 21.443271 ], [ -158.03397, 21.442796 ], [ -158.034189, 21.442495 ], [ -158.034297, 21.441832 ], [ -158.034434, 21.441576 ], [ -158.034496, 21.441278 ], [ -158.034601, 21.441142 ], [ -158.034981, 21.440846 ], [ -158.035097, 21.440699 ], [ -158.035117, 21.440592 ], [ -158.035092, 21.440431 ], [ -158.035009, 21.440295 ], [ -158.034483, 21.439929 ], [ -158.033883, 21.439288 ], [ -158.033011, 21.437993 ], [ -158.032736, 21.437751 ], [ -158.032216, 21.437412 ], [ -158.032009, 21.437213 ], [ -158.031774, 21.436818 ], [ -158.031677, 21.436437 ], [ -158.031742, 21.4355 ], [ -158.032011, 21.434029 ], [ -158.032159, 21.433794 ], [ -158.032542, 21.433402 ], [ -158.032708, 21.432698 ], [ -158.032958, 21.432212 ], [ -158.033093, 21.432119 ], [ -158.033312, 21.432051 ], [ -158.033226, 21.431531 ], [ -158.033184, 21.430753 ], [ -158.033536, 21.430687 ], [ -158.034088, 21.430411 ], [ -158.034517, 21.430388 ], [ -158.034799, 21.430492 ], [ -158.034957, 21.430664 ], [ -158.035228, 21.431246 ], [ -158.035345, 21.432669 ], [ -158.03521, 21.432951 ], [ -158.034962, 21.433208 ], [ -158.034844, 21.433426 ], [ -158.034772, 21.434507 ], [ -158.034819, 21.435119 ], [ -158.034868, 21.435257 ], [ -158.034972, 21.435375 ], [ -158.03529, 21.435549 ], [ -158.036022, 21.436128 ] ] ] } },
{ "type": "Feature", "properties": { "crop": "Banana", "acreage": 14.3 }, "geometry": { "type": "Polygon", "coordinates": [ [ [ -158.039841, 21.444325 ], [ -158.040345, 21.444261 ], [ -158.040927, 21.444568 ], [ -158.041357, 21.444968 ], [ -158.041653, 21.445477 ], [ -158.041769, 21.446037 ], [ -158.041545, 21.447897 ], [ -158.041443, 21.447641 ], [ -158.040448, 21.44811 ], [ -158.04042, 21.447961 ], [ -158.039841, 21.444325 ] ] ] } },
{ "type": "Feature", "properties": { "crop": "Seed Production", "acreage": 1594.8 }, "geometry": { "type": "Polygon", "coordinates": [ [ [ -158.061004, 21.403712 ], [ -158.060771, 21.403703 ], [ -158.060611, 21.403843 ], [ -158.060419, 21.404221 ], [ -158.060084, 21.404327 ], [ -158.059798, 21.404206 ], [ -158.059349, 21.404473 ], [ -158.058965, 21.404799 ], [ -158.05877, 21.405336 ], [ -158.05726, 21.406371 ], [ -158.057224, 21.406763 ], [ -158.056895, 21.407985 ], [ -158.056759, 21.408263 ], [ -158.056589, 21.408477 ], [ -158.055923, 21.4089 ], [ -158.05541, 21.409152 ], [ -158.054927, 21.409451 ], [ -158.051552, 21.41241 ], [ -158.053196, 21.41477 ], [ -158.053885, 21.41566 ], [ -158.054559, 21.416854 ], [ -158.055274, 21.417607 ], [ -158.055306, 21.417739 ], [ -158.055273, 21.417895 ], [ -158.055006, 21.418201 ], [ -158.05536, 21.418862 ], [ -158.055463, 21.419754 ], [ -158.055719, 21.420478 ], [ -158.056163, 21.421145 ], [ -158.052477, 21.423691 ], [ -158.050284, 21.420758 ], [ -158.048479, 21.418433 ], [ -158.047686, 21.417259 ], [ -158.047279, 21.41656 ], [ -158.03904, 21.398571 ], [ -158.039536, 21.398383 ], [ -158.039359, 21.397975 ], [ -158.038855, 21.398166 ], [ -158.035691, 21.390704 ], [ -158.041182, 21.387089 ], [ -158.041188, 21.386121 ], [ -158.039714, 21.38328 ], [ -158.038999, 21.381376 ], [ -158.038922, 21.381013 ], [ -158.041207, 21.380139 ], [ -158.04303, 21.379554 ], [ -158.043797, 21.379373 ], [ -158.043995, 21.379416 ], [ -158.044125, 21.379513 ], [ -158.044287, 21.379697 ], [ -158.044389, 21.379895 ], [ -158.044442, 21.380098 ], [ -158.044352, 21.380463 ], [ -158.044333, 21.38083 ], [ -158.045546, 21.381162 ], [ -158.045653, 21.382382 ], [ -158.04527, 21.382508 ], [ -158.045027, 21.382711 ], [ -158.044861, 21.383099 ], [ -158.044736, 21.383701 ], [ -158.044736, 21.384037 ], [ -158.044816, 21.384375 ], [ -158.044997, 21.384701 ], [ -158.045255, 21.384977 ], [ -158.045266, 21.38518 ], [ -158.045195, 21.385261 ], [ -158.044303, 21.385805 ], [ -158.043598, 21.386458 ], [ -158.042335, 21.388125 ], [ -158.041978, 21.388479 ], [ -158.04145, 21.388877 ], [ -158.041349, 21.389039 ], [ -158.041306, 21.389221 ], [ -158.041426, 21.389704 ], [ -158.041089, 21.390303 ], [ -158.04103, 21.390494 ], [ -158.041058, 21.390757 ], [ -158.041155, 21.390933 ], [ -158.041608, 21.391299 ], [ -158.042581, 21.392398 ], [ -158.042648, 21.392613 ], [ -158.042657, 21.392836 ], [ -158.04251, 21.393329 ], [ -158.042518, 21.393587 ], [ -158.043234, 21.395179 ], [ -158.043651, 21.394763 ], [ -158.043776, 21.394494 ], [ -158.04367, 21.394382 ], [ -158.043663, 21.394232 ], [ -158.044063, 21.393455 ], [ -158.04412, 21.393023 ], [ -158.044029, 21.392486 ], [ -158.043767, 21.392 ], [ -158.043507, 21.391119 ], [ -158.042922, 21.389995 ], [ -158.042943, 21.389791 ], [ -158.043383, 21.38891 ], [ -158.043636, 21.388764 ], [ -158.044045, 21.388804 ], [ -158.044271, 21.388752 ], [ -158.044682, 21.388323 ], [ -158.045531, 21.387673 ], [ -158.045951, 21.387486 ], [ -158.046809, 21.387227 ], [ -158.04766, 21.38671 ], [ -158.048672, 21.386281 ], [ -158.04905, 21.385998 ], [ -158.049347, 21.385556 ], [ -158.04932, 21.385217 ], [ -158.048988, 21.384526 ], [ -158.04894, 21.384019 ], [ -158.048975, 21.38331 ], [ -158.048915, 21.382973 ], [ -158.047745, 21.380525 ], [ -158.047547, 21.379944 ], [ -158.047394, 21.379234 ], [ -158.047924, 21.37933 ], [ -158.048489, 21.379273 ], [ -158.048821, 21.379161 ], [ -158.050427, 21.378408 ], [ -158.050595, 21.378263 ], [ -158.050677, 21.378062 ], [ -158.050651, 21.377751 ], [ -158.050555, 21.377456 ], [ -158.051402, 21.377867 ], [ -158.052291, 21.378451 ], [ -158.053629, 21.379544 ], [ -158.054927, 21.38071 ], [ -158.054891, 21.381468 ], [ -158.054725, 21.382251 ], [ -158.054191, 21.383004 ], [ -158.053286, 21.384063 ], [ -158.052865, 21.384779 ], [ -158.05293, 21.385407 ], [ -158.053045, 21.385801 ], [ -158.053326, 21.386187 ], [ -158.053675, 21.386433 ], [ -158.053706, 21.386569 ], [ -158.053683, 21.386846 ], [ -158.053308, 21.387705 ], [ -158.053202, 21.388107 ], [ -158.053328, 21.388642 ], [ -158.053591, 21.388838 ], [ -158.053675, 21.389002 ], [ -158.053667, 21.390087 ], [ -158.053795, 21.390368 ], [ -158.054425, 21.390804 ], [ -158.05463, 21.391405 ], [ -158.054877, 21.391552 ], [ -158.055303, 21.391479 ], [ -158.055701, 21.391262 ], [ -158.055837, 21.390996 ], [ -158.055947, 21.390421 ], [ -158.05618, 21.390133 ], [ -158.056912, 21.390148 ], [ -158.05758, 21.390259 ], [ -158.05842, 21.390723 ], [ -158.058604, 21.390868 ], [ -158.058738, 21.391047 ], [ -158.058819, 21.391251 ], [ -158.058882, 21.391632 ], [ -158.059138, 21.39207 ], [ -158.059175, 21.392299 ], [ -158.059058, 21.393238 ], [ -158.058925, 21.393589 ], [ -158.0587, 21.393835 ], [ -158.058111, 21.394288 ], [ -158.057826, 21.394604 ], [ -158.057544, 21.395273 ], [ -158.057438, 21.395869 ], [ -158.056144, 21.397146 ], [ -158.056077, 21.397257 ], [ -158.056434, 21.397378 ], [ -158.056602, 21.397489 ], [ -158.056739, 21.397712 ], [ -158.056955, 21.397912 ], [ -158.057373, 21.398522 ], [ -158.057457, 21.398563 ], [ -158.057559, 21.398495 ], [ -158.057696, 21.398496 ], [ -158.058143, 21.398739 ], [ -158.058271, 21.398912 ], [ -158.05855, 21.399521 ], [ -158.058748, 21.39977 ], [ -158.059359, 21.400345 ], [ -158.059633, 21.400683 ], [ -158.059789, 21.400925 ], [ -158.05981, 21.401211 ], [ -158.060005, 21.40138 ], [ -158.060083, 21.401611 ], [ -158.060198, 21.401711 ], [ -158.060577, 21.401897 ], [ -158.060676, 21.402031 ], [ -158.060736, 21.402274 ], [ -158.060817, 21.40238 ], [ -158.061289, 21.402599 ], [ -158.061578, 21.402665 ], [ -158.061678, 21.402747 ], [ -158.062111, 21.403526 ], [ -158.061843, 21.40368 ], [ -158.06128, 21.403828 ], [ -158.061004, 21.403712 ] ] ] } },
{ "type": "Feature", "properties": { "crop": "Diversified Crop", "acreage": 436.7 }, "geometry": { "type": "Polygon", "coordinates": [ [ [ -158.052878, 21.360945 ], [ -158.053806, 21.363417 ], [ -158.053241, 21.364554 ], [ -158.05298, 21.365274 ], [ -158.052622, 21.366035 ], [ -158.052264, 21.366565 ], [ -158.05176, 21.367078 ], [ -158.043841, 21.372212 ], [ -158.038246, 21.366765 ], [ -158.037587, 21.365961 ], [ -158.036641, 21.364685 ], [ -158.036419, 21.364209 ], [ -158.036269, 21.363725 ], [ -158.035617, 21.360028 ], [ -158.035212, 21.35856 ], [ -158.034324, 21.35696 ], [ -158.033843, 21.356544 ], [ -158.033152, 21.356091 ], [ -158.032967, 21.355893 ], [ -158.03283, 21.355661 ], [ -158.03213, 21.353104 ], [ -158.03199, 21.352985 ], [ -158.032278, 21.352138 ], [ -158.032464, 21.351974 ], [ -158.033465, 21.351756 ], [ -158.034284, 21.351471 ], [ -158.035349, 21.352247 ], [ -158.035735, 21.353922 ], [ -158.036037, 21.354566 ], [ -158.044531, 21.365165 ], [ -158.045178, 21.365327 ], [ -158.047414, 21.363835 ], [ -158.049823, 21.361789 ], [ -158.04879, 21.360357 ], [ -158.048961, 21.360068 ], [ -158.050421, 21.358991 ], [ -158.050757, 21.358812 ], [ -158.050993, 21.359067 ], [ -158.052878, 21.360945 ] ] ] } },
{ "type": "Feature", "properties": { "crop": "Diversified Crop", "acreage": 279.5 }, "geometry": { "type": "Polygon", "coordinates": [ [ [ -158.023397, 21.349817 ], [ -158.016783, 21.351511 ], [ -158.01678, 21.351989 ], [ -158.016932, 21.353185 ], [ -158.016802, 21.353513 ], [ -158.016289, 21.353958 ], [ -158.016285, 21.354466 ], [ -158.016082, 21.356228 ], [ -158.015565, 21.357181 ], [ -158.01467, 21.357564 ], [ -158.013813, 21.356902 ], [ -158.013434, 21.356302 ], [ -158.012131, 21.355667 ], [ -158.01057, 21.355389 ], [ -158.008013, 21.35134 ], [ -158.01016, 21.349919 ], [ -158.009056, 21.34803 ], [ -158.01641, 21.345264 ], [ -158.017345, 21.343776 ], [ -158.023397, 21.349817 ] ] ] } },
{ "type": "Feature", "properties": { "crop": "Diversified Crop", "acreage": 171.7 }, "geometry": { "type": "Polygon", "coordinates": [ [ [ -158.003808, 21.336436 ], [ -158.006462, 21.340156 ], [ -158.003201, 21.341332 ], [ -158.002189, 21.340041 ], [ -157.99594, 21.335104 ], [ -157.997386, 21.333619 ], [ -157.999832, 21.330317 ], [ -158.000691, 21.330591 ], [ -158.001991, 21.331674 ], [ -158.003639, 21.333208 ], [ -158.007107, 21.334364 ], [ -158.007326, 21.335022 ], [ -158.003808, 21.336436 ] ] ] } },
{ "type": "Feature", "properties": { "crop": "Diversified Crop", "acreage": 112.0 }, "geometry": { "type": "Polygon", "coordinates": [ [ [ -157.941506, 21.650636 ], [ -157.94138, 21.650611 ], [ -157.940693, 21.649926 ], [ -157.940424, 21.649808 ], [ -157.940154, 21.649521 ], [ -157.939311, 21.648865 ], [ -157.939024, 21.648571 ], [ -157.938658, 21.648027 ], [ -157.938469, 21.647856 ], [ -157.93829, 21.647824 ], [ -157.938061, 21.647893 ], [ -157.937029, 21.648609 ], [ -157.936676, 21.648744 ], [ -157.936503, 21.648686 ], [ -157.93628, 21.648493 ], [ -157.935847, 21.647841 ], [ -157.935692, 21.647425 ], [ -157.935659, 21.647034 ], [ -157.935791, 21.646785 ], [ -157.936212, 21.646599 ], [ -157.935914, 21.646156 ], [ -157.936101, 21.646043 ], [ -157.936154, 21.645925 ], [ -157.936235, 21.645397 ], [ -157.936187, 21.644976 ], [ -157.936017, 21.644756 ], [ -157.935725, 21.644598 ], [ -157.935538, 21.644548 ], [ -157.934888, 21.644501 ], [ -157.934573, 21.644412 ], [ -157.934428, 21.644328 ], [ -157.934392, 21.644263 ], [ -157.934416, 21.644199 ], [ -157.934705, 21.643907 ], [ -157.934757, 21.643789 ], [ -157.934511, 21.643662 ], [ -157.934369, 21.643518 ], [ -157.93422, 21.643283 ], [ -157.934178, 21.643086 ], [ -157.934377, 21.642399 ], [ -157.934847, 21.641162 ], [ -157.93533, 21.640556 ], [ -157.935517, 21.640511 ], [ -157.935863, 21.640506 ], [ -157.936017, 21.64045 ], [ -157.936227, 21.639805 ], [ -157.93633, 21.639677 ], [ -157.93651, 21.639578 ], [ -157.936688, 21.639544 ], [ -157.936726, 21.639627 ], [ -157.936603, 21.640061 ], [ -157.936464, 21.640844 ], [ -157.936479, 21.641345 ], [ -157.936409, 21.641787 ], [ -157.936576, 21.642327 ], [ -157.936772, 21.643453 ], [ -157.936857, 21.643659 ], [ -157.93702, 21.64388 ], [ -157.937106, 21.643946 ], [ -157.937162, 21.643931 ], [ -157.937345, 21.643579 ], [ -157.937457, 21.64348 ], [ -157.937754, 21.643473 ], [ -157.938136, 21.643624 ], [ -157.938339, 21.64377 ], [ -157.938438, 21.64397 ], [ -157.938447, 21.6449 ], [ -157.939039, 21.644985 ], [ -157.939276, 21.64492 ], [ -157.939504, 21.644746 ], [ -157.940288, 21.643811 ], [ -157.94045, 21.643795 ], [ -157.940609, 21.643906 ], [ -157.940512, 21.644215 ], [ -157.940178, 21.644807 ], [ -157.939975, 21.645288 ], [ -157.939977, 21.645403 ], [ -157.94006, 21.645581 ], [ -157.940334, 21.645907 ], [ -157.940283, 21.645986 ], [ -157.939933, 21.646182 ], [ -157.939997, 21.646381 ], [ -157.940154, 21.646535 ], [ -157.940272, 21.646538 ], [ -157.941026, 21.646275 ], [ -157.941413, 21.646103 ], [ -157.941642, 21.645919 ], [ -157.941779, 21.645686 ], [ -157.941857, 21.645434 ], [ -157.941696, 21.644613 ], [ -157.941746, 21.644349 ], [ -157.941911, 21.64412 ], [ -157.942368, 21.644011 ], [ -157.942763, 21.643762 ], [ -157.942885, 21.643595 ], [ -157.94309, 21.643109 ], [ -157.943352, 21.642751 ], [ -157.943507, 21.642672 ], [ -157.943776, 21.64267 ], [ -157.944008, 21.642757 ], [ -157.944179, 21.64291 ], [ -157.944175, 21.642989 ], [ -157.94403, 21.643121 ], [ -157.943939, 21.643277 ], [ -157.943786, 21.643912 ], [ -157.943541, 21.644283 ], [ -157.943504, 21.644436 ], [ -157.943577, 21.644634 ], [ -157.943982, 21.644755 ], [ -157.944633, 21.64539 ], [ -157.944641, 21.645562 ], [ -157.944593, 21.645645 ], [ -157.944439, 21.64572 ], [ -157.944146, 21.645776 ], [ -157.944067, 21.645836 ], [ -157.944236, 21.64653 ], [ -157.943651, 21.646808 ], [ -157.94306, 21.646975 ], [ -157.94242, 21.647307 ], [ -157.941947, 21.6474 ], [ -157.941737, 21.647482 ], [ -157.941254, 21.647836 ], [ -157.941126, 21.648007 ], [ -157.941111, 21.64822 ], [ -157.94104, 21.648359 ], [ -157.940893, 21.648513 ], [ -157.940634, 21.648673 ], [ -157.940676, 21.648839 ], [ -157.940974, 21.649268 ], [ -157.941383, 21.6496 ], [ -157.941287, 21.649823 ], [ -157.941388, 21.64993 ], [ -157.941628, 21.650389 ], [ -157.94164, 21.650505 ], [ -157.941506, 21.650636 ] ] ] } },
{ "type": "Feature", "properties": { "crop": "Diversified Crop", "acreage": 2.9 }, "geometry": { "type": "Polygon", "coordinates": [ [ [ -157.933326, 21.641846 ], [ -157.933098, 21.641694 ], [ -157.933481, 21.641018 ], [ -157.933595, 21.641048 ], [ -157.933822, 21.640856 ], [ -157.933929, 21.640853 ], [ -157.934466, 21.64101 ], [ -157.934214, 21.641623 ], [ -157.933958, 21.642061 ], [ -157.933326, 21.641846 ] ] ] } },
{ "type": "Feature", "properties": { "crop": "Papaya", "acreage": 10.2 }, "geometry": { "type": "Polygon", "coordinates": [ [ [ -157.927699, 21.638953 ], [ -157.925004, 21.638657 ], [ -157.924921, 21.638549 ], [ -157.925037, 21.637882 ], [ -157.925148, 21.637787 ], [ -157.925225, 21.637787 ], [ -157.926698, 21.63794 ], [ -157.92716, 21.637921 ], [ -157.92754, 21.638149 ], [ -157.928123, 21.638856 ], [ -157.928269, 21.639445 ], [ -157.928879, 21.639688 ], [ -157.928693, 21.639958 ], [ -157.928202, 21.640301 ], [ -157.928043, 21.640317 ], [ -157.927805, 21.640115 ], [ -157.927622, 21.639798 ], [ -157.927699, 21.638953 ] ] ] } },
{ "type": "Feature", "properties": { "crop": "Papaya", "acreage": 16.6 }, "geometry": { "type": "Polygon", "coordinates": [ [ [ -157.930577, 21.637089 ], [ -157.931383, 21.637882 ], [ -157.928338, 21.639009 ], [ -157.927497, 21.637857 ], [ -157.928595, 21.637376 ], [ -157.929089, 21.636987 ], [ -157.929439, 21.636636 ], [ -157.929874, 21.635912 ], [ -157.930059, 21.635789 ], [ -157.930477, 21.635954 ], [ -157.930792, 21.636186 ], [ -157.93086, 21.636626 ], [ -157.930684, 21.636998 ], [ -157.930577, 21.637089 ] ] ] } },
{ "type": "Feature", "properties": { "crop": "Diversified Crop", "acreage": 14.9 }, "geometry": { "type": "Polygon", "coordinates": [ [ [ -157.931192, 21.636183 ], [ -157.930488, 21.635684 ], [ -157.930119, 21.635518 ], [ -157.930216, 21.635293 ], [ -157.93058, 21.63503 ], [ -157.93143, 21.634211 ], [ -157.931648, 21.633811 ], [ -157.931768, 21.633337 ], [ -157.931726, 21.633189 ], [ -157.931572, 21.63304 ], [ -157.931014, 21.632922 ], [ -157.930642, 21.632771 ], [ -157.930547, 21.632672 ], [ -157.930543, 21.632513 ], [ -157.930622, 21.632405 ], [ -157.930901, 21.632245 ], [ -157.931078, 21.632076 ], [ -157.931342, 21.632165 ], [ -157.931468, 21.632116 ], [ -157.93162, 21.631957 ], [ -157.93195, 21.631444 ], [ -157.932326, 21.631095 ], [ -157.93261, 21.630968 ], [ -157.932928, 21.630966 ], [ -157.932995, 21.631046 ], [ -157.932898, 21.631274 ], [ -157.93239, 21.631597 ], [ -157.932213, 21.632017 ], [ -157.93183, 21.632712 ], [ -157.931838, 21.63297 ], [ -157.931914, 21.633127 ], [ -157.932372, 21.633181 ], [ -157.932498, 21.633257 ], [ -157.932445, 21.633401 ], [ -157.932067, 21.633852 ], [ -157.931965, 21.634065 ], [ -157.932019, 21.634164 ], [ -157.932385, 21.634327 ], [ -157.932462, 21.634399 ], [ -157.932426, 21.634523 ], [ -157.932116, 21.634919 ], [ -157.932149, 21.634989 ], [ -157.932365, 21.635115 ], [ -157.932377, 21.635209 ], [ -157.931937, 21.635794 ], [ -157.931544, 21.636153 ], [ -157.931375, 21.636237 ], [ -157.931192, 21.636183 ] ] ] } },
{ "type": "Feature", "properties": { "crop": "Diversified Crop", "acreage": 25.5 }, "geometry": { "type": "Polygon", "coordinates": [ [ [ -157.923776, 21.629302 ], [ -157.923165, 21.629378 ], [ -157.923, 21.629347 ], [ -157.922896, 21.629157 ], [ -157.922852, 21.628563 ], [ -157.922795, 21.628402 ], [ -157.92269, 21.628322 ], [ -157.922392, 21.628308 ], [ -157.922266, 21.628224 ], [ -157.922214, 21.628005 ], [ -157.922251, 21.62742 ], [ -157.922179, 21.626121 ], [ -157.922231, 21.626021 ], [ -157.92262, 21.625913 ], [ -157.922754, 21.626034 ], [ -157.923122, 21.627086 ], [ -157.923429, 21.62771 ], [ -157.923708, 21.628076 ], [ -157.923867, 21.628139 ], [ -157.924215, 21.627955 ], [ -157.924711, 21.627882 ], [ -157.925036, 21.627735 ], [ -157.925757, 21.62702 ], [ -157.926444, 21.62675 ], [ -157.926686, 21.626778 ], [ -157.926682, 21.626921 ], [ -157.926611, 21.627067 ], [ -157.926007, 21.627416 ], [ -157.92577, 21.627628 ], [ -157.925655, 21.6278 ], [ -157.925582, 21.628132 ], [ -157.925618, 21.628821 ], [ -157.925823, 21.629193 ], [ -157.926029, 21.629414 ], [ -157.926046, 21.629577 ], [ -157.925883, 21.629861 ], [ -157.925323, 21.630145 ], [ -157.925181, 21.630259 ], [ -157.925086, 21.630495 ], [ -157.925075, 21.630795 ], [ -157.924921, 21.630995 ], [ -157.924367, 21.631096 ], [ -157.924237, 21.631017 ], [ -157.924117, 21.63083 ], [ -157.924039, 21.630541 ], [ -157.924119, 21.630072 ], [ -157.924122, 21.629375 ], [ -157.923776, 21.629302 ] ] ] } },
{ "type": "Feature", "properties": { "crop": "Diversified Crop", "acreage": 10.2 }, "geometry": { "type": "MultiPolygon", "coordinates": [ [ [ [ -158.030766, 21.640754 ], [ -158.030742, 21.640646 ], [ -158.03081, 21.640244 ], [ -158.032121, 21.640303 ], [ -158.032396, 21.640464 ], [ -158.03225, 21.642816 ], [ -158.032058, 21.642943 ], [ -158.031085, 21.642832 ], [ -158.03099, 21.642731 ], [ -158.030926, 21.642352 ], [ -158.031052, 21.641094 ], [ -158.030983, 21.640861 ], [ -158.030831, 21.640791 ], [ -158.030766, 21.640754 ] ] ], [ [ [ -158.030824, 21.640802 ], [ -158.030774, 21.640798 ], [ -158.030782, 21.640794 ], [ -158.030806, 21.640791 ], [ -158.030824, 21.640802 ] ] ] ] } },
{ "type": "Feature", "properties": { "crop": "Flowers / Foliage / Landscape", "acreage": 1.4 }, "geometry": { "type": "Polygon", "coordinates": [ [ [ -158.034519, 21.641377 ], [ -158.034486, 21.641631 ], [ -158.034423, 21.641668 ], [ -158.033216, 21.641605 ], [ -158.033172, 21.641531 ], [ -158.033188, 21.641283 ], [ -158.033276, 21.641247 ], [ -158.034476, 21.641301 ], [ -158.034519, 21.641377 ] ] ] } },
{ "type": "Feature", "properties": { "crop": "Diversified Crop", "acreage": 39.5 }, "geometry": { "type": "Polygon", "coordinates": [ [ [ -157.953722, 21.67033 ], [ -157.953333, 21.670484 ], [ -157.952735, 21.670986 ], [ -157.952124, 21.671217 ], [ -157.951216, 21.671382 ], [ -157.950911, 21.67173 ], [ -157.949977, 21.672197 ], [ -157.949438, 21.672256 ], [ -157.947769, 21.672215 ], [ -157.947567, 21.672182 ], [ -157.947511, 21.671988 ], [ -157.947886, 21.671419 ], [ -157.947974, 21.671393 ], [ -157.948234, 21.671433 ], [ -157.948932, 21.671693 ], [ -157.949537, 21.671741 ], [ -157.949842, 21.671695 ], [ -157.950021, 21.671599 ], [ -157.950399, 21.671274 ], [ -157.950853, 21.671108 ], [ -157.951259, 21.670825 ], [ -157.951922, 21.67053 ], [ -157.952763, 21.669979 ], [ -157.9531, 21.669896 ], [ -157.953478, 21.669863 ], [ -157.953959, 21.669688 ], [ -157.954701, 21.669621 ], [ -157.95582, 21.669362 ], [ -157.956193, 21.669351 ], [ -157.956462, 21.669454 ], [ -157.956542, 21.669368 ], [ -157.956522, 21.66918 ], [ -157.956584, 21.669048 ], [ -157.956706, 21.668965 ], [ -157.956873, 21.668966 ], [ -157.957082, 21.669022 ], [ -157.95741, 21.669208 ], [ -157.957882, 21.669342 ], [ -157.958199, 21.669556 ], [ -157.958203, 21.669715 ], [ -157.958049, 21.66978 ], [ -157.957896, 21.669761 ], [ -157.957661, 21.669654 ], [ -157.957437, 21.669662 ], [ -157.957303, 21.669831 ], [ -157.957284, 21.670016 ], [ -157.95739, 21.670176 ], [ -157.957418, 21.670436 ], [ -157.957883, 21.670656 ], [ -157.958204, 21.67101 ], [ -157.958394, 21.671627 ], [ -157.958818, 21.672184 ], [ -157.958946, 21.672878 ], [ -157.959147, 21.673362 ], [ -157.959241, 21.673434 ], [ -157.959376, 21.673448 ], [ -157.959974, 21.673193 ], [ -157.960205, 21.673202 ], [ -157.960553, 21.673362 ], [ -157.960673, 21.673567 ], [ -157.960651, 21.673718 ], [ -157.960319, 21.673964 ], [ -157.959645, 21.674225 ], [ -157.959069, 21.674316 ], [ -157.95824, 21.674343 ], [ -157.957815, 21.672597 ], [ -157.957425, 21.671891 ], [ -157.956841, 21.671199 ], [ -157.956087, 21.670646 ], [ -157.955808, 21.670358 ], [ -157.955631, 21.670258 ], [ -157.955257, 21.670208 ], [ -157.954849, 21.670219 ], [ -157.954357, 21.670432 ], [ -157.95415, 21.670457 ], [ -157.953722, 21.67033 ] ] ] } },
{ "type": "Feature", "properties": { "crop": "Diversified Crop", "acreage": 17.0 }, "geometry": { "type": "Polygon", "coordinates": [ [ [ -157.946375, 21.671756 ], [ -157.945074, 21.669086 ], [ -157.945081, 21.668664 ], [ -157.945199, 21.668259 ], [ -157.945552, 21.667708 ], [ -157.945697, 21.667554 ], [ -157.945811, 21.667497 ], [ -157.945981, 21.667526 ], [ -157.946055, 21.667596 ], [ -157.94589, 21.668155 ], [ -157.94601, 21.66851 ], [ -157.946138, 21.66858 ], [ -157.946343, 21.668547 ], [ -157.946392, 21.668477 ], [ -157.946317, 21.668239 ], [ -157.946446, 21.668197 ], [ -157.946588, 21.668217 ], [ -157.946713, 21.66832 ], [ -157.946935, 21.668634 ], [ -157.947113, 21.669049 ], [ -157.947187, 21.669561 ], [ -157.947144, 21.670444 ], [ -157.947251, 21.67064 ], [ -157.947588, 21.671017 ], [ -157.947622, 21.671153 ], [ -157.947554, 21.671369 ], [ -157.947391, 21.671558 ], [ -157.947206, 21.671662 ], [ -157.946938, 21.671712 ], [ -157.946375, 21.671756 ] ] ] } },
{ "type": "Feature", "properties": { "crop": "Diversified Crop", "acreage": 30.0 }, "geometry": { "type": "Polygon", "coordinates": [ [ [ -157.946105, 21.671909 ], [ -157.943484, 21.672005 ], [ -157.941625, 21.672019 ], [ -157.941582, 21.671453 ], [ -157.941652, 21.670869 ], [ -157.944364, 21.668088 ], [ -157.945957, 21.671215 ], [ -157.945912, 21.671436 ], [ -157.945518, 21.671301 ], [ -157.945457, 21.671342 ], [ -157.945437, 21.671458 ], [ -157.945563, 21.671535 ], [ -157.946115, 21.671643 ], [ -157.946192, 21.671851 ], [ -157.946105, 21.671909 ] ] ] } },
{ "type": "Feature", "properties": { "crop": "Diversified Crop", "acreage": 2.2 }, "geometry": { "type": "Polygon", "coordinates": [ [ [ -157.948053, 21.665056 ], [ -157.947262, 21.665626 ], [ -157.947157, 21.665663 ], [ -157.946642, 21.665607 ], [ -157.947697, 21.664482 ], [ -157.947812, 21.664479 ], [ -157.948113, 21.664929 ], [ -157.948053, 21.665056 ] ] ] } },
{ "type": "Feature", "properties": { "crop": "Diversified Crop", "acreage": 44.8 }, "geometry": { "type": "Polygon", "coordinates": [ [ [ -157.940592, 21.665757 ], [ -157.940555, 21.66557 ], [ -157.940618, 21.665321 ], [ -157.945339, 21.661975 ], [ -157.946374, 21.66206 ], [ -157.947377, 21.66149 ], [ -157.947964, 21.661074 ], [ -157.948177, 21.660868 ], [ -157.94826, 21.660728 ], [ -157.948247, 21.660614 ], [ -157.948075, 21.66025 ], [ -157.948068, 21.660123 ], [ -157.948219, 21.659699 ], [ -157.948501, 21.659305 ], [ -157.948775, 21.659138 ], [ -157.949473, 21.659109 ], [ -157.94992, 21.658912 ], [ -157.950138, 21.658635 ], [ -157.950435, 21.657808 ], [ -157.950696, 21.657443 ], [ -157.950906, 21.657258 ], [ -157.951343, 21.657088 ], [ -157.952375, 21.656801 ], [ -157.952492, 21.656792 ], [ -157.952565, 21.656834 ], [ -157.952591, 21.656939 ], [ -157.95243, 21.657198 ], [ -157.951775, 21.657668 ], [ -157.9515, 21.657923 ], [ -157.951416, 21.658075 ], [ -157.951374, 21.658501 ], [ -157.950895, 21.658991 ], [ -157.949053, 21.660447 ], [ -157.946121, 21.662999 ], [ -157.941605, 21.666774 ], [ -157.941004, 21.666228 ], [ -157.940592, 21.665757 ] ] ] } },
{ "type": "Feature", "properties": { "crop": "Diversified Crop", "acreage": 62.2 }, "geometry": { "type": "Polygon", "coordinates": [ [ [ -157.941216, 21.67126 ], [ -157.940913, 21.671095 ], [ -157.940837, 21.671017 ], [ -157.940745, 21.67078 ], [ -157.940734, 21.670401 ], [ -157.940797, 21.669655 ], [ -157.940732, 21.668179 ], [ -157.940857, 21.667893 ], [ -157.943029, 21.665909 ], [ -157.943585, 21.665473 ], [ -157.943956, 21.665083 ], [ -157.947844, 21.662058 ], [ -157.950098, 21.660122 ], [ -157.95023, 21.660218 ], [ -157.947501, 21.664226 ], [ -157.94339, 21.668802 ], [ -157.943269, 21.668802 ], [ -157.942887, 21.668307 ], [ -157.942767, 21.6683 ], [ -157.94242, 21.668697 ], [ -157.94243, 21.668852 ], [ -157.942774, 21.66921 ], [ -157.942797, 21.669398 ], [ -157.941216, 21.67126 ] ] ] } },
{ "type": "Feature", "properties": { "crop": "Diversified Crop", "acreage": 6.1 }, "geometry": { "type": "Polygon", "coordinates": [ [ [ -157.954041, 21.657908 ], [ -157.953905, 21.657956 ], [ -157.952988, 21.657651 ], [ -157.952828, 21.657339 ], [ -157.952872, 21.657129 ], [ -157.953128, 21.656749 ], [ -157.95322, 21.656206 ], [ -157.953407, 21.655893 ], [ -157.953548, 21.655775 ], [ -157.953698, 21.655797 ], [ -157.953822, 21.655932 ], [ -157.953872, 21.656811 ], [ -157.953918, 21.656985 ], [ -157.95399, 21.65703 ], [ -157.95431, 21.656973 ], [ -157.954478, 21.657001 ], [ -157.954595, 21.657087 ], [ -157.954765, 21.657358 ], [ -157.954738, 21.657491 ], [ -157.954324, 21.657677 ], [ -157.954041, 21.657908 ] ] ] } },
{ "type": "Feature", "properties": { "crop": "Tropical Fruits", "acreage": 3.6 }, "geometry": { "type": "Polygon", "coordinates": [ [ [ -157.93852, 21.651262 ], [ -157.937581, 21.651518 ], [ -157.937512, 21.651502 ], [ -157.93718, 21.650649 ], [ -157.937363, 21.650511 ], [ -157.937715, 21.6504 ], [ -157.938125, 21.650339 ], [ -157.938377, 21.650361 ], [ -157.938474, 21.650421 ], [ -157.938639, 21.651117 ], [ -157.93852, 21.651262 ] ] ] } },
{ "type": "Feature", "properties": { "crop": "Diversified Crop", "acreage": 4.0 }, "geometry": { "type": "Polygon", "coordinates": [ [ [ -157.919752, 21.622423 ], [ -157.919601, 21.622353 ], [ -157.919305, 21.622022 ], [ -157.918958, 21.622036 ], [ -157.918868, 21.62199 ], [ -157.918798, 21.621879 ], [ -157.918806, 21.621814 ], [ -157.91897, 21.621663 ], [ -157.918733, 21.621471 ], [ -157.918727, 21.621322 ], [ -157.919179, 21.62095 ], [ -157.91956, 21.620768 ], [ -157.919712, 21.620759 ], [ -157.919778, 21.620809 ], [ -157.920044, 21.622238 ], [ -157.919954, 21.622434 ], [ -157.919752, 21.622423 ] ] ] } },
{ "type": "Feature", "properties": { "crop": "Diversified Crop", "acreage": 2.9 }, "geometry": { "type": "Polygon", "coordinates": [ [ [ -157.918904, 21.617477 ], [ -157.918694, 21.617672 ], [ -157.918465, 21.617809 ], [ -157.918286, 21.617849 ], [ -157.917692, 21.617178 ], [ -157.918149, 21.616905 ], [ -157.918156, 21.616833 ], [ -157.918013, 21.616601 ], [ -157.918095, 21.616501 ], [ -157.918304, 21.616386 ], [ -157.91901, 21.617301 ], [ -157.918904, 21.617477 ] ] ] } },
{ "type": "Feature", "properties": { "crop": "Diversified Crop", "acreage": 42.4 }, "geometry": { "type": "Polygon", "coordinates": [ [ [ -157.904106, 21.598144 ], [ -157.904621, 21.598506 ], [ -157.904799, 21.5987 ], [ -157.904858, 21.598832 ], [ -157.904829, 21.599002 ], [ -157.904227, 21.599769 ], [ -157.90408, 21.600119 ], [ -157.904093, 21.600333 ], [ -157.904202, 21.600713 ], [ -157.904527, 21.601403 ], [ -157.904537, 21.601584 ], [ -157.904459, 21.601729 ], [ -157.904055, 21.602063 ], [ -157.903792, 21.602344 ], [ -157.903569, 21.602407 ], [ -157.903198, 21.602289 ], [ -157.903011, 21.602309 ], [ -157.902791, 21.602431 ], [ -157.902226, 21.602894 ], [ -157.902045, 21.602966 ], [ -157.901935, 21.602947 ], [ -157.901841, 21.602869 ], [ -157.901546, 21.602353 ], [ -157.901377, 21.602195 ], [ -157.90123, 21.602193 ], [ -157.900692, 21.602383 ], [ -157.900489, 21.602344 ], [ -157.900283, 21.602225 ], [ -157.899907, 21.60181 ], [ -157.899524, 21.601095 ], [ -157.899465, 21.600942 ], [ -157.899584, 21.600614 ], [ -157.903726, 21.598225 ], [ -157.904106, 21.598144 ] ] ] } },
{ "type": "Feature", "properties": { "crop": "Diversified Crop", "acreage": 4.1 }, "geometry": { "type": "Polygon", "coordinates": [ [ [ -157.903916, 21.605016 ], [ -157.903379, 21.60466 ], [ -157.90251, 21.604271 ], [ -157.902289, 21.604111 ], [ -157.902284, 21.604008 ], [ -157.902593, 21.60378 ], [ -157.902673, 21.603468 ], [ -157.902893, 21.603233 ], [ -157.902965, 21.603213 ], [ -157.903022, 21.603252 ], [ -157.903274, 21.603675 ], [ -157.904098, 21.604626 ], [ -157.904155, 21.604789 ], [ -157.904071, 21.604963 ], [ -157.903916, 21.605016 ] ] ] } },
{ "type": "Feature", "properties": { "crop": "Diversified Crop", "acreage": 11.1 }, "geometry": { "type": "Polygon", "coordinates": [ [ [ -157.889475, 21.583119 ], [ -157.88936, 21.583058 ], [ -157.889051, 21.582101 ], [ -157.889212, 21.582021 ], [ -157.892099, 21.581621 ], [ -157.892179, 21.581624 ], [ -157.89229, 21.581729 ], [ -157.892041, 21.582615 ], [ -157.891915, 21.582679 ], [ -157.891761, 21.582644 ], [ -157.891747, 21.58253 ], [ -157.891563, 21.582543 ], [ -157.891525, 21.583044 ], [ -157.891476, 21.583149 ], [ -157.890936, 21.583241 ], [ -157.890936, 21.583327 ], [ -157.890859, 21.583341 ], [ -157.890937, 21.583613 ], [ -157.890852, 21.5837 ], [ -157.890598, 21.583753 ], [ -157.890476, 21.583694 ], [ -157.890049, 21.582948 ], [ -157.889475, 21.583119 ] ] ] } },
{ "type": "Feature", "properties": { "crop": "Diversified Crop", "acreage": 10.4 }, "geometry": { "type": "Polygon", "coordinates": [ [ [ -157.890109, 21.581752 ], [ -157.889912, 21.581816 ], [ -157.887889, 21.582247 ], [ -157.887688, 21.582227 ], [ -157.887577, 21.582163 ], [ -157.887486, 21.582036 ], [ -157.887449, 21.581857 ], [ -157.887495, 21.581012 ], [ -157.887663, 21.579966 ], [ -157.887758, 21.579738 ], [ -157.888009, 21.579636 ], [ -157.888301, 21.579643 ], [ -157.888401, 21.579747 ], [ -157.88853, 21.580056 ], [ -157.888668, 21.580979 ], [ -157.888818, 21.58122 ], [ -157.888994, 21.581292 ], [ -157.889326, 21.581321 ], [ -157.889769, 21.581191 ], [ -157.889918, 21.581206 ], [ -157.89008, 21.581325 ], [ -157.890182, 21.581645 ], [ -157.890109, 21.581752 ] ] ] } },
{ "type": "Feature", "properties": { "crop": "Diversified Crop", "acreage": 12.3 }, "geometry": { "type": "Polygon", "coordinates": [ [ [ -157.857667, 21.484351 ], [ -157.857418, 21.484411 ], [ -157.857286, 21.484791 ], [ -157.857018, 21.484768 ], [ -157.856889, 21.484584 ], [ -157.856895, 21.484488 ], [ -157.857028, 21.484348 ], [ -157.857016, 21.484249 ], [ -157.856849, 21.484117 ], [ -157.856577, 21.484151 ], [ -157.85604, 21.484379 ], [ -157.855921, 21.484556 ], [ -157.855936, 21.484686 ], [ -157.856073, 21.484824 ], [ -157.855997, 21.484934 ], [ -157.856092, 21.484999 ], [ -157.856146, 21.485264 ], [ -157.856362, 21.485497 ], [ -157.856075, 21.485485 ], [ -157.855686, 21.485622 ], [ -157.855468, 21.485565 ], [ -157.855385, 21.485104 ], [ -157.855465, 21.484903 ], [ -157.855328, 21.48473 ], [ -157.855362, 21.484629 ], [ -157.855506, 21.484533 ], [ -157.855548, 21.484269 ], [ -157.855825, 21.484267 ], [ -157.855977, 21.484228 ], [ -157.856014, 21.484169 ], [ -157.855995, 21.484099 ], [ -157.855768, 21.48396 ], [ -157.855723, 21.483533 ], [ -157.85578, 21.483287 ], [ -157.856069, 21.483079 ], [ -157.856181, 21.483082 ], [ -157.85634, 21.482999 ], [ -157.856719, 21.483017 ], [ -157.857118, 21.482971 ], [ -157.857899, 21.483099 ], [ -157.858579, 21.482993 ], [ -157.859279, 21.483051 ], [ -157.859249, 21.483344 ], [ -157.858605, 21.483463 ], [ -157.858085, 21.483901 ], [ -157.857871, 21.483995 ], [ -157.857813, 21.484134 ], [ -157.857667, 21.484351 ] ] ] } },
{ "type": "Feature", "properties": { "crop": "Diversified Crop", "acreage": 1.9 }, "geometry": { "type": "Polygon", "coordinates": [ [ [ -157.859235, 21.482059 ], [ -157.85908, 21.48253 ], [ -157.85892, 21.482574 ], [ -157.858554, 21.48247 ], [ -157.858461, 21.48226 ], [ -157.858489, 21.481983 ], [ -157.858275, 21.481974 ], [ -157.858261, 21.481778 ], [ -157.858431, 21.481682 ], [ -157.859207, 21.481706 ], [ -157.859235, 21.482059 ] ] ] } },
{ "type": "Feature", "properties": { "crop": "Diversified Crop", "acreage": 12.1 }, "geometry": { "type": "Polygon", "coordinates": [ [ [ -157.890792, 21.580387 ], [ -157.890705, 21.580553 ], [ -157.890924, 21.581472 ], [ -157.890846, 21.581608 ], [ -157.890343, 21.581617 ], [ -157.88946, 21.579213 ], [ -157.889529, 21.579065 ], [ -157.891439, 21.578445 ], [ -157.891587, 21.578525 ], [ -157.891917, 21.579327 ], [ -157.891859, 21.579453 ], [ -157.891739, 21.579495 ], [ -157.891676, 21.579612 ], [ -157.891766, 21.579973 ], [ -157.891675, 21.580127 ], [ -157.890792, 21.580387 ] ] ] } },
{ "type": "Feature", "properties": { "crop": "Diversified Crop", "acreage": 22.3 }, "geometry": { "type": "Polygon", "coordinates": [ [ [ -157.889839, 21.578459 ], [ -157.889692, 21.578577 ], [ -157.887782, 21.579557 ], [ -157.887414, 21.579675 ], [ -157.886825, 21.579729 ], [ -157.886528, 21.579837 ], [ -157.88642, 21.579839 ], [ -157.886187, 21.579739 ], [ -157.886098, 21.579452 ], [ -157.886078, 21.579188 ], [ -157.885867, 21.579012 ], [ -157.88624, 21.578462 ], [ -157.8861, 21.57814 ], [ -157.886153, 21.578017 ], [ -157.886355, 21.577863 ], [ -157.886588, 21.577777 ], [ -157.886732, 21.57779 ], [ -157.886849, 21.577932 ], [ -157.887077, 21.577849 ], [ -157.887245, 21.577614 ], [ -157.887533, 21.577345 ], [ -157.887675, 21.577099 ], [ -157.887697, 21.576978 ], [ -157.88757, 21.576798 ], [ -157.887789, 21.576421 ], [ -157.888343, 21.575997 ], [ -157.888428, 21.57598 ], [ -157.889221, 21.575958 ], [ -157.889308, 21.576067 ], [ -157.889346, 21.576267 ], [ -157.889211, 21.576485 ], [ -157.88826, 21.577328 ], [ -157.888235, 21.577524 ], [ -157.888432, 21.577771 ], [ -157.88857, 21.577836 ], [ -157.88868, 21.577787 ], [ -157.889025, 21.577483 ], [ -157.88918, 21.577468 ], [ -157.889415, 21.577669 ], [ -157.889414, 21.577724 ], [ -157.889322, 21.577809 ], [ -157.889342, 21.577881 ], [ -157.889481, 21.577983 ], [ -157.889627, 21.577941 ], [ -157.889721, 21.577983 ], [ -157.889877, 21.578337 ], [ -157.889839, 21.578459 ] ] ] } },
{ "type": "Feature", "properties": { "crop": "Diversified Crop", "acreage": 9.9 }, "geometry": { "type": "Polygon", "coordinates": [ [ [ -157.892044, 21.577743 ], [ -157.891049, 21.576768 ], [ -157.890867, 21.575765 ], [ -157.891137, 21.575874 ], [ -157.891519, 21.575815 ], [ -157.892188, 21.576157 ], [ -157.89283, 21.575761 ], [ -157.893215, 21.575592 ], [ -157.893472, 21.575698 ], [ -157.8936, 21.576035 ], [ -157.893319, 21.576558 ], [ -157.893473, 21.576816 ], [ -157.892044, 21.577743 ] ] ] } },
{ "type": "Feature", "properties": { "crop": "Diversified Crop", "acreage": 4.4 }, "geometry": { "type": "Polygon", "coordinates": [ [ [ -157.892402, 21.575784 ], [ -157.892202, 21.575829 ], [ -157.891722, 21.575689 ], [ -157.891138, 21.575628 ], [ -157.891279, 21.575053 ], [ -157.8926, 21.574457 ], [ -157.893049, 21.575359 ], [ -157.892541, 21.575537 ], [ -157.892402, 21.575784 ] ] ] } },
{ "type": "Feature", "properties": { "crop": "Diversified Crop", "acreage": 13.4 }, "geometry": { "type": "Polygon", "coordinates": [ [ [ -157.893714, 21.573878 ], [ -157.89273, 21.57428 ], [ -157.89252, 21.574325 ], [ -157.892389, 21.574243 ], [ -157.892266, 21.573752 ], [ -157.892195, 21.57364 ], [ -157.892021, 21.573679 ], [ -157.891622, 21.573981 ], [ -157.891486, 21.574033 ], [ -157.891427, 21.573965 ], [ -157.891362, 21.5736 ], [ -157.891254, 21.573602 ], [ -157.890842, 21.573756 ], [ -157.890737, 21.5736 ], [ -157.890712, 21.573409 ], [ -157.890773, 21.573279 ], [ -157.890952, 21.573088 ], [ -157.891608, 21.572526 ], [ -157.892047, 21.572292 ], [ -157.892299, 21.572231 ], [ -157.892541, 21.572262 ], [ -157.892911, 21.572565 ], [ -157.893081, 21.572615 ], [ -157.893387, 21.572537 ], [ -157.893739, 21.572287 ], [ -157.893841, 21.572352 ], [ -157.894351, 21.573706 ], [ -157.893714, 21.573878 ] ] ] } },
{ "type": "Feature", "properties": { "crop": "Diversified Crop", "acreage": 5.9 }, "geometry": { "type": "Polygon", "coordinates": [ [ [ -157.891172, 21.571741 ], [ -157.890833, 21.571935 ], [ -157.890475, 21.572055 ], [ -157.890265, 21.572382 ], [ -157.890063, 21.572459 ], [ -157.889523, 21.57284 ], [ -157.889372, 21.573007 ], [ -157.889083, 21.573566 ], [ -157.888972, 21.573603 ], [ -157.888804, 21.573529 ], [ -157.888765, 21.573361 ], [ -157.888839, 21.573082 ], [ -157.88914, 21.572532 ], [ -157.889459, 21.5722 ], [ -157.890031, 21.571829 ], [ -157.890761, 21.571033 ], [ -157.890895, 21.57097 ], [ -157.891083, 21.571009 ], [ -157.891578, 21.571001 ], [ -157.891677, 21.571071 ], [ -157.891633, 21.571249 ], [ -157.891172, 21.571741 ] ] ] } },
{ "type": "Feature", "properties": { "crop": "Taro", "acreage": 1.6 }, "geometry": { "type": "Polygon", "coordinates": [ [ [ -157.891943, 21.570262 ], [ -157.891671, 21.57026 ], [ -157.891343, 21.570086 ], [ -157.891091, 21.570027 ], [ -157.89143, 21.569799 ], [ -157.89125, 21.569577 ], [ -157.891388, 21.569352 ], [ -157.891488, 21.569306 ], [ -157.891937, 21.569645 ], [ -157.892149, 21.569941 ], [ -157.892163, 21.57007 ], [ -157.891943, 21.570262 ] ] ] } },
{ "type": "Feature", "properties": { "crop": "Diversified Crop", "acreage": 7.4 }, "geometry": { "type": "Polygon", "coordinates": [ [ [ -157.885386, 21.574935 ], [ -157.88615, 21.57474 ], [ -157.886365, 21.574616 ], [ -157.886447, 21.574681 ], [ -157.886477, 21.57483 ], [ -157.886373, 21.57506 ], [ -157.886172, 21.575327 ], [ -157.885862, 21.575585 ], [ -157.885952, 21.575695 ], [ -157.885773, 21.575885 ], [ -157.885283, 21.576112 ], [ -157.885206, 21.57602 ], [ -157.885095, 21.575978 ], [ -157.884382, 21.57629 ], [ -157.884211, 21.576259 ], [ -157.883327, 21.576625 ], [ -157.88297, 21.576521 ], [ -157.882842, 21.576184 ], [ -157.883951, 21.575719 ], [ -157.884448, 21.575561 ], [ -157.885386, 21.574935 ] ] ] } },
{ "type": "Feature", "properties": { "crop": "Diversified Crop", "acreage": 14.9 }, "geometry": { "type": "Polygon", "coordinates": [ [ [ -157.881556, 21.575565 ], [ -157.881219, 21.575712 ], [ -157.881129, 21.575655 ], [ -157.880982, 21.575397 ], [ -157.881048, 21.575051 ], [ -157.881222, 21.574843 ], [ -157.88143, 21.574736 ], [ -157.881521, 21.574793 ], [ -157.881707, 21.575077 ], [ -157.88184, 21.575123 ], [ -157.882022, 21.57511 ], [ -157.882356, 21.574984 ], [ -157.882711, 21.574727 ], [ -157.882908, 21.574413 ], [ -157.882825, 21.574059 ], [ -157.882924, 21.57399 ], [ -157.88324, 21.573897 ], [ -157.883305, 21.573826 ], [ -157.88327, 21.573705 ], [ -157.882926, 21.573265 ], [ -157.882908, 21.573181 ], [ -157.88325, 21.573264 ], [ -157.883451, 21.573247 ], [ -157.883569, 21.573181 ], [ -157.883695, 21.572952 ], [ -157.884062, 21.573118 ], [ -157.884145, 21.573014 ], [ -157.88431, 21.572556 ], [ -157.884417, 21.572493 ], [ -157.884658, 21.572506 ], [ -157.885261, 21.572695 ], [ -157.88552, 21.572729 ], [ -157.886157, 21.572634 ], [ -157.886766, 21.572238 ], [ -157.886884, 21.572245 ], [ -157.887022, 21.572371 ], [ -157.887046, 21.572483 ], [ -157.886896, 21.572637 ], [ -157.885964, 21.573182 ], [ -157.885406, 21.573721 ], [ -157.884488, 21.574073 ], [ -157.88388, 21.574418 ], [ -157.883551, 21.574512 ], [ -157.882586, 21.575203 ], [ -157.88198, 21.57553 ], [ -157.881778, 21.575689 ], [ -157.881706, 21.575692 ], [ -157.881647, 21.5756 ], [ -157.881556, 21.575565 ] ] ] } },
{ "type": "Feature", "properties": { "crop": "Diversified Crop", "acreage": 2.6 }, "geometry": { "type": "Polygon", "coordinates": [ [ [ -157.845987, 21.513061 ], [ -157.846256, 21.512917 ], [ -157.846427, 21.512746 ], [ -157.846731, 21.512563 ], [ -157.846843, 21.512536 ], [ -157.846921, 21.512564 ], [ -157.847114, 21.512795 ], [ -157.847157, 21.512975 ], [ -157.846925, 21.513106 ], [ -157.84675, 21.513384 ], [ -157.846586, 21.51332 ], [ -157.8462, 21.513411 ], [ -157.845918, 21.513578 ], [ -157.845724, 21.51384 ], [ -157.845471, 21.513941 ], [ -157.845238, 21.51396 ], [ -157.845209, 21.513858 ], [ -157.845274, 21.513734 ], [ -157.845802, 21.513356 ], [ -157.845987, 21.513061 ] ] ] } },
{ "type": "Feature", "properties": { "crop": "Diversified Crop", "acreage": 1.7 }, "geometry": { "type": "Polygon", "coordinates": [ [ [ -157.852912, 21.510127 ], [ -157.852585, 21.510177 ], [ -157.852009, 21.509916 ], [ -157.851898, 21.509771 ], [ -157.852118, 21.509523 ], [ -157.852316, 21.509494 ], [ -157.852509, 21.509345 ], [ -157.852603, 21.509327 ], [ -157.852769, 21.509423 ], [ -157.852845, 21.509549 ], [ -157.852713, 21.509768 ], [ -157.85273, 21.509826 ], [ -157.853158, 21.509975 ], [ -157.852912, 21.510127 ] ] ] } },
{ "type": "Feature", "properties": { "crop": "Aquaculture", "acreage": 5.2 }, "geometry": { "type": "Polygon", "coordinates": [ [ [ -157.855114, 21.506321 ], [ -157.854965, 21.506493 ], [ -157.85377, 21.507161 ], [ -157.853681, 21.50713 ], [ -157.853345, 21.506743 ], [ -157.853181, 21.506422 ], [ -157.853201, 21.506336 ], [ -157.854576, 21.50547 ], [ -157.855181, 21.506164 ], [ -157.855114, 21.506321 ] ] ] } },
{ "type": "Feature", "properties": { "crop": "Flowers / Foliage / Landscape", "acreage": 1.5 }, "geometry": { "type": "Polygon", "coordinates": [ [ [ -157.85319, 21.496181 ], [ -157.853396, 21.496645 ], [ -157.852481, 21.497 ], [ -157.852265, 21.496513 ], [ -157.852675, 21.496359 ], [ -157.85319, 21.496181 ] ] ] } },
{ "type": "Feature", "properties": { "crop": "Flowers / Foliage / Landscape", "acreage": 0.8 }, "geometry": { "type": "Polygon", "coordinates": [ [ [ -157.852599, 21.497549 ], [ -157.85262, 21.497494 ], [ -157.853373, 21.497205 ], [ -157.853414, 21.497242 ], [ -157.853419, 21.497371 ], [ -157.853208, 21.497463 ], [ -157.853273, 21.497648 ], [ -157.853204, 21.497712 ], [ -157.85284, 21.497858 ], [ -157.852741, 21.497802 ], [ -157.852599, 21.497549 ] ] ] } },
{ "type": "Feature", "properties": { "crop": "Flowers / Foliage / Landscape", "acreage": 4.4 }, "geometry": { "type": "Polygon", "coordinates": [ [ [ -157.846613, 21.482908 ], [ -157.846247, 21.483443 ], [ -157.846172, 21.483481 ], [ -157.846062, 21.483447 ], [ -157.845793, 21.483282 ], [ -157.845603, 21.483096 ], [ -157.845192, 21.482496 ], [ -157.845158, 21.482342 ], [ -157.845507, 21.482188 ], [ -157.846013, 21.482156 ], [ -157.846474, 21.482708 ], [ -157.846845, 21.482733 ], [ -157.84696, 21.482622 ], [ -157.847473, 21.482938 ], [ -157.847436, 21.483082 ], [ -157.84754, 21.483188 ], [ -157.847447, 21.483359 ], [ -157.847357, 21.483371 ], [ -157.847155, 21.483245 ], [ -157.846613, 21.482908 ] ] ] } },
{ "type": "Feature", "properties": { "crop": "Flowers / Foliage / Landscape", "acreage": 0.4 }, "geometry": { "type": "Polygon", "coordinates": [ [ [ -157.847161, 21.483407 ], [ -157.847013, 21.483672 ], [ -157.84689, 21.48368 ], [ -157.846854, 21.483735 ], [ -157.846739, 21.483681 ], [ -157.846708, 21.483632 ], [ -157.846904, 21.483259 ], [ -157.846958, 21.483245 ], [ -157.847151, 21.483344 ], [ -157.847161, 21.483407 ] ] ] } },
{ "type": "Feature", "properties": { "crop": "Diversified Crop", "acreage": 2.0 }, "geometry": { "type": "Polygon", "coordinates": [ [ [ -157.848438, 21.484 ], [ -157.84828, 21.484145 ], [ -157.848114, 21.484212 ], [ -157.847923, 21.484179 ], [ -157.847774, 21.48406 ], [ -157.847892, 21.483858 ], [ -157.847882, 21.483801 ], [ -157.847518, 21.4836 ], [ -157.847586, 21.483304 ], [ -157.847665, 21.483223 ], [ -157.847782, 21.483217 ], [ -157.848401, 21.483411 ], [ -157.848562, 21.48356 ], [ -157.848545, 21.483809 ], [ -157.848438, 21.484 ] ] ] } },
{ "type": "Feature", "properties": { "crop": "Diversified Crop", "acreage": 4.5 }, "geometry": { "type": "Polygon", "coordinates": [ [ [ -157.850969, 21.484719 ], [ -157.851011, 21.484825 ], [ -157.850593, 21.485112 ], [ -157.850534, 21.485195 ], [ -157.850597, 21.485287 ], [ -157.850844, 21.485217 ], [ -157.850971, 21.485332 ], [ -157.851079, 21.4857 ], [ -157.851054, 21.485784 ], [ -157.850958, 21.48587 ], [ -157.850661, 21.485989 ], [ -157.850462, 21.485981 ], [ -157.850351, 21.485842 ], [ -157.850148, 21.485424 ], [ -157.85005, 21.485351 ], [ -157.84996, 21.485376 ], [ -157.849594, 21.485675 ], [ -157.849517, 21.485659 ], [ -157.849329, 21.485488 ], [ -157.849053, 21.485678 ], [ -157.84896, 21.485653 ], [ -157.848954, 21.48553 ], [ -157.849698, 21.484936 ], [ -157.850549, 21.484468 ], [ -157.850729, 21.484501 ], [ -157.850969, 21.484719 ] ] ] } },
{ "type": "Feature", "properties": { "crop": "Diversified Crop", "acreage": 18.6 }, "geometry": { "type": "Polygon", "coordinates": [ [ [ -157.849659, 21.480684 ], [ -157.84961, 21.480766 ], [ -157.848494, 21.480675 ], [ -157.848273, 21.480729 ], [ -157.848241, 21.480857 ], [ -157.848311, 21.481415 ], [ -157.8482, 21.481543 ], [ -157.847516, 21.48147 ], [ -157.847131, 21.481357 ], [ -157.846929, 21.481342 ], [ -157.846789, 21.481418 ], [ -157.846526, 21.481733 ], [ -157.846251, 21.481816 ], [ -157.846012, 21.481812 ], [ -157.845804, 21.481739 ], [ -157.845645, 21.481348 ], [ -157.845557, 21.481258 ], [ -157.845385, 21.481263 ], [ -157.84514, 21.48134 ], [ -157.844971, 21.481301 ], [ -157.844914, 21.481246 ], [ -157.844737, 21.480506 ], [ -157.844787, 21.480377 ], [ -157.846168, 21.48027 ], [ -157.84701, 21.480396 ], [ -157.847275, 21.480386 ], [ -157.847467, 21.480329 ], [ -157.847586, 21.480221 ], [ -157.847647, 21.480037 ], [ -157.847668, 21.47966 ], [ -157.847626, 21.479047 ], [ -157.847713, 21.478969 ], [ -157.848178, 21.479042 ], [ -157.84901, 21.479329 ], [ -157.849107, 21.479443 ], [ -157.849018, 21.479817 ], [ -157.849041, 21.479897 ], [ -157.849162, 21.479932 ], [ -157.849618, 21.47993 ], [ -157.849721, 21.480058 ], [ -157.849659, 21.480684 ] ] ] } },
{ "type": "Feature", "properties": { "crop": "Taro", "acreage": 1.7 }, "geometry": { "type": "Polygon", "coordinates": [ [ [ -157.851884, 21.480554 ], [ -157.851867, 21.480432 ], [ -157.851973, 21.480334 ], [ -157.853025, 21.480283 ], [ -157.853146, 21.480341 ], [ -157.853149, 21.480431 ], [ -157.853064, 21.480563 ], [ -157.852685, 21.48087 ], [ -157.852502, 21.480929 ], [ -157.852276, 21.48087 ], [ -157.851884, 21.480554 ] ] ] } },
{ "type": "Feature", "properties": { "crop": "Taro", "acreage": 3.4 }, "geometry": { "type": "Polygon", "coordinates": [ [ [ -157.8574, 21.480227 ], [ -157.85732, 21.480266 ], [ -157.856737, 21.480334 ], [ -157.856659, 21.48042 ], [ -157.85592, 21.480432 ], [ -157.855752, 21.480373 ], [ -157.855668, 21.480287 ], [ -157.85557, 21.480028 ], [ -157.855126, 21.48009 ], [ -157.854988, 21.480046 ], [ -157.854935, 21.479938 ], [ -157.854952, 21.479723 ], [ -157.855144, 21.479645 ], [ -157.855599, 21.479604 ], [ -157.856277, 21.479753 ], [ -157.856429, 21.479905 ], [ -157.856651, 21.479971 ], [ -157.857348, 21.47994 ], [ -157.857432, 21.480069 ], [ -157.857418, 21.480137 ], [ -157.8574, 21.480227 ] ] ] } },
{ "type": "Feature", "properties": { "crop": "Flowers / Foliage / Landscape", "acreage": 1.5 }, "geometry": { "type": "Polygon", "coordinates": [ [ [ -157.861123, 21.482146 ], [ -157.861008, 21.481966 ], [ -157.86098, 21.481817 ], [ -157.861029, 21.481659 ], [ -157.861479, 21.481762 ], [ -157.862155, 21.482369 ], [ -157.862359, 21.482439 ], [ -157.862388, 21.482513 ], [ -157.862259, 21.482655 ], [ -157.862176, 21.482674 ], [ -157.861894, 21.482408 ], [ -157.861254, 21.482202 ], [ -157.861123, 21.482146 ] ] ] } },
{ "type": "Feature", "properties": { "crop": "Taro", "acreage": 0.9 }, "geometry": { "type": "Polygon", "coordinates": [ [ [ -157.863143, 21.482115 ], [ -157.863247, 21.482251 ], [ -157.863211, 21.482686 ], [ -157.863302, 21.482833 ], [ -157.863216, 21.482893 ], [ -157.862688, 21.482214 ], [ -157.862488, 21.482107 ], [ -157.862554, 21.482023 ], [ -157.862751, 21.482042 ], [ -157.862874, 21.48197 ], [ -157.862963, 21.482013 ], [ -157.863143, 21.482115 ] ] ] } },
{ "type": "Feature", "properties": { "crop": "Diversified Crop", "acreage": 1.2 }, "geometry": { "type": "Polygon", "coordinates": [ [ [ -157.86266, 21.485721 ], [ -157.862115, 21.48613 ], [ -157.86204, 21.486051 ], [ -157.861872, 21.485666 ], [ -157.861907, 21.485543 ], [ -157.862147, 21.485492 ], [ -157.862931, 21.485432 ], [ -157.863128, 21.485497 ], [ -157.86266, 21.485721 ] ] ] } },
{ "type": "Feature", "properties": { "crop": "Diversified Crop", "acreage": 3.1 }, "geometry": { "type": "Polygon", "coordinates": [ [ [ -157.863269, 21.485312 ], [ -157.863264, 21.485023 ], [ -157.863171, 21.484888 ], [ -157.862902, 21.484667 ], [ -157.862487, 21.484452 ], [ -157.862085, 21.484419 ], [ -157.861811, 21.484449 ], [ -157.861634, 21.484535 ], [ -157.86134, 21.484792 ], [ -157.861137, 21.484832 ], [ -157.861109, 21.484779 ], [ -157.861787, 21.483912 ], [ -157.861941, 21.483835 ], [ -157.862042, 21.483836 ], [ -157.862354, 21.484129 ], [ -157.862805, 21.484395 ], [ -157.863481, 21.484481 ], [ -157.863619, 21.484558 ], [ -157.863652, 21.48469 ], [ -157.863621, 21.485188 ], [ -157.8635, 21.48535 ], [ -157.863314, 21.485373 ], [ -157.863269, 21.485312 ] ] ] } },
{ "type": "Feature", "properties": { "crop": "Taro", "acreage": 1.1 }, "geometry": { "type": "Polygon", "coordinates": [ [ [ -157.864809, 21.483279 ], [ -157.864767, 21.483377 ], [ -157.86465, 21.483452 ], [ -157.864466, 21.483491 ], [ -157.864352, 21.483609 ], [ -157.86426, 21.483584 ], [ -157.864184, 21.483481 ], [ -157.864063, 21.48311 ], [ -157.864205, 21.48296 ], [ -157.86429, 21.482983 ], [ -157.864328, 21.483088 ], [ -157.864399, 21.48307 ], [ -157.864346, 21.482626 ], [ -157.864516, 21.482741 ], [ -157.8646, 21.483055 ], [ -157.864748, 21.483229 ], [ -157.864809, 21.483279 ] ] ] } },
{ "type": "Feature", "properties": { "crop": "Diversified Crop", "acreage": 2.8 }, "geometry": { "type": "Polygon", "coordinates": [ [ [ -157.86577, 21.484547 ], [ -157.865389, 21.484586 ], [ -157.865146, 21.484488 ], [ -157.864872, 21.484497 ], [ -157.864731, 21.484444 ], [ -157.864568, 21.484252 ], [ -157.864516, 21.484011 ], [ -157.864552, 21.483948 ], [ -157.864696, 21.483966 ], [ -157.865233, 21.484149 ], [ -157.865196, 21.483944 ], [ -157.865248, 21.483844 ], [ -157.865372, 21.483784 ], [ -157.865383, 21.483441 ], [ -157.86543, 21.483392 ], [ -157.865835, 21.483549 ], [ -157.86599, 21.4837 ], [ -157.866026, 21.484027 ], [ -157.865973, 21.484074 ], [ -157.865823, 21.484059 ], [ -157.865788, 21.484129 ], [ -157.86577, 21.484547 ] ] ] } },
{ "type": "Feature", "properties": { "crop": "Diversified Crop", "acreage": 1.7 }, "geometry": { "type": "Polygon", "coordinates": [ [ [ -157.866901, 21.485283 ], [ -157.867096, 21.485113 ], [ -157.867611, 21.485352 ], [ -157.867623, 21.485398 ], [ -157.866998, 21.48582 ], [ -157.866617, 21.485844 ], [ -157.86639, 21.485741 ], [ -157.866464, 21.485256 ], [ -157.866515, 21.485213 ], [ -157.866901, 21.485283 ] ] ] } },
{ "type": "Feature", "properties": { "crop": "Flowers / Foliage / Landscape", "acreage": 1.5 }, "geometry": { "type": "Polygon", "coordinates": [ [ [ -157.727377, 21.348537 ], [ -157.727511, 21.348752 ], [ -157.727119, 21.348959 ], [ -157.726982, 21.349257 ], [ -157.726813, 21.349295 ], [ -157.726433, 21.349019 ], [ -157.726414, 21.348923 ], [ -157.726716, 21.348599 ], [ -157.727119, 21.348486 ], [ -157.727377, 21.348537 ] ] ] } },
{ "type": "Feature", "properties": { "crop": "Flowers / Foliage / Landscape", "acreage": 4.5 }, "geometry": { "type": "Polygon", "coordinates": [ [ [ -157.731202, 21.347473 ], [ -157.730265, 21.347937 ], [ -157.730117, 21.347622 ], [ -157.730695, 21.347346 ], [ -157.730539, 21.347047 ], [ -157.732013, 21.346411 ], [ -157.732281, 21.346903 ], [ -157.731521, 21.3473 ], [ -157.731892, 21.347698 ], [ -157.732072, 21.348003 ], [ -157.731589, 21.348194 ], [ -157.731337, 21.347642 ], [ -157.731202, 21.347473 ] ] ] } },
{ "type": "Feature", "properties": { "crop": "Flowers / Foliage / Landscape", "acreage": 2.7 }, "geometry": { "type": "Polygon", "coordinates": [ [ [ -157.731241, 21.348687 ], [ -157.731724, 21.348505 ], [ -157.73163, 21.348322 ], [ -157.731848, 21.348242 ], [ -157.732177, 21.348895 ], [ -157.730784, 21.349395 ], [ -157.730555, 21.348707 ], [ -157.731157, 21.348478 ], [ -157.731241, 21.348687 ] ] ] } },
{ "type": "Feature", "properties": { "crop": "Flowers / Foliage / Landscape", "acreage": 0.9 }, "geometry": { "type": "Polygon", "coordinates": [ [ [ -157.728174, 21.349723 ], [ -157.728482, 21.349628 ], [ -157.728634, 21.349981 ], [ -157.728386, 21.350128 ], [ -157.728241, 21.350283 ], [ -157.727753, 21.349978 ], [ -157.727731, 21.349924 ], [ -157.727948, 21.349693 ], [ -157.728067, 21.34987 ], [ -157.72819, 21.349799 ], [ -157.728174, 21.349723 ] ] ] } },
{ "type": "Feature", "properties": { "crop": "Banana", "acreage": 6.5 }, "geometry": { "type": "Polygon", "coordinates": [ [ [ -157.736951, 21.350939 ], [ -157.736453, 21.350523 ], [ -157.73611, 21.349968 ], [ -157.735913, 21.349766 ], [ -157.735108, 21.348605 ], [ -157.735135, 21.348577 ], [ -157.73528, 21.348571 ], [ -157.735459, 21.348651 ], [ -157.735719, 21.348681 ], [ -157.735853, 21.348657 ], [ -157.736211, 21.348448 ], [ -157.73636, 21.348525 ], [ -157.736775, 21.349159 ], [ -157.736853, 21.349472 ], [ -157.737217, 21.349822 ], [ -157.737194, 21.349883 ], [ -157.736959, 21.35006 ], [ -157.736923, 21.350175 ], [ -157.737078, 21.350405 ], [ -157.737015, 21.350616 ], [ -157.737255, 21.350751 ], [ -157.737216, 21.350872 ], [ -157.736951, 21.350939 ] ] ] } },
{ "type": "Feature", "properties": { "crop": "Diversified Crop", "acreage": 1.1 }, "geometry": { "type": "Polygon", "coordinates": [ [ [ -157.735112, 21.349864 ], [ -157.735003, 21.349798 ], [ -157.734789, 21.349555 ], [ -157.734754, 21.349444 ], [ -157.734953, 21.349256 ], [ -157.735333, 21.349095 ], [ -157.735441, 21.349185 ], [ -157.735419, 21.34936 ], [ -157.735464, 21.349492 ], [ -157.735427, 21.349744 ], [ -157.735261, 21.349872 ], [ -157.735112, 21.349864 ] ] ] } },
{ "type": "Feature", "properties": { "crop": "Diversified Crop", "acreage": 131.5 }, "geometry": { "type": "Polygon", "coordinates": [ [ [ -157.712941, 21.338557 ], [ -157.712882, 21.338676 ], [ -157.711064, 21.338028 ], [ -157.710544, 21.33663 ], [ -157.710243, 21.336477 ], [ -157.709858, 21.336479 ], [ -157.709429, 21.336628 ], [ -157.709259, 21.336645 ], [ -157.70892, 21.3366 ], [ -157.708685, 21.336502 ], [ -157.708366, 21.33591 ], [ -157.707906, 21.335242 ], [ -157.707724, 21.334817 ], [ -157.707609, 21.333858 ], [ -157.707633, 21.333278 ], [ -157.707713, 21.332753 ], [ -157.70843, 21.33277 ], [ -157.709284, 21.332881 ], [ -157.711392, 21.333408 ], [ -157.712211, 21.331516 ], [ -157.712892, 21.331588 ], [ -157.713447, 21.331587 ], [ -157.714069, 21.331702 ], [ -157.7156, 21.331722 ], [ -157.715944, 21.331808 ], [ -157.71631, 21.332044 ], [ -157.716475, 21.332244 ], [ -157.716586, 21.332474 ], [ -157.716638, 21.332893 ], [ -157.716062, 21.334536 ], [ -157.715891, 21.335209 ], [ -157.715837, 21.336072 ], [ -157.715991, 21.337133 ], [ -157.716017, 21.337648 ], [ -157.715945, 21.338223 ], [ -157.715708, 21.338912 ], [ -157.715408, 21.33944 ], [ -157.714472, 21.339132 ], [ -157.713945, 21.33865 ], [ -157.713332, 21.338546 ], [ -157.712941, 21.338557 ] ] ] } },
{ "type": "Feature", "properties": { "crop": "Tropical Fruits", "acreage": 5.2 }, "geometry": { "type": "Polygon", "coordinates": [ [ [ -157.73225, 21.336081 ], [ -157.732023, 21.336249 ], [ -157.7314, 21.336434 ], [ -157.730707, 21.336245 ], [ -157.731494, 21.334807 ], [ -157.732461, 21.335095 ], [ -157.73253, 21.335243 ], [ -157.732416, 21.335565 ], [ -157.73225, 21.336081 ] ] ] } },
{ "type": "Feature", "properties": { "crop": "Flowers / Foliage / Landscape", "acreage": 6.6 }, "geometry": { "type": "Polygon", "coordinates": [ [ [ -157.730376, 21.336573 ], [ -157.729307, 21.336207 ], [ -157.73027, 21.334433 ], [ -157.731412, 21.334777 ], [ -157.730376, 21.336573 ] ] ] } },
{ "type": "Feature", "properties": { "crop": "Banana", "acreage": 2.9 }, "geometry": { "type": "Polygon", "coordinates": [ [ [ -157.730283, 21.334393 ], [ -157.730736, 21.333487 ], [ -157.731559, 21.333676 ], [ -157.731535, 21.333748 ], [ -157.731713, 21.333791 ], [ -157.731277, 21.334667 ], [ -157.730283, 21.334393 ] ] ] } },
{ "type": "Feature", "properties": { "crop": "Diversified Crop", "acreage": 114.0 }, "geometry": { "type": "Polygon", "coordinates": [ [ [ -158.015941, 21.690985 ], [ -158.016109, 21.694678 ], [ -158.015662, 21.694988 ], [ -158.015083, 21.695244 ], [ -158.014476, 21.69535 ], [ -158.013786, 21.695343 ], [ -158.011189, 21.694805 ], [ -158.010713, 21.694782 ], [ -158.009773, 21.694872 ], [ -158.009454, 21.694831 ], [ -158.009072, 21.694678 ], [ -158.008624, 21.694372 ], [ -158.008168, 21.693932 ], [ -158.007723, 21.693371 ], [ -158.007472, 21.69015 ], [ -158.00783, 21.690123 ], [ -158.008421, 21.690207 ], [ -158.009228, 21.69058 ], [ -158.009503, 21.690651 ], [ -158.009594, 21.690751 ], [ -158.009932, 21.690791 ], [ -158.010111, 21.690725 ], [ -158.010097, 21.690519 ], [ -158.010288, 21.690315 ], [ -158.011025, 21.690248 ], [ -158.011304, 21.6901 ], [ -158.011467, 21.689944 ], [ -158.011934, 21.689703 ], [ -158.012121, 21.689692 ], [ -158.012618, 21.689805 ], [ -158.014297, 21.689562 ], [ -158.01472, 21.68978 ], [ -158.015857, 21.690821 ], [ -158.015941, 21.690985 ] ] ] } },
{ "type": "Feature", "properties": { "crop": "Diversified Crop", "acreage": 173.6 }, "geometry": { "type": "Polygon", "coordinates": [ [ [ -158.002798, 21.691474 ], [ -158.002846, 21.691321 ], [ -158.003171, 21.691007 ], [ -158.003618, 21.690792 ], [ -158.003826, 21.690773 ], [ -158.003938, 21.690828 ], [ -158.004105, 21.691312 ], [ -158.004222, 21.691421 ], [ -158.00443, 21.691448 ], [ -158.00496, 21.691398 ], [ -158.005219, 21.691477 ], [ -158.005375, 21.691618 ], [ -158.00553, 21.691898 ], [ -158.005832, 21.693015 ], [ -158.006004, 21.693404 ], [ -158.006387, 21.693922 ], [ -158.00745, 21.695133 ], [ -158.007208, 21.695367 ], [ -158.002843, 21.696277 ], [ -158.001652, 21.696306 ], [ -157.999053, 21.696082 ], [ -157.997699, 21.696078 ], [ -157.996902, 21.69625 ], [ -157.995792, 21.696669 ], [ -157.992659, 21.697308 ], [ -157.992502, 21.697154 ], [ -157.993035, 21.695823 ], [ -157.994044, 21.692535 ], [ -157.993999, 21.692041 ], [ -157.993544, 21.691361 ], [ -157.993427, 21.691041 ], [ -157.993467, 21.690935 ], [ -157.994066, 21.690981 ], [ -157.994417, 21.690948 ], [ -157.994739, 21.69128 ], [ -157.995252, 21.691408 ], [ -157.995486, 21.691388 ], [ -157.995661, 21.691204 ], [ -157.995751, 21.691186 ], [ -157.996234, 21.69151 ], [ -157.996637, 21.691568 ], [ -157.996959, 21.691527 ], [ -157.99726, 21.691406 ], [ -157.997678, 21.690865 ], [ -157.999071, 21.690936 ], [ -157.999418, 21.691061 ], [ -157.999614, 21.691253 ], [ -157.999653, 21.691336 ], [ -157.999643, 21.691512 ], [ -158.000295, 21.691789 ], [ -158.000327, 21.691943 ], [ -158.00029, 21.692526 ], [ -158.000346, 21.692646 ], [ -158.00048, 21.69269 ], [ -158.001087, 21.692696 ], [ -158.001542, 21.692861 ], [ -158.001626, 21.693031 ], [ -158.001887, 21.693018 ], [ -158.002041, 21.692948 ], [ -158.002711, 21.692253 ], [ -158.002837, 21.692051 ], [ -158.002798, 21.691474 ] ] ] } },
{ "type": "Feature", "properties": { "crop": "Flowers / Foliage / Landscape", "acreage": 21.6 }, "geometry": { "type": "Polygon", "coordinates": [ [ [ -157.73214, 21.333659 ], [ -157.728676, 21.333001 ], [ -157.728604, 21.332931 ], [ -157.729175, 21.33107 ], [ -157.729282, 21.33098 ], [ -157.732825, 21.331746 ], [ -157.73214, 21.333659 ] ] ] } },
{ "type": "Feature", "properties": { "crop": "Flowers / Foliage / Landscape", "acreage": 8.2 }, "geometry": { "type": "Polygon", "coordinates": [ [ [ -157.728252, 21.332494 ], [ -157.728389, 21.332248 ], [ -157.728415, 21.331971 ], [ -157.728643, 21.33208 ], [ -157.727782, 21.334362 ], [ -157.727568, 21.334594 ], [ -157.726948, 21.33512 ], [ -157.726789, 21.335351 ], [ -157.726634, 21.33571 ], [ -157.726026, 21.335595 ], [ -157.726657, 21.334251 ], [ -157.727119, 21.333374 ], [ -157.728252, 21.332494 ] ] ] } },
{ "type": "Feature", "properties": { "crop": "Diversified Crop", "acreage": 5.6 }, "geometry": { "type": "Polygon", "coordinates": [ [ [ -157.725865, 21.335403 ], [ -157.725075, 21.335074 ], [ -157.726161, 21.332999 ], [ -157.726947, 21.333297 ], [ -157.726447, 21.33427 ], [ -157.725865, 21.335403 ] ] ] } },
{ "type": "Feature", "properties": { "crop": "Diversified Crop", "acreage": 31.7 }, "geometry": { "type": "Polygon", "coordinates": [ [ [ -157.985478, 21.694206 ], [ -157.985635, 21.694316 ], [ -157.98574, 21.694629 ], [ -157.987195, 21.695039 ], [ -157.987633, 21.695009 ], [ -157.987826, 21.695097 ], [ -157.987901, 21.695198 ], [ -157.987614, 21.696533 ], [ -157.987262, 21.6975 ], [ -157.987096, 21.697581 ], [ -157.984874, 21.697129 ], [ -157.984501, 21.696983 ], [ -157.983855, 21.696594 ], [ -157.983348, 21.696164 ], [ -157.983299, 21.695959 ], [ -157.983855, 21.694149 ], [ -157.984037, 21.694009 ], [ -157.985203, 21.694144 ], [ -157.985478, 21.694206 ] ] ] } },
{ "type": "Feature", "properties": { "crop": "Banana", "acreage": 1.7 }, "geometry": { "type": "Polygon", "coordinates": [ [ [ -157.732117, 21.349554 ], [ -157.731393, 21.349623 ], [ -157.731302, 21.349399 ], [ -157.732811, 21.348926 ], [ -157.732961, 21.349313 ], [ -157.732879, 21.349348 ], [ -157.732117, 21.349554 ] ] ] } },
{ "type": "Feature", "properties": { "crop": "Diversified Crop", "acreage": 0.6 }, "geometry": { "type": "Polygon", "coordinates": [ [ [ -157.736852, 21.349024 ], [ -157.736569, 21.348644 ], [ -157.737002, 21.348444 ], [ -157.737261, 21.348821 ], [ -157.736852, 21.349024 ] ] ] } },
{ "type": "Feature", "properties": { "crop": "Diversified Crop", "acreage": 1.6 }, "geometry": { "type": "Polygon", "coordinates": [ [ [ -157.73834, 21.348911 ], [ -157.737726, 21.349181 ], [ -157.737668, 21.349084 ], [ -157.737583, 21.349125 ], [ -157.737243, 21.348594 ], [ -157.737935, 21.348243 ], [ -157.73834, 21.348911 ] ] ] } },
{ "type": "Feature", "properties": { "crop": "Diversified Crop", "acreage": 0.9 }, "geometry": { "type": "Polygon", "coordinates": [ [ [ -157.737924, 21.347426 ], [ -157.737564, 21.347594 ], [ -157.737364, 21.347271 ], [ -157.737954, 21.346991 ], [ -157.738295, 21.347608 ], [ -157.738083, 21.347699 ], [ -157.737924, 21.347426 ] ] ] } },
{ "type": "Feature", "properties": { "crop": "Diversified Crop", "acreage": 1.0 }, "geometry": { "type": "Polygon", "coordinates": [ [ [ -157.737024, 21.347433 ], [ -157.737268, 21.34781 ], [ -157.736893, 21.348026 ], [ -157.736802, 21.347948 ], [ -157.736398, 21.348173 ], [ -157.736342, 21.348166 ], [ -157.736301, 21.347858 ], [ -157.736671, 21.347646 ], [ -157.737024, 21.347433 ] ] ] } },
{ "type": "Feature", "properties": { "crop": "Banana", "acreage": 1.3 }, "geometry": { "type": "Polygon", "coordinates": [ [ [ -157.740077, 21.347767 ], [ -157.739903, 21.347785 ], [ -157.739711, 21.347899 ], [ -157.739552, 21.348117 ], [ -157.739405, 21.348167 ], [ -157.739092, 21.348084 ], [ -157.738947, 21.347919 ], [ -157.739004, 21.347868 ], [ -157.739306, 21.347818 ], [ -157.739572, 21.347565 ], [ -157.739841, 21.347492 ], [ -157.740187, 21.34755 ], [ -157.740316, 21.34776 ], [ -157.740315, 21.347832 ], [ -157.740262, 21.347864 ], [ -157.740077, 21.347767 ] ] ] } },
{ "type": "Feature", "properties": { "crop": "Diversified Crop", "acreage": 6.8 }, "geometry": { "type": "Polygon", "coordinates": [ [ [ -157.741646, 21.347117 ], [ -157.741321, 21.347642 ], [ -157.741309, 21.347796 ], [ -157.741239, 21.347919 ], [ -157.741059, 21.347994 ], [ -157.740629, 21.347817 ], [ -157.738838, 21.346325 ], [ -157.739035, 21.34614 ], [ -157.739738, 21.346718 ], [ -157.739859, 21.34659 ], [ -157.740303, 21.346993 ], [ -157.740152, 21.347169 ], [ -157.740827, 21.347732 ], [ -157.741042, 21.347504 ], [ -157.740127, 21.346653 ], [ -157.740155, 21.346494 ], [ -157.739413, 21.345814 ], [ -157.739416, 21.345713 ], [ -157.739681, 21.345484 ], [ -157.739793, 21.345483 ], [ -157.740863, 21.346488 ], [ -157.741646, 21.347117 ] ] ] } },
{ "type": "Feature", "properties": { "crop": "Flowers / Foliage / Landscape", "acreage": 0.9 }, "geometry": { "type": "Polygon", "coordinates": [ [ [ -157.741922, 21.34426 ], [ -157.741964, 21.344264 ], [ -157.742109, 21.344343 ], [ -157.742321, 21.344645 ], [ -157.742627, 21.344876 ], [ -157.742603, 21.344917 ], [ -157.741651, 21.344795 ], [ -157.741569, 21.344718 ], [ -157.741619, 21.344654 ], [ -157.741922, 21.34426 ] ] ] } },
{ "type": "Feature", "properties": { "crop": "Tropical Fruits", "acreage": 4.6 }, "geometry": { "type": "Polygon", "coordinates": [ [ [ -157.741782, 21.345312 ], [ -157.741535, 21.345258 ], [ -157.740715, 21.34451 ], [ -157.740703, 21.344411 ], [ -157.74132, 21.343674 ], [ -157.741974, 21.344181 ], [ -157.741569, 21.344718 ], [ -157.741626, 21.34478 ], [ -157.742603, 21.344917 ], [ -157.742629, 21.344877 ], [ -157.743075, 21.34497 ], [ -157.743161, 21.345054 ], [ -157.743048, 21.345219 ], [ -157.742767, 21.345307 ], [ -157.742446, 21.345335 ], [ -157.742178, 21.345262 ], [ -157.741782, 21.345312 ] ] ] } },
{ "type": "Feature", "properties": { "crop": "Diversified Crop", "acreage": 1.8 }, "geometry": { "type": "Polygon", "coordinates": [ [ [ -157.743723, 21.344135 ], [ -157.743678, 21.344128 ], [ -157.742633, 21.343695 ], [ -157.742261, 21.343183 ], [ -157.742588, 21.342997 ], [ -157.742973, 21.343416 ], [ -157.743329, 21.343649 ], [ -157.743944, 21.343918 ], [ -157.743723, 21.344135 ] ] ] } },
{ "type": "Feature", "properties": { "crop": "Flowers / Foliage / Landscape", "acreage": 2.8 }, "geometry": { "type": "Polygon", "coordinates": [ [ [ -157.741988, 21.336643 ], [ -157.742061, 21.335761 ], [ -157.743185, 21.335812 ], [ -157.743096, 21.336703 ], [ -157.742828, 21.336689 ], [ -157.741988, 21.336643 ] ] ] } },
{ "type": "Feature", "properties": { "crop": "Flowers / Foliage / Landscape", "acreage": 6.9 }, "geometry": { "type": "Polygon", "coordinates": [ [ [ -157.747512, 21.335743 ], [ -157.747422, 21.335875 ], [ -157.747267, 21.335954 ], [ -157.747074, 21.335977 ], [ -157.746916, 21.335943 ], [ -157.746622, 21.336002 ], [ -157.74629, 21.335952 ], [ -157.745892, 21.33607 ], [ -157.745509, 21.335915 ], [ -157.745139, 21.335949 ], [ -157.745026, 21.335824 ], [ -157.744957, 21.33566 ], [ -157.744982, 21.335465 ], [ -157.745123, 21.33525 ], [ -157.745379, 21.335021 ], [ -157.745766, 21.334781 ], [ -157.745924, 21.334809 ], [ -157.746096, 21.334975 ], [ -157.746254, 21.334857 ], [ -157.746518, 21.33488 ], [ -157.747565, 21.335289 ], [ -157.747512, 21.335743 ] ] ] } },
{ "type": "Feature", "properties": { "crop": "Flowers / Foliage / Landscape", "acreage": 1.5 }, "geometry": { "type": "Polygon", "coordinates": [ [ [ -157.724828, 21.336282 ], [ -157.725057, 21.335642 ], [ -157.725832, 21.335866 ], [ -157.725492, 21.336523 ], [ -157.724828, 21.336282 ] ] ] } },
{ "type": "Feature", "properties": { "crop": "Flowers / Foliage / Landscape", "acreage": 2.7 }, "geometry": { "type": "Polygon", "coordinates": [ [ [ -157.737309, 21.335412 ], [ -157.735811, 21.334514 ], [ -157.736125, 21.334053 ], [ -157.737616, 21.334972 ], [ -157.737356, 21.335345 ], [ -157.737309, 21.335412 ] ] ] } },
{ "type": "Feature", "properties": { "crop": "Flowers / Foliage / Landscape", "acreage": 14.1 }, "geometry": { "type": "Polygon", "coordinates": [ [ [ -157.724567, 21.332303 ], [ -157.724622, 21.332145 ], [ -157.725134, 21.332281 ], [ -157.725066, 21.332612 ], [ -157.724913, 21.332942 ], [ -157.724724, 21.333181 ], [ -157.724306, 21.333509 ], [ -157.724019, 21.334225 ], [ -157.723827, 21.334461 ], [ -157.723166, 21.333869 ], [ -157.72261, 21.33356 ], [ -157.72195, 21.333446 ], [ -157.721281, 21.33349 ], [ -157.721362, 21.33227 ], [ -157.72278, 21.332345 ], [ -157.722681, 21.3328 ], [ -157.723165, 21.332893 ], [ -157.723366, 21.332078 ], [ -157.724567, 21.332303 ] ] ] } },
{ "type": "Feature", "properties": { "crop": "Flowers / Foliage / Landscape", "acreage": 3.7 }, "geometry": { "type": "Polygon", "coordinates": [ [ [ -157.718874, 21.332152 ], [ -157.719164, 21.331469 ], [ -157.720467, 21.331953 ], [ -157.719997, 21.333049 ], [ -157.71953, 21.332829 ], [ -157.719483, 21.332725 ], [ -157.719585, 21.332409 ], [ -157.719059, 21.332214 ], [ -157.718874, 21.332152 ] ] ] } },
{ "type": "Feature", "properties": { "crop": "Flowers / Foliage / Landscape", "acreage": 7.4 }, "geometry": { "type": "Polygon", "coordinates": [ [ [ -157.71788, 21.335844 ], [ -157.716102, 21.335239 ], [ -157.716772, 21.333416 ], [ -157.71739, 21.334054 ], [ -157.717793, 21.334654 ], [ -157.718091, 21.335304 ], [ -157.717962, 21.335633 ], [ -157.71788, 21.335844 ] ] ] } },
{ "type": "Feature", "properties": { "crop": "Flowers / Foliage / Landscape", "acreage": 7.2 }, "geometry": { "type": "Polygon", "coordinates": [ [ [ -157.721793, 21.337053 ], [ -157.721721, 21.337068 ], [ -157.721008, 21.336843 ], [ -157.720995, 21.333871 ], [ -157.721803, 21.333837 ], [ -157.721812, 21.336322 ], [ -157.721793, 21.337053 ] ] ] } },
{ "type": "Feature", "properties": { "crop": "Diversified Crop", "acreage": 5.1 }, "geometry": { "type": "Polygon", "coordinates": [ [ [ -157.719779, 21.336502 ], [ -157.720208, 21.335294 ], [ -157.720562, 21.334025 ], [ -157.720932, 21.334096 ], [ -157.7208, 21.335382 ], [ -157.720835, 21.336873 ], [ -157.719779, 21.336502 ] ] ] } },
{ "type": "Feature", "properties": { "crop": "Flowers / Foliage / Landscape", "acreage": 6.4 }, "geometry": { "type": "Polygon", "coordinates": [ [ [ -157.720436, 21.334306 ], [ -157.720068, 21.335534 ], [ -157.719809, 21.33546 ], [ -157.719725, 21.335794 ], [ -157.719494, 21.335752 ], [ -157.719446, 21.335916 ], [ -157.719892, 21.336042 ], [ -157.719737, 21.336485 ], [ -157.718676, 21.336116 ], [ -157.71897, 21.335405 ], [ -157.71944, 21.334031 ], [ -157.720407, 21.3343 ], [ -157.720436, 21.334306 ] ] ] } },
{ "type": "Feature", "properties": { "crop": "Flowers / Foliage / Landscape", "acreage": 19.7 }, "geometry": { "type": "Polygon", "coordinates": [ [ [ -157.722067, 21.339206 ], [ -157.722058, 21.333836 ], [ -157.722212, 21.333762 ], [ -157.724093, 21.335144 ], [ -157.724144, 21.335246 ], [ -157.722427, 21.339473 ], [ -157.722067, 21.339206 ] ] ] } },
{ "type": "Feature", "properties": { "crop": "Flowers / Foliage / Landscape", "acreage": 10.0 }, "geometry": { "type": "Polygon", "coordinates": [ [ [ -157.717549, 21.341816 ], [ -157.716813, 21.341543 ], [ -157.717164, 21.340517 ], [ -157.717104, 21.340282 ], [ -157.717693, 21.338021 ], [ -157.718801, 21.338528 ], [ -157.717694, 21.341398 ], [ -157.717549, 21.341816 ] ] ] } },
{ "type": "Feature", "properties": { "crop": "Flowers / Foliage / Landscape", "acreage": 1.6 }, "geometry": { "type": "Polygon", "coordinates": [ [ [ -157.728856, 21.333454 ], [ -157.729119, 21.333504 ], [ -157.729169, 21.333612 ], [ -157.729111, 21.334083 ], [ -157.728249, 21.333812 ], [ -157.728499, 21.333122 ], [ -157.728933, 21.333208 ], [ -157.728856, 21.333454 ] ] ] } },
{ "type": "Feature", "properties": { "crop": "Banana", "acreage": 4.1 }, "geometry": { "type": "Polygon", "coordinates": [ [ [ -157.72821, 21.333883 ], [ -157.728562, 21.333989 ], [ -157.728365, 21.334558 ], [ -157.728573, 21.33467 ], [ -157.728414, 21.335089 ], [ -157.728041, 21.334973 ], [ -157.727647, 21.336005 ], [ -157.726808, 21.335834 ], [ -157.72698, 21.335423 ], [ -157.727195, 21.335113 ], [ -157.727422, 21.334908 ], [ -157.727797, 21.334725 ], [ -157.727935, 21.334572 ], [ -157.72821, 21.333883 ] ] ] } },
{ "type": "Feature", "properties": { "crop": "Flowers / Foliage / Landscape", "acreage": 0.3 }, "geometry": { "type": "Polygon", "coordinates": [ [ [ -157.74085, 21.338885 ], [ -157.740738, 21.338822 ], [ -157.740679, 21.338682 ], [ -157.740792, 21.338463 ], [ -157.74083, 21.338451 ], [ -157.740969, 21.338575 ], [ -157.741032, 21.338734 ], [ -157.74085, 21.338885 ] ] ] } },
{ "type": "Feature", "properties": { "crop": "Diversified Crop", "acreage": 1.1 }, "geometry": { "type": "Polygon", "coordinates": [ [ [ -157.740435, 21.338384 ], [ -157.74041, 21.338649 ], [ -157.73997, 21.338976 ], [ -157.740079, 21.339207 ], [ -157.739743, 21.339479 ], [ -157.739675, 21.339482 ], [ -157.739609, 21.339242 ], [ -157.739639, 21.339096 ], [ -157.740135, 21.338426 ], [ -157.740237, 21.338367 ], [ -157.740359, 21.338363 ], [ -157.740435, 21.338384 ] ] ] } },
{ "type": "Feature", "properties": { "crop": "Flowers / Foliage / Landscape", "acreage": 0.5 }, "geometry": { "type": "Polygon", "coordinates": [ [ [ -157.739764, 21.337928 ], [ -157.739466, 21.337707 ], [ -157.739742, 21.33735 ], [ -157.740034, 21.337563 ], [ -157.739764, 21.337928 ] ] ] } },
{ "type": "Feature", "properties": { "crop": "Diversified Crop", "acreage": 1.6 }, "geometry": { "type": "Polygon", "coordinates": [ [ [ -157.737661, 21.33955 ], [ -157.736978, 21.338925 ], [ -157.737412, 21.338518 ], [ -157.738102, 21.339086 ], [ -157.737661, 21.33955 ] ] ] } },
{ "type": "Feature", "properties": { "crop": "Flowers / Foliage / Landscape", "acreage": 7.2 }, "geometry": { "type": "Polygon", "coordinates": [ [ [ -157.737733, 21.338753 ], [ -157.738256, 21.338209 ], [ -157.737964, 21.33797 ], [ -157.738568, 21.337325 ], [ -157.739687, 21.338223 ], [ -157.739452, 21.338369 ], [ -157.739293, 21.339239 ], [ -157.739353, 21.339371 ], [ -157.73934, 21.339452 ], [ -157.739029, 21.33977 ], [ -157.738786, 21.339579 ], [ -157.737733, 21.338753 ] ] ] } },
{ "type": "Feature", "properties": { "crop": "Diversified Crop", "acreage": 39.2 }, "geometry": { "type": "Polygon", "coordinates": [ [ [ -157.700811, 21.330404 ], [ -157.700552, 21.330342 ], [ -157.70048, 21.330232 ], [ -157.700495, 21.329978 ], [ -157.700445, 21.329804 ], [ -157.700747, 21.32963 ], [ -157.701221, 21.329455 ], [ -157.701595, 21.329197 ], [ -157.701899, 21.328867 ], [ -157.701927, 21.328737 ], [ -157.701875, 21.328569 ], [ -157.701702, 21.328438 ], [ -157.701087, 21.328328 ], [ -157.699627, 21.328559 ], [ -157.698952, 21.328546 ], [ -157.699085, 21.327955 ], [ -157.699032, 21.327266 ], [ -157.699073, 21.327102 ], [ -157.699174, 21.326954 ], [ -157.699639, 21.326525 ], [ -157.700416, 21.326529 ], [ -157.701043, 21.326351 ], [ -157.701345, 21.326319 ], [ -157.702388, 21.326374 ], [ -157.703115, 21.326619 ], [ -157.703597, 21.326599 ], [ -157.703698, 21.326635 ], [ -157.703989, 21.326885 ], [ -157.704369, 21.326944 ], [ -157.704433, 21.327037 ], [ -157.704461, 21.327238 ], [ -157.704422, 21.327553 ], [ -157.704639, 21.327598 ], [ -157.704491, 21.328036 ], [ -157.704425, 21.328396 ], [ -157.703351, 21.328815 ], [ -157.702988, 21.32888 ], [ -157.702765, 21.32903 ], [ -157.7027, 21.329196 ], [ -157.702796, 21.329234 ], [ -157.702724, 21.330336 ], [ -157.702358, 21.330433 ], [ -157.701667, 21.330353 ], [ -157.701123, 21.330378 ], [ -157.700811, 21.330404 ] ] ] } },
{ "type": "Feature", "properties": { "crop": "Flowers / Foliage / Landscape", "acreage": 2.5 }, "geometry": { "type": "Polygon", "coordinates": [ [ [ -157.710283, 21.337423 ], [ -157.710586, 21.337513 ], [ -157.710667, 21.337679 ], [ -157.709902, 21.339317 ], [ -157.709457, 21.339156 ], [ -157.710283, 21.337423 ] ] ] } },
{ "type": "Feature", "properties": { "crop": "Flowers / Foliage / Landscape", "acreage": 4.0 }, "geometry": { "type": "Polygon", "coordinates": [ [ [ -157.706777, 21.338258 ], [ -157.707223, 21.33624 ], [ -157.707894, 21.336503 ], [ -157.707433, 21.33845 ], [ -157.706777, 21.338258 ] ] ] } },
{ "type": "Feature", "properties": { "crop": "Diversified Crop", "acreage": 283.4 }, "geometry": { "type": "Polygon", "coordinates": [ [ [ -158.039261, 21.540389 ], [ -158.036236, 21.540909 ], [ -158.035276, 21.54091 ], [ -158.029762, 21.540298 ], [ -158.03349, 21.530801 ], [ -158.033796, 21.530234 ], [ -158.035966, 21.530921 ], [ -158.039187, 21.530024 ], [ -158.039608, 21.52996 ], [ -158.039941, 21.529987 ], [ -158.042816, 21.539545 ], [ -158.042508, 21.53962 ], [ -158.039261, 21.540389 ] ] ] } },
{ "type": "Feature", "properties": { "crop": "Diversified Crop", "acreage": 11.5 }, "geometry": { "type": "Polygon", "coordinates": [ [ [ -157.706735, 21.3415 ], [ -157.706103, 21.340847 ], [ -157.706316, 21.34067 ], [ -157.706305, 21.33975 ], [ -157.70667, 21.339722 ], [ -157.70686, 21.339461 ], [ -157.707005, 21.338501 ], [ -157.707917, 21.338765 ], [ -157.708037, 21.339356 ], [ -157.708317, 21.340181 ], [ -157.708336, 21.340347 ], [ -157.708292, 21.340508 ], [ -157.70819, 21.340645 ], [ -157.707014, 21.341471 ], [ -157.706992, 21.341433 ], [ -157.706901, 21.341483 ], [ -157.706735, 21.3415 ] ] ] } },
{ "type": "Feature", "properties": { "crop": "Flowers / Foliage / Landscape", "acreage": 1.1 }, "geometry": { "type": "Polygon", "coordinates": [ [ [ -157.736832, 21.3473 ], [ -157.736234, 21.346506 ], [ -157.736458, 21.346376 ], [ -157.736714, 21.346732 ], [ -157.736967, 21.346605 ], [ -157.737271, 21.347046 ], [ -157.736901, 21.34726 ], [ -157.736832, 21.3473 ] ] ] } },
{ "type": "Feature", "properties": { "crop": "Diversified Crop", "acreage": 0.7 }, "geometry": { "type": "Polygon", "coordinates": [ [ [ -157.737755, 21.343482 ], [ -157.737046, 21.343837 ], [ -157.736891, 21.343599 ], [ -157.737669, 21.343229 ], [ -157.737767, 21.343422 ], [ -157.737755, 21.343482 ] ] ] } },
{ "type": "Feature", "properties": { "crop": "Diversified Crop", "acreage": 5.1 }, "geometry": { "type": "Polygon", "coordinates": [ [ [ -157.736341, 21.342286 ], [ -157.736973, 21.341944 ], [ -157.737191, 21.342369 ], [ -157.736576, 21.342686 ], [ -157.736733, 21.343007 ], [ -157.736066, 21.343331 ], [ -157.735889, 21.343043 ], [ -157.735184, 21.343464 ], [ -157.734995, 21.343123 ], [ -157.735478, 21.342782 ], [ -157.735238, 21.342329 ], [ -157.736103, 21.341859 ], [ -157.736133, 21.341911 ], [ -157.736341, 21.342286 ] ] ] } },
{ "type": "Feature", "properties": { "crop": "Diversified Crop", "acreage": 4.5 }, "geometry": { "type": "Polygon", "coordinates": [ [ [ -157.733497, 21.340513 ], [ -157.732391, 21.340946 ], [ -157.732073, 21.340227 ], [ -157.732045, 21.340242 ], [ -157.731861, 21.339709 ], [ -157.733024, 21.33933 ], [ -157.733079, 21.339449 ], [ -157.733497, 21.340513 ] ] ] } },
{ "type": "Feature", "properties": { "crop": "Diversified Crop", "acreage": 8.9 }, "geometry": { "type": "Polygon", "coordinates": [ [ [ -157.730285, 21.345672 ], [ -157.730852, 21.346688 ], [ -157.730005, 21.347113 ], [ -157.728935, 21.344627 ], [ -157.730141, 21.344119 ], [ -157.730833, 21.345427 ], [ -157.730285, 21.345672 ] ] ] } },
{ "type": "Feature", "properties": { "crop": "Diversified Crop", "acreage": 4.5 }, "geometry": { "type": "Polygon", "coordinates": [ [ [ -157.731219, 21.344147 ], [ -157.73082, 21.343284 ], [ -157.732438, 21.342667 ], [ -157.732458, 21.342727 ], [ -157.732499, 21.342713 ], [ -157.732809, 21.343404 ], [ -157.731219, 21.344147 ] ] ] } },
{ "type": "Feature", "properties": { "crop": "Diversified Crop", "acreage": 3.7 }, "geometry": { "type": "Polygon", "coordinates": [ [ [ -157.733689, 21.340437 ], [ -157.733205, 21.339131 ], [ -157.733854, 21.338868 ], [ -157.734753, 21.339976 ], [ -157.733689, 21.340437 ] ] ] } },
{ "type": "Feature", "properties": { "crop": "Flowers / Foliage / Landscape", "acreage": 2.4 }, "geometry": { "type": "Polygon", "coordinates": [ [ [ -157.724161, 21.342664 ], [ -157.724023, 21.343201 ], [ -157.722502, 21.342804 ], [ -157.722663, 21.342277 ], [ -157.724161, 21.342664 ] ] ] } },
{ "type": "Feature", "properties": { "crop": "Flowers / Foliage / Landscape", "acreage": 4.7 }, "geometry": { "type": "Polygon", "coordinates": [ [ [ -157.723585, 21.340637 ], [ -157.723759, 21.340692 ], [ -157.724376, 21.34104 ], [ -157.72421, 21.341415 ], [ -157.724515, 21.341537 ], [ -157.72436, 21.34211 ], [ -157.72407, 21.342033 ], [ -157.723942, 21.342504 ], [ -157.72377, 21.342457 ], [ -157.72374, 21.342561 ], [ -157.723095, 21.342391 ], [ -157.723585, 21.340637 ] ] ] } },
{ "type": "Feature", "properties": { "crop": "Flowers / Foliage / Landscape", "acreage": 0.8 }, "geometry": { "type": "Polygon", "coordinates": [ [ [ -157.727383, 21.342748 ], [ -157.727201, 21.342387 ], [ -157.727212, 21.342283 ], [ -157.727624, 21.342085 ], [ -157.727866, 21.342574 ], [ -157.727383, 21.342748 ] ] ] } },
{ "type": "Feature", "properties": { "crop": "Flowers / Foliage / Landscape", "acreage": 0.6 }, "geometry": { "type": "Polygon", "coordinates": [ [ [ -157.727993, 21.342458 ], [ -157.727867, 21.342142 ], [ -157.728433, 21.341913 ], [ -157.728569, 21.342237 ], [ -157.727993, 21.342458 ] ] ] } },
{ "type": "Feature", "properties": { "crop": "Flowers / Foliage / Landscape", "acreage": 0.3 }, "geometry": { "type": "Polygon", "coordinates": [ [ [ -157.729281, 21.341999 ], [ -157.729205, 21.341798 ], [ -157.729733, 21.341662 ], [ -157.729785, 21.341818 ], [ -157.729281, 21.341999 ] ] ] } },
{ "type": "Feature", "properties": { "crop": "Flowers / Foliage / Landscape", "acreage": 0.7 }, "geometry": { "type": "Polygon", "coordinates": [ [ [ -157.729573, 21.341616 ], [ -157.728755, 21.341894 ], [ -157.728629, 21.341867 ], [ -157.728559, 21.341759 ], [ -157.72859, 21.341685 ], [ -157.729244, 21.341459 ], [ -157.729611, 21.34145 ], [ -157.729639, 21.341546 ], [ -157.729573, 21.341616 ] ] ] } },
{ "type": "Feature", "properties": { "crop": "Flowers / Foliage / Landscape", "acreage": 0.5 }, "geometry": { "type": "Polygon", "coordinates": [ [ [ -157.729534, 21.341365 ], [ -157.728979, 21.341332 ], [ -157.729017, 21.341031 ], [ -157.729564, 21.341061 ], [ -157.729534, 21.341365 ] ] ] } },
{ "type": "Feature", "properties": { "crop": "Flowers / Foliage / Landscape", "acreage": 2.4 }, "geometry": { "type": "Polygon", "coordinates": [ [ [ -157.729727, 21.340659 ], [ -157.729319, 21.340938 ], [ -157.728893, 21.340851 ], [ -157.729213, 21.339647 ], [ -157.729957, 21.339942 ], [ -157.729727, 21.340659 ] ] ] } },
{ "type": "Feature", "properties": { "crop": "Flowers / Foliage / Landscape", "acreage": 5.1 }, "geometry": { "type": "Polygon", "coordinates": [ [ [ -157.734613, 21.338022 ], [ -157.734171, 21.338406 ], [ -157.734006, 21.338464 ], [ -157.733629, 21.338366 ], [ -157.733528, 21.338378 ], [ -157.733468, 21.33846 ], [ -157.733384, 21.338781 ], [ -157.733304, 21.338878 ], [ -157.732973, 21.339055 ], [ -157.732581, 21.339136 ], [ -157.732994, 21.337457 ], [ -157.733049, 21.337432 ], [ -157.734675, 21.337808 ], [ -157.734613, 21.338022 ] ] ] } },
{ "type": "Feature", "properties": { "crop": "Flowers / Foliage / Landscape", "acreage": 7.5 }, "geometry": { "type": "Polygon", "coordinates": [ [ [ -157.725195, 21.339514 ], [ -157.723585, 21.339005 ], [ -157.724214, 21.33873 ], [ -157.724365, 21.338608 ], [ -157.725804, 21.336364 ], [ -157.72608, 21.336473 ], [ -157.726153, 21.336562 ], [ -157.725883, 21.337176 ], [ -157.725195, 21.339514 ] ] ] } },
{ "type": "Feature", "properties": { "crop": "Banana", "acreage": 1.7 }, "geometry": { "type": "Polygon", "coordinates": [ [ [ -157.724181, 21.334719 ], [ -157.72389, 21.334523 ], [ -157.724229, 21.334087 ], [ -157.724309, 21.333618 ], [ -157.7244, 21.333486 ], [ -157.724635, 21.333339 ], [ -157.725005, 21.333542 ], [ -157.724181, 21.334719 ] ] ] } },
{ "type": "Feature", "properties": { "crop": "Flowers / Foliage / Landscape", "acreage": 0.9 }, "geometry": { "type": "Polygon", "coordinates": [ [ [ -157.724196, 21.337887 ], [ -157.723757, 21.337754 ], [ -157.723942, 21.33715 ], [ -157.724438, 21.337283 ], [ -157.724196, 21.337887 ] ] ] } },
{ "type": "Feature", "properties": { "crop": "Flowers / Foliage / Landscape", "acreage": 4.5 }, "geometry": { "type": "Polygon", "coordinates": [ [ [ -157.718588, 21.342191 ], [ -157.717623, 21.341844 ], [ -157.718203, 21.340335 ], [ -157.719117, 21.34077 ], [ -157.718961, 21.341159 ], [ -157.718588, 21.342191 ] ] ] } },
{ "type": "Feature", "properties": { "crop": "Flowers / Foliage / Landscape", "acreage": 2.2 }, "geometry": { "type": "Polygon", "coordinates": [ [ [ -157.715257, 21.34072 ], [ -157.715641, 21.339693 ], [ -157.716333, 21.339868 ], [ -157.715957, 21.340896 ], [ -157.715257, 21.34072 ] ] ] } },
{ "type": "Feature", "properties": { "crop": "Flowers / Foliage / Landscape", "acreage": 1.6 }, "geometry": { "type": "Polygon", "coordinates": [ [ [ -157.719198, 21.340149 ], [ -157.718705, 21.340002 ], [ -157.718661, 21.339865 ], [ -157.718921, 21.339105 ], [ -157.719509, 21.339284 ], [ -157.719198, 21.340149 ] ] ] } },
{ "type": "Feature", "properties": { "crop": "Pineapple", "acreage": 83.4 }, "geometry": { "type": "Polygon", "coordinates": [ [ [ -158.032299, 21.525648 ], [ -158.032738, 21.525668 ], [ -158.034236, 21.526125 ], [ -158.034386, 21.5261 ], [ -158.034799, 21.525909 ], [ -158.034985, 21.525904 ], [ -158.035728, 21.526203 ], [ -158.035734, 21.526314 ], [ -158.035627, 21.526467 ], [ -158.027357, 21.532044 ], [ -158.025055, 21.53232 ], [ -158.023718, 21.530354 ], [ -158.023719, 21.5303 ], [ -158.026017, 21.52917 ], [ -158.03012, 21.527412 ], [ -158.03125, 21.526855 ], [ -158.031373, 21.526655 ], [ -158.031562, 21.526118 ], [ -158.03187, 21.525736 ], [ -158.032299, 21.525648 ] ] ] } },
{ "type": "Feature", "properties": { "crop": "Flowers / Foliage / Landscape", "acreage": 1.0 }, "geometry": { "type": "Polygon", "coordinates": [ [ [ -157.732724, 21.34743 ], [ -157.732472, 21.346989 ], [ -157.732882, 21.346782 ], [ -157.733249, 21.347468 ], [ -157.732957, 21.347673 ], [ -157.732889, 21.347589 ], [ -157.732857, 21.347382 ], [ -157.732724, 21.34743 ] ] ] } },
{ "type": "Feature", "properties": { "crop": "Banana", "acreage": 0.7 }, "geometry": { "type": "Polygon", "coordinates": [ [ [ -157.73216, 21.34736 ], [ -157.73251, 21.347848 ], [ -157.732194, 21.348055 ], [ -157.731757, 21.347465 ], [ -157.732045, 21.34739 ], [ -157.73216, 21.34736 ] ] ] } },
{ "type": "Feature", "properties": { "crop": "Flowers / Foliage / Landscape", "acreage": 1.6 }, "geometry": { "type": "Polygon", "coordinates": [ [ [ -157.732749, 21.34747 ], [ -157.733269, 21.348208 ], [ -157.732609, 21.34863 ], [ -157.732354, 21.348296 ], [ -157.73266, 21.348102 ], [ -157.732373, 21.347664 ], [ -157.732699, 21.34747 ], [ -157.732749, 21.34747 ] ] ] } },
{ "type": "Feature", "properties": { "crop": "Flowers / Foliage / Landscape", "acreage": 1.2 }, "geometry": { "type": "Polygon", "coordinates": [ [ [ -157.729829, 21.34673 ], [ -157.729415, 21.346925 ], [ -157.729032, 21.346125 ], [ -157.729474, 21.345925 ], [ -157.729829, 21.34673 ] ] ] } },
{ "type": "Feature", "properties": { "crop": "Diversified Crop", "acreage": 107.4 }, "geometry": { "type": "Polygon", "coordinates": [ [ [ -158.036603, 21.384353 ], [ -158.036808, 21.383889 ], [ -158.036862, 21.382648 ], [ -158.036954, 21.382299 ], [ -158.037302, 21.381915 ], [ -158.03772, 21.381599 ], [ -158.038922, 21.381013 ], [ -158.038999, 21.381376 ], [ -158.039714, 21.38328 ], [ -158.041188, 21.386121 ], [ -158.041182, 21.387089 ], [ -158.035691, 21.390704 ], [ -158.033552, 21.385804 ], [ -158.035723, 21.385017 ], [ -158.036264, 21.384742 ], [ -158.036603, 21.384353 ] ] ] } },
{ "type": "Feature", "properties": { "crop": "Diversified Crop", "acreage": 500.8 }, "geometry": { "type": "Polygon", "coordinates": [ [ [ -158.042427, 21.42881 ], [ -158.042151, 21.428972 ], [ -158.041837, 21.42905 ], [ -158.041573, 21.429047 ], [ -158.041317, 21.428984 ], [ -158.041158, 21.42891 ], [ -158.04082, 21.428499 ], [ -158.040633, 21.42815 ], [ -158.040482, 21.42765 ], [ -158.040378, 21.427485 ], [ -158.039491, 21.4268 ], [ -158.039161, 21.426741 ], [ -158.03862, 21.426845 ], [ -158.038012, 21.426852 ], [ -158.037817, 21.426712 ], [ -158.03744, 21.426111 ], [ -158.036734, 21.425798 ], [ -158.036283, 21.425678 ], [ -158.035501, 21.42556 ], [ -158.03497, 21.425551 ], [ -158.03445, 21.425604 ], [ -158.034145, 21.425523 ], [ -158.033997, 21.42541 ], [ -158.033434, 21.424761 ], [ -158.032591, 21.424269 ], [ -158.032485, 21.424068 ], [ -158.032475, 21.4239 ], [ -158.032266, 21.423218 ], [ -158.031297, 21.42235 ], [ -158.030528, 21.421766 ], [ -158.030128, 21.421648 ], [ -158.029367, 21.42163 ], [ -158.028152, 21.421387 ], [ -158.027776, 21.421137 ], [ -158.02783, 21.420848 ], [ -158.027938, 21.420653 ], [ -158.028039, 21.42054 ], [ -158.028288, 21.420439 ], [ -158.028555, 21.420398 ], [ -158.029059, 21.420414 ], [ -158.029662, 21.420245 ], [ -158.030332, 21.420407 ], [ -158.030882, 21.420371 ], [ -158.031182, 21.420274 ], [ -158.031477, 21.420026 ], [ -158.031411, 21.419873 ], [ -158.031305, 21.419794 ], [ -158.03044, 21.419554 ], [ -158.029849, 21.419272 ], [ -158.0296, 21.419228 ], [ -158.028921, 21.41925 ], [ -158.028689, 21.419117 ], [ -158.027896, 21.418967 ], [ -158.027477, 21.418707 ], [ -158.026931, 21.418071 ], [ -158.026186, 21.416347 ], [ -158.026732, 21.415002 ], [ -158.027764, 21.414425 ], [ -158.029055, 21.414921 ], [ -158.02938, 21.41487 ], [ -158.02951, 21.414912 ], [ -158.029487, 21.416234 ], [ -158.029534, 21.417117 ], [ -158.029747, 21.417594 ], [ -158.030109, 21.417956 ], [ -158.030769, 21.418248 ], [ -158.031325, 21.418325 ], [ -158.031912, 21.418209 ], [ -158.032023, 21.418165 ], [ -158.034593, 21.416245 ], [ -158.034697, 21.414948 ], [ -158.034872, 21.414491 ], [ -158.035443, 21.41424 ], [ -158.036502, 21.415257 ], [ -158.036589, 21.415314 ], [ -158.036922, 21.415334 ], [ -158.037661, 21.414829 ], [ -158.037662, 21.41435 ], [ -158.037824, 21.414095 ], [ -158.037924, 21.414028 ], [ -158.038427, 21.413964 ], [ -158.03858, 21.413853 ], [ -158.038823, 21.413154 ], [ -158.039513, 21.412372 ], [ -158.039722, 21.411992 ], [ -158.039931, 21.411817 ], [ -158.040263, 21.411719 ], [ -158.040399, 21.411616 ], [ -158.040523, 21.411012 ], [ -158.040761, 21.410666 ], [ -158.041044, 21.410491 ], [ -158.041552, 21.4103 ], [ -158.041886, 21.410106 ], [ -158.042193, 21.409773 ], [ -158.042421, 21.409426 ], [ -158.043033, 21.408962 ], [ -158.043259, 21.408935 ], [ -158.043461, 21.40902 ], [ -158.046292, 21.415029 ], [ -158.046896, 21.416401 ], [ -158.043133, 21.419697 ], [ -158.042036, 21.42057 ], [ -158.041005, 21.421466 ], [ -158.040698, 21.421809 ], [ -158.040486, 21.422205 ], [ -158.040447, 21.422575 ], [ -158.040552, 21.422933 ], [ -158.044555, 21.42953 ], [ -158.044432, 21.429769 ], [ -158.043994, 21.429077 ], [ -158.043471, 21.428834 ], [ -158.043011, 21.428755 ], [ -158.042427, 21.42881 ] ] ] } },
{ "type": "Feature", "properties": { "crop": "Diversified Crop", "acreage": 184.9 }, "geometry": { "type": "Polygon", "coordinates": [ [ [ -158.043658, 21.432338 ], [ -158.043891, 21.431762 ], [ -158.044632, 21.432031 ], [ -158.044816, 21.432234 ], [ -158.044767, 21.432426 ], [ -158.045352, 21.432533 ], [ -158.04566, 21.432643 ], [ -158.045763, 21.432752 ], [ -158.045954, 21.433119 ], [ -158.046144, 21.433342 ], [ -158.046378, 21.433501 ], [ -158.046644, 21.433593 ], [ -158.047115, 21.433608 ], [ -158.04756, 21.433473 ], [ -158.047972, 21.433431 ], [ -158.048609, 21.43345 ], [ -158.049261, 21.433559 ], [ -158.049821, 21.433463 ], [ -158.050242, 21.433439 ], [ -158.050801, 21.433485 ], [ -158.051539, 21.433665 ], [ -158.051711, 21.433766 ], [ -158.051843, 21.43391 ], [ -158.051923, 21.434085 ], [ -158.051942, 21.434275 ], [ -158.052111, 21.434581 ], [ -158.052505, 21.43494 ], [ -158.05297, 21.435027 ], [ -158.053617, 21.434989 ], [ -158.053745, 21.435037 ], [ -158.053833, 21.437256 ], [ -158.053954, 21.437481 ], [ -158.054071, 21.437544 ], [ -158.05689, 21.43745 ], [ -158.057129, 21.437639 ], [ -158.057286, 21.437892 ], [ -158.057167, 21.438662 ], [ -158.056707, 21.439141 ], [ -158.056529, 21.439133 ], [ -158.056359, 21.439182 ], [ -158.055313, 21.439829 ], [ -158.055155, 21.43988 ], [ -158.054853, 21.439824 ], [ -158.054663, 21.439627 ], [ -158.054518, 21.439553 ], [ -158.054025, 21.439493 ], [ -158.053264, 21.439068 ], [ -158.053084, 21.439059 ], [ -158.052607, 21.439272 ], [ -158.052338, 21.439313 ], [ -158.051706, 21.438979 ], [ -158.051259, 21.438811 ], [ -158.051008, 21.438841 ], [ -158.050758, 21.438954 ], [ -158.050546, 21.439159 ], [ -158.05038, 21.439529 ], [ -158.050192, 21.439634 ], [ -158.04993, 21.439649 ], [ -158.048381, 21.438516 ], [ -158.04825, 21.43838 ], [ -158.048144, 21.438193 ], [ -158.048093, 21.437972 ], [ -158.048109, 21.437747 ], [ -158.048231, 21.437454 ], [ -158.04821, 21.437393 ], [ -158.047047, 21.437007 ], [ -158.046621, 21.436978 ], [ -158.046073, 21.437029 ], [ -158.04532, 21.437244 ], [ -158.045183, 21.437236 ], [ -158.044901, 21.437098 ], [ -158.044705, 21.437085 ], [ -158.044537, 21.437141 ], [ -158.044328, 21.437334 ], [ -158.044122, 21.437422 ], [ -158.043591, 21.437379 ], [ -158.043046, 21.437527 ], [ -158.042761, 21.437425 ], [ -158.042525, 21.437424 ], [ -158.042362, 21.437495 ], [ -158.042006, 21.437966 ], [ -158.041583, 21.438179 ], [ -158.041164, 21.437818 ], [ -158.041151, 21.437721 ], [ -158.041221, 21.436869 ], [ -158.041091, 21.436269 ], [ -158.041066, 21.435937 ], [ -158.041097, 21.435455 ], [ -158.041184, 21.435093 ], [ -158.04133, 21.434747 ], [ -158.041609, 21.434403 ], [ -158.042877, 21.433378 ], [ -158.043322, 21.432867 ], [ -158.043658, 21.432338 ] ] ] } },
{ "type": "Feature", "properties": { "crop": "Diversified Crop", "acreage": 893.5 }, "geometry": { "type": "MultiPolygon", "coordinates": [ [ [ [ -158.032617, 21.463372 ], [ -158.032263, 21.462841 ], [ -158.03215, 21.462391 ], [ -158.032294, 21.461792 ], [ -158.03229, 21.461407 ], [ -158.031524, 21.460311 ], [ -158.032621, 21.459503 ], [ -158.033116, 21.459452 ], [ -158.033318, 21.459348 ], [ -158.033396, 21.459113 ], [ -158.033341, 21.458611 ], [ -158.033484, 21.458284 ], [ -158.03349, 21.458015 ], [ -158.033577, 21.457851 ], [ -158.034561, 21.457134 ], [ -158.034432, 21.45701 ], [ -158.035299, 21.456386 ], [ -158.036416, 21.455493 ], [ -158.036826, 21.456061 ], [ -158.038476, 21.457928 ], [ -158.038334, 21.457454 ], [ -158.038365, 21.4568 ], [ -158.03766, 21.45611 ], [ -158.037533, 21.455826 ], [ -158.037532, 21.455517 ], [ -158.037444, 21.455302 ], [ -158.035728, 21.453894 ], [ -158.035657, 21.453777 ], [ -158.035604, 21.453581 ], [ -158.035612, 21.453161 ], [ -158.035561, 21.452796 ], [ -158.035588, 21.45253 ], [ -158.035521, 21.452228 ], [ -158.035556, 21.452088 ], [ -158.035706, 21.451849 ], [ -158.035726, 21.451714 ], [ -158.035643, 21.45142 ], [ -158.035523, 21.451239 ], [ -158.035281, 21.451036 ], [ -158.034886, 21.450871 ], [ -158.033713, 21.450724 ], [ -158.033345, 21.450445 ], [ -158.032662, 21.45063 ], [ -158.032427, 21.450497 ], [ -158.032269, 21.450239 ], [ -158.032021, 21.449453 ], [ -158.032045, 21.449154 ], [ -158.032138, 21.448873 ], [ -158.032237, 21.448809 ], [ -158.032555, 21.448887 ], [ -158.032749, 21.448825 ], [ -158.033011, 21.448464 ], [ -158.033334, 21.44821 ], [ -158.033428, 21.447974 ], [ -158.033371, 21.447616 ], [ -158.033451, 21.447207 ], [ -158.033273, 21.446916 ], [ -158.032869, 21.446563 ], [ -158.032817, 21.446446 ], [ -158.032831, 21.44632 ], [ -158.032876, 21.446246 ], [ -158.033175, 21.446102 ], [ -158.03378, 21.445868 ], [ -158.034613, 21.445793 ], [ -158.03485, 21.445735 ], [ -158.035309, 21.445471 ], [ -158.036449, 21.444964 ], [ -158.036749, 21.44489 ], [ -158.037147, 21.444871 ], [ -158.037602, 21.444541 ], [ -158.037894, 21.44405 ], [ -158.037995, 21.44396 ], [ -158.038393, 21.443836 ], [ -158.038994, 21.443534 ], [ -158.039459, 21.443456 ], [ -158.039862, 21.443459 ], [ -158.039799, 21.443749 ], [ -158.039801, 21.444045 ], [ -158.040437, 21.448116 ], [ -158.041443, 21.447641 ], [ -158.041545, 21.447897 ], [ -158.041767, 21.448158 ], [ -158.041988, 21.448299 ], [ -158.04246, 21.448472 ], [ -158.042621, 21.448598 ], [ -158.042753, 21.448801 ], [ -158.042988, 21.449449 ], [ -158.043147, 21.449703 ], [ -158.043387, 21.4499 ], [ -158.043876, 21.450176 ], [ -158.043967, 21.450308 ], [ -158.04397, 21.450421 ], [ -158.043907, 21.450524 ], [ -158.043783, 21.450598 ], [ -158.043538, 21.450625 ], [ -158.043372, 21.450702 ], [ -158.043223, 21.450941 ], [ -158.043184, 21.451237 ], [ -158.043292, 21.451837 ], [ -158.043288, 21.45258 ], [ -158.04323, 21.452718 ], [ -158.042979, 21.453039 ], [ -158.042455, 21.454321 ], [ -158.042465, 21.454704 ], [ -158.042566, 21.454977 ], [ -158.042796, 21.45516 ], [ -158.043466, 21.455529 ], [ -158.043624, 21.455941 ], [ -158.043573, 21.456173 ], [ -158.043481, 21.456337 ], [ -158.043514, 21.45651 ], [ -158.043628, 21.4568 ], [ -158.043829, 21.45708 ], [ -158.044431, 21.457571 ], [ -158.045333, 21.457937 ], [ -158.045576, 21.458127 ], [ -158.04601, 21.458577 ], [ -158.046083, 21.458671 ], [ -158.046316, 21.459665 ], [ -158.046656, 21.460145 ], [ -158.04692, 21.46027 ], [ -158.047168, 21.460274 ], [ -158.048016, 21.460052 ], [ -158.048633, 21.459709 ], [ -158.049419, 21.461413 ], [ -158.053322, 21.468838 ], [ -158.050937, 21.474733 ], [ -158.050586, 21.474688 ], [ -158.050266, 21.474582 ], [ -158.049868, 21.4746 ], [ -158.049465, 21.474556 ], [ -158.049225, 21.474505 ], [ -158.049001, 21.474385 ], [ -158.048769, 21.474149 ], [ -158.048023, 21.472653 ], [ -158.047884, 21.472272 ], [ -158.047799, 21.472165 ], [ -158.047569, 21.472008 ], [ -158.047291, 21.471949 ], [ -158.047149, 21.471959 ], [ -158.046429, 21.472187 ], [ -158.046254, 21.472167 ], [ -158.045948, 21.471702 ], [ -158.04565, 21.471559 ], [ -158.045476, 21.471401 ], [ -158.045133, 21.470906 ], [ -158.044901, 21.470436 ], [ -158.044627, 21.470187 ], [ -158.044413, 21.470107 ], [ -158.044184, 21.470089 ], [ -158.043504, 21.470298 ], [ -158.04335, 21.470295 ], [ -158.043213, 21.470199 ], [ -158.042929, 21.469786 ], [ -158.042629, 21.469683 ], [ -158.042236, 21.469653 ], [ -158.042078, 21.469578 ], [ -158.041931, 21.469408 ], [ -158.041477, 21.468444 ], [ -158.041277, 21.468321 ], [ -158.04081, 21.4683 ], [ -158.040566, 21.468165 ], [ -158.039842, 21.466972 ], [ -158.039528, 21.466898 ], [ -158.039291, 21.466674 ], [ -158.03894, 21.465838 ], [ -158.038165, 21.465281 ], [ -158.037938, 21.465189 ], [ -158.037336, 21.465227 ], [ -158.037061, 21.465151 ], [ -158.036005, 21.464121 ], [ -158.035624, 21.463907 ], [ -158.035211, 21.463958 ], [ -158.034904, 21.464102 ], [ -158.034653, 21.464166 ], [ -158.03402, 21.464165 ], [ -158.033575, 21.464346 ], [ -158.033451, 21.464287 ], [ -158.032617, 21.463372 ] ] ], [ [ [ -158.028224, 21.43708 ], [ -158.028295, 21.437632 ], [ -158.028313, 21.438458 ], [ -158.028128, 21.438981 ], [ -158.028174, 21.439281 ], [ -158.028309, 21.439573 ], [ -158.028784, 21.44013 ], [ -158.028989, 21.440483 ], [ -158.029252, 21.441883 ], [ -158.029405, 21.442261 ], [ -158.02983, 21.443005 ], [ -158.029778, 21.443126 ], [ -158.029254, 21.443581 ], [ -158.029165, 21.443783 ], [ -158.029135, 21.444079 ], [ -158.028697, 21.444587 ], [ -158.028451, 21.444997 ], [ -158.028115, 21.445376 ], [ -158.027874, 21.445458 ], [ -158.027636, 21.44538 ], [ -158.027237, 21.444917 ], [ -158.02728, 21.444573 ], [ -158.027223, 21.444355 ], [ -158.027097, 21.444149 ], [ -158.027178, 21.444121 ], [ -158.027017, 21.443313 ], [ -158.027013, 21.443019 ], [ -158.027445, 21.438235 ], [ -158.027369, 21.437438 ], [ -158.028224, 21.43708 ] ] ] ] } },
{ "type": "Feature", "properties": { "crop": "Papaya", "acreage": 5.7 }, "geometry": { "type": "Polygon", "coordinates": [ [ [ -157.982429, 21.463463 ], [ -157.981513, 21.463534 ], [ -157.981362, 21.462919 ], [ -157.98241, 21.462741 ], [ -157.983364, 21.462937 ], [ -157.984924, 21.462854 ], [ -157.984958, 21.463346 ], [ -157.983866, 21.463408 ], [ -157.983507, 21.463329 ], [ -157.983361, 21.463396 ], [ -157.982968, 21.46343 ], [ -157.982652, 21.463519 ], [ -157.982429, 21.463463 ] ] ] } },
{ "type": "Feature", "properties": { "crop": "Banana", "acreage": 8.0 }, "geometry": { "type": "Polygon", "coordinates": [ [ [ -157.965978, 21.468096 ], [ -157.965246, 21.468637 ], [ -157.96492, 21.468694 ], [ -157.964562, 21.468542 ], [ -157.964481, 21.468368 ], [ -157.964497, 21.468141 ], [ -157.964572, 21.46786 ], [ -157.964806, 21.467671 ], [ -157.964981, 21.467608 ], [ -157.965051, 21.467409 ], [ -157.964659, 21.467125 ], [ -157.964026, 21.466785 ], [ -157.963662, 21.466773 ], [ -157.963227, 21.466571 ], [ -157.963111, 21.466475 ], [ -157.963045, 21.466261 ], [ -157.963171, 21.466216 ], [ -157.963734, 21.466229 ], [ -157.964204, 21.466327 ], [ -157.964499, 21.466451 ], [ -157.964659, 21.466566 ], [ -157.964856, 21.466831 ], [ -157.965063, 21.466982 ], [ -157.965372, 21.467315 ], [ -157.965478, 21.467357 ], [ -157.965852, 21.4673 ], [ -157.966169, 21.46707 ], [ -157.966475, 21.467041 ], [ -157.965978, 21.468096 ] ] ] } },
{ "type": "Feature", "properties": { "crop": "Diversified Crop", "acreage": 73.4 }, "geometry": { "type": "Polygon", "coordinates": [ [ [ -157.695454, 21.302562 ], [ -157.695436, 21.303392 ], [ -157.69681, 21.303466 ], [ -157.696762, 21.303881 ], [ -157.696897, 21.304445 ], [ -157.696941, 21.305013 ], [ -157.696894, 21.305311 ], [ -157.696722, 21.305635 ], [ -157.696678, 21.306262 ], [ -157.69677, 21.306309 ], [ -157.697183, 21.306366 ], [ -157.697264, 21.306545 ], [ -157.69726, 21.306783 ], [ -157.696943, 21.308054 ], [ -157.696677, 21.308448 ], [ -157.696204, 21.308804 ], [ -157.694804, 21.309567 ], [ -157.694565, 21.309666 ], [ -157.694373, 21.309683 ], [ -157.694203, 21.309625 ], [ -157.69403, 21.309495 ], [ -157.693652, 21.309004 ], [ -157.692961, 21.307873 ], [ -157.692773, 21.307436 ], [ -157.692663, 21.307035 ], [ -157.692641, 21.306315 ], [ -157.693041, 21.302886 ], [ -157.693109, 21.302546 ], [ -157.693463, 21.302244 ], [ -157.695296, 21.302343 ], [ -157.695454, 21.302562 ] ] ] } },
{ "type": "Feature", "properties": { "crop": "Diversified Crop", "acreage": 4.2 }, "geometry": { "type": "Polygon", "coordinates": [ [ [ -157.693814, 21.286998 ], [ -157.693819, 21.2872 ], [ -157.692079, 21.287801 ], [ -157.691834, 21.287754 ], [ -157.691626, 21.28761 ], [ -157.691684, 21.287174 ], [ -157.691886, 21.286945 ], [ -157.692042, 21.286968 ], [ -157.692369, 21.287167 ], [ -157.692492, 21.287172 ], [ -157.693422, 21.28644 ], [ -157.693555, 21.286534 ], [ -157.693703, 21.286722 ], [ -157.693814, 21.286998 ] ] ] } },
{ "type": "Feature", "properties": { "crop": "Diversified Crop", "acreage": 15.9 }, "geometry": { "type": "Polygon", "coordinates": [ [ [ -157.69344, 21.286057 ], [ -157.6933, 21.286095 ], [ -157.692226, 21.285597 ], [ -157.692173, 21.28549 ], [ -157.69408, 21.282057 ], [ -157.69417, 21.281977 ], [ -157.695236, 21.282694 ], [ -157.695264, 21.282816 ], [ -157.69344, 21.286057 ] ] ] } },
{ "type": "Feature", "properties": { "crop": "Banana", "acreage": 51.3 }, "geometry": { "type": "Polygon", "coordinates": [ [ [ -158.074549, 21.581509 ], [ -158.074243, 21.581328 ], [ -158.07358, 21.581217 ], [ -158.072315, 21.58121 ], [ -158.070808, 21.580998 ], [ -158.07049, 21.580757 ], [ -158.070226, 21.580146 ], [ -158.069857, 21.579929 ], [ -158.069349, 21.5794 ], [ -158.06903, 21.579315 ], [ -158.068646, 21.579385 ], [ -158.068263, 21.579335 ], [ -158.067529, 21.578303 ], [ -158.067594, 21.5781 ], [ -158.068195, 21.578008 ], [ -158.069013, 21.578048 ], [ -158.071808, 21.578494 ], [ -158.073058, 21.578895 ], [ -158.073479, 21.578945 ], [ -158.07531, 21.57843 ], [ -158.076141, 21.578243 ], [ -158.076703, 21.578378 ], [ -158.076714, 21.578653 ], [ -158.076097, 21.579175 ], [ -158.075608, 21.579698 ], [ -158.075606, 21.580009 ], [ -158.075346, 21.580677 ], [ -158.075227, 21.581441 ], [ -158.075047, 21.581512 ], [ -158.074549, 21.581509 ] ] ] } },
{ "type": "Feature", "properties": { "crop": "Papaya", "acreage": 19.0 }, "geometry": { "type": "Polygon", "coordinates": [ [ [ -158.075255, 21.601076 ], [ -158.078907, 21.602448 ], [ -158.078129, 21.603999 ], [ -158.07546, 21.603133 ], [ -158.07464, 21.601784 ], [ -158.075108, 21.601443 ], [ -158.075201, 21.601284 ], [ -158.075229, 21.601128 ], [ -158.075255, 21.601076 ] ] ] } },
{ "type": "Feature", "properties": { "crop": "Seed Production", "acreage": 199.2 }, "geometry": { "type": "Polygon", "coordinates": [ [ [ -158.07882, 21.619269 ], [ -158.078473, 21.61914 ], [ -158.078246, 21.618999 ], [ -158.078045, 21.618802 ], [ -158.077399, 21.617918 ], [ -158.077096, 21.617652 ], [ -158.075814, 21.617367 ], [ -158.074959, 21.616698 ], [ -158.074769, 21.616618 ], [ -158.074413, 21.61657 ], [ -158.073604, 21.61657 ], [ -158.073255, 21.616482 ], [ -158.071961, 21.615732 ], [ -158.072088, 21.615477 ], [ -158.072086, 21.61525 ], [ -158.07192, 21.614983 ], [ -158.071553, 21.614659 ], [ -158.071421, 21.614434 ], [ -158.071702, 21.613449 ], [ -158.071736, 21.613186 ], [ -158.071694, 21.612768 ], [ -158.071554, 21.612247 ], [ -158.070929, 21.611616 ], [ -158.071091, 21.611231 ], [ -158.07109, 21.611106 ], [ -158.071037, 21.610931 ], [ -158.070894, 21.610726 ], [ -158.070933, 21.610306 ], [ -158.070757, 21.609744 ], [ -158.070699, 21.609372 ], [ -158.071172, 21.609041 ], [ -158.071289, 21.609074 ], [ -158.071516, 21.609245 ], [ -158.071543, 21.609094 ], [ -158.07149, 21.608907 ], [ -158.071405, 21.608816 ], [ -158.07123, 21.608748 ], [ -158.071792, 21.608224 ], [ -158.071865, 21.60808 ], [ -158.071998, 21.607488 ], [ -158.072053, 21.606445 ], [ -158.072188, 21.606281 ], [ -158.072567, 21.606274 ], [ -158.072851, 21.606381 ], [ -158.073466, 21.607341 ], [ -158.073499, 21.607558 ], [ -158.073429, 21.607908 ], [ -158.073301, 21.608049 ], [ -158.073098, 21.608136 ], [ -158.073051, 21.608292 ], [ -158.073166, 21.608646 ], [ -158.073489, 21.608991 ], [ -158.073813, 21.609153 ], [ -158.074159, 21.60944 ], [ -158.074639, 21.609475 ], [ -158.075026, 21.609727 ], [ -158.075265, 21.60976 ], [ -158.075467, 21.609737 ], [ -158.075971, 21.609496 ], [ -158.076204, 21.609474 ], [ -158.076748, 21.609718 ], [ -158.077335, 21.610057 ], [ -158.077847, 21.61018 ], [ -158.078056, 21.610367 ], [ -158.078175, 21.610626 ], [ -158.07821, 21.610924 ], [ -158.078077, 21.611039 ], [ -158.077169, 21.610625 ], [ -158.076707, 21.610313 ], [ -158.076119, 21.610098 ], [ -158.075301, 21.610057 ], [ -158.075197, 21.610151 ], [ -158.075305, 21.610323 ], [ -158.076082, 21.610498 ], [ -158.076919, 21.610885 ], [ -158.077708, 21.611531 ], [ -158.07823, 21.611887 ], [ -158.07852, 21.612211 ], [ -158.078586, 21.612232 ], [ -158.078997, 21.612134 ], [ -158.079316, 21.61213 ], [ -158.079535, 21.612162 ], [ -158.07967, 21.612283 ], [ -158.079821, 21.613165 ], [ -158.079803, 21.613358 ], [ -158.079704, 21.613487 ], [ -158.079551, 21.613546 ], [ -158.079292, 21.613532 ], [ -158.078256, 21.613197 ], [ -158.078167, 21.6134 ], [ -158.078409, 21.613685 ], [ -158.078529, 21.613934 ], [ -158.07875, 21.614152 ], [ -158.079401, 21.61444 ], [ -158.080033, 21.615068 ], [ -158.080687, 21.615506 ], [ -158.081096, 21.615687 ], [ -158.081462, 21.615776 ], [ -158.081582, 21.615856 ], [ -158.081959, 21.616872 ], [ -158.082029, 21.617491 ], [ -158.081924, 21.618025 ], [ -158.081803, 21.618229 ], [ -158.081575, 21.618444 ], [ -158.081415, 21.618433 ], [ -158.081038, 21.618232 ], [ -158.080535, 21.618085 ], [ -158.08089, 21.618787 ], [ -158.080878, 21.618906 ], [ -158.08078, 21.61903 ], [ -158.080332, 21.619154 ], [ -158.079688, 21.619206 ], [ -158.079294, 21.619301 ], [ -158.07882, 21.619269 ] ] ] } },
{ "type": "Feature", "properties": { "crop": "Seed Production", "acreage": 157.8 }, "geometry": { "type": "Polygon", "coordinates": [ [ [ -158.069084, 21.58222 ], [ -158.069205, 21.58196 ], [ -158.069296, 21.581125 ], [ -158.069374, 21.580941 ], [ -158.069474, 21.581046 ], [ -158.069844, 21.581689 ], [ -158.07006, 21.581868 ], [ -158.070644, 21.581947 ], [ -158.072097, 21.58227 ], [ -158.07394, 21.582427 ], [ -158.074226, 21.58256 ], [ -158.07506, 21.583131 ], [ -158.075358, 21.583252 ], [ -158.075777, 21.583268 ], [ -158.078187, 21.582986 ], [ -158.078563, 21.583017 ], [ -158.078754, 21.583113 ], [ -158.07894, 21.58333 ], [ -158.079286, 21.584032 ], [ -158.079457, 21.584551 ], [ -158.079602, 21.584746 ], [ -158.079915, 21.584839 ], [ -158.081144, 21.584901 ], [ -158.08137, 21.585002 ], [ -158.081475, 21.58521 ], [ -158.081535, 21.585545 ], [ -158.081475, 21.586124 ], [ -158.081364, 21.58634 ], [ -158.081196, 21.586448 ], [ -158.08086, 21.586457 ], [ -158.080481, 21.586371 ], [ -158.080192, 21.586223 ], [ -158.079945, 21.586032 ], [ -158.079543, 21.585387 ], [ -158.079266, 21.585162 ], [ -158.078972, 21.585009 ], [ -158.078666, 21.584911 ], [ -158.078349, 21.584871 ], [ -158.078068, 21.584887 ], [ -158.077426, 21.585193 ], [ -158.076724, 21.585319 ], [ -158.07662, 21.585488 ], [ -158.076617, 21.58576 ], [ -158.076749, 21.585858 ], [ -158.077087, 21.585935 ], [ -158.078239, 21.585934 ], [ -158.078694, 21.58605 ], [ -158.078827, 21.586146 ], [ -158.078878, 21.586281 ], [ -158.078871, 21.586516 ], [ -158.0788, 21.586645 ], [ -158.078209, 21.586917 ], [ -158.077814, 21.587017 ], [ -158.07599, 21.58709 ], [ -158.075786, 21.58701 ], [ -158.075519, 21.586511 ], [ -158.075275, 21.586321 ], [ -158.073771, 21.585752 ], [ -158.072872, 21.585517 ], [ -158.072068, 21.585439 ], [ -158.070143, 21.58538 ], [ -158.069901, 21.585468 ], [ -158.069372, 21.585914 ], [ -158.069064, 21.585999 ], [ -158.068661, 21.586035 ], [ -158.066371, 21.585658 ], [ -158.064183, 21.585144 ], [ -158.063978, 21.585052 ], [ -158.063905, 21.58493 ], [ -158.063875, 21.584744 ], [ -158.06393, 21.584354 ], [ -158.064501, 21.583317 ], [ -158.064916, 21.581873 ], [ -158.065444, 21.581101 ], [ -158.067532, 21.581761 ], [ -158.069084, 21.58222 ] ] ] } },
{ "type": "Feature", "properties": { "crop": "Diversified Crop", "acreage": 2.7 }, "geometry": { "type": "Polygon", "coordinates": [ [ [ -157.888417, 21.572759 ], [ -157.887468, 21.572371 ], [ -157.887476, 21.572238 ], [ -157.887585, 21.572035 ], [ -157.88765, 21.572012 ], [ -157.887872, 21.572075 ], [ -157.888058, 21.571789 ], [ -157.888192, 21.571702 ], [ -157.888399, 21.571685 ], [ -157.888627, 21.571729 ], [ -157.888981, 21.571889 ], [ -157.888417, 21.572759 ] ] ] } },
{ "type": "Feature", "properties": { "crop": "Diversified Crop", "acreage": 1.7 }, "geometry": { "type": "Polygon", "coordinates": [ [ [ -157.887412, 21.571537 ], [ -157.887465, 21.571408 ], [ -157.887598, 21.571303 ], [ -157.88808, 21.571086 ], [ -157.888361, 21.570583 ], [ -157.888504, 21.570447 ], [ -157.888733, 21.570392 ], [ -157.888924, 21.570479 ], [ -157.888976, 21.570576 ], [ -157.888926, 21.570697 ], [ -157.888421, 21.570982 ], [ -157.887979, 21.571492 ], [ -157.887612, 21.571738 ], [ -157.88751, 21.571753 ], [ -157.887432, 21.571692 ], [ -157.887412, 21.571537 ] ] ] } },
{ "type": "Feature", "properties": { "crop": "Taro", "acreage": 3.7 }, "geometry": { "type": "Polygon", "coordinates": [ [ [ -157.895968, 21.56647 ], [ -157.895931, 21.566896 ], [ -157.895874, 21.567043 ], [ -157.895689, 21.567189 ], [ -157.895172, 21.567083 ], [ -157.895259, 21.567019 ], [ -157.895247, 21.566941 ], [ -157.894575, 21.566503 ], [ -157.894546, 21.566403 ], [ -157.894629, 21.565906 ], [ -157.894864, 21.565846 ], [ -157.895848, 21.566423 ], [ -157.895933, 21.566391 ], [ -157.895941, 21.566323 ], [ -157.895843, 21.5661 ], [ -157.895889, 21.566047 ], [ -157.895992, 21.56606 ], [ -157.89648, 21.566347 ], [ -157.896435, 21.56643 ], [ -157.896352, 21.566441 ], [ -157.895968, 21.56647 ] ] ] } },
{ "type": "Feature", "properties": { "crop": "Aquaculture", "acreage": 1.1 }, "geometry": { "type": "Polygon", "coordinates": [ [ [ -157.717473, 21.332164 ], [ -157.717613, 21.331873 ], [ -157.717838, 21.331934 ], [ -157.717949, 21.332056 ], [ -157.718629, 21.33235 ], [ -157.718481, 21.332668 ], [ -157.717473, 21.332164 ] ] ] } },
{ "type": "Feature", "properties": { "crop": "Diversified Crop", "acreage": 77.3 }, "geometry": { "type": "Polygon", "coordinates": [ [ [ -158.066969, 21.456648 ], [ -158.066275, 21.456393 ], [ -158.065671, 21.456265 ], [ -158.064837, 21.456259 ], [ -158.064521, 21.456204 ], [ -158.064045, 21.456271 ], [ -158.063922, 21.456195 ], [ -158.063765, 21.455967 ], [ -158.063507, 21.455852 ], [ -158.063187, 21.455625 ], [ -158.061475, 21.45537 ], [ -158.061188, 21.455278 ], [ -158.060679, 21.454863 ], [ -158.059832, 21.454273 ], [ -158.059532, 21.454112 ], [ -158.060012, 21.452824 ], [ -158.060114, 21.452442 ], [ -158.060523, 21.452503 ], [ -158.06105, 21.45251 ], [ -158.061674, 21.452156 ], [ -158.062384, 21.452072 ], [ -158.063575, 21.452057 ], [ -158.064051, 21.452095 ], [ -158.064382, 21.452193 ], [ -158.064924, 21.452084 ], [ -158.066134, 21.452378 ], [ -158.067287, 21.452832 ], [ -158.067099, 21.453448 ], [ -158.067756, 21.455341 ], [ -158.067676, 21.455681 ], [ -158.067695, 21.455896 ], [ -158.067957, 21.456088 ], [ -158.068082, 21.456322 ], [ -158.068009, 21.456519 ], [ -158.067852, 21.456666 ], [ -158.067694, 21.456695 ], [ -158.067253, 21.456661 ], [ -158.066969, 21.456648 ] ] ] } },
{ "type": "Feature", "properties": { "crop": "Diversified Crop", "acreage": 198.6 }, "geometry": { "type": "Polygon", "coordinates": [ [ [ -158.038949, 21.376642 ], [ -158.04204, 21.377082 ], [ -158.042694, 21.377148 ], [ -158.042965, 21.377092 ], [ -158.043164, 21.377271 ], [ -158.043228, 21.377524 ], [ -158.043032, 21.377666 ], [ -158.04232, 21.377862 ], [ -158.041564, 21.378168 ], [ -158.040026, 21.378957 ], [ -158.038492, 21.379821 ], [ -158.035807, 21.38118 ], [ -158.032271, 21.38271 ], [ -158.032073, 21.382721 ], [ -158.03188, 21.382675 ], [ -158.031619, 21.382486 ], [ -158.029897, 21.38044 ], [ -158.02817, 21.378185 ], [ -158.027838, 21.37763 ], [ -158.027511, 21.376909 ], [ -158.027487, 21.37656 ], [ -158.02756, 21.376218 ], [ -158.027998, 21.37579 ], [ -158.028657, 21.375404 ], [ -158.029257, 21.375124 ], [ -158.030235, 21.37481 ], [ -158.031412, 21.374594 ], [ -158.032369, 21.374534 ], [ -158.03325, 21.374541 ], [ -158.033647, 21.374594 ], [ -158.03387, 21.374844 ], [ -158.034233, 21.375105 ], [ -158.035046, 21.375392 ], [ -158.038949, 21.376642 ] ] ] } },
{ "type": "Feature", "properties": { "crop": "Diversified Crop", "acreage": 212.0 }, "geometry": { "type": "Polygon", "coordinates": [ [ [ -158.036528, 21.367169 ], [ -158.036206, 21.366546 ], [ -158.035954, 21.366677 ], [ -158.035426, 21.366715 ], [ -158.033899, 21.366583 ], [ -158.033833, 21.366411 ], [ -158.034008, 21.365735 ], [ -158.034218, 21.365293 ], [ -158.034552, 21.364964 ], [ -158.034623, 21.364557 ], [ -158.034191, 21.364192 ], [ -158.033813, 21.363309 ], [ -158.033301, 21.363497 ], [ -158.032349, 21.361513 ], [ -158.031954, 21.361034 ], [ -158.031531, 21.36072 ], [ -158.03104, 21.360495 ], [ -158.030509, 21.360375 ], [ -158.029954, 21.360361 ], [ -158.029905, 21.358429 ], [ -158.029975, 21.357973 ], [ -158.029726, 21.357252 ], [ -158.029775, 21.356731 ], [ -158.029889, 21.356435 ], [ -158.030089, 21.356119 ], [ -158.03078, 21.35538 ], [ -158.031206, 21.35475 ], [ -158.031535, 21.354068 ], [ -158.03176, 21.353351 ], [ -158.031924, 21.353091 ], [ -158.032017, 21.35313 ], [ -158.032661, 21.355539 ], [ -158.032771, 21.355798 ], [ -158.033066, 21.356164 ], [ -158.033801, 21.356652 ], [ -158.034219, 21.35701 ], [ -158.035102, 21.358593 ], [ -158.035503, 21.360048 ], [ -158.036141, 21.363683 ], [ -158.036277, 21.364157 ], [ -158.036542, 21.364741 ], [ -158.037696, 21.366285 ], [ -158.038309, 21.366995 ], [ -158.043712, 21.372296 ], [ -158.041078, 21.374105 ], [ -158.039077, 21.374103 ], [ -158.038336, 21.374024 ], [ -158.037157, 21.372947 ], [ -158.035085, 21.370815 ], [ -158.033381, 21.370561 ], [ -158.032502, 21.370349 ], [ -158.032292, 21.369788 ], [ -158.033289, 21.368939 ], [ -158.034102, 21.36991 ], [ -158.03498, 21.369556 ], [ -158.036424, 21.370351 ], [ -158.036859, 21.370475 ], [ -158.037511, 21.370849 ], [ -158.03803, 21.37153 ], [ -158.038175, 21.372082 ], [ -158.040195, 21.370822 ], [ -158.038977, 21.369706 ], [ -158.039388, 21.369269 ], [ -158.038678, 21.368615 ], [ -158.037695, 21.369049 ], [ -158.036904, 21.368299 ], [ -158.037229, 21.36794 ], [ -158.036937, 21.367727 ], [ -158.036528, 21.367169 ] ] ] } },
{ "type": "Feature", "properties": { "crop": "Flowers / Foliage / Landscape", "acreage": 12.3 }, "geometry": { "type": "Polygon", "coordinates": [ [ [ -158.060047, 21.45547 ], [ -158.06024, 21.455465 ], [ -158.060616, 21.455686 ], [ -158.06107, 21.455678 ], [ -158.061777, 21.455926 ], [ -158.062369, 21.455907 ], [ -158.062519, 21.456003 ], [ -158.0628, 21.456405 ], [ -158.060069, 21.45698 ], [ -158.058585, 21.456553 ], [ -158.058969, 21.455477 ], [ -158.059103, 21.455318 ], [ -158.059433, 21.455114 ], [ -158.059509, 21.45515 ], [ -158.059614, 21.455299 ], [ -158.059846, 21.455361 ], [ -158.05993, 21.455425 ], [ -158.060047, 21.45547 ] ] ] } },
{ "type": "Feature", "properties": { "crop": "Flowers / Foliage / Landscape", "acreage": 0.4 }, "geometry": { "type": "Polygon", "coordinates": [ [ [ -157.740462, 21.344769 ], [ -157.740662, 21.344554 ], [ -157.741034, 21.344884 ], [ -157.740839, 21.345073 ], [ -157.740665, 21.344933 ], [ -157.740462, 21.344769 ] ] ] } },
{ "type": "Feature", "properties": { "crop": "Flowers / Foliage / Landscape", "acreage": 0.3 }, "geometry": { "type": "Polygon", "coordinates": [ [ [ -157.740732, 21.34549 ], [ -157.740732, 21.345448 ], [ -157.741286, 21.345422 ], [ -157.741338, 21.345471 ], [ -157.741192, 21.345717 ], [ -157.741112, 21.345728 ], [ -157.740732, 21.34549 ] ] ] } },
{ "type": "Feature", "properties": { "crop": "Flowers / Foliage / Landscape", "acreage": 1.2 }, "geometry": { "type": "Polygon", "coordinates": [ [ [ -157.732502, 21.34535 ], [ -157.73273, 21.345889 ], [ -157.732068, 21.34614 ], [ -157.731828, 21.345592 ], [ -157.732467, 21.345363 ], [ -157.732502, 21.34535 ] ] ] } },
{ "type": "Feature", "properties": { "crop": "Flowers / Foliage / Landscape", "acreage": 2.7 }, "geometry": { "type": "Polygon", "coordinates": [ [ [ -157.738701, 21.341749 ], [ -157.739348, 21.342471 ], [ -157.73865, 21.34303 ], [ -157.737903, 21.343438 ], [ -157.737833, 21.343371 ], [ -157.738302, 21.342647 ], [ -157.738628, 21.341754 ], [ -157.738701, 21.341749 ] ] ] } },
{ "type": "Feature", "properties": { "crop": "Flowers / Foliage / Landscape", "acreage": 1.9 }, "geometry": { "type": "Polygon", "coordinates": [ [ [ -157.721877, 21.34092 ], [ -157.721872, 21.341903 ], [ -157.721019, 21.341706 ], [ -157.721275, 21.340895 ], [ -157.721831, 21.340918 ], [ -157.721877, 21.34092 ] ] ] } },
{ "type": "Feature", "properties": { "crop": "Papaya", "acreage": 1.0 }, "geometry": { "type": "Polygon", "coordinates": [ [ [ -157.990034, 21.459157 ], [ -157.990423, 21.459132 ], [ -157.990665, 21.459211 ], [ -157.990756, 21.459302 ], [ -157.990774, 21.459507 ], [ -157.990705, 21.459788 ], [ -157.990057, 21.459434 ], [ -157.989911, 21.459283 ], [ -157.990034, 21.459157 ] ] ] } },
{ "type": "Feature", "properties": { "crop": "Papaya", "acreage": 1.6 }, "geometry": { "type": "Polygon", "coordinates": [ [ [ -157.97863, 21.46543 ], [ -157.978143, 21.465599 ], [ -157.977958, 21.465621 ], [ -157.978071, 21.465494 ], [ -157.978107, 21.465254 ], [ -157.979019, 21.464496 ], [ -157.97924, 21.464879 ], [ -157.979167, 21.464938 ], [ -157.97863, 21.46543 ] ] ] } },
{ "type": "Feature", "properties": { "crop": "Papaya", "acreage": 1.1 }, "geometry": { "type": "Polygon", "coordinates": [ [ [ -157.976897, 21.467436 ], [ -157.976348, 21.466933 ], [ -157.976612, 21.466585 ], [ -157.977255, 21.467016 ], [ -157.976897, 21.467436 ] ] ] } },
{ "type": "Feature", "properties": { "crop": "Banana", "acreage": 2.6 }, "geometry": { "type": "Polygon", "coordinates": [ [ [ -157.961162, 21.467507 ], [ -157.959402, 21.467333 ], [ -157.959441, 21.46721 ], [ -157.960003, 21.46671 ], [ -157.960807, 21.46696 ], [ -157.961126, 21.467121 ], [ -157.961232, 21.467208 ], [ -157.961304, 21.467445 ], [ -157.961162, 21.467507 ] ] ] } },
{ "type": "Feature", "properties": { "crop": "Diversified Crop", "acreage": 11.8 }, "geometry": { "type": "Polygon", "coordinates": [ [ [ -157.967965, 21.445228 ], [ -157.967169, 21.44528 ], [ -157.966032, 21.444836 ], [ -157.965115, 21.444822 ], [ -157.964839, 21.444921 ], [ -157.964477, 21.445191 ], [ -157.964116, 21.445325 ], [ -157.963392, 21.445364 ], [ -157.963318, 21.444467 ], [ -157.967415, 21.443865 ], [ -157.967965, 21.445228 ] ] ] } },
{ "type": "Feature", "properties": { "crop": "Flowers / Foliage / Landscape", "acreage": 10.8 }, "geometry": { "type": "Polygon", "coordinates": [ [ [ -158.030957, 21.50694 ], [ -158.030162, 21.507525 ], [ -158.030014, 21.507513 ], [ -158.027874, 21.505643 ], [ -158.027882, 21.505514 ], [ -158.028779, 21.504786 ], [ -158.028984, 21.504828 ], [ -158.030964, 21.506829 ], [ -158.030957, 21.50694 ] ] ] } },
{ "type": "Feature", "properties": { "crop": "Banana", "acreage": 4.1 }, "geometry": { "type": "Polygon", "coordinates": [ [ [ -157.975616, 21.468001 ], [ -157.975449, 21.468269 ], [ -157.975145, 21.468535 ], [ -157.974932, 21.468584 ], [ -157.974999, 21.46877 ], [ -157.974644, 21.46901 ], [ -157.974215, 21.469206 ], [ -157.97384, 21.469318 ], [ -157.973553, 21.469374 ], [ -157.973492, 21.469348 ], [ -157.973591, 21.469134 ], [ -157.973741, 21.469027 ], [ -157.97361, 21.468941 ], [ -157.973514, 21.468781 ], [ -157.97328, 21.468612 ], [ -157.973655, 21.468519 ], [ -157.973945, 21.468797 ], [ -157.974246, 21.468897 ], [ -157.974693, 21.468801 ], [ -157.974733, 21.468604 ], [ -157.974585, 21.46839 ], [ -157.974732, 21.468048 ], [ -157.975113, 21.467732 ], [ -157.975487, 21.467498 ], [ -157.975822, 21.467482 ], [ -157.976042, 21.467649 ], [ -157.976016, 21.467801 ], [ -157.975616, 21.468001 ] ] ] } },
{ "type": "Feature", "properties": { "crop": "Diversified Crop", "acreage": 1.6 }, "geometry": { "type": "Polygon", "coordinates": [ [ [ -157.821374, 21.41099 ], [ -157.821438, 21.410891 ], [ -157.821583, 21.41093 ], [ -157.821815, 21.410899 ], [ -157.822349, 21.410707 ], [ -157.822466, 21.410804 ], [ -157.822534, 21.411043 ], [ -157.822499, 21.411257 ], [ -157.822345, 21.411339 ], [ -157.822112, 21.41116 ], [ -157.821752, 21.41103 ], [ -157.821667, 21.411051 ], [ -157.821736, 21.411208 ], [ -157.821713, 21.411273 ], [ -157.821451, 21.411397 ], [ -157.821262, 21.411419 ], [ -157.821117, 21.411387 ], [ -157.82108, 21.41117 ], [ -157.821374, 21.41099 ] ] ] } },
{ "type": "Feature", "properties": { "crop": "Flowers / Foliage / Landscape", "acreage": 2.6 }, "geometry": { "type": "Polygon", "coordinates": [ [ [ -157.819511, 21.410977 ], [ -157.819508, 21.411069 ], [ -157.819139, 21.411499 ], [ -157.81934, 21.411762 ], [ -157.81937, 21.411927 ], [ -157.818936, 21.412383 ], [ -157.818692, 21.412444 ], [ -157.818362, 21.412005 ], [ -157.818925, 21.411139 ], [ -157.819413, 21.41086 ], [ -157.819511, 21.410977 ] ] ] } },
{ "type": "Feature", "properties": { "crop": "Aquaculture", "acreage": 0.5 }, "geometry": { "type": "Polygon", "coordinates": [ [ [ -157.845489, 21.480249 ], [ -157.844774, 21.4803 ], [ -157.844729, 21.480153 ], [ -157.844756, 21.480064 ], [ -157.844929, 21.480063 ], [ -157.845117, 21.480134 ], [ -157.845316, 21.479969 ], [ -157.845455, 21.479941 ], [ -157.845511, 21.479968 ], [ -157.845489, 21.480249 ] ] ] } },
{ "type": "Feature", "properties": { "crop": "Flowers / Foliage / Landscape", "acreage": 0.8 }, "geometry": { "type": "Polygon", "coordinates": [ [ [ -157.843519, 21.478504 ], [ -157.843297, 21.478411 ], [ -157.842884, 21.477937 ], [ -157.842852, 21.477794 ], [ -157.843032, 21.477726 ], [ -157.843223, 21.477793 ], [ -157.843328, 21.478064 ], [ -157.843775, 21.478464 ], [ -157.843519, 21.478504 ] ] ] } },
{ "type": "Feature", "properties": { "crop": "Diversified Crop", "acreage": 0.4 }, "geometry": { "type": "Polygon", "coordinates": [ [ [ -157.841861, 21.452365 ], [ -157.841718, 21.452113 ], [ -157.842281, 21.45189 ], [ -157.842364, 21.45204 ], [ -157.842266, 21.452103 ], [ -157.841861, 21.452365 ] ] ] } },
{ "type": "Feature", "properties": { "crop": "Diversified Crop", "acreage": 5.6 }, "geometry": { "type": "Polygon", "coordinates": [ [ [ -157.849877, 21.481587 ], [ -157.849621, 21.481408 ], [ -157.849629, 21.481209 ], [ -157.849499, 21.481172 ], [ -157.849494, 21.481055 ], [ -157.849319, 21.481042 ], [ -157.849327, 21.480846 ], [ -157.849686, 21.480764 ], [ -157.849778, 21.480681 ], [ -157.850007, 21.479895 ], [ -157.850618, 21.479986 ], [ -157.85128, 21.480177 ], [ -157.851231, 21.481055 ], [ -157.851102, 21.481175 ], [ -157.850865, 21.481069 ], [ -157.850464, 21.481069 ], [ -157.850281, 21.481151 ], [ -157.850173, 21.481275 ], [ -157.850313, 21.481473 ], [ -157.850295, 21.481562 ], [ -157.849877, 21.481587 ] ] ] } },
{ "type": "Feature", "properties": { "crop": "Taro", "acreage": 8.4 }, "geometry": { "type": "Polygon", "coordinates": [ [ [ -157.845885, 21.465406 ], [ -157.845431, 21.465442 ], [ -157.845192, 21.465632 ], [ -157.845028, 21.465704 ], [ -157.84502, 21.465784 ], [ -157.84522, 21.466017 ], [ -157.845184, 21.466148 ], [ -157.84486, 21.4664 ], [ -157.84469, 21.466442 ], [ -157.844542, 21.466427 ], [ -157.844371, 21.466222 ], [ -157.84424, 21.465881 ], [ -157.844277, 21.46578 ], [ -157.844479, 21.465725 ], [ -157.844543, 21.465641 ], [ -157.844566, 21.465438 ], [ -157.844512, 21.465218 ], [ -157.844407, 21.46509 ], [ -157.844178, 21.465084 ], [ -157.844121, 21.465041 ], [ -157.844081, 21.464458 ], [ -157.844016, 21.464431 ], [ -157.843706, 21.464485 ], [ -157.843656, 21.464258 ], [ -157.845323, 21.463993 ], [ -157.845615, 21.463985 ], [ -157.845885, 21.465406 ] ] ] } },
{ "type": "Feature", "properties": { "crop": "Taro", "acreage": 2.2 }, "geometry": { "type": "Polygon", "coordinates": [ [ [ -157.846202, 21.467092 ], [ -157.846002, 21.467128 ], [ -157.845725, 21.466869 ], [ -157.845342, 21.466798 ], [ -157.845215, 21.46673 ], [ -157.845397, 21.466564 ], [ -157.845346, 21.466462 ], [ -157.845377, 21.466413 ], [ -157.845769, 21.46613 ], [ -157.845946, 21.466113 ], [ -157.846182, 21.466224 ], [ -157.846356, 21.466428 ], [ -157.846442, 21.466731 ], [ -157.846392, 21.466963 ], [ -157.846202, 21.467092 ] ] ] } },
{ "type": "Feature", "properties": { "crop": "Taro", "acreage": 3.7 }, "geometry": { "type": "Polygon", "coordinates": [ [ [ -157.84887, 21.466198 ], [ -157.848618, 21.466247 ], [ -157.848648, 21.466602 ], [ -157.848331, 21.466676 ], [ -157.848288, 21.466869 ], [ -157.848104, 21.466938 ], [ -157.847599, 21.466983 ], [ -157.847382, 21.466937 ], [ -157.847338, 21.466841 ], [ -157.847359, 21.466776 ], [ -157.847763, 21.466584 ], [ -157.847825, 21.466484 ], [ -157.847766, 21.466226 ], [ -157.847585, 21.466125 ], [ -157.847506, 21.466017 ], [ -157.847469, 21.465851 ], [ -157.847496, 21.465725 ], [ -157.8484, 21.465635 ], [ -157.848849, 21.46591 ], [ -157.84887, 21.466198 ] ] ] } },
{ "type": "Feature", "properties": { "crop": "Aquaculture", "acreage": 10.6 }, "geometry": { "type": "Polygon", "coordinates": [ [ [ -157.851683, 21.469193 ], [ -157.851298, 21.469146 ], [ -157.85102, 21.469033 ], [ -157.850931, 21.469044 ], [ -157.850881, 21.469182 ], [ -157.850814, 21.469222 ], [ -157.850473, 21.469185 ], [ -157.850317, 21.468855 ], [ -157.849693, 21.468559 ], [ -157.849213, 21.468154 ], [ -157.848805, 21.467922 ], [ -157.848545, 21.467662 ], [ -157.8485, 21.467509 ], [ -157.849461, 21.46728 ], [ -157.849412, 21.467024 ], [ -157.849448, 21.466952 ], [ -157.849927, 21.466831 ], [ -157.849956, 21.466975 ], [ -157.849779, 21.467243 ], [ -157.849791, 21.467337 ], [ -157.85044, 21.467584 ], [ -157.850619, 21.467614 ], [ -157.850681, 21.467667 ], [ -157.85068, 21.467791 ], [ -157.850542, 21.468195 ], [ -157.850567, 21.468331 ], [ -157.850735, 21.468408 ], [ -157.85095, 21.468436 ], [ -157.851038, 21.468405 ], [ -157.851109, 21.468272 ], [ -157.851177, 21.468248 ], [ -157.851502, 21.468351 ], [ -157.852186, 21.468426 ], [ -157.852277, 21.469273 ], [ -157.852231, 21.469377 ], [ -157.852125, 21.469437 ], [ -157.851875, 21.469484 ], [ -157.851683, 21.469193 ] ] ] } },
{ "type": "Feature", "properties": { "crop": "Flowers / Foliage / Landscape", "acreage": 6.0 }, "geometry": { "type": "Polygon", "coordinates": [ [ [ -157.853902, 21.468462 ], [ -157.854328, 21.469492 ], [ -157.854236, 21.469595 ], [ -157.853261, 21.470026 ], [ -157.852951, 21.470038 ], [ -157.852766, 21.469871 ], [ -157.852405, 21.469026 ], [ -157.852412, 21.46893 ], [ -157.8525, 21.46883 ], [ -157.85375, 21.468373 ], [ -157.853902, 21.468462 ] ] ] } },
{ "type": "Feature", "properties": { "crop": "Taro", "acreage": 0.8 }, "geometry": { "type": "Polygon", "coordinates": [ [ [ -157.848672, 21.467442 ], [ -157.848621, 21.467422 ], [ -157.848479, 21.467085 ], [ -157.848496, 21.467049 ], [ -157.849339, 21.467023 ], [ -157.84941, 21.467224 ], [ -157.848672, 21.467442 ] ] ] } },
{ "type": "Feature", "properties": { "crop": "Diversified Crop", "acreage": 5.2 }, "geometry": { "type": "Polygon", "coordinates": [ [ [ -157.858193, 21.464444 ], [ -157.858354, 21.464266 ], [ -157.858109, 21.463708 ], [ -157.858246, 21.463661 ], [ -157.858414, 21.463723 ], [ -157.858546, 21.463975 ], [ -157.858609, 21.464233 ], [ -157.858643, 21.464776 ], [ -157.858586, 21.464891 ], [ -157.858217, 21.46527 ], [ -157.85773, 21.465407 ], [ -157.857391, 21.46563 ], [ -157.857086, 21.46565 ], [ -157.856945, 21.465603 ], [ -157.856633, 21.464986 ], [ -157.85734, 21.464575 ], [ -157.858193, 21.464444 ] ] ] } },
{ "type": "Feature", "properties": { "crop": "Diversified Crop", "acreage": 1.0 }, "geometry": { "type": "Polygon", "coordinates": [ [ [ -157.855228, 21.466382 ], [ -157.85503, 21.466396 ], [ -157.854995, 21.466188 ], [ -157.855689, 21.465765 ], [ -157.856103, 21.466058 ], [ -157.855228, 21.466382 ] ] ] } },
{ "type": "Feature", "properties": { "crop": "Diversified Crop", "acreage": 0.4 }, "geometry": { "type": "Polygon", "coordinates": [ [ [ -157.853639, 21.463699 ], [ -157.853518, 21.463242 ], [ -157.853827, 21.463185 ], [ -157.853954, 21.463652 ], [ -157.853639, 21.463699 ] ] ] } },
{ "type": "Feature", "properties": { "crop": "Flowers / Foliage / Landscape", "acreage": 1.7 }, "geometry": { "type": "Polygon", "coordinates": [ [ [ -157.850998, 21.458907 ], [ -157.85045, 21.459137 ], [ -157.85022, 21.458626 ], [ -157.850161, 21.458362 ], [ -157.850204, 21.458242 ], [ -157.850159, 21.458099 ], [ -157.850581, 21.45792 ], [ -157.850964, 21.458814 ], [ -157.850998, 21.458907 ] ] ] } },
{ "type": "Feature", "properties": { "crop": "Flowers / Foliage / Landscape", "acreage": 0.4 }, "geometry": { "type": "Polygon", "coordinates": [ [ [ -157.85158, 21.457129 ], [ -157.851668, 21.457088 ], [ -157.852195, 21.457663 ], [ -157.851926, 21.457791 ], [ -157.851897, 21.457736 ], [ -157.85158, 21.457129 ] ] ] } },
{ "type": "Feature", "properties": { "crop": "Taro", "acreage": 2.2 }, "geometry": { "type": "Polygon", "coordinates": [ [ [ -157.848597, 21.454708 ], [ -157.848395, 21.454832 ], [ -157.848131, 21.454929 ], [ -157.847994, 21.454921 ], [ -157.847623, 21.454766 ], [ -157.847346, 21.454363 ], [ -157.847478, 21.454208 ], [ -157.847709, 21.454223 ], [ -157.848023, 21.454073 ], [ -157.848707, 21.45439 ], [ -157.848673, 21.454565 ], [ -157.848597, 21.454708 ] ] ] } },
{ "type": "Feature", "properties": { "crop": "Taro", "acreage": 2.2 }, "geometry": { "type": "Polygon", "coordinates": [ [ [ -157.848721, 21.455084 ], [ -157.848843, 21.455149 ], [ -157.848889, 21.455237 ], [ -157.849456, 21.454848 ], [ -157.849676, 21.455118 ], [ -157.848238, 21.456134 ], [ -157.848194, 21.45613 ], [ -157.848087, 21.455598 ], [ -157.848152, 21.45553 ], [ -157.84861, 21.455336 ], [ -157.848543, 21.455113 ], [ -157.848721, 21.455084 ] ] ] } },
{ "type": "Feature", "properties": { "crop": "Taro", "acreage": 12.0 }, "geometry": { "type": "Polygon", "coordinates": [ [ [ -157.84204, 21.455105 ], [ -157.841894, 21.455129 ], [ -157.841763, 21.455085 ], [ -157.842057, 21.454382 ], [ -157.841713, 21.454439 ], [ -157.841533, 21.454328 ], [ -157.841254, 21.454369 ], [ -157.840872, 21.454289 ], [ -157.840553, 21.454359 ], [ -157.840288, 21.453617 ], [ -157.84041, 21.453543 ], [ -157.840809, 21.453454 ], [ -157.841015, 21.453443 ], [ -157.841161, 21.4535 ], [ -157.841384, 21.453645 ], [ -157.841522, 21.453816 ], [ -157.841597, 21.454248 ], [ -157.843165, 21.452981 ], [ -157.843374, 21.45311 ], [ -157.843576, 21.452982 ], [ -157.844767, 21.454061 ], [ -157.844535, 21.454048 ], [ -157.844193, 21.454264 ], [ -157.843919, 21.454278 ], [ -157.84365, 21.45442 ], [ -157.843342, 21.454514 ], [ -157.842773, 21.45479 ], [ -157.842604, 21.454957 ], [ -157.842274, 21.454891 ], [ -157.84204, 21.455105 ] ] ] } },
{ "type": "Feature", "properties": { "crop": "Diversified Crop", "acreage": 5.1 }, "geometry": { "type": "Polygon", "coordinates": [ [ [ -157.83793, 21.447909 ], [ -157.83831, 21.448206 ], [ -157.838881, 21.448106 ], [ -157.839061, 21.448159 ], [ -157.839166, 21.448276 ], [ -157.839204, 21.448698 ], [ -157.839257, 21.448727 ], [ -157.83943, 21.44866 ], [ -157.839487, 21.448824 ], [ -157.83916, 21.449001 ], [ -157.83883, 21.449082 ], [ -157.838359, 21.449114 ], [ -157.838018, 21.449063 ], [ -157.837198, 21.448587 ], [ -157.837182, 21.44853 ], [ -157.837172, 21.448441 ], [ -157.837642, 21.447889 ], [ -157.837787, 21.447864 ], [ -157.83793, 21.447909 ] ] ] } },
{ "type": "Feature", "properties": { "crop": "Diversified Crop", "acreage": 3.9 }, "geometry": { "type": "Polygon", "coordinates": [ [ [ -157.83932, 21.445804 ], [ -157.839324, 21.445609 ], [ -157.839412, 21.445378 ], [ -157.839619, 21.445087 ], [ -157.84, 21.444778 ], [ -157.840112, 21.444745 ], [ -157.840317, 21.444924 ], [ -157.840441, 21.444838 ], [ -157.840812, 21.445334 ], [ -157.840348, 21.445886 ], [ -157.839952, 21.446129 ], [ -157.839672, 21.446213 ], [ -157.83932, 21.445804 ] ] ] } },
{ "type": "Feature", "properties": { "crop": "Diversified Crop", "acreage": 1.5 }, "geometry": { "type": "Polygon", "coordinates": [ [ [ -157.840366, 21.446908 ], [ -157.840305, 21.446385 ], [ -157.840333, 21.446301 ], [ -157.840933, 21.445871 ], [ -157.841067, 21.445945 ], [ -157.841124, 21.44608 ], [ -157.841001, 21.446132 ], [ -157.841014, 21.446524 ], [ -157.840765, 21.446633 ], [ -157.840805, 21.446897 ], [ -157.840715, 21.446899 ], [ -157.840366, 21.446908 ] ] ] } },
{ "type": "Feature", "properties": { "crop": "Diversified Crop", "acreage": 0.7 }, "geometry": { "type": "Polygon", "coordinates": [ [ [ -157.839306, 21.446442 ], [ -157.839367, 21.446578 ], [ -157.839507, 21.446684 ], [ -157.839463, 21.446904 ], [ -157.83939, 21.446943 ], [ -157.838893, 21.44667 ], [ -157.838898, 21.446579 ], [ -157.839184, 21.446185 ], [ -157.839262, 21.446176 ], [ -157.839413, 21.446284 ], [ -157.839306, 21.446442 ] ] ] } },
{ "type": "Feature", "properties": { "crop": "Flowers / Foliage / Landscape", "acreage": 1.2 }, "geometry": { "type": "Polygon", "coordinates": [ [ [ -157.838914, 21.450534 ], [ -157.839278, 21.450129 ], [ -157.839414, 21.450039 ], [ -157.839579, 21.450538 ], [ -157.839261, 21.450649 ], [ -157.83939, 21.451013 ], [ -157.83912, 21.451117 ], [ -157.838972, 21.451092 ], [ -157.838914, 21.450534 ] ] ] } },
{ "type": "Feature", "properties": { "crop": "Diversified Crop", "acreage": 3.1 }, "geometry": { "type": "Polygon", "coordinates": [ [ [ -157.842767, 21.449257 ], [ -157.842625, 21.448755 ], [ -157.842651, 21.448336 ], [ -157.842737, 21.447911 ], [ -157.842827, 21.447708 ], [ -157.842766, 21.446999 ], [ -157.84306, 21.446997 ], [ -157.843183, 21.447673 ], [ -157.843284, 21.447777 ], [ -157.843527, 21.447902 ], [ -157.843468, 21.447981 ], [ -157.84323, 21.448119 ], [ -157.843165, 21.448228 ], [ -157.843278, 21.449087 ], [ -157.842767, 21.449257 ] ] ] } },
{ "type": "Feature", "properties": { "crop": "Diversified Crop", "acreage": 2.8 }, "geometry": { "type": "Polygon", "coordinates": [ [ [ -157.845345, 21.448677 ], [ -157.845674, 21.448543 ], [ -157.845808, 21.448186 ], [ -157.845783, 21.448143 ], [ -157.846075, 21.448022 ], [ -157.846212, 21.448486 ], [ -157.845133, 21.449397 ], [ -157.844856, 21.44959 ], [ -157.844787, 21.449597 ], [ -157.844415, 21.44919 ], [ -157.845047, 21.448646 ], [ -157.84514, 21.448717 ], [ -157.845238, 21.44865 ], [ -157.845345, 21.448677 ] ] ] } },
{ "type": "Feature", "properties": { "crop": "Diversified Crop", "acreage": 4.8 }, "geometry": { "type": "Polygon", "coordinates": [ [ [ -157.845142, 21.450363 ], [ -157.844982, 21.450742 ], [ -157.844939, 21.451063 ], [ -157.844838, 21.451152 ], [ -157.844663, 21.451174 ], [ -157.844535, 21.450879 ], [ -157.844329, 21.450945 ], [ -157.844281, 21.45092 ], [ -157.84422, 21.450732 ], [ -157.84423, 21.450545 ], [ -157.844145, 21.450374 ], [ -157.843591, 21.449854 ], [ -157.843502, 21.449606 ], [ -157.843575, 21.449489 ], [ -157.844118, 21.4493 ], [ -157.844332, 21.449325 ], [ -157.844442, 21.449377 ], [ -157.845116, 21.450108 ], [ -157.845133, 21.45018 ], [ -157.845142, 21.450363 ] ] ] } },
{ "type": "Feature", "properties": { "crop": "Diversified Crop", "acreage": 0.7 }, "geometry": { "type": "Polygon", "coordinates": [ [ [ -157.841563, 21.451682 ], [ -157.841449, 21.450853 ], [ -157.84173, 21.450825 ], [ -157.841851, 21.451633 ], [ -157.841596, 21.451677 ], [ -157.841563, 21.451682 ] ] ] } },
{ "type": "Feature", "properties": { "crop": "Flowers / Foliage / Landscape", "acreage": 2.0 }, "geometry": { "type": "Polygon", "coordinates": [ [ [ -157.840264, 21.452559 ], [ -157.840225, 21.452371 ], [ -157.840292, 21.452148 ], [ -157.840453, 21.45207 ], [ -157.840621, 21.452456 ], [ -157.840918, 21.452247 ], [ -157.840925, 21.452164 ], [ -157.840755, 21.451854 ], [ -157.840928, 21.451729 ], [ -157.841186, 21.452174 ], [ -157.841174, 21.452557 ], [ -157.841031, 21.452905 ], [ -157.840758, 21.453037 ], [ -157.840632, 21.453027 ], [ -157.840264, 21.452559 ] ] ] } },
{ "type": "Feature", "properties": { "crop": "Flowers / Foliage / Landscape", "acreage": 2.1 }, "geometry": { "type": "Polygon", "coordinates": [ [ [ -157.845204, 21.452707 ], [ -157.845179, 21.452532 ], [ -157.845406, 21.452511 ], [ -157.845482, 21.453244 ], [ -157.845052, 21.453257 ], [ -157.844995, 21.453092 ], [ -157.844705, 21.453096 ], [ -157.844617, 21.452989 ], [ -157.844444, 21.45249 ], [ -157.843884, 21.45274 ], [ -157.843808, 21.452591 ], [ -157.84443, 21.452304 ], [ -157.844406, 21.45223 ], [ -157.844599, 21.452133 ], [ -157.844692, 21.45217 ], [ -157.844963, 21.452698 ], [ -157.845204, 21.452707 ] ] ] } },
{ "type": "Feature", "properties": { "crop": "Flowers / Foliage / Landscape", "acreage": 1.9 }, "geometry": { "type": "Polygon", "coordinates": [ [ [ -157.848394, 21.453382 ], [ -157.848196, 21.452858 ], [ -157.848751, 21.452708 ], [ -157.848827, 21.452976 ], [ -157.849233, 21.452891 ], [ -157.849214, 21.452626 ], [ -157.849789, 21.452554 ], [ -157.849871, 21.452585 ], [ -157.849851, 21.452671 ], [ -157.849717, 21.452827 ], [ -157.849286, 21.453163 ], [ -157.848394, 21.453382 ] ] ] } },
{ "type": "Feature", "properties": { "crop": "Flowers / Foliage / Landscape", "acreage": 0.6 }, "geometry": { "type": "Polygon", "coordinates": [ [ [ -157.848683, 21.458862 ], [ -157.848872, 21.459199 ], [ -157.848499, 21.459389 ], [ -157.84846, 21.459319 ], [ -157.848332, 21.459381 ], [ -157.848202, 21.459123 ], [ -157.848683, 21.458862 ] ] ] } },
{ "type": "Feature", "properties": { "crop": "Flowers / Foliage / Landscape", "acreage": 6.4 }, "geometry": { "type": "Polygon", "coordinates": [ [ [ -157.846186, 21.461108 ], [ -157.846093, 21.461066 ], [ -157.845951, 21.460745 ], [ -157.845856, 21.460712 ], [ -157.845706, 21.460745 ], [ -157.84562, 21.460679 ], [ -157.845649, 21.46023 ], [ -157.845786, 21.459981 ], [ -157.847032, 21.45955 ], [ -157.847283, 21.459681 ], [ -157.847483, 21.459666 ], [ -157.847644, 21.46001 ], [ -157.847432, 21.460081 ], [ -157.847532, 21.460504 ], [ -157.84801, 21.460398 ], [ -157.848067, 21.460584 ], [ -157.846186, 21.461108 ] ] ] } },
{ "type": "Feature", "properties": { "crop": "Flowers / Foliage / Landscape", "acreage": 2.0 }, "geometry": { "type": "Polygon", "coordinates": [ [ [ -157.847052, 21.459227 ], [ -157.847054, 21.459142 ], [ -157.847292, 21.459038 ], [ -157.848109, 21.458827 ], [ -157.848346, 21.459045 ], [ -157.848022, 21.459219 ], [ -157.848053, 21.459252 ], [ -157.847943, 21.459317 ], [ -157.848201, 21.459602 ], [ -157.848003, 21.459787 ], [ -157.847797, 21.459796 ], [ -157.847052, 21.459227 ] ] ] } },
{ "type": "Feature", "properties": { "crop": "Flowers / Foliage / Landscape", "acreage": 0.9 }, "geometry": { "type": "Polygon", "coordinates": [ [ [ -157.848602, 21.459847 ], [ -157.848488, 21.459967 ], [ -157.848686, 21.46017 ], [ -157.8484, 21.460337 ], [ -157.848228, 21.460285 ], [ -157.848157, 21.460314 ], [ -157.847975, 21.459914 ], [ -157.848398, 21.45954 ], [ -157.848425, 21.45958 ], [ -157.848602, 21.459847 ] ] ] } },
{ "type": "Feature", "properties": { "crop": "Diversified Crop", "acreage": 0.3 }, "geometry": { "type": "Polygon", "coordinates": [ [ [ -157.848256, 21.47085 ], [ -157.848351, 21.471168 ], [ -157.848306, 21.471207 ], [ -157.848237, 21.471218 ], [ -157.847936, 21.47108 ], [ -157.847879, 21.470954 ], [ -157.847917, 21.470899 ], [ -157.848189, 21.470812 ], [ -157.848256, 21.47085 ] ] ] } },
{ "type": "Feature", "properties": { "crop": "Diversified Crop", "acreage": 1.1 }, "geometry": { "type": "Polygon", "coordinates": [ [ [ -157.835787, 21.453383 ], [ -157.836219, 21.45321 ], [ -157.836682, 21.453791 ], [ -157.836262, 21.454055 ], [ -157.835787, 21.453383 ] ] ] } },
{ "type": "Feature", "properties": { "crop": "Diversified Crop", "acreage": 13.4 }, "geometry": { "type": "Polygon", "coordinates": [ [ [ -157.900459, 21.59229 ], [ -157.900438, 21.592192 ], [ -157.900678, 21.591929 ], [ -157.900745, 21.591532 ], [ -157.900831, 21.591444 ], [ -157.901022, 21.591504 ], [ -157.90173, 21.591993 ], [ -157.902005, 21.592082 ], [ -157.902366, 21.591942 ], [ -157.902991, 21.591453 ], [ -157.903453, 21.591622 ], [ -157.903759, 21.592098 ], [ -157.902488, 21.593843 ], [ -157.902366, 21.593878 ], [ -157.902259, 21.593884 ], [ -157.900717, 21.593049 ], [ -157.900745, 21.592886 ], [ -157.90096, 21.592655 ], [ -157.900932, 21.59258 ], [ -157.900459, 21.59229 ] ] ] } },
{ "type": "Feature", "properties": { "crop": "Diversified Crop", "acreage": 4.7 }, "geometry": { "type": "Polygon", "coordinates": [ [ [ -157.892557, 21.585528 ], [ -157.892647, 21.585554 ], [ -157.893175, 21.58602 ], [ -157.893158, 21.5861 ], [ -157.892377, 21.586725 ], [ -157.892307, 21.586733 ], [ -157.891959, 21.58701 ], [ -157.89164, 21.587191 ], [ -157.891292, 21.586679 ], [ -157.891412, 21.586615 ], [ -157.891162, 21.586346 ], [ -157.891186, 21.586285 ], [ -157.891962, 21.585873 ], [ -157.892557, 21.585528 ] ] ] } },
{ "type": "Feature", "properties": { "crop": "Diversified Crop", "acreage": 75.9 }, "geometry": { "type": "Polygon", "coordinates": [ [ [ -157.929043, 21.635411 ], [ -157.928874, 21.635448 ], [ -157.928657, 21.63559 ], [ -157.928574, 21.635554 ], [ -157.928541, 21.635451 ], [ -157.928604, 21.635356 ], [ -157.928886, 21.63514 ], [ -157.928902, 21.635048 ], [ -157.928844, 21.634671 ], [ -157.928733, 21.63452 ], [ -157.928218, 21.634286 ], [ -157.927931, 21.633889 ], [ -157.927569, 21.633519 ], [ -157.927322, 21.633474 ], [ -157.927032, 21.633554 ], [ -157.927011, 21.633705 ], [ -157.927278, 21.634319 ], [ -157.927243, 21.634939 ], [ -157.927408, 21.635495 ], [ -157.927698, 21.635843 ], [ -157.928074, 21.6361 ], [ -157.9284, 21.636142 ], [ -157.928803, 21.636055 ], [ -157.928874, 21.63639 ], [ -157.928836, 21.636575 ], [ -157.928702, 21.636753 ], [ -157.928255, 21.637016 ], [ -157.927962, 21.637267 ], [ -157.927629, 21.637408 ], [ -157.926804, 21.637613 ], [ -157.925696, 21.637527 ], [ -157.92521, 21.637402 ], [ -157.924922, 21.637218 ], [ -157.924294, 21.636619 ], [ -157.923522, 21.636167 ], [ -157.922501, 21.635743 ], [ -157.922074, 21.635644 ], [ -157.921624, 21.635601 ], [ -157.921439, 21.635534 ], [ -157.921578, 21.63537 ], [ -157.92192, 21.635154 ], [ -157.922491, 21.63499 ], [ -157.922913, 21.634936 ], [ -157.923081, 21.634864 ], [ -157.923165, 21.634733 ], [ -157.923274, 21.634252 ], [ -157.923391, 21.634143 ], [ -157.923697, 21.634128 ], [ -157.92455, 21.634316 ], [ -157.924704, 21.634309 ], [ -157.924809, 21.634251 ], [ -157.924879, 21.634123 ], [ -157.9249, 21.633939 ], [ -157.924823, 21.632902 ], [ -157.92506, 21.63218 ], [ -157.925225, 21.631911 ], [ -157.925426, 21.631753 ], [ -157.92595, 21.631739 ], [ -157.926043, 21.631692 ], [ -157.926122, 21.630285 ], [ -157.926396, 21.630213 ], [ -157.926534, 21.630126 ], [ -157.926617, 21.630009 ], [ -157.926624, 21.629819 ], [ -157.927014, 21.629546 ], [ -157.927197, 21.629559 ], [ -157.927239, 21.629623 ], [ -157.92727, 21.629904 ], [ -157.927555, 21.630681 ], [ -157.927767, 21.631583 ], [ -157.928271, 21.633055 ], [ -157.928547, 21.633436 ], [ -157.928923, 21.633769 ], [ -157.928909, 21.633842 ], [ -157.928756, 21.63396 ], [ -157.928759, 21.634019 ], [ -157.928961, 21.634172 ], [ -157.929321, 21.634025 ], [ -157.929471, 21.634054 ], [ -157.929842, 21.634501 ], [ -157.929936, 21.634707 ], [ -157.929927, 21.634823 ], [ -157.929043, 21.635411 ] ] ] } },
{ "type": "Feature", "properties": { "crop": "Seed Production", "acreage": 41.1 }, "geometry": { "type": "Polygon", "coordinates": [ [ [ -158.067162, 21.40317 ], [ -158.0672, 21.403357 ], [ -158.0673, 21.403472 ], [ -158.068509, 21.40396 ], [ -158.069844, 21.404932 ], [ -158.069958, 21.405083 ], [ -158.070038, 21.405407 ], [ -158.069948, 21.405863 ], [ -158.069938, 21.40617 ], [ -158.070025, 21.406432 ], [ -158.070222, 21.406746 ], [ -158.070263, 21.406976 ], [ -158.070226, 21.407089 ], [ -158.06965, 21.407842 ], [ -158.068688, 21.407818 ], [ -158.067129, 21.407517 ], [ -158.06719, 21.407417 ], [ -158.067185, 21.407333 ], [ -158.066839, 21.406858 ], [ -158.066605, 21.406365 ], [ -158.066548, 21.405605 ], [ -158.066418, 21.405464 ], [ -158.065973, 21.405261 ], [ -158.065846, 21.405116 ], [ -158.065515, 21.404122 ], [ -158.065365, 21.403803 ], [ -158.065733, 21.40355 ], [ -158.066196, 21.4034 ], [ -158.066822, 21.403079 ], [ -158.067013, 21.403085 ], [ -158.067162, 21.40317 ] ] ] } },
{ "type": "Feature", "properties": { "crop": "Seed Production", "acreage": 74.0 }, "geometry": { "type": "Polygon", "coordinates": [ [ [ -158.060422, 21.421454 ], [ -158.060324, 21.421451 ], [ -158.060216, 21.421382 ], [ -158.060109, 21.42066 ], [ -158.060022, 21.42047 ], [ -158.059489, 21.420166 ], [ -158.058766, 21.419947 ], [ -158.058425, 21.419783 ], [ -158.058143, 21.419539 ], [ -158.057857, 21.419139 ], [ -158.057692, 21.418678 ], [ -158.05768, 21.418115 ], [ -158.057794, 21.41794 ], [ -158.057962, 21.417889 ], [ -158.05762, 21.416889 ], [ -158.057574, 21.416423 ], [ -158.057368, 21.416119 ], [ -158.056875, 21.415633 ], [ -158.056826, 21.415418 ], [ -158.056595, 21.414959 ], [ -158.056452, 21.414496 ], [ -158.057213, 21.414278 ], [ -158.057414, 21.414269 ], [ -158.057608, 21.414321 ], [ -158.057773, 21.41443 ], [ -158.058052, 21.414738 ], [ -158.05872, 21.415687 ], [ -158.059024, 21.415846 ], [ -158.059566, 21.415949 ], [ -158.060186, 21.416287 ], [ -158.060406, 21.416326 ], [ -158.060744, 21.41631 ], [ -158.06098, 21.416385 ], [ -158.0613, 21.416411 ], [ -158.06214, 21.41636 ], [ -158.062403, 21.41644 ], [ -158.062304, 21.416728 ], [ -158.062313, 21.417079 ], [ -158.062704, 21.417523 ], [ -158.06301, 21.417973 ], [ -158.064067, 21.41897 ], [ -158.064263, 21.419202 ], [ -158.060524, 21.421681 ], [ -158.060493, 21.421612 ], [ -158.060422, 21.421454 ] ] ] } },
{ "type": "Feature", "properties": { "crop": "Seed Production", "acreage": 116.3 }, "geometry": { "type": "Polygon", "coordinates": [ [ [ -158.064922, 21.394985 ], [ -158.064815, 21.394885 ], [ -158.064751, 21.394743 ], [ -158.064764, 21.394538 ], [ -158.064955, 21.394249 ], [ -158.065499, 21.393904 ], [ -158.065762, 21.393618 ], [ -158.065815, 21.393536 ], [ -158.065874, 21.393002 ], [ -158.066319, 21.392801 ], [ -158.067024, 21.393295 ], [ -158.067101, 21.392761 ], [ -158.066843, 21.392631 ], [ -158.066562, 21.392556 ], [ -158.066299, 21.392538 ], [ -158.066096, 21.392574 ], [ -158.065857, 21.3927 ], [ -158.06536, 21.393201 ], [ -158.064992, 21.393436 ], [ -158.064758, 21.393511 ], [ -158.06449, 21.393488 ], [ -158.064179, 21.393359 ], [ -158.063612, 21.393455 ], [ -158.062911, 21.3934 ], [ -158.062684, 21.393259 ], [ -158.061782, 21.39221 ], [ -158.06149, 21.391611 ], [ -158.061355, 21.39095 ], [ -158.061257, 21.390688 ], [ -158.060497, 21.389653 ], [ -158.062387, 21.388094 ], [ -158.063132, 21.387345 ], [ -158.064017, 21.387557 ], [ -158.064662, 21.387949 ], [ -158.065038, 21.387917 ], [ -158.065204, 21.387945 ], [ -158.065351, 21.388015 ], [ -158.065458, 21.388133 ], [ -158.06568, 21.388894 ], [ -158.067048, 21.391459 ], [ -158.067334, 21.392173 ], [ -158.068365, 21.393908 ], [ -158.06847, 21.395082 ], [ -158.068512, 21.396266 ], [ -158.068592, 21.396321 ], [ -158.068834, 21.396251 ], [ -158.069014, 21.396261 ], [ -158.069615, 21.396451 ], [ -158.069859, 21.397023 ], [ -158.070183, 21.398011 ], [ -158.069477, 21.398204 ], [ -158.069163, 21.398158 ], [ -158.068723, 21.398159 ], [ -158.068456, 21.39808 ], [ -158.06744, 21.397151 ], [ -158.067308, 21.396888 ], [ -158.067196, 21.39633 ], [ -158.066432, 21.396145 ], [ -158.065465, 21.395668 ], [ -158.065274, 21.39562 ], [ -158.064835, 21.395609 ], [ -158.064796, 21.395465 ], [ -158.065195, 21.395174 ], [ -158.06516, 21.3951 ], [ -158.064922, 21.394985 ] ] ] } },
{ "type": "Feature", "properties": { "crop": "Seed Production", "acreage": 19.6 }, "geometry": { "type": "Polygon", "coordinates": [ [ [ -158.063098, 21.404546 ], [ -158.06268, 21.404726 ], [ -158.062646, 21.404636 ], [ -158.062762, 21.404417 ], [ -158.062782, 21.404151 ], [ -158.063097, 21.403904 ], [ -158.063913, 21.403822 ], [ -158.064332, 21.40383 ], [ -158.064895, 21.403913 ], [ -158.065262, 21.403898 ], [ -158.06573, 21.405197 ], [ -158.065888, 21.405371 ], [ -158.06634, 21.405578 ], [ -158.066419, 21.405668 ], [ -158.066466, 21.406404 ], [ -158.06669, 21.406886 ], [ -158.067051, 21.407382 ], [ -158.066858, 21.407657 ], [ -158.066089, 21.407334 ], [ -158.065446, 21.406932 ], [ -158.065195, 21.406528 ], [ -158.064893, 21.406205 ], [ -158.063941, 21.405506 ], [ -158.063612, 21.405186 ], [ -158.06333, 21.404829 ], [ -158.063098, 21.404546 ] ] ] } },
{ "type": "Feature", "properties": { "crop": "Seed Production", "acreage": 91.2 }, "geometry": { "type": "Polygon", "coordinates": [ [ [ -158.064002, 21.413286 ], [ -158.064049, 21.413356 ], [ -158.066972, 21.4143 ], [ -158.067224, 21.4146 ], [ -158.068022, 21.414992 ], [ -158.068036, 21.415223 ], [ -158.06812, 21.41534 ], [ -158.068246, 21.415416 ], [ -158.068394, 21.415439 ], [ -158.068811, 21.415397 ], [ -158.069376, 21.415136 ], [ -158.06976, 21.415054 ], [ -158.070319, 21.415075 ], [ -158.07054, 21.415034 ], [ -158.071249, 21.415201 ], [ -158.070661, 21.416924 ], [ -158.070437, 21.416896 ], [ -158.070121, 21.41677 ], [ -158.069704, 21.416762 ], [ -158.069357, 21.41687 ], [ -158.069234, 21.417028 ], [ -158.069064, 21.417142 ], [ -158.068794, 21.417206 ], [ -158.068032, 21.417066 ], [ -158.067558, 21.416813 ], [ -158.067364, 21.416781 ], [ -158.066582, 21.417127 ], [ -158.0663, 21.417155 ], [ -158.064498, 21.416509 ], [ -158.063585, 21.416105 ], [ -158.062715, 21.415598 ], [ -158.062217, 21.415237 ], [ -158.062001, 21.415204 ], [ -158.061636, 21.415315 ], [ -158.06141, 21.415245 ], [ -158.061091, 21.414971 ], [ -158.060683, 21.414515 ], [ -158.060656, 21.414325 ], [ -158.060799, 21.413855 ], [ -158.060778, 21.413752 ], [ -158.06031, 21.413624 ], [ -158.059647, 21.412925 ], [ -158.059362, 21.412728 ], [ -158.058881, 21.412485 ], [ -158.058742, 21.412297 ], [ -158.05871, 21.412081 ], [ -158.059377, 21.411045 ], [ -158.060127, 21.411303 ], [ -158.061201, 21.411448 ], [ -158.062015, 21.41173 ], [ -158.062567, 21.411757 ], [ -158.062898, 21.411819 ], [ -158.063977, 21.412497 ], [ -158.064112, 21.412677 ], [ -158.064136, 21.412895 ], [ -158.064002, 21.413286 ] ] ] } },
{ "type": "Feature", "properties": { "crop": "Diversified Crop", "acreage": 760.0 }, "geometry": { "type": "Polygon", "coordinates": [ [ [ -158.072386, 21.522009 ], [ -158.077733, 21.526831 ], [ -158.079519, 21.52851 ], [ -158.079951, 21.52879 ], [ -158.080956, 21.529166 ], [ -158.081219, 21.529388 ], [ -158.081586, 21.530588 ], [ -158.079764, 21.532378 ], [ -158.079, 21.533189 ], [ -158.081023, 21.534711 ], [ -158.083855, 21.53269 ], [ -158.084974, 21.534157 ], [ -158.08514, 21.534932 ], [ -158.084161, 21.540251 ], [ -158.083791, 21.540132 ], [ -158.082578, 21.539029 ], [ -158.081876, 21.5388 ], [ -158.081533, 21.538558 ], [ -158.081229, 21.538087 ], [ -158.080881, 21.537141 ], [ -158.080657, 21.536693 ], [ -158.080479, 21.53647 ], [ -158.080157, 21.536207 ], [ -158.080023, 21.535982 ], [ -158.079813, 21.535816 ], [ -158.079553, 21.535742 ], [ -158.07922, 21.535814 ], [ -158.078986, 21.53581 ], [ -158.078256, 21.535607 ], [ -158.077328, 21.535664 ], [ -158.076792, 21.535527 ], [ -158.076321, 21.535299 ], [ -158.075912, 21.534985 ], [ -158.075736, 21.534799 ], [ -158.075652, 21.534432 ], [ -158.075527, 21.534262 ], [ -158.075361, 21.534181 ], [ -158.074405, 21.534146 ], [ -158.074195, 21.533985 ], [ -158.074085, 21.533825 ], [ -158.072811, 21.532743 ], [ -158.072676, 21.532698 ], [ -158.072488, 21.53271 ], [ -158.072103, 21.532975 ], [ -158.07181, 21.533007 ], [ -158.071385, 21.532864 ], [ -158.070941, 21.532652 ], [ -158.070298, 21.53221 ], [ -158.069983, 21.531909 ], [ -158.069547, 21.53138 ], [ -158.069735, 21.530903 ], [ -158.069461, 21.530559 ], [ -158.06926, 21.530149 ], [ -158.069247, 21.529966 ], [ -158.0694, 21.529468 ], [ -158.068776, 21.52926 ], [ -158.066949, 21.527103 ], [ -158.066695, 21.525413 ], [ -158.046501, 21.519504 ], [ -158.045546, 21.519828 ], [ -158.044726, 21.519516 ], [ -158.046005, 21.513607 ], [ -158.053046, 21.516297 ], [ -158.071135, 21.52112 ], [ -158.071606, 21.521409 ], [ -158.072386, 21.522009 ] ] ] } },
{ "type": "Feature", "properties": { "crop": "Banana", "acreage": 7.4 }, "geometry": { "type": "Polygon", "coordinates": [ [ [ -158.039615, 21.434601 ], [ -158.039564, 21.434881 ], [ -158.039428, 21.43511 ], [ -158.039133, 21.435331 ], [ -158.038851, 21.435398 ], [ -158.037395, 21.43453 ], [ -158.037151, 21.434784 ], [ -158.036376, 21.434375 ], [ -158.036218, 21.434124 ], [ -158.0375, 21.433972 ], [ -158.038042, 21.433984 ], [ -158.038619, 21.434093 ], [ -158.039422, 21.434386 ], [ -158.039615, 21.434601 ] ] ] } },
{ "type": "Feature", "properties": { "crop": "Diversified Crop", "acreage": 197.5 }, "geometry": { "type": "Polygon", "coordinates": [ [ [ -158.057931, 21.351963 ], [ -158.057375, 21.351645 ], [ -158.055973, 21.351261 ], [ -158.054821, 21.35107 ], [ -158.053656, 21.350984 ], [ -158.052486, 21.351006 ], [ -158.051353, 21.351129 ], [ -158.04978, 21.351406 ], [ -158.050014, 21.349921 ], [ -158.050323, 21.348563 ], [ -158.050496, 21.347993 ], [ -158.050725, 21.347441 ], [ -158.05101, 21.346912 ], [ -158.051229, 21.346574 ], [ -158.051818, 21.345859 ], [ -158.053832, 21.347315 ], [ -158.05712, 21.344732 ], [ -158.058548, 21.344912 ], [ -158.059156, 21.348108 ], [ -158.062545, 21.347641 ], [ -158.063956, 21.350472 ], [ -158.062376, 21.353232 ], [ -158.060459, 21.352959 ], [ -158.060733, 21.353603 ], [ -158.059771, 21.35382 ], [ -158.05917, 21.35293 ], [ -158.058414, 21.352373 ], [ -158.057931, 21.351963 ] ] ] } },
{ "type": "Feature", "properties": { "crop": "Diversified Crop", "acreage": 812.2 }, "geometry": { "type": "Polygon", "coordinates": [ [ [ -158.071343, 21.520739 ], [ -158.071066, 21.520512 ], [ -158.070573, 21.520616 ], [ -158.053093, 21.516152 ], [ -158.04524, 21.512832 ], [ -158.048384, 21.509475 ], [ -158.04748, 21.508658 ], [ -158.048105, 21.508155 ], [ -158.049165, 21.509085 ], [ -158.051642, 21.50531 ], [ -158.053606, 21.505994 ], [ -158.055265, 21.508128 ], [ -158.054898, 21.50868 ], [ -158.054002, 21.508222 ], [ -158.052238, 21.511267 ], [ -158.057567, 21.513994 ], [ -158.059823, 21.511217 ], [ -158.059079, 21.510274 ], [ -158.059859, 21.509128 ], [ -158.064255, 21.50931 ], [ -158.065132, 21.508866 ], [ -158.065907, 21.509283 ], [ -158.065326, 21.512074 ], [ -158.070873, 21.514568 ], [ -158.071913, 21.509158 ], [ -158.072378, 21.50925 ], [ -158.072648, 21.509419 ], [ -158.073009, 21.509756 ], [ -158.073357, 21.510755 ], [ -158.073421, 21.510835 ], [ -158.074808, 21.511992 ], [ -158.074822, 21.512125 ], [ -158.074755, 21.512334 ], [ -158.075537, 21.513082 ], [ -158.075569, 21.513192 ], [ -158.075509, 21.513388 ], [ -158.075535, 21.513482 ], [ -158.077498, 21.515311 ], [ -158.077775, 21.515678 ], [ -158.078382, 21.517301 ], [ -158.078543, 21.517583 ], [ -158.07883, 21.517921 ], [ -158.078866, 21.518378 ], [ -158.079119, 21.518665 ], [ -158.08224, 21.524293 ], [ -158.083227, 21.529182 ], [ -158.082609, 21.529697 ], [ -158.08081, 21.528843 ], [ -158.077938, 21.526765 ], [ -158.071412, 21.520867 ], [ -158.071343, 21.520739 ] ] ] } },
{ "type": "Feature", "properties": { "crop": "Diversified Crop", "acreage": 17.5 }, "geometry": { "type": "Polygon", "coordinates": [ [ [ -158.032196, 21.525494 ], [ -158.032832, 21.525144 ], [ -158.033051, 21.525064 ], [ -158.033397, 21.525016 ], [ -158.033636, 21.524914 ], [ -158.033902, 21.5247 ], [ -158.034136, 21.524383 ], [ -158.034373, 21.524217 ], [ -158.034664, 21.524143 ], [ -158.035539, 21.52409 ], [ -158.036161, 21.523947 ], [ -158.036665, 21.524982 ], [ -158.036859, 21.52564 ], [ -158.036686, 21.525761 ], [ -158.036303, 21.525845 ], [ -158.035994, 21.526008 ], [ -158.035807, 21.525931 ], [ -158.03571, 21.526092 ], [ -158.035728, 21.526203 ], [ -158.034985, 21.525904 ], [ -158.034799, 21.525909 ], [ -158.034386, 21.5261 ], [ -158.034236, 21.526125 ], [ -158.032738, 21.525668 ], [ -158.032299, 21.525648 ], [ -158.03187, 21.525736 ], [ -158.032196, 21.525494 ] ] ] } },
{ "type": "Feature", "properties": { "crop": "Seed Production", "acreage": 44.7 }, "geometry": { "type": "Polygon", "coordinates": [ [ [ -158.067043, 21.400173 ], [ -158.066822, 21.400303 ], [ -158.066062, 21.400405 ], [ -158.065484, 21.40059 ], [ -158.064503, 21.401174 ], [ -158.064134, 21.401143 ], [ -158.063634, 21.4007 ], [ -158.063515, 21.400544 ], [ -158.06344, 21.400234 ], [ -158.063524, 21.399868 ], [ -158.063504, 21.399733 ], [ -158.063426, 21.399618 ], [ -158.063064, 21.399317 ], [ -158.062974, 21.399164 ], [ -158.063023, 21.398874 ], [ -158.063411, 21.397863 ], [ -158.063816, 21.397351 ], [ -158.064327, 21.397228 ], [ -158.065216, 21.397215 ], [ -158.065754, 21.397286 ], [ -158.066281, 21.397411 ], [ -158.067681, 21.398284 ], [ -158.069018, 21.399238 ], [ -158.068855, 21.399775 ], [ -158.068487, 21.400417 ], [ -158.067043, 21.400173 ] ] ] } },
{ "type": "Feature", "properties": { "crop": "Pasture", "acreage": 663.0 }, "geometry": { "type": "Polygon", "coordinates": [ [ [ -157.846663, 21.543898 ], [ -157.846609, 21.543943 ], [ -157.846563, 21.544159 ], [ -157.846375, 21.544537 ], [ -157.8461, 21.544825 ], [ -157.845833, 21.544524 ], [ -157.846673, 21.5436 ], [ -157.847774, 21.54391 ], [ -157.848519, 21.542095 ], [ -157.847056, 21.541525 ], [ -157.846966, 21.541714 ], [ -157.846096, 21.542227 ], [ -157.845286, 21.542642 ], [ -157.844386, 21.542572 ], [ -157.844068, 21.542367 ], [ -157.843097, 21.541953 ], [ -157.842974, 21.54179 ], [ -157.842502, 21.540549 ], [ -157.842296, 21.540267 ], [ -157.842166, 21.539955 ], [ -157.841995, 21.539059 ], [ -157.84183, 21.538521 ], [ -157.8417, 21.538308 ], [ -157.841441, 21.537416 ], [ -157.841782, 21.53698 ], [ -157.841658, 21.53646 ], [ -157.840524, 21.53652 ], [ -157.840511, 21.536371 ], [ -157.840253, 21.535931 ], [ -157.839982, 21.535635 ], [ -157.841986, 21.535573 ], [ -157.843386, 21.535434 ], [ -157.844015, 21.53533 ], [ -157.844767, 21.535132 ], [ -157.845432, 21.534888 ], [ -157.846221, 21.534446 ], [ -157.844337, 21.532477 ], [ -157.844894, 21.531899 ], [ -157.846413, 21.530469 ], [ -157.852094, 21.525388 ], [ -157.857368, 21.522231 ], [ -157.863079, 21.518986 ], [ -157.8624, 21.527196 ], [ -157.859151, 21.530412 ], [ -157.854962, 21.534441 ], [ -157.852381, 21.537156 ], [ -157.848812, 21.540733 ], [ -157.849129, 21.541196 ], [ -157.84946, 21.541542 ], [ -157.850571, 21.542286 ], [ -157.85083, 21.542685 ], [ -157.851367, 21.544125 ], [ -157.851015, 21.545721 ], [ -157.85067, 21.548108 ], [ -157.850806, 21.548353 ], [ -157.850741, 21.548691 ], [ -157.8509, 21.549438 ], [ -157.850895, 21.549645 ], [ -157.849677, 21.550265 ], [ -157.849384, 21.549499 ], [ -157.849053, 21.548431 ], [ -157.8493, 21.548139 ], [ -157.849312, 21.54804 ], [ -157.849164, 21.547831 ], [ -157.849317, 21.547647 ], [ -157.849335, 21.547548 ], [ -157.849264, 21.547416 ], [ -157.848964, 21.54731 ], [ -157.848793, 21.54679 ], [ -157.848663, 21.546568 ], [ -157.847781, 21.546543 ], [ -157.847722, 21.54536 ], [ -157.847892, 21.545067 ], [ -157.847874, 21.544756 ], [ -157.847674, 21.54437 ], [ -157.847597, 21.544307 ], [ -157.84751, 21.544252 ], [ -157.847115, 21.544172 ], [ -157.84678, 21.543917 ], [ -157.846663, 21.543898 ] ] ] } },
{ "type": "Feature", "properties": { "crop": "Pasture", "acreage": 282.3 }, "geometry": { "type": "Polygon", "coordinates": [ [ [ -158.038776, 21.553831 ], [ -158.038309, 21.553478 ], [ -158.037977, 21.553356 ], [ -158.03747, 21.553298 ], [ -158.037047, 21.553351 ], [ -158.036639, 21.553522 ], [ -158.036367, 21.553809 ], [ -158.036151, 21.553846 ], [ -158.035904, 21.553795 ], [ -158.03548, 21.553492 ], [ -158.034982, 21.553241 ], [ -158.034172, 21.553239 ], [ -158.033427, 21.552974 ], [ -158.032957, 21.552862 ], [ -158.032788, 21.552886 ], [ -158.032478, 21.553189 ], [ -158.032303, 21.553246 ], [ -158.032108, 21.553251 ], [ -158.03168, 21.552929 ], [ -158.031318, 21.552818 ], [ -158.030892, 21.552761 ], [ -158.03041, 21.552483 ], [ -158.030084, 21.552396 ], [ -158.029897, 21.552379 ], [ -158.029807, 21.552413 ], [ -158.029774, 21.552655 ], [ -158.029696, 21.552717 ], [ -158.029305, 21.552682 ], [ -158.029178, 21.552566 ], [ -158.028995, 21.552073 ], [ -158.028672, 21.551936 ], [ -158.028175, 21.55189 ], [ -158.027313, 21.551947 ], [ -158.026876, 21.551711 ], [ -158.026733, 21.551678 ], [ -158.026076, 21.551874 ], [ -158.025766, 21.551899 ], [ -158.025445, 21.551862 ], [ -158.025246, 21.551778 ], [ -158.025026, 21.551601 ], [ -158.024929, 21.551458 ], [ -158.024827, 21.55115 ], [ -158.024693, 21.551069 ], [ -158.024404, 21.550993 ], [ -158.02407, 21.551016 ], [ -158.023369, 21.55123 ], [ -158.023126, 21.551258 ], [ -158.022715, 21.551269 ], [ -158.021865, 21.551202 ], [ -158.02144, 21.551311 ], [ -158.0212, 21.551185 ], [ -158.020949, 21.551189 ], [ -158.020659, 21.551331 ], [ -158.019953, 21.552082 ], [ -158.019807, 21.552169 ], [ -158.019557, 21.552226 ], [ -158.019374, 21.552176 ], [ -158.01858, 21.551746 ], [ -158.017857, 21.551627 ], [ -158.017792, 21.551566 ], [ -158.017724, 21.551324 ], [ -158.017546, 21.55126 ], [ -158.017476, 21.551316 ], [ -158.017287, 21.551709 ], [ -158.017163, 21.55211 ], [ -158.016951, 21.552311 ], [ -158.016826, 21.552342 ], [ -158.016715, 21.55231 ], [ -158.016671, 21.552239 ], [ -158.016623, 21.552073 ], [ -158.016614, 21.551695 ], [ -158.016515, 21.55148 ], [ -158.016316, 21.551242 ], [ -158.015812, 21.550859 ], [ -158.015603, 21.550631 ], [ -158.015483, 21.550571 ], [ -158.014629, 21.550554 ], [ -158.014243, 21.550664 ], [ -158.014095, 21.550774 ], [ -158.014058, 21.551003 ], [ -158.014138, 21.551407 ], [ -158.013877, 21.55154 ], [ -158.013851, 21.55165 ], [ -158.013943, 21.551867 ], [ -158.014091, 21.552028 ], [ -158.01487, 21.552302 ], [ -158.015045, 21.552418 ], [ -158.015139, 21.552682 ], [ -158.014986, 21.552922 ], [ -158.014863, 21.552978 ], [ -158.014421, 21.553027 ], [ -158.013341, 21.552963 ], [ -158.012674, 21.552984 ], [ -158.012006, 21.55311 ], [ -158.011543, 21.553128 ], [ -158.011186, 21.553056 ], [ -158.010791, 21.552684 ], [ -158.01059, 21.552608 ], [ -158.010194, 21.552614 ], [ -158.009697, 21.552867 ], [ -158.009476, 21.552895 ], [ -158.009313, 21.55285 ], [ -158.009042, 21.552548 ], [ -158.008919, 21.552473 ], [ -158.00819, 21.552604 ], [ -158.0081, 21.55258 ], [ -158.008004, 21.552422 ], [ -158.007907, 21.552373 ], [ -158.007526, 21.55236 ], [ -158.007274, 21.552423 ], [ -158.006236, 21.551585 ], [ -158.00597, 21.551426 ], [ -158.005625, 21.551357 ], [ -158.005013, 21.551418 ], [ -158.00479, 21.551365 ], [ -158.004654, 21.551267 ], [ -158.004473, 21.550977 ], [ -158.00411, 21.550663 ], [ -158.003707, 21.550599 ], [ -158.003404, 21.55071 ], [ -158.003266, 21.550718 ], [ -158.003113, 21.550562 ], [ -158.002924, 21.550258 ], [ -158.002744, 21.550135 ], [ -158.002513, 21.550052 ], [ -158.002026, 21.550016 ], [ -158.001494, 21.550103 ], [ -158.001678, 21.549765 ], [ -158.002382, 21.54969 ], [ -158.002697, 21.54956 ], [ -158.002932, 21.549403 ], [ -158.003192, 21.549096 ], [ -158.003413, 21.548543 ], [ -158.003481, 21.548463 ], [ -158.004216, 21.54828 ], [ -158.004386, 21.548295 ], [ -158.004632, 21.548407 ], [ -158.004825, 21.548235 ], [ -158.004893, 21.547942 ], [ -158.004964, 21.547839 ], [ -158.005362, 21.547715 ], [ -158.005728, 21.547661 ], [ -158.006179, 21.547679 ], [ -158.006621, 21.547835 ], [ -158.006812, 21.548004 ], [ -158.006919, 21.548233 ], [ -158.007267, 21.54834 ], [ -158.00756, 21.548739 ], [ -158.007842, 21.548897 ], [ -158.008272, 21.548955 ], [ -158.009202, 21.548932 ], [ -158.009825, 21.549104 ], [ -158.010205, 21.549149 ], [ -158.010475, 21.549051 ], [ -158.010744, 21.548794 ], [ -158.010987, 21.548751 ], [ -158.011122, 21.548816 ], [ -158.011216, 21.548926 ], [ -158.011274, 21.549251 ], [ -158.011471, 21.549461 ], [ -158.011592, 21.549455 ], [ -158.012112, 21.549223 ], [ -158.012583, 21.549382 ], [ -158.013074, 21.549341 ], [ -158.013588, 21.549398 ], [ -158.014383, 21.549675 ], [ -158.014786, 21.550015 ], [ -158.015184, 21.550234 ], [ -158.015551, 21.550357 ], [ -158.015873, 21.550388 ], [ -158.016451, 21.550307 ], [ -158.017732, 21.549893 ], [ -158.018388, 21.549755 ], [ -158.019843, 21.549788 ], [ -158.020847, 21.549875 ], [ -158.021337, 21.549821 ], [ -158.022677, 21.549207 ], [ -158.024072, 21.548802 ], [ -158.024895, 21.548518 ], [ -158.026234, 21.547744 ], [ -158.026635, 21.547602 ], [ -158.026932, 21.547558 ], [ -158.027027, 21.547655 ], [ -158.027081, 21.547915 ], [ -158.027104, 21.548563 ], [ -158.02715, 21.548643 ], [ -158.027268, 21.548706 ], [ -158.0277, 21.54878 ], [ -158.028166, 21.548672 ], [ -158.028356, 21.54874 ], [ -158.028607, 21.548911 ], [ -158.028871, 21.548957 ], [ -158.029188, 21.54891 ], [ -158.02976, 21.548657 ], [ -158.03006, 21.548656 ], [ -158.030055, 21.548768 ], [ -158.029958, 21.548917 ], [ -158.029346, 21.549096 ], [ -158.029084, 21.549301 ], [ -158.029026, 21.549412 ], [ -158.029015, 21.549583 ], [ -158.029184, 21.549767 ], [ -158.029596, 21.549794 ], [ -158.029813, 21.549755 ], [ -158.030003, 21.549638 ], [ -158.030186, 21.549445 ], [ -158.030502, 21.549284 ], [ -158.030547, 21.549404 ], [ -158.030426, 21.54958 ], [ -158.030432, 21.549773 ], [ -158.030684, 21.549811 ], [ -158.031032, 21.549598 ], [ -158.031209, 21.549557 ], [ -158.031295, 21.549696 ], [ -158.031284, 21.549959 ], [ -158.03135, 21.550062 ], [ -158.031525, 21.550168 ], [ -158.031761, 21.550231 ], [ -158.032018, 21.550412 ], [ -158.032268, 21.550523 ], [ -158.032622, 21.550612 ], [ -158.033043, 21.550632 ], [ -158.034051, 21.550817 ], [ -158.035075, 21.550881 ], [ -158.035561, 21.551158 ], [ -158.035628, 21.551264 ], [ -158.035601, 21.551408 ], [ -158.035269, 21.551678 ], [ -158.035234, 21.551824 ], [ -158.035268, 21.551907 ], [ -158.036124, 21.552083 ], [ -158.037106, 21.551968 ], [ -158.037485, 21.552014 ], [ -158.038296, 21.552401 ], [ -158.039094, 21.552949 ], [ -158.039455, 21.553007 ], [ -158.039958, 21.552999 ], [ -158.040739, 21.55375 ], [ -158.041073, 21.553883 ], [ -158.041279, 21.554105 ], [ -158.041498, 21.554156 ], [ -158.041761, 21.554047 ], [ -158.041939, 21.554035 ], [ -158.042169, 21.554207 ], [ -158.042413, 21.554271 ], [ -158.042821, 21.554649 ], [ -158.042919, 21.555035 ], [ -158.042855, 21.55513 ], [ -158.042731, 21.55517 ], [ -158.042327, 21.555148 ], [ -158.042078, 21.555066 ], [ -158.041805, 21.554845 ], [ -158.041606, 21.554752 ], [ -158.041097, 21.554615 ], [ -158.040823, 21.554613 ], [ -158.040652, 21.554682 ], [ -158.040729, 21.554954 ], [ -158.040687, 21.555167 ], [ -158.040603, 21.555231 ], [ -158.040442, 21.555236 ], [ -158.039995, 21.555091 ], [ -158.039484, 21.554663 ], [ -158.038776, 21.553831 ] ] ] } },
{ "type": "Feature", "properties": { "crop": "Diversified Crop", "acreage": 2.0 }, "geometry": { "type": "Polygon", "coordinates": [ [ [ -157.925878, 21.631635 ], [ -157.925544, 21.631653 ], [ -157.925405, 21.631635 ], [ -157.92515, 21.631452 ], [ -157.9253, 21.631108 ], [ -157.925568, 21.630713 ], [ -157.925805, 21.630476 ], [ -157.92595, 21.630423 ], [ -157.926021, 21.630471 ], [ -157.925951, 21.631523 ], [ -157.925878, 21.631635 ] ] ] } },
{ "type": "Feature", "properties": { "crop": "Diversified Crop", "acreage": 11.6 }, "geometry": { "type": "Polygon", "coordinates": [ [ [ -157.943118, 21.672723 ], [ -157.942517, 21.672582 ], [ -157.942501, 21.672475 ], [ -157.942601, 21.672302 ], [ -157.94269, 21.672229 ], [ -157.942803, 21.672209 ], [ -157.944274, 21.672246 ], [ -157.944535, 21.672294 ], [ -157.944629, 21.672356 ], [ -157.944694, 21.672538 ], [ -157.944669, 21.67281 ], [ -157.944768, 21.672914 ], [ -157.945504, 21.672859 ], [ -157.946174, 21.672861 ], [ -157.946472, 21.67288 ], [ -157.946661, 21.672943 ], [ -157.945652, 21.674433 ], [ -157.945423, 21.674416 ], [ -157.945138, 21.674278 ], [ -157.944055, 21.673425 ], [ -157.943118, 21.672723 ] ] ] } },
{ "type": "Feature", "properties": { "crop": "Diversified Crop", "acreage": 10.6 }, "geometry": { "type": "Polygon", "coordinates": [ [ [ -158.007579, 21.693261 ], [ -158.007424, 21.693326 ], [ -158.006288, 21.69334 ], [ -158.006159, 21.693263 ], [ -158.005598, 21.691472 ], [ -158.00567, 21.69135 ], [ -158.006699, 21.69076 ], [ -158.007018, 21.690717 ], [ -158.007125, 21.690813 ], [ -158.007643, 21.69316 ], [ -158.007579, 21.693261 ] ] ] } },
{ "type": "Feature", "properties": { "crop": "Aquaculture", "acreage": 11.6 }, "geometry": { "type": "Polygon", "coordinates": [ [ [ -157.849214, 21.509716 ], [ -157.849363, 21.509786 ], [ -157.849403, 21.509881 ], [ -157.849324, 21.51012 ], [ -157.849125, 21.510218 ], [ -157.849137, 21.510445 ], [ -157.849024, 21.510594 ], [ -157.848903, 21.510656 ], [ -157.848725, 21.510577 ], [ -157.848612, 21.510606 ], [ -157.848332, 21.510903 ], [ -157.847893, 21.511059 ], [ -157.847922, 21.511219 ], [ -157.847675, 21.511417 ], [ -157.847532, 21.511473 ], [ -157.847272, 21.511474 ], [ -157.847092, 21.51156 ], [ -157.846544, 21.511458 ], [ -157.84593, 21.510123 ], [ -157.845934, 21.510068 ], [ -157.846047, 21.509967 ], [ -157.846169, 21.50993 ], [ -157.849214, 21.509716 ] ] ] } },
{ "type": "Feature", "properties": { "crop": "Aquaculture", "acreage": 2.5 }, "geometry": { "type": "Polygon", "coordinates": [ [ [ -157.954023, 21.692641 ], [ -157.954107, 21.69282 ], [ -157.954074, 21.692901 ], [ -157.953895, 21.693023 ], [ -157.953884, 21.693159 ], [ -157.954018, 21.693302 ], [ -157.954293, 21.693444 ], [ -157.954361, 21.693535 ], [ -157.954337, 21.693694 ], [ -157.954114, 21.693852 ], [ -157.95381, 21.693795 ], [ -157.953438, 21.693558 ], [ -157.953202, 21.693368 ], [ -157.953073, 21.693178 ], [ -157.953795, 21.692549 ], [ -157.953864, 21.692553 ], [ -157.954023, 21.692641 ] ] ] } },
{ "type": "Feature", "properties": { "crop": "Diversified Crop", "acreage": 1.1 }, "geometry": { "type": "Polygon", "coordinates": [ [ [ -157.897272, 21.568082 ], [ -157.897133, 21.568121 ], [ -157.896949, 21.56779 ], [ -157.896656, 21.567594 ], [ -157.896659, 21.567502 ], [ -157.896836, 21.56732 ], [ -157.897019, 21.567273 ], [ -157.897458, 21.567689 ], [ -157.897486, 21.567837 ], [ -157.897272, 21.568082 ] ] ] } },
{ "type": "Feature", "properties": { "crop": "Diversified Crop", "acreage": 3.0 }, "geometry": { "type": "Polygon", "coordinates": [ [ [ -157.895275, 21.568636 ], [ -157.895488, 21.568459 ], [ -157.895674, 21.568459 ], [ -157.895954, 21.56857 ], [ -157.896273, 21.568576 ], [ -157.896437, 21.568823 ], [ -157.896429, 21.569032 ], [ -157.89611, 21.569164 ], [ -157.895832, 21.569489 ], [ -157.895648, 21.569578 ], [ -157.895412, 21.569613 ], [ -157.895214, 21.569568 ], [ -157.89512, 21.569371 ], [ -157.895133, 21.569176 ], [ -157.895275, 21.568636 ] ] ] } },
{ "type": "Feature", "properties": { "crop": "Taro", "acreage": 1.2 }, "geometry": { "type": "Polygon", "coordinates": [ [ [ -157.894975, 21.566974 ], [ -157.894993, 21.567044 ], [ -157.894804, 21.567717 ], [ -157.894515, 21.567729 ], [ -157.894486, 21.567698 ], [ -157.894562, 21.567286 ], [ -157.894508, 21.567224 ], [ -157.894285, 21.567171 ], [ -157.894238, 21.567103 ], [ -157.894345, 21.56682 ], [ -157.894445, 21.566796 ], [ -157.894881, 21.566915 ], [ -157.894975, 21.566974 ] ] ] } },
{ "type": "Feature", "properties": { "crop": "Taro", "acreage": 0.7 }, "geometry": { "type": "Polygon", "coordinates": [ [ [ -157.827569, 21.418367 ], [ -157.827067, 21.418558 ], [ -157.826893, 21.418527 ], [ -157.826822, 21.418445 ], [ -157.826864, 21.418332 ], [ -157.827118, 21.418244 ], [ -157.827134, 21.418117 ], [ -157.827202, 21.418076 ], [ -157.82734, 21.41812 ], [ -157.827453, 21.418076 ], [ -157.827627, 21.418299 ], [ -157.827569, 21.418367 ] ] ] } },
{ "type": "Feature", "properties": { "crop": "Taro", "acreage": 2.0 }, "geometry": { "type": "Polygon", "coordinates": [ [ [ -157.811847, 21.432738 ], [ -157.81133, 21.432957 ], [ -157.811161, 21.432878 ], [ -157.811003, 21.432644 ], [ -157.810957, 21.43248 ], [ -157.810984, 21.432332 ], [ -157.81129, 21.431939 ], [ -157.811508, 21.431779 ], [ -157.811653, 21.431843 ], [ -157.811781, 21.43201 ], [ -157.811779, 21.432086 ], [ -157.81165, 21.432187 ], [ -157.811903, 21.432659 ], [ -157.811847, 21.432738 ] ] ] } },
{ "type": "Feature", "properties": { "crop": "Seed Production", "acreage": 16.0 }, "geometry": { "type": "Polygon", "coordinates": [ [ [ -158.068242, 21.412976 ], [ -158.068404, 21.412899 ], [ -158.068749, 21.412966 ], [ -158.069115, 21.41295 ], [ -158.069718, 21.413295 ], [ -158.069895, 21.413351 ], [ -158.070205, 21.413328 ], [ -158.070355, 21.413203 ], [ -158.070554, 21.413172 ], [ -158.07127, 21.413483 ], [ -158.071655, 21.413463 ], [ -158.071877, 21.413531 ], [ -158.071378, 21.41491 ], [ -158.070276, 21.41455 ], [ -158.068943, 21.414685 ], [ -158.068542, 21.414231 ], [ -158.06701, 21.413248 ], [ -158.067086, 21.413021 ], [ -158.067426, 21.412834 ], [ -158.067603, 21.412891 ], [ -158.067811, 21.413134 ], [ -158.068081, 21.413147 ], [ -158.068242, 21.412976 ] ] ] } },
{ "type": "Feature", "properties": { "crop": "Diversified Crop", "acreage": 46.2 }, "geometry": { "type": "Polygon", "coordinates": [ [ [ -158.035165, 21.511369 ], [ -158.035047, 21.511426 ], [ -158.034911, 21.511407 ], [ -158.031139, 21.50751 ], [ -158.033294, 21.505929 ], [ -158.033482, 21.505883 ], [ -158.033659, 21.505925 ], [ -158.034605, 21.506852 ], [ -158.035973, 21.507923 ], [ -158.036474, 21.508755 ], [ -158.037051, 21.509248 ], [ -158.037061, 21.509447 ], [ -158.036711, 21.50987 ], [ -158.036263, 21.510298 ], [ -158.035165, 21.511369 ] ] ] } },
{ "type": "Feature", "properties": { "crop": "Diversified Crop", "acreage": 79.5 }, "geometry": { "type": "Polygon", "coordinates": [ [ [ -158.062361, 21.356311 ], [ -158.062143, 21.357679 ], [ -158.062576, 21.361843 ], [ -158.061249, 21.362594 ], [ -158.060339, 21.362469 ], [ -158.060822, 21.363181 ], [ -158.061191, 21.364258 ], [ -158.05981, 21.364876 ], [ -158.055925, 21.361978 ], [ -158.057694, 21.360119 ], [ -158.059542, 21.358869 ], [ -158.05997, 21.359338 ], [ -158.061935, 21.355507 ], [ -158.062361, 21.356311 ] ] ] } },
{ "type": "Feature", "properties": { "crop": "Diversified Crop", "acreage": 184.7 }, "geometry": { "type": "Polygon", "coordinates": [ [ [ -158.055007, 21.362699 ], [ -158.055055, 21.362586 ], [ -158.055481, 21.362744 ], [ -158.057371, 21.364469 ], [ -158.058911, 21.365805 ], [ -158.058168, 21.367293 ], [ -158.057979, 21.367534 ], [ -158.056709, 21.368839 ], [ -158.052083, 21.373156 ], [ -158.050754, 21.37413 ], [ -158.04933, 21.374939 ], [ -158.048656, 21.374642 ], [ -158.046149, 21.370991 ], [ -158.052023, 21.367158 ], [ -158.052456, 21.366701 ], [ -158.05275, 21.366285 ], [ -158.05378, 21.364204 ], [ -158.054362, 21.363344 ], [ -158.055007, 21.362699 ] ] ] } },
{ "type": "Feature", "properties": { "crop": "Tropical Fruits", "acreage": 20.3 }, "geometry": { "type": "Polygon", "coordinates": [ [ [ -158.047267, 21.37592 ], [ -158.043439, 21.375972 ], [ -158.043909, 21.372846 ], [ -158.044883, 21.373136 ], [ -158.044725, 21.374364 ], [ -158.047534, 21.374657 ], [ -158.047267, 21.37592 ] ] ] } },
{ "type": "Feature", "properties": { "crop": "Aquaculture", "acreage": 5.8 }, "geometry": { "type": "Polygon", "coordinates": [ [ [ -157.983007, 21.390978 ], [ -157.982562, 21.391218 ], [ -157.982371, 21.391232 ], [ -157.981544, 21.390775 ], [ -157.98109, 21.390654 ], [ -157.980979, 21.390129 ], [ -157.98317, 21.389946 ], [ -157.983278, 21.390885 ], [ -157.983007, 21.390978 ] ] ] } },
{ "type": "Feature", "properties": { "crop": "Diversified Crop", "acreage": 3.3 }, "geometry": { "type": "Polygon", "coordinates": [ [ [ -157.977176, 21.391625 ], [ -157.977134, 21.391529 ], [ -157.977028, 21.391537 ], [ -157.97703, 21.391662 ], [ -157.976407, 21.391762 ], [ -157.976287, 21.391395 ], [ -157.976242, 21.390795 ], [ -157.976946, 21.390795 ], [ -157.977508, 21.390731 ], [ -157.977586, 21.390967 ], [ -157.977647, 21.391584 ], [ -157.977176, 21.391625 ] ] ] } },
{ "type": "Feature", "properties": { "crop": "Flowers / Foliage / Landscape", "acreage": 17.6 }, "geometry": { "type": "Polygon", "coordinates": [ [ [ -157.969806, 21.388124 ], [ -157.969836, 21.388519 ], [ -157.96952, 21.388564 ], [ -157.969417, 21.388222 ], [ -157.969732, 21.387997 ], [ -157.969905, 21.387267 ], [ -157.969812, 21.386652 ], [ -157.969236, 21.386613 ], [ -157.969419, 21.386042 ], [ -157.969617, 21.385708 ], [ -157.97021, 21.385806 ], [ -157.972156, 21.385529 ], [ -157.972215, 21.385992 ], [ -157.972418, 21.38601 ], [ -157.97252, 21.386623 ], [ -157.972628, 21.386665 ], [ -157.97255, 21.387462 ], [ -157.969806, 21.388124 ] ] ] } },
{ "type": "Feature", "properties": { "crop": "Banana", "acreage": 37.0 }, "geometry": { "type": "Polygon", "coordinates": [ [ [ -158.043364, 21.431531 ], [ -158.043446, 21.431789 ], [ -158.043189, 21.432577 ], [ -158.042641, 21.433213 ], [ -158.041383, 21.434217 ], [ -158.040833, 21.434598 ], [ -158.040705, 21.434563 ], [ -158.040099, 21.433709 ], [ -158.03981, 21.4335 ], [ -158.038715, 21.43306 ], [ -158.037859, 21.433002 ], [ -158.037333, 21.432725 ], [ -158.037373, 21.432176 ], [ -158.037579, 21.431634 ], [ -158.037591, 21.430992 ], [ -158.040358, 21.43181 ], [ -158.04064, 21.431931 ], [ -158.040847, 21.431731 ], [ -158.040408, 21.431201 ], [ -158.040424, 21.431057 ], [ -158.040519, 21.43098 ], [ -158.0408, 21.430973 ], [ -158.041823, 21.431128 ], [ -158.042746, 21.431144 ], [ -158.042993, 21.431213 ], [ -158.043184, 21.431321 ], [ -158.043364, 21.431531 ] ] ] } },
{ "type": "Feature", "properties": { "crop": "Diversified Crop", "acreage": 1.7 }, "geometry": { "type": "Polygon", "coordinates": [ [ [ -158.052261, 21.661725 ], [ -158.052009, 21.662001 ], [ -158.051158, 21.661111 ], [ -158.050741, 21.660583 ], [ -158.050995, 21.660478 ], [ -158.052261, 21.661725 ] ] ] } },
{ "type": "Feature", "properties": { "crop": "Diversified Crop", "acreage": 15.1 }, "geometry": { "type": "Polygon", "coordinates": [ [ [ -157.977842, 21.39446 ], [ -157.976917, 21.394167 ], [ -157.97678, 21.394536 ], [ -157.974008, 21.393602 ], [ -157.973681, 21.392975 ], [ -157.973687, 21.392872 ], [ -157.974334, 21.392218 ], [ -157.977851, 21.39351 ], [ -157.977982, 21.39391 ], [ -157.977842, 21.39446 ] ] ] } },
{ "type": "Feature", "properties": { "crop": "Coffee", "acreage": 79.5 }, "geometry": { "type": "Polygon", "coordinates": [ [ [ -158.066943, 21.561145 ], [ -158.066692, 21.561142 ], [ -158.065654, 21.561248 ], [ -158.065431, 21.56096 ], [ -158.065024, 21.560651 ], [ -158.064843, 21.560287 ], [ -158.064947, 21.559943 ], [ -158.064806, 21.559598 ], [ -158.064727, 21.559235 ], [ -158.064891, 21.559102 ], [ -158.065219, 21.559008 ], [ -158.065628, 21.558991 ], [ -158.066017, 21.558898 ], [ -158.066465, 21.558684 ], [ -158.068107, 21.560664 ], [ -158.068601, 21.561196 ], [ -158.069428, 21.561908 ], [ -158.070374, 21.562529 ], [ -158.071735, 21.563141 ], [ -158.076729, 21.565007 ], [ -158.076855, 21.565022 ], [ -158.080218, 21.56632 ], [ -158.080572, 21.566537 ], [ -158.080924, 21.566857 ], [ -158.081124, 21.567277 ], [ -158.080851, 21.56814 ], [ -158.080658, 21.568288 ], [ -158.080431, 21.568384 ], [ -158.080042, 21.568399 ], [ -158.079829, 21.568332 ], [ -158.079165, 21.56799 ], [ -158.07848, 21.567783 ], [ -158.078139, 21.567374 ], [ -158.077747, 21.566482 ], [ -158.077549, 21.566301 ], [ -158.077211, 21.566174 ], [ -158.076614, 21.56581 ], [ -158.075819, 21.565749 ], [ -158.07521, 21.565512 ], [ -158.075153, 21.565551 ], [ -158.075102, 21.565783 ], [ -158.074964, 21.566022 ], [ -158.074746, 21.56607 ], [ -158.074545, 21.566028 ], [ -158.074039, 21.56569 ], [ -158.073951, 21.565528 ], [ -158.073783, 21.564966 ], [ -158.073526, 21.564608 ], [ -158.073276, 21.564384 ], [ -158.073063, 21.564343 ], [ -158.072939, 21.564419 ], [ -158.072914, 21.564549 ], [ -158.073446, 21.565177 ], [ -158.073503, 21.565386 ], [ -158.073479, 21.565547 ], [ -158.073876, 21.566252 ], [ -158.073859, 21.566399 ], [ -158.073733, 21.566675 ], [ -158.073574, 21.566714 ], [ -158.073455, 21.566681 ], [ -158.072114, 21.565728 ], [ -158.071248, 21.56539 ], [ -158.070993, 21.565181 ], [ -158.070807, 21.564824 ], [ -158.070384, 21.564685 ], [ -158.070211, 21.56457 ], [ -158.0698, 21.563969 ], [ -158.069728, 21.563508 ], [ -158.069428, 21.563175 ], [ -158.069278, 21.562598 ], [ -158.069103, 21.562318 ], [ -158.068673, 21.561902 ], [ -158.068228, 21.561565 ], [ -158.067617, 21.561396 ], [ -158.067348, 21.561258 ], [ -158.067126, 21.561199 ], [ -158.066943, 21.561145 ] ] ] } },
{ "type": "Feature", "properties": { "crop": "Seed Production", "acreage": 18.2 }, "geometry": { "type": "Polygon", "coordinates": [ [ [ -158.075569, 21.580756 ], [ -158.075674, 21.580558 ], [ -158.076007, 21.580208 ], [ -158.075995, 21.580072 ], [ -158.075839, 21.57976 ], [ -158.076458, 21.579135 ], [ -158.077084, 21.578661 ], [ -158.078092, 21.579915 ], [ -158.079428, 21.58103 ], [ -158.078669, 21.580909 ], [ -158.078427, 21.580909 ], [ -158.078172, 21.580969 ], [ -158.077692, 21.581166 ], [ -158.076341, 21.581997 ], [ -158.076021, 21.58205 ], [ -158.075711, 21.582 ], [ -158.075352, 21.581828 ], [ -158.075464, 21.581748 ], [ -158.075502, 21.581656 ], [ -158.075472, 21.581025 ], [ -158.075557, 21.580892 ], [ -158.075569, 21.580756 ] ] ] } },
{ "type": "Feature", "properties": { "crop": "Diversified Crop", "acreage": 114.6 }, "geometry": { "type": "Polygon", "coordinates": [ [ [ -158.024161, 21.42331 ], [ -158.022745, 21.42375 ], [ -158.021154, 21.419908 ], [ -158.020545, 21.418811 ], [ -158.019782, 21.417734 ], [ -158.018558, 21.415446 ], [ -158.016391, 21.410096 ], [ -158.015834, 21.408888 ], [ -158.015672, 21.408201 ], [ -158.016189, 21.408047 ], [ -158.016869, 21.408364 ], [ -158.01682, 21.410042 ], [ -158.017694, 21.411547 ], [ -158.017916, 21.41167 ], [ -158.018107, 21.411697 ], [ -158.018817, 21.411567 ], [ -158.019194, 21.411596 ], [ -158.019753, 21.411475 ], [ -158.019967, 21.411507 ], [ -158.020058, 21.411592 ], [ -158.020093, 21.411709 ], [ -158.020002, 21.412198 ], [ -158.020101, 21.412596 ], [ -158.020046, 21.412775 ], [ -158.019943, 21.412889 ], [ -158.019994, 21.412955 ], [ -158.020146, 21.413033 ], [ -158.020291, 21.413027 ], [ -158.020617, 21.412762 ], [ -158.0208, 21.412522 ], [ -158.020949, 21.412505 ], [ -158.021032, 21.412623 ], [ -158.021074, 21.412907 ], [ -158.021195, 21.413069 ], [ -158.022332, 21.413913 ], [ -158.022952, 21.41422 ], [ -158.023255, 21.41487 ], [ -158.022823, 21.416333 ], [ -158.022771, 21.416956 ], [ -158.022803, 21.417424 ], [ -158.022918, 21.418075 ], [ -158.023119, 21.418686 ], [ -158.023333, 21.41907 ], [ -158.023809, 21.419699 ], [ -158.023997, 21.420076 ], [ -158.024131, 21.420482 ], [ -158.024232, 21.421072 ], [ -158.024148, 21.421476 ], [ -158.024207, 21.421946 ], [ -158.024139, 21.422442 ], [ -158.024121, 21.423096 ], [ -158.024161, 21.42331 ] ] ] } },
{ "type": "Feature", "properties": { "crop": "Flowers / Foliage / Landscape", "acreage": 15.7 }, "geometry": { "type": "Polygon", "coordinates": [ [ [ -158.016145, 21.42657 ], [ -158.016841, 21.426649 ], [ -158.017514, 21.42683 ], [ -158.018149, 21.427108 ], [ -158.019212, 21.427879 ], [ -158.019971, 21.428502 ], [ -158.020115, 21.428726 ], [ -158.020148, 21.428891 ], [ -158.020076, 21.429029 ], [ -158.017688, 21.428321 ], [ -158.016847, 21.428514 ], [ -158.015775, 21.428979 ], [ -158.015489, 21.428745 ], [ -158.015976, 21.428133 ], [ -158.016139, 21.428043 ], [ -158.016327, 21.428009 ], [ -158.016295, 21.427614 ], [ -158.016145, 21.42657 ] ] ] } },
{ "type": "Feature", "properties": { "crop": "Diversified Crop", "acreage": 152.1 }, "geometry": { "type": "Polygon", "coordinates": [ [ [ -158.059042, 21.374026 ], [ -158.058985, 21.374867 ], [ -158.058211, 21.376085 ], [ -158.058154, 21.376238 ], [ -158.058514, 21.377883 ], [ -158.058333, 21.379085 ], [ -158.056279, 21.379672 ], [ -158.056185, 21.379769 ], [ -158.055114, 21.380122 ], [ -158.054827, 21.379865 ], [ -158.054668, 21.379602 ], [ -158.054786, 21.378549 ], [ -158.054713, 21.378073 ], [ -158.054567, 21.377682 ], [ -158.054202, 21.377126 ], [ -158.052959, 21.375962 ], [ -158.052484, 21.375585 ], [ -158.05248, 21.375482 ], [ -158.052572, 21.375271 ], [ -158.052749, 21.375008 ], [ -158.05287, 21.374718 ], [ -158.052991, 21.374047 ], [ -158.053179, 21.373736 ], [ -158.053378, 21.373542 ], [ -158.054145, 21.373023 ], [ -158.055256, 21.372511 ], [ -158.05516, 21.371588 ], [ -158.057022, 21.36992 ], [ -158.057373, 21.36992 ], [ -158.057762, 21.369851 ], [ -158.058077, 21.369737 ], [ -158.058619, 21.369437 ], [ -158.058974, 21.369586 ], [ -158.059212, 21.369563 ], [ -158.059578, 21.369782 ], [ -158.060072, 21.370173 ], [ -158.060196, 21.37018 ], [ -158.06092, 21.369877 ], [ -158.061046, 21.369867 ], [ -158.061292, 21.369918 ], [ -158.061782, 21.370182 ], [ -158.062045, 21.37027 ], [ -158.062569, 21.370233 ], [ -158.06275, 21.370308 ], [ -158.062813, 21.370445 ], [ -158.060488, 21.374152 ], [ -158.059167, 21.372846 ], [ -158.058533, 21.373034 ], [ -158.05854, 21.373137 ], [ -158.05875, 21.373247 ], [ -158.058921, 21.373405 ], [ -158.059042, 21.374026 ] ] ] } },
{ "type": "Feature", "properties": { "crop": "Tropical Fruits", "acreage": 4.6 }, "geometry": { "type": "Polygon", "coordinates": [ [ [ -158.026472, 21.430883 ], [ -158.027276, 21.432393 ], [ -158.026506, 21.43318 ], [ -158.025867, 21.431496 ], [ -158.026472, 21.430883 ] ] ] } },
{ "type": "Feature", "properties": { "crop": "Tropical Fruits", "acreage": 5.3 }, "geometry": { "type": "Polygon", "coordinates": [ [ [ -158.024956, 21.428289 ], [ -158.025025, 21.427501 ], [ -158.026228, 21.427142 ], [ -158.026435, 21.427274 ], [ -158.025742, 21.428722 ], [ -158.025419, 21.428911 ], [ -158.024916, 21.429041 ], [ -158.024598, 21.428189 ], [ -158.024956, 21.428289 ] ] ] } },
{ "type": "Feature", "properties": { "crop": "Flowers / Foliage / Landscape", "acreage": 107.5 }, "geometry": { "type": "Polygon", "coordinates": [ [ [ -158.02479, 21.424659 ], [ -158.024803, 21.425196 ], [ -158.024973, 21.425292 ], [ -158.025215, 21.425313 ], [ -158.025425, 21.425019 ], [ -158.025724, 21.424836 ], [ -158.025951, 21.424876 ], [ -158.026159, 21.424984 ], [ -158.026452, 21.425313 ], [ -158.026647, 21.426006 ], [ -158.026853, 21.426451 ], [ -158.02748, 21.427194 ], [ -158.027938, 21.427543 ], [ -158.028464, 21.427795 ], [ -158.029808, 21.428106 ], [ -158.030055, 21.428665 ], [ -158.029892, 21.429135 ], [ -158.029884, 21.429531 ], [ -158.029952, 21.429822 ], [ -158.030161, 21.430291 ], [ -158.030283, 21.430811 ], [ -158.029714, 21.432674 ], [ -158.029016, 21.433776 ], [ -158.028669, 21.435025 ], [ -158.028219, 21.435735 ], [ -158.028088, 21.436771 ], [ -158.027937, 21.437017 ], [ -158.027694, 21.437121 ], [ -158.02749, 21.43714 ], [ -158.027361, 21.437086 ], [ -158.026705, 21.433799 ], [ -158.026524, 21.433162 ], [ -158.027276, 21.432393 ], [ -158.026472, 21.430883 ], [ -158.025867, 21.431496 ], [ -158.024916, 21.429041 ], [ -158.025419, 21.428911 ], [ -158.025742, 21.428722 ], [ -158.026435, 21.427274 ], [ -158.026228, 21.427142 ], [ -158.025025, 21.427501 ], [ -158.024956, 21.428289 ], [ -158.024598, 21.428189 ], [ -158.022806, 21.423898 ], [ -158.024238, 21.423429 ], [ -158.024685, 21.424119 ], [ -158.02479, 21.424659 ] ] ] } },
{ "type": "Feature", "properties": { "crop": "Diversified Crop", "acreage": 7.6 }, "geometry": { "type": "Polygon", "coordinates": [ [ [ -158.05331, 21.377124 ], [ -158.053809, 21.377781 ], [ -158.054145, 21.378326 ], [ -158.054147, 21.378467 ], [ -158.054058, 21.37858 ], [ -158.05385, 21.37866 ], [ -158.053673, 21.378648 ], [ -158.053132, 21.378227 ], [ -158.05255, 21.377579 ], [ -158.051638, 21.376386 ], [ -158.051534, 21.376214 ], [ -158.052092, 21.375758 ], [ -158.05331, 21.377124 ] ] ] } },
{ "type": "Feature", "properties": { "crop": "Seed Production", "acreage": 149.9 }, "geometry": { "type": "Polygon", "coordinates": [ [ [ -158.07538, 21.600996 ], [ -158.075277, 21.600784 ], [ -158.075372, 21.600102 ], [ -158.075304, 21.599597 ], [ -158.075159, 21.599298 ], [ -158.074923, 21.59901 ], [ -158.074846, 21.598766 ], [ -158.075014, 21.598147 ], [ -158.074986, 21.59802 ], [ -158.074859, 21.59779 ], [ -158.074375, 21.597371 ], [ -158.074334, 21.59729 ], [ -158.074586, 21.596853 ], [ -158.074695, 21.596476 ], [ -158.075058, 21.596459 ], [ -158.075812, 21.596541 ], [ -158.076438, 21.596552 ], [ -158.076684, 21.596519 ], [ -158.077047, 21.596365 ], [ -158.077249, 21.596329 ], [ -158.077899, 21.596348 ], [ -158.078339, 21.596409 ], [ -158.078818, 21.596716 ], [ -158.079337, 21.596947 ], [ -158.079843, 21.597298 ], [ -158.080139, 21.597359 ], [ -158.080565, 21.597288 ], [ -158.080329, 21.598369 ], [ -158.080531, 21.598567 ], [ -158.080759, 21.598623 ], [ -158.08111, 21.598593 ], [ -158.081399, 21.598484 ], [ -158.0818, 21.598193 ], [ -158.082059, 21.598158 ], [ -158.082266, 21.598203 ], [ -158.082855, 21.599252 ], [ -158.083475, 21.600136 ], [ -158.084407, 21.601832 ], [ -158.08465, 21.602124 ], [ -158.084879, 21.602301 ], [ -158.085965, 21.602881 ], [ -158.086445, 21.603271 ], [ -158.086696, 21.60342 ], [ -158.087377, 21.603694 ], [ -158.088247, 21.603848 ], [ -158.088366, 21.603924 ], [ -158.088379, 21.604042 ], [ -158.088292, 21.604294 ], [ -158.088001, 21.604607 ], [ -158.08751, 21.605017 ], [ -158.087074, 21.605283 ], [ -158.085378, 21.604709 ], [ -158.083105, 21.603865 ], [ -158.07538, 21.600996 ] ] ] } },
{ "type": "Feature", "properties": { "crop": "Diversified Crop", "acreage": 77.5 }, "geometry": { "type": "Polygon", "coordinates": [ [ [ -157.958656, 21.674646 ], [ -157.961316, 21.674013 ], [ -157.962144, 21.675051 ], [ -157.962468, 21.6752 ], [ -157.96279, 21.675167 ], [ -157.963304, 21.674034 ], [ -157.963254, 21.673563 ], [ -157.962702, 21.67298 ], [ -157.962809, 21.672123 ], [ -157.962683, 21.671496 ], [ -157.962909, 21.670764 ], [ -157.963274, 21.669901 ], [ -157.962662, 21.66969 ], [ -157.962547, 21.669615 ], [ -157.962511, 21.669533 ], [ -157.963308, 21.667824 ], [ -157.963196, 21.667336 ], [ -157.962991, 21.667153 ], [ -157.962992, 21.666904 ], [ -157.963107, 21.666736 ], [ -157.963547, 21.666425 ], [ -157.964364, 21.666062 ], [ -157.964909, 21.66558 ], [ -157.96519, 21.665538 ], [ -157.965566, 21.665558 ], [ -157.965645, 21.665635 ], [ -157.966111, 21.66669 ], [ -157.965999, 21.666724 ], [ -157.966083, 21.666928 ], [ -157.966045, 21.66709 ], [ -157.965979, 21.667161 ], [ -157.965746, 21.66725 ], [ -157.965597, 21.667491 ], [ -157.965657, 21.668271 ], [ -157.965596, 21.668572 ], [ -157.965479, 21.668827 ], [ -157.965463, 21.669127 ], [ -157.965258, 21.669465 ], [ -157.964699, 21.670192 ], [ -157.964402, 21.670807 ], [ -157.963472, 21.67217 ], [ -157.963403, 21.67234 ], [ -157.963521, 21.67288 ], [ -157.963725, 21.673496 ], [ -157.96373, 21.673655 ], [ -157.963662, 21.67389 ], [ -157.963703, 21.67401 ], [ -157.963806, 21.674091 ], [ -157.963774, 21.674177 ], [ -157.964279, 21.674331 ], [ -157.964585, 21.674545 ], [ -157.964923, 21.674897 ], [ -157.965197, 21.675384 ], [ -157.965294, 21.675697 ], [ -157.965329, 21.676047 ], [ -157.96528, 21.676513 ], [ -157.965179, 21.676735 ], [ -157.964891, 21.677033 ], [ -157.964212, 21.677312 ], [ -157.963889, 21.677332 ], [ -157.963646, 21.677245 ], [ -157.962015, 21.676253 ], [ -157.961709, 21.676123 ], [ -157.959393, 21.67574 ], [ -157.959099, 21.67573 ], [ -157.958811, 21.675784 ], [ -157.958656, 21.674646 ] ] ] } },
{ "type": "Feature", "properties": { "crop": "Diversified Crop", "acreage": 56.9 }, "geometry": { "type": "MultiPolygon", "coordinates": [ [ [ [ -157.966506, 21.667525 ], [ -157.967118, 21.668464 ], [ -157.967283, 21.668594 ], [ -157.967482, 21.668673 ], [ -157.967697, 21.668696 ], [ -157.967923, 21.668656 ], [ -157.96774, 21.6695 ], [ -157.967749, 21.669745 ], [ -157.967947, 21.669977 ], [ -157.968056, 21.669976 ], [ -157.968564, 21.669804 ], [ -157.968606, 21.669854 ], [ -157.968454, 21.670165 ], [ -157.968458, 21.670272 ], [ -157.968726, 21.670445 ], [ -157.968919, 21.670666 ], [ -157.969039, 21.670941 ], [ -157.969055, 21.671285 ], [ -157.968998, 21.67152 ], [ -157.968835, 21.671801 ], [ -157.968301, 21.67204 ], [ -157.968288, 21.671895 ], [ -157.968165, 21.671843 ], [ -157.968113, 21.671941 ], [ -157.96698, 21.672586 ], [ -157.966249, 21.673298 ], [ -157.965113, 21.673891 ], [ -157.965033, 21.674152 ], [ -157.965382, 21.67516 ], [ -157.965367, 21.675228 ], [ -157.965287, 21.675263 ], [ -157.964975, 21.67481 ], [ -157.964599, 21.67439 ], [ -157.963859, 21.673973 ], [ -157.963828, 21.67384 ], [ -157.963897, 21.673635 ], [ -157.963887, 21.673466 ], [ -157.963664, 21.673026 ], [ -157.963501, 21.672341 ], [ -157.964463, 21.670892 ], [ -157.964775, 21.670249 ], [ -157.965523, 21.669237 ], [ -157.965578, 21.669047 ], [ -157.965577, 21.66883 ], [ -157.965689, 21.668597 ], [ -157.965753, 21.668285 ], [ -157.96569, 21.667522 ], [ -157.965815, 21.667319 ], [ -157.966039, 21.667231 ], [ -157.966146, 21.667105 ], [ -157.96618, 21.66693 ], [ -157.966111, 21.66669 ], [ -157.966506, 21.667525 ] ] ], [ [ [ -157.96598, 21.6664 ], [ -157.965974, 21.666379 ], [ -157.966008, 21.666455 ], [ -157.966111, 21.66669 ], [ -157.96598, 21.6664 ] ] ] ] } },
{ "type": "Feature", "properties": { "crop": "Diversified Crop", "acreage": 3.3 }, "geometry": { "type": "Polygon", "coordinates": [ [ [ -157.958639, 21.675876 ], [ -157.957864, 21.676508 ], [ -157.957369, 21.67708 ], [ -157.956971, 21.677191 ], [ -157.956793, 21.677287 ], [ -157.956529, 21.676574 ], [ -157.956506, 21.676385 ], [ -157.958639, 21.675876 ] ] ] } },
{ "type": "Feature", "properties": { "crop": "Banana", "acreage": 2.5 }, "geometry": { "type": "Polygon", "coordinates": [ [ [ -158.040791, 21.443122 ], [ -158.040456, 21.442494 ], [ -158.040404, 21.442213 ], [ -158.040445, 21.442097 ], [ -158.04076, 21.441881 ], [ -158.040979, 21.441787 ], [ -158.041061, 21.442109 ], [ -158.041163, 21.442288 ], [ -158.04151, 21.442471 ], [ -158.041566, 21.442792 ], [ -158.040791, 21.443122 ] ] ] } },
{ "type": "Feature", "properties": { "crop": "Diversified Crop", "acreage": 34.0 }, "geometry": { "type": "Polygon", "coordinates": [ [ [ -158.022516, 21.423452 ], [ -158.024223, 21.427529 ], [ -158.023976, 21.427521 ], [ -158.021898, 21.42701 ], [ -158.021515, 21.426962 ], [ -158.021152, 21.427025 ], [ -158.020952, 21.42717 ], [ -158.020747, 21.42742 ], [ -158.020553, 21.426849 ], [ -158.020209, 21.426344 ], [ -158.018457, 21.425184 ], [ -158.022516, 21.423452 ] ] ] } },
{ "type": "Feature", "properties": { "crop": "Pasture", "acreage": 2.0 }, "geometry": { "type": "Polygon", "coordinates": [ [ [ -157.676198, 21.322244 ], [ -157.67914, 21.323568 ], [ -157.679083, 21.32363 ], [ -157.681749, 21.324838 ], [ -157.68173, 21.324871 ], [ -157.680995, 21.324572 ], [ -157.677642, 21.323064 ], [ -157.676102, 21.322426 ], [ -157.676198, 21.322244 ] ] ] } },
{ "type": "Feature", "properties": { "crop": "Pasture", "acreage": 9.6 }, "geometry": { "type": "Polygon", "coordinates": [ [ [ -157.734151, 21.340429 ], [ -157.735047, 21.342405 ], [ -157.733634, 21.343049 ], [ -157.732749, 21.340965 ], [ -157.734151, 21.340429 ] ] ] } },
{ "type": "Feature", "properties": { "crop": "Pasture", "acreage": 9.7 }, "geometry": { "type": "Polygon", "coordinates": [ [ [ -157.724417, 21.352812 ], [ -157.724645, 21.352615 ], [ -157.725022, 21.352438 ], [ -157.725221, 21.352417 ], [ -157.72538, 21.352458 ], [ -157.725632, 21.352357 ], [ -157.725961, 21.351903 ], [ -157.726471, 21.351536 ], [ -157.727218, 21.351235 ], [ -157.727371, 21.35124 ], [ -157.727547, 21.351337 ], [ -157.727865, 21.351615 ], [ -157.726597, 21.352441 ], [ -157.726739, 21.353101 ], [ -157.72654, 21.353222 ], [ -157.726223, 21.353599 ], [ -157.725745, 21.353107 ], [ -157.724942, 21.35372 ], [ -157.724688, 21.353167 ], [ -157.724417, 21.352812 ] ] ] } },
{ "type": "Feature", "properties": { "crop": "Pasture", "acreage": 6.8 }, "geometry": { "type": "Polygon", "coordinates": [ [ [ -157.728148, 21.350488 ], [ -157.729002, 21.351053 ], [ -157.729413, 21.351368 ], [ -157.729599, 21.351646 ], [ -157.729534, 21.352864 ], [ -157.729421, 21.353686 ], [ -157.729434, 21.354151 ], [ -157.729038, 21.353683 ], [ -157.728908, 21.353362 ], [ -157.728793, 21.351793 ], [ -157.728476, 21.351384 ], [ -157.728317, 21.351329 ], [ -157.72794, 21.351019 ], [ -157.727957, 21.350744 ], [ -157.72811, 21.350528 ], [ -157.728148, 21.350488 ] ] ] } },
{ "type": "Feature", "properties": { "crop": "Pasture", "acreage": 33.9 }, "geometry": { "type": "Polygon", "coordinates": [ [ [ -157.723927, 21.354852 ], [ -157.723594, 21.354882 ], [ -157.723218, 21.353887 ], [ -157.722978, 21.353077 ], [ -157.722952, 21.352595 ], [ -157.723245, 21.35213 ], [ -157.723287, 21.351595 ], [ -157.723264, 21.351097 ], [ -157.723067, 21.351119 ], [ -157.722982, 21.350594 ], [ -157.723159, 21.35052 ], [ -157.723063, 21.350169 ], [ -157.723201, 21.350106 ], [ -157.723099, 21.349821 ], [ -157.722971, 21.349857 ], [ -157.722729, 21.349459 ], [ -157.722927, 21.349315 ], [ -157.722816, 21.349032 ], [ -157.722452, 21.348641 ], [ -157.722647, 21.348598 ], [ -157.722693, 21.348221 ], [ -157.725332, 21.348621 ], [ -157.72562, 21.34873 ], [ -157.726304, 21.34918 ], [ -157.725981, 21.349852 ], [ -157.725641, 21.350306 ], [ -157.725229, 21.350474 ], [ -157.724308, 21.350689 ], [ -157.724139, 21.351428 ], [ -157.723999, 21.352471 ], [ -157.724111, 21.352937 ], [ -157.724232, 21.354658 ], [ -157.724315, 21.354889 ], [ -157.724674, 21.354657 ], [ -157.725219, 21.35416 ], [ -157.725753, 21.353789 ], [ -157.72597, 21.35389 ], [ -157.726133, 21.354086 ], [ -157.724545, 21.355289 ], [ -157.723752, 21.35582 ], [ -157.723664, 21.355684 ], [ -157.723593, 21.355325 ], [ -157.724041, 21.355289 ], [ -157.723927, 21.354852 ] ] ] } },
{ "type": "Feature", "properties": { "crop": "Pasture", "acreage": 21.9 }, "geometry": { "type": "Polygon", "coordinates": [ [ [ -157.730073, 21.351898 ], [ -157.731227, 21.352178 ], [ -157.731474, 21.352324 ], [ -157.731522, 21.352491 ], [ -157.731522, 21.352772 ], [ -157.731459, 21.353372 ], [ -157.731535, 21.353711 ], [ -157.73209, 21.354402 ], [ -157.732084, 21.354682 ], [ -157.732178, 21.354913 ], [ -157.732396, 21.355073 ], [ -157.732691, 21.35521 ], [ -157.732761, 21.355297 ], [ -157.732959, 21.355863 ], [ -157.732651, 21.356046 ], [ -157.73204, 21.356664 ], [ -157.730757, 21.355467 ], [ -157.730209, 21.354875 ], [ -157.729957, 21.35453 ], [ -157.729814, 21.354236 ], [ -157.729762, 21.354041 ], [ -157.72975, 21.353661 ], [ -157.730029, 21.352038 ], [ -157.730073, 21.351898 ] ] ] } },
{ "type": "Feature", "properties": { "crop": "Pasture", "acreage": 64.8 }, "geometry": { "type": "Polygon", "coordinates": [ [ [ -157.761033, 21.376701 ], [ -157.760999, 21.376403 ], [ -157.761111, 21.376028 ], [ -157.761127, 21.375554 ], [ -157.761018, 21.375328 ], [ -157.76049, 21.374678 ], [ -157.760467, 21.374343 ], [ -157.760498, 21.374041 ], [ -157.76067, 21.373735 ], [ -157.760802, 21.373596 ], [ -157.760922, 21.373303 ], [ -157.760941, 21.373023 ], [ -157.760866, 21.372359 ], [ -157.760923, 21.371885 ], [ -157.7613, 21.371938 ], [ -157.761258, 21.371454 ], [ -157.760968, 21.370539 ], [ -157.760973, 21.369957 ], [ -157.761078, 21.36975 ], [ -157.76228, 21.368358 ], [ -157.762562, 21.368293 ], [ -157.762856, 21.368381 ], [ -157.763615, 21.368933 ], [ -157.763944, 21.369224 ], [ -157.764281, 21.36938 ], [ -157.764327, 21.369449 ], [ -157.764181, 21.369895 ], [ -157.763495, 21.370445 ], [ -157.763366, 21.370688 ], [ -157.763302, 21.37095 ], [ -157.763474, 21.371741 ], [ -157.763581, 21.371864 ], [ -157.763554, 21.372194 ], [ -157.7636, 21.372903 ], [ -157.763736, 21.373347 ], [ -157.76386, 21.374111 ], [ -157.763741, 21.375609 ], [ -157.763626, 21.37611 ], [ -157.763306, 21.37673 ], [ -157.763269, 21.376918 ], [ -157.762658, 21.37693 ], [ -157.760704, 21.377408 ], [ -157.760685, 21.377344 ], [ -157.760856, 21.377047 ], [ -157.761033, 21.376701 ] ] ] } },
{ "type": "Feature", "properties": { "crop": "Pasture", "acreage": 1590.7 }, "geometry": { "type": "Polygon", "coordinates": [ [ [ -157.963422, 21.449922 ], [ -157.963189, 21.448151 ], [ -157.965082, 21.448264 ], [ -157.965648, 21.448627 ], [ -157.966033, 21.449176 ], [ -157.967236, 21.448865 ], [ -157.968559, 21.449363 ], [ -157.969502, 21.448909 ], [ -157.969989, 21.448548 ], [ -157.969549, 21.446555 ], [ -157.969146, 21.446563 ], [ -157.968975, 21.443153 ], [ -157.972365, 21.441698 ], [ -157.973305, 21.43629 ], [ -157.973062, 21.433886 ], [ -157.970839, 21.433722 ], [ -157.967678, 21.42809 ], [ -157.970055, 21.423873 ], [ -157.972727, 21.423841 ], [ -157.984129, 21.417961 ], [ -157.986205, 21.4185 ], [ -157.986411, 21.418041 ], [ -157.987083, 21.416015 ], [ -157.987976, 21.414725 ], [ -157.989339, 21.414874 ], [ -157.989983, 21.413247 ], [ -157.991134, 21.41465 ], [ -157.991199, 21.414675 ], [ -157.99109, 21.417275 ], [ -157.992229, 21.418384 ], [ -157.991952, 21.421064 ], [ -157.99233, 21.420971 ], [ -157.994217, 21.424532 ], [ -157.992218, 21.428293 ], [ -157.99249, 21.431457 ], [ -157.991701, 21.43424 ], [ -157.990193, 21.43607 ], [ -157.984738, 21.438966 ], [ -157.984755, 21.439043 ], [ -157.98198, 21.445062 ], [ -157.981996, 21.446864 ], [ -157.981776, 21.447197 ], [ -157.972161, 21.450717 ], [ -157.964549, 21.451437 ], [ -157.963827, 21.449863 ], [ -157.963422, 21.449922 ] ] ] } },
{ "type": "Feature", "properties": { "crop": "Pasture", "acreage": 22.6 }, "geometry": { "type": "Polygon", "coordinates": [ [ [ -157.84202, 21.460504 ], [ -157.841679, 21.460107 ], [ -157.842986, 21.459314 ], [ -157.843952, 21.460427 ], [ -157.844102, 21.460663 ], [ -157.84425, 21.460786 ], [ -157.844421, 21.460841 ], [ -157.844762, 21.460812 ], [ -157.845195, 21.460666 ], [ -157.845342, 21.460663 ], [ -157.845548, 21.460763 ], [ -157.845639, 21.460891 ], [ -157.845714, 21.461316 ], [ -157.845676, 21.462034 ], [ -157.845373, 21.462257 ], [ -157.845321, 21.462749 ], [ -157.843325, 21.462986 ], [ -157.843177, 21.462481 ], [ -157.842382, 21.461056 ], [ -157.84202, 21.460504 ] ] ] } },
{ "type": "Feature", "properties": { "crop": "Pasture", "acreage": 1.9 }, "geometry": { "type": "Polygon", "coordinates": [ [ [ -157.845965, 21.469132 ], [ -157.846283, 21.469662 ], [ -157.84522, 21.470007 ], [ -157.845086, 21.469284 ], [ -157.845965, 21.469132 ] ] ] } },
{ "type": "Feature", "properties": { "crop": "Pasture", "acreage": 45.1 }, "geometry": { "type": "Polygon", "coordinates": [ [ [ -157.853379, 21.48594 ], [ -157.853751, 21.486029 ], [ -157.855366, 21.485841 ], [ -157.855615, 21.485947 ], [ -157.855793, 21.486129 ], [ -157.855877, 21.486332 ], [ -157.855845, 21.48654 ], [ -157.85573, 21.486765 ], [ -157.855012, 21.487266 ], [ -157.854016, 21.48753 ], [ -157.853758, 21.487614 ], [ -157.853677, 21.48769 ], [ -157.853654, 21.488268 ], [ -157.85372, 21.488346 ], [ -157.853797, 21.4884 ], [ -157.854027, 21.488438 ], [ -157.854874, 21.488503 ], [ -157.85511, 21.488586 ], [ -157.85523, 21.488736 ], [ -157.855121, 21.488938 ], [ -157.854725, 21.489292 ], [ -157.85342, 21.489907 ], [ -157.853322, 21.489996 ], [ -157.853137, 21.490311 ], [ -157.852776, 21.490543 ], [ -157.852635, 21.49057 ], [ -157.852111, 21.490534 ], [ -157.851816, 21.490437 ], [ -157.851013, 21.489669 ], [ -157.850322, 21.487121 ], [ -157.850969, 21.486936 ], [ -157.851653, 21.486651 ], [ -157.852311, 21.486105 ], [ -157.853379, 21.48594 ] ] ] } },
{ "type": "Feature", "properties": { "crop": "Pasture", "acreage": 3.4 }, "geometry": { "type": "MultiPolygon", "coordinates": [ [ [ [ -157.853185, 21.499594 ], [ -157.851768, 21.499823 ], [ -157.851604, 21.499108 ], [ -157.852898, 21.498747 ], [ -157.853731, 21.500667 ], [ -157.853244, 21.49963 ], [ -157.853185, 21.499594 ] ] ], [ [ [ -157.853821, 21.500867 ], [ -157.854106, 21.501379 ], [ -157.854056, 21.501388 ], [ -157.853821, 21.500867 ] ] ] ] } },
{ "type": "Feature", "properties": { "crop": "Pasture", "acreage": 91.8 }, "geometry": { "type": "Polygon", "coordinates": [ [ [ -158.008776, 21.538363 ], [ -158.008621, 21.538177 ], [ -158.008127, 21.53785 ], [ -158.007628, 21.537664 ], [ -158.006972, 21.537312 ], [ -158.006651, 21.537265 ], [ -158.00632, 21.537352 ], [ -158.006171, 21.537348 ], [ -158.005318, 21.53714 ], [ -158.005258, 21.537084 ], [ -158.00539, 21.536968 ], [ -158.008016, 21.535445 ], [ -158.009461, 21.534683 ], [ -158.010417, 21.534073 ], [ -158.011003, 21.533776 ], [ -158.011179, 21.533717 ], [ -158.014178, 21.533508 ], [ -158.014177, 21.533631 ], [ -158.013881, 21.534496 ], [ -158.01378, 21.535171 ], [ -158.013829, 21.536178 ], [ -158.01398, 21.536881 ], [ -158.013326, 21.538418 ], [ -158.012881, 21.539675 ], [ -158.012715, 21.539838 ], [ -158.012462, 21.539973 ], [ -158.011632, 21.540347 ], [ -158.011377, 21.540368 ], [ -158.011253, 21.540229 ], [ -158.011152, 21.539727 ], [ -158.011034, 21.539656 ], [ -158.01079, 21.539602 ], [ -158.010413, 21.53936 ], [ -158.01009, 21.539245 ], [ -158.00988, 21.538918 ], [ -158.009549, 21.538527 ], [ -158.009432, 21.538446 ], [ -158.009276, 21.538417 ], [ -158.008776, 21.538363 ] ] ] } },
{ "type": "Feature", "properties": { "crop": "Pasture", "acreage": 261.0 }, "geometry": { "type": "Polygon", "coordinates": [ [ [ -158.033804, 21.547739 ], [ -158.033527, 21.547511 ], [ -158.032904, 21.547188 ], [ -158.031888, 21.546886 ], [ -158.031451, 21.546578 ], [ -158.031206, 21.546486 ], [ -158.030953, 21.546231 ], [ -158.030667, 21.546337 ], [ -158.0304, 21.546276 ], [ -158.029816, 21.546281 ], [ -158.029378, 21.546146 ], [ -158.029048, 21.545851 ], [ -158.028738, 21.545294 ], [ -158.028387, 21.545081 ], [ -158.027825, 21.544954 ], [ -158.027044, 21.544977 ], [ -158.026712, 21.545056 ], [ -158.02633, 21.545306 ], [ -158.025996, 21.54532 ], [ -158.025817, 21.545236 ], [ -158.025699, 21.544951 ], [ -158.025386, 21.544674 ], [ -158.024897, 21.544415 ], [ -158.024453, 21.544305 ], [ -158.024078, 21.5443 ], [ -158.02381, 21.544354 ], [ -158.023457, 21.544555 ], [ -158.02296, 21.544717 ], [ -158.022745, 21.544833 ], [ -158.022515, 21.545122 ], [ -158.022402, 21.545554 ], [ -158.022263, 21.545799 ], [ -158.022096, 21.545966 ], [ -158.021671, 21.5462 ], [ -158.021354, 21.546457 ], [ -158.02092, 21.547212 ], [ -158.020689, 21.547472 ], [ -158.02031, 21.547683 ], [ -158.019835, 21.547629 ], [ -158.019571, 21.547744 ], [ -158.019373, 21.547777 ], [ -158.019271, 21.547749 ], [ -158.019147, 21.547614 ], [ -158.018947, 21.546987 ], [ -158.018766, 21.546746 ], [ -158.018648, 21.54676 ], [ -158.018477, 21.546854 ], [ -158.018236, 21.546855 ], [ -158.017914, 21.546666 ], [ -158.017654, 21.546662 ], [ -158.017396, 21.54675 ], [ -158.017026, 21.547121 ], [ -158.016853, 21.547146 ], [ -158.016625, 21.54709 ], [ -158.016411, 21.547243 ], [ -158.016213, 21.54724 ], [ -158.016098, 21.54716 ], [ -158.016232, 21.546952 ], [ -158.016231, 21.54686 ], [ -158.016173, 21.546797 ], [ -158.016019, 21.546771 ], [ -158.0159, 21.546887 ], [ -158.015765, 21.546939 ], [ -158.015519, 21.54691 ], [ -158.015361, 21.546795 ], [ -158.015133, 21.546432 ], [ -158.014961, 21.546283 ], [ -158.014178, 21.545916 ], [ -158.013992, 21.545886 ], [ -158.013745, 21.545926 ], [ -158.013558, 21.545906 ], [ -158.013374, 21.545775 ], [ -158.013184, 21.545524 ], [ -158.013066, 21.545468 ], [ -158.012448, 21.545401 ], [ -158.012071, 21.545464 ], [ -158.011529, 21.545645 ], [ -158.01122, 21.545658 ], [ -158.010952, 21.545587 ], [ -158.01056, 21.545327 ], [ -158.009933, 21.544624 ], [ -158.009694, 21.544484 ], [ -158.009465, 21.544413 ], [ -158.008394, 21.544378 ], [ -158.007193, 21.544518 ], [ -158.006583, 21.544399 ], [ -158.006304, 21.544486 ], [ -158.005537, 21.544879 ], [ -158.004957, 21.545066 ], [ -158.004409, 21.54514 ], [ -158.003453, 21.545114 ], [ -158.003045, 21.545268 ], [ -158.002051, 21.54553 ], [ -158.001222, 21.545586 ], [ -158.00058, 21.545461 ], [ -157.999722, 21.545107 ], [ -157.999134, 21.544535 ], [ -157.999039, 21.544042 ], [ -157.999042, 21.543839 ], [ -157.999165, 21.543515 ], [ -157.999237, 21.543042 ], [ -157.999401, 21.542857 ], [ -157.99962, 21.542716 ], [ -157.999893, 21.542621 ], [ -158.000229, 21.54258 ], [ -158.001662, 21.54256 ], [ -158.002034, 21.542457 ], [ -158.002383, 21.542277 ], [ -158.002614, 21.542006 ], [ -158.002791, 21.541159 ], [ -158.002879, 21.540993 ], [ -158.003006, 21.540913 ], [ -158.003639, 21.540703 ], [ -158.004316, 21.540558 ], [ -158.004497, 21.540674 ], [ -158.004499, 21.540931 ], [ -158.00456, 21.541049 ], [ -158.004815, 21.541182 ], [ -158.00511, 21.541231 ], [ -158.005335, 21.54107 ], [ -158.005571, 21.540661 ], [ -158.006547, 21.540374 ], [ -158.006743, 21.540389 ], [ -158.006951, 21.54049 ], [ -158.007067, 21.540631 ], [ -158.007115, 21.540801 ], [ -158.00704, 21.541041 ], [ -158.006722, 21.541361 ], [ -158.006725, 21.541442 ], [ -158.006887, 21.541545 ], [ -158.006897, 21.541648 ], [ -158.006641, 21.542031 ], [ -158.006465, 21.542078 ], [ -158.006084, 21.542089 ], [ -158.00574, 21.542315 ], [ -158.005587, 21.542363 ], [ -158.004931, 21.542377 ], [ -158.004666, 21.542527 ], [ -158.004515, 21.542504 ], [ -158.004321, 21.542367 ], [ -158.003948, 21.542387 ], [ -158.003738, 21.542515 ], [ -158.003555, 21.542767 ], [ -158.003398, 21.542901 ], [ -158.003259, 21.542942 ], [ -158.003093, 21.542888 ], [ -158.002951, 21.542969 ], [ -158.002826, 21.543177 ], [ -158.00287, 21.543297 ], [ -158.002978, 21.543355 ], [ -158.003103, 21.543362 ], [ -158.003541, 21.543196 ], [ -158.003813, 21.543294 ], [ -158.004182, 21.54321 ], [ -158.004464, 21.543261 ], [ -158.004619, 21.543192 ], [ -158.004668, 21.54305 ], [ -158.004722, 21.543031 ], [ -158.004828, 21.543125 ], [ -158.004808, 21.543376 ], [ -158.004847, 21.543478 ], [ -158.005015, 21.543497 ], [ -158.005358, 21.543447 ], [ -158.005456, 21.543492 ], [ -158.005595, 21.543655 ], [ -158.005827, 21.543695 ], [ -158.006312, 21.543577 ], [ -158.006808, 21.543376 ], [ -158.006934, 21.543249 ], [ -158.007049, 21.542965 ], [ -158.007142, 21.542993 ], [ -158.00721, 21.543086 ], [ -158.007316, 21.543107 ], [ -158.008235, 21.542941 ], [ -158.008944, 21.542935 ], [ -158.009161, 21.54297 ], [ -158.00954, 21.543125 ], [ -158.010256, 21.543197 ], [ -158.010672, 21.543304 ], [ -158.010993, 21.543493 ], [ -158.011234, 21.543838 ], [ -158.011427, 21.544 ], [ -158.011596, 21.544072 ], [ -158.011863, 21.544089 ], [ -158.01206, 21.544067 ], [ -158.012245, 21.543979 ], [ -158.012695, 21.543519 ], [ -158.013154, 21.543244 ], [ -158.013635, 21.543096 ], [ -158.014156, 21.543044 ], [ -158.014251, 21.543065 ], [ -158.014324, 21.543147 ], [ -158.014358, 21.543422 ], [ -158.014259, 21.543704 ], [ -158.013988, 21.544064 ], [ -158.013836, 21.544361 ], [ -158.013778, 21.54463 ], [ -158.013826, 21.544829 ], [ -158.013909, 21.544903 ], [ -158.014061, 21.544932 ], [ -158.014262, 21.544915 ], [ -158.014412, 21.544853 ], [ -158.014588, 21.544657 ], [ -158.014857, 21.544032 ], [ -158.015011, 21.543958 ], [ -158.015205, 21.544055 ], [ -158.015285, 21.544215 ], [ -158.015236, 21.544602 ], [ -158.015134, 21.54487 ], [ -158.015254, 21.544953 ], [ -158.01544, 21.544972 ], [ -158.015761, 21.544926 ], [ -158.015939, 21.544802 ], [ -158.01613, 21.544478 ], [ -158.016277, 21.543931 ], [ -158.016359, 21.543802 ], [ -158.016502, 21.543705 ], [ -158.016716, 21.543679 ], [ -158.016896, 21.543777 ], [ -158.017135, 21.544132 ], [ -158.01735, 21.544678 ], [ -158.017477, 21.544785 ], [ -158.017735, 21.544808 ], [ -158.018011, 21.54466 ], [ -158.018381, 21.544179 ], [ -158.018652, 21.543985 ], [ -158.018885, 21.543926 ], [ -158.01944, 21.543933 ], [ -158.019654, 21.543876 ], [ -158.02076, 21.543312 ], [ -158.021112, 21.543042 ], [ -158.021327, 21.542767 ], [ -158.021463, 21.542676 ], [ -158.021838, 21.54264 ], [ -158.022405, 21.542369 ], [ -158.023358, 21.542169 ], [ -158.023538, 21.542245 ], [ -158.023794, 21.542572 ], [ -158.023965, 21.5427 ], [ -158.024659, 21.542972 ], [ -158.02564, 21.542959 ], [ -158.026152, 21.542867 ], [ -158.0267, 21.542702 ], [ -158.026971, 21.542714 ], [ -158.027081, 21.542785 ], [ -158.027131, 21.542896 ], [ -158.027067, 21.543259 ], [ -158.027111, 21.543435 ], [ -158.027665, 21.5438 ], [ -158.028, 21.544181 ], [ -158.028452, 21.544365 ], [ -158.028858, 21.544407 ], [ -158.029828, 21.544363 ], [ -158.03014, 21.544402 ], [ -158.030408, 21.544184 ], [ -158.030925, 21.543981 ], [ -158.031141, 21.543643 ], [ -158.031435, 21.543567 ], [ -158.031668, 21.543618 ], [ -158.031853, 21.543716 ], [ -158.032633, 21.544318 ], [ -158.033263, 21.544427 ], [ -158.033667, 21.544713 ], [ -158.034054, 21.544909 ], [ -158.034254, 21.544944 ], [ -158.034853, 21.544866 ], [ -158.035191, 21.544927 ], [ -158.035425, 21.54514 ], [ -158.035754, 21.545315 ], [ -158.035867, 21.545457 ], [ -158.035979, 21.545709 ], [ -158.036371, 21.547292 ], [ -158.036356, 21.547489 ], [ -158.036199, 21.54777 ], [ -158.035982, 21.547892 ], [ -158.035786, 21.548193 ], [ -158.034868, 21.548091 ], [ -158.034558, 21.548173 ], [ -158.034211, 21.548412 ], [ -158.034083, 21.54845 ], [ -158.033986, 21.548362 ], [ -158.033963, 21.548151 ], [ -158.033804, 21.547739 ] ] ] } },
{ "type": "Feature", "properties": { "crop": "Pasture", "acreage": 42.6 }, "geometry": { "type": "Polygon", "coordinates": [ [ [ -158.000449, 21.557697 ], [ -158.000217, 21.557679 ], [ -157.999907, 21.55758 ], [ -157.999541, 21.557396 ], [ -157.999112, 21.557298 ], [ -157.998735, 21.557307 ], [ -157.998499, 21.557379 ], [ -157.998478, 21.556801 ], [ -157.998759, 21.556708 ], [ -157.998936, 21.556574 ], [ -157.999069, 21.55637 ], [ -157.999256, 21.555859 ], [ -157.999564, 21.555492 ], [ -157.999885, 21.555272 ], [ -158.000275, 21.555124 ], [ -158.000498, 21.554918 ], [ -158.000596, 21.554735 ], [ -158.000784, 21.554005 ], [ -158.000962, 21.553713 ], [ -158.001096, 21.553609 ], [ -158.001219, 21.553597 ], [ -158.001316, 21.553841 ], [ -158.001543, 21.553939 ], [ -158.001736, 21.553914 ], [ -158.001855, 21.553844 ], [ -158.00207, 21.553455 ], [ -158.002198, 21.553517 ], [ -158.002294, 21.553736 ], [ -158.002571, 21.553768 ], [ -158.002854, 21.553566 ], [ -158.003121, 21.553106 ], [ -158.003342, 21.553039 ], [ -158.003459, 21.553055 ], [ -158.003519, 21.553108 ], [ -158.003513, 21.553349 ], [ -158.003431, 21.553609 ], [ -158.003171, 21.553966 ], [ -158.002833, 21.554145 ], [ -158.002126, 21.554287 ], [ -158.00193, 21.554429 ], [ -158.001752, 21.554657 ], [ -158.001679, 21.554854 ], [ -158.001696, 21.555042 ], [ -158.002046, 21.555379 ], [ -158.002304, 21.555481 ], [ -158.003696, 21.555607 ], [ -158.004269, 21.555734 ], [ -158.004563, 21.555737 ], [ -158.004778, 21.555627 ], [ -158.004954, 21.555402 ], [ -158.005237, 21.554918 ], [ -158.005388, 21.554494 ], [ -158.005507, 21.554378 ], [ -158.005707, 21.554338 ], [ -158.00586, 21.554385 ], [ -158.006252, 21.554796 ], [ -158.006309, 21.554957 ], [ -158.006281, 21.555098 ], [ -158.005578, 21.555679 ], [ -158.005491, 21.555854 ], [ -158.005455, 21.556072 ], [ -158.005293, 21.556163 ], [ -158.005046, 21.556136 ], [ -158.00484, 21.556204 ], [ -158.004782, 21.556304 ], [ -158.004767, 21.556509 ], [ -158.004676, 21.556623 ], [ -158.00457, 21.556652 ], [ -158.004266, 21.556617 ], [ -158.004014, 21.556691 ], [ -158.003802, 21.556829 ], [ -158.003266, 21.557307 ], [ -158.003113, 21.557294 ], [ -158.002851, 21.557135 ], [ -158.002663, 21.557076 ], [ -158.002057, 21.557001 ], [ -158.00192, 21.55705 ], [ -158.001869, 21.557148 ], [ -158.001979, 21.557422 ], [ -158.001938, 21.557608 ], [ -158.001306, 21.557739 ], [ -158.000814, 21.557624 ], [ -158.000449, 21.557697 ] ] ] } },
{ "type": "Feature", "properties": { "crop": "Pasture", "acreage": 1104.7 }, "geometry": { "type": "Polygon", "coordinates": [ [ [ -158.044281, 21.570195 ], [ -158.043908, 21.570152 ], [ -158.043769, 21.570174 ], [ -158.043487, 21.570308 ], [ -158.042953, 21.570731 ], [ -158.042753, 21.57077 ], [ -158.042591, 21.570702 ], [ -158.042367, 21.570482 ], [ -158.042043, 21.570262 ], [ -158.04178, 21.569906 ], [ -158.041194, 21.569726 ], [ -158.041064, 21.569542 ], [ -158.040787, 21.569416 ], [ -158.040624, 21.569162 ], [ -158.040202, 21.568974 ], [ -158.039855, 21.568651 ], [ -158.039605, 21.568552 ], [ -158.039293, 21.5685 ], [ -158.039106, 21.568408 ], [ -158.038899, 21.56808 ], [ -158.038666, 21.567533 ], [ -158.038396, 21.567119 ], [ -158.038086, 21.566886 ], [ -158.037468, 21.566613 ], [ -158.036982, 21.565932 ], [ -158.036842, 21.565783 ], [ -158.036659, 21.565675 ], [ -158.036298, 21.565639 ], [ -158.035219, 21.565704 ], [ -158.034358, 21.56536 ], [ -158.03398, 21.565298 ], [ -158.03362, 21.565371 ], [ -158.033234, 21.565692 ], [ -158.032913, 21.565813 ], [ -158.032736, 21.565825 ], [ -158.032296, 21.565752 ], [ -158.031298, 21.565822 ], [ -158.031204, 21.565781 ], [ -158.031137, 21.565688 ], [ -158.03097, 21.564997 ], [ -158.030796, 21.564674 ], [ -158.030815, 21.56449 ], [ -158.030899, 21.564494 ], [ -158.030947, 21.564416 ], [ -158.030945, 21.564136 ], [ -158.030845, 21.563945 ], [ -158.030673, 21.563838 ], [ -158.029891, 21.563651 ], [ -158.029214, 21.563371 ], [ -158.028892, 21.5633 ], [ -158.028498, 21.563401 ], [ -158.028088, 21.563658 ], [ -158.027758, 21.563795 ], [ -158.027185, 21.563867 ], [ -158.026944, 21.563856 ], [ -158.026742, 21.563776 ], [ -158.026549, 21.563556 ], [ -158.026363, 21.563461 ], [ -158.025809, 21.563398 ], [ -158.024909, 21.563089 ], [ -158.024191, 21.562962 ], [ -158.023794, 21.562789 ], [ -158.0231, 21.562671 ], [ -158.022617, 21.562429 ], [ -158.022291, 21.562447 ], [ -158.02212, 21.562412 ], [ -158.021888, 21.562257 ], [ -158.021517, 21.561818 ], [ -158.021314, 21.561677 ], [ -158.020995, 21.561781 ], [ -158.020679, 21.562045 ], [ -158.020665, 21.562261 ], [ -158.020832, 21.56255 ], [ -158.020783, 21.562671 ], [ -158.020673, 21.562729 ], [ -158.020305, 21.562742 ], [ -158.01935, 21.562523 ], [ -158.019131, 21.562577 ], [ -158.018738, 21.562781 ], [ -158.018276, 21.562805 ], [ -158.017938, 21.562714 ], [ -158.017627, 21.562542 ], [ -158.01716, 21.561956 ], [ -158.016759, 21.561633 ], [ -158.016204, 21.561331 ], [ -158.015741, 21.561137 ], [ -158.015181, 21.560997 ], [ -158.014648, 21.560962 ], [ -158.014211, 21.561001 ], [ -158.013586, 21.56116 ], [ -158.013249, 21.561197 ], [ -158.013091, 21.561123 ], [ -158.012895, 21.560851 ], [ -158.012732, 21.560753 ], [ -158.011392, 21.560449 ], [ -158.01105, 21.560296 ], [ -158.01078, 21.560291 ], [ -158.010378, 21.560371 ], [ -158.009852, 21.560609 ], [ -158.009711, 21.560722 ], [ -158.00961, 21.561054 ], [ -158.009722, 21.561631 ], [ -158.00971, 21.561775 ], [ -158.009644, 21.561873 ], [ -158.009409, 21.561922 ], [ -158.009018, 21.561846 ], [ -158.008813, 21.56186 ], [ -158.007989, 21.562176 ], [ -158.007824, 21.562288 ], [ -158.007779, 21.562367 ], [ -158.007802, 21.562457 ], [ -158.008269, 21.563071 ], [ -158.008273, 21.563246 ], [ -158.008184, 21.56335 ], [ -158.007961, 21.56334 ], [ -158.00729, 21.563149 ], [ -158.007088, 21.563162 ], [ -158.006931, 21.563284 ], [ -158.006792, 21.563286 ], [ -158.006485, 21.563148 ], [ -158.0059, 21.562999 ], [ -158.00349, 21.563191 ], [ -158.002927, 21.562705 ], [ -158.002236, 21.562427 ], [ -158.001962, 21.562225 ], [ -158.00181, 21.561945 ], [ -158.00168, 21.561526 ], [ -158.001401, 21.561122 ], [ -158.001383, 21.56073 ], [ -158.001163, 21.560476 ], [ -158.00103, 21.560144 ], [ -158.000502, 21.559773 ], [ -157.999214, 21.558618 ], [ -157.998526, 21.558192 ], [ -157.998509, 21.557726 ], [ -157.998719, 21.557822 ], [ -157.99925, 21.557844 ], [ -157.999606, 21.558008 ], [ -157.999872, 21.558267 ], [ -158.0, 21.55863 ], [ -158.000204, 21.55889 ], [ -158.000619, 21.559172 ], [ -158.001092, 21.55935 ], [ -158.001616, 21.559408 ], [ -158.002234, 21.559318 ], [ -158.002818, 21.559419 ], [ -158.003132, 21.559363 ], [ -158.003339, 21.559212 ], [ -158.003528, 21.559136 ], [ -158.004465, 21.559192 ], [ -158.004603, 21.559133 ], [ -158.004704, 21.559022 ], [ -158.004945, 21.558404 ], [ -158.005335, 21.558441 ], [ -158.005571, 21.558385 ], [ -158.005762, 21.558237 ], [ -158.005969, 21.557918 ], [ -158.006124, 21.557816 ], [ -158.006237, 21.557809 ], [ -158.006445, 21.557929 ], [ -158.006653, 21.55786 ], [ -158.007208, 21.557146 ], [ -158.007607, 21.556533 ], [ -158.007861, 21.556354 ], [ -158.008081, 21.556097 ], [ -158.008314, 21.555924 ], [ -158.00859, 21.555807 ], [ -158.008938, 21.555765 ], [ -158.009103, 21.555673 ], [ -158.009315, 21.555435 ], [ -158.009582, 21.555023 ], [ -158.009872, 21.55478 ], [ -158.010111, 21.554769 ], [ -158.010327, 21.554856 ], [ -158.011044, 21.555515 ], [ -158.011085, 21.555719 ], [ -158.011006, 21.556081 ], [ -158.011047, 21.556395 ], [ -158.011001, 21.556529 ], [ -158.010913, 21.556613 ], [ -158.010753, 21.55665 ], [ -158.010206, 21.556598 ], [ -158.009544, 21.556668 ], [ -158.008265, 21.556958 ], [ -158.008019, 21.557055 ], [ -158.007886, 21.557162 ], [ -158.007886, 21.557283 ], [ -158.007968, 21.557415 ], [ -158.008205, 21.557458 ], [ -158.008623, 21.557376 ], [ -158.008865, 21.557426 ], [ -158.009185, 21.557393 ], [ -158.00974, 21.557563 ], [ -158.010052, 21.557502 ], [ -158.010603, 21.5575 ], [ -158.011193, 21.557368 ], [ -158.01151, 21.557179 ], [ -158.011796, 21.556906 ], [ -158.011879, 21.556713 ], [ -158.011969, 21.556209 ], [ -158.012194, 21.555918 ], [ -158.012858, 21.555748 ], [ -158.013035, 21.555612 ], [ -158.013181, 21.555342 ], [ -158.013417, 21.555276 ], [ -158.013505, 21.55531 ], [ -158.013542, 21.555393 ], [ -158.013528, 21.555785 ], [ -158.013584, 21.556044 ], [ -158.013645, 21.556114 ], [ -158.013769, 21.556112 ], [ -158.013944, 21.556006 ], [ -158.014127, 21.555818 ], [ -158.014557, 21.555295 ], [ -158.014678, 21.555043 ], [ -158.014818, 21.554987 ], [ -158.014947, 21.555025 ], [ -158.014953, 21.555195 ], [ -158.014703, 21.555678 ], [ -158.014429, 21.556007 ], [ -158.01438, 21.556293 ], [ -158.014293, 21.55642 ], [ -158.014064, 21.556512 ], [ -158.013815, 21.556692 ], [ -158.013184, 21.556623 ], [ -158.013025, 21.556645 ], [ -158.012917, 21.556755 ], [ -158.012932, 21.556977 ], [ -158.01287, 21.557124 ], [ -158.012438, 21.557123 ], [ -158.011849, 21.557287 ], [ -158.011406, 21.557492 ], [ -158.010877, 21.557892 ], [ -158.009923, 21.558283 ], [ -158.009576, 21.558554 ], [ -158.009275, 21.558868 ], [ -158.009126, 21.55906 ], [ -158.008909, 21.559475 ], [ -158.008616, 21.559723 ], [ -158.00826, 21.559817 ], [ -158.007383, 21.559899 ], [ -158.00559, 21.559916 ], [ -158.005252, 21.560013 ], [ -158.0051, 21.560161 ], [ -158.005141, 21.560341 ], [ -158.005254, 21.560485 ], [ -158.005502, 21.560599 ], [ -158.005849, 21.560683 ], [ -158.00772, 21.560741 ], [ -158.008817, 21.560679 ], [ -158.009319, 21.560501 ], [ -158.00975, 21.560135 ], [ -158.010382, 21.560028 ], [ -158.010647, 21.559935 ], [ -158.011096, 21.559554 ], [ -158.011661, 21.558946 ], [ -158.011835, 21.55894 ], [ -158.012109, 21.559013 ], [ -158.012504, 21.558965 ], [ -158.012662, 21.558878 ], [ -158.012804, 21.558653 ], [ -158.012947, 21.558546 ], [ -158.01308, 21.558533 ], [ -158.013245, 21.558604 ], [ -158.013391, 21.558598 ], [ -158.013798, 21.558379 ], [ -158.014442, 21.558296 ], [ -158.014862, 21.558019 ], [ -158.015505, 21.557919 ], [ -158.015612, 21.557823 ], [ -158.015689, 21.557514 ], [ -158.015823, 21.557264 ], [ -158.015855, 21.556813 ], [ -158.015988, 21.556697 ], [ -158.016256, 21.556569 ], [ -158.016391, 21.556415 ], [ -158.016447, 21.556194 ], [ -158.016441, 21.555896 ], [ -158.016527, 21.555752 ], [ -158.016716, 21.555678 ], [ -158.01751, 21.555518 ], [ -158.0179, 21.555361 ], [ -158.018193, 21.555296 ], [ -158.018304, 21.555338 ], [ -158.018416, 21.555468 ], [ -158.018574, 21.55592 ], [ -158.018711, 21.556012 ], [ -158.018848, 21.55602 ], [ -158.019032, 21.555832 ], [ -158.01916, 21.555568 ], [ -158.019258, 21.55474 ], [ -158.019364, 21.554471 ], [ -158.019595, 21.55436 ], [ -158.020319, 21.554316 ], [ -158.020695, 21.554203 ], [ -158.020865, 21.554249 ], [ -158.020992, 21.554335 ], [ -158.021292, 21.554766 ], [ -158.021938, 21.555941 ], [ -158.022081, 21.556385 ], [ -158.022113, 21.556652 ], [ -158.022205, 21.556698 ], [ -158.022702, 21.556755 ], [ -158.023145, 21.556943 ], [ -158.023353, 21.556942 ], [ -158.023636, 21.556797 ], [ -158.024961, 21.556369 ], [ -158.02563, 21.55603 ], [ -158.02597, 21.555781 ], [ -158.026242, 21.555513 ], [ -158.026455, 21.555411 ], [ -158.02678, 21.555454 ], [ -158.027521, 21.555718 ], [ -158.028491, 21.555848 ], [ -158.028736, 21.555983 ], [ -158.028752, 21.556071 ], [ -158.028674, 21.556255 ], [ -158.028544, 21.556423 ], [ -158.028371, 21.556524 ], [ -158.027538, 21.556553 ], [ -158.025578, 21.557083 ], [ -158.024862, 21.55719 ], [ -158.024821, 21.557327 ], [ -158.024862, 21.557455 ], [ -158.025078, 21.557502 ], [ -158.025306, 21.557638 ], [ -158.025434, 21.557607 ], [ -158.025562, 21.557647 ], [ -158.025674, 21.557566 ], [ -158.025897, 21.557587 ], [ -158.026103, 21.557508 ], [ -158.026472, 21.55745 ], [ -158.026755, 21.557334 ], [ -158.026866, 21.557351 ], [ -158.026993, 21.557472 ], [ -158.027164, 21.557522 ], [ -158.02736, 21.557288 ], [ -158.027635, 21.557259 ], [ -158.027919, 21.557148 ], [ -158.028067, 21.557172 ], [ -158.028272, 21.55736 ], [ -158.028745, 21.557367 ], [ -158.029383, 21.557041 ], [ -158.02957, 21.55687 ], [ -158.029739, 21.556626 ], [ -158.02991, 21.556509 ], [ -158.030211, 21.556471 ], [ -158.030717, 21.556526 ], [ -158.031021, 21.556516 ], [ -158.031326, 21.55639 ], [ -158.031668, 21.556166 ], [ -158.031936, 21.556088 ], [ -158.032969, 21.556315 ], [ -158.033205, 21.556248 ], [ -158.0336, 21.556014 ], [ -158.033803, 21.555974 ], [ -158.033972, 21.556138 ], [ -158.03416, 21.556602 ], [ -158.034374, 21.556792 ], [ -158.034743, 21.556912 ], [ -158.035089, 21.556967 ], [ -158.03583, 21.556951 ], [ -158.036293, 21.556853 ], [ -158.036576, 21.556737 ], [ -158.036771, 21.55652 ], [ -158.037052, 21.556031 ], [ -158.037188, 21.555919 ], [ -158.037334, 21.555899 ], [ -158.037555, 21.556004 ], [ -158.037759, 21.556215 ], [ -158.038407, 21.557151 ], [ -158.038806, 21.557602 ], [ -158.039129, 21.55781 ], [ -158.039715, 21.558062 ], [ -158.040105, 21.558285 ], [ -158.040394, 21.558289 ], [ -158.04109, 21.55801 ], [ -158.042054, 21.557453 ], [ -158.042268, 21.557245 ], [ -158.042674, 21.557568 ], [ -158.043035, 21.55777 ], [ -158.043341, 21.557866 ], [ -158.044055, 21.557991 ], [ -158.044155, 21.558065 ], [ -158.04418, 21.558194 ], [ -158.043812, 21.559096 ], [ -158.043979, 21.559189 ], [ -158.044399, 21.559299 ], [ -158.04481, 21.55951 ], [ -158.045175, 21.559473 ], [ -158.045912, 21.559259 ], [ -158.046935, 21.55905 ], [ -158.048111, 21.558947 ], [ -158.04906, 21.558528 ], [ -158.050122, 21.558164 ], [ -158.050352, 21.558233 ], [ -158.050726, 21.558512 ], [ -158.051207, 21.558764 ], [ -158.051546, 21.558882 ], [ -158.051942, 21.558929 ], [ -158.052717, 21.558913 ], [ -158.053437, 21.558975 ], [ -158.054105, 21.558971 ], [ -158.054967, 21.558866 ], [ -158.055837, 21.558639 ], [ -158.056039, 21.558632 ], [ -158.056249, 21.558704 ], [ -158.056613, 21.558548 ], [ -158.056995, 21.558668 ], [ -158.057618, 21.558573 ], [ -158.057929, 21.558684 ], [ -158.058099, 21.558838 ], [ -158.058276, 21.559458 ], [ -158.05859, 21.559966 ], [ -158.058704, 21.560481 ], [ -158.058903, 21.560745 ], [ -158.059243, 21.560801 ], [ -158.060522, 21.560823 ], [ -158.060884, 21.560896 ], [ -158.061015, 21.560855 ], [ -158.061161, 21.560727 ], [ -158.061321, 21.56071 ], [ -158.061488, 21.560769 ], [ -158.061629, 21.56092 ], [ -158.06181, 21.561412 ], [ -158.061886, 21.56217 ], [ -158.061825, 21.562551 ], [ -158.061989, 21.562792 ], [ -158.062595, 21.563196 ], [ -158.062641, 21.563422 ], [ -158.062627, 21.563949 ], [ -158.06294, 21.56442 ], [ -158.063001, 21.564666 ], [ -158.062985, 21.564825 ], [ -158.062813, 21.565076 ], [ -158.062323, 21.565363 ], [ -158.062029, 21.565701 ], [ -158.061814, 21.565856 ], [ -158.06108, 21.566111 ], [ -158.060648, 21.566142 ], [ -158.060376, 21.566242 ], [ -158.060162, 21.566523 ], [ -158.060006, 21.567135 ], [ -158.059878, 21.567218 ], [ -158.05941, 21.567343 ], [ -158.059365, 21.567299 ], [ -158.059392, 21.566902 ], [ -158.059269, 21.566808 ], [ -158.059221, 21.566628 ], [ -158.058848, 21.566099 ], [ -158.058459, 21.565802 ], [ -158.058377, 21.565575 ], [ -158.05837, 21.565225 ], [ -158.058249, 21.564999 ], [ -158.05808, 21.564947 ], [ -158.058017, 21.564988 ], [ -158.057968, 21.565138 ], [ -158.05772, 21.565135 ], [ -158.057323, 21.564944 ], [ -158.057003, 21.564717 ], [ -158.056592, 21.564687 ], [ -158.056269, 21.564583 ], [ -158.055948, 21.564361 ], [ -158.055729, 21.563851 ], [ -158.055597, 21.563943 ], [ -158.055613, 21.564153 ], [ -158.055562, 21.564272 ], [ -158.055418, 21.564355 ], [ -158.055232, 21.564369 ], [ -158.055032, 21.56467 ], [ -158.054824, 21.564774 ], [ -158.054695, 21.564739 ], [ -158.054569, 21.564571 ], [ -158.054362, 21.564431 ], [ -158.053787, 21.564413 ], [ -158.053106, 21.564162 ], [ -158.052994, 21.564184 ], [ -158.052895, 21.564266 ], [ -158.052747, 21.56455 ], [ -158.052785, 21.564731 ], [ -158.052667, 21.564817 ], [ -158.052474, 21.564786 ], [ -158.052195, 21.564536 ], [ -158.052019, 21.564493 ], [ -158.05168, 21.564575 ], [ -158.051217, 21.564534 ], [ -158.051126, 21.564599 ], [ -158.051181, 21.564707 ], [ -158.051137, 21.564825 ], [ -158.050772, 21.564848 ], [ -158.05046, 21.564767 ], [ -158.049876, 21.564714 ], [ -158.049164, 21.564533 ], [ -158.048439, 21.564507 ], [ -158.048132, 21.564454 ], [ -158.047773, 21.564286 ], [ -158.047342, 21.563911 ], [ -158.046649, 21.563682 ], [ -158.046491, 21.563732 ], [ -158.046425, 21.563894 ], [ -158.046448, 21.564098 ], [ -158.046614, 21.564212 ], [ -158.046579, 21.564312 ], [ -158.046079, 21.56436 ], [ -158.045633, 21.564306 ], [ -158.0455, 21.564157 ], [ -158.045441, 21.563865 ], [ -158.045303, 21.563767 ], [ -158.044946, 21.563713 ], [ -158.044677, 21.563733 ], [ -158.044445, 21.563796 ], [ -158.044268, 21.563929 ], [ -158.044102, 21.563941 ], [ -158.043969, 21.563854 ], [ -158.043742, 21.563825 ], [ -158.043602, 21.563728 ], [ -158.043339, 21.563159 ], [ -158.043144, 21.56298 ], [ -158.042892, 21.562915 ], [ -158.042111, 21.562919 ], [ -158.041941, 21.562867 ], [ -158.041862, 21.562756 ], [ -158.041705, 21.562243 ], [ -158.04153, 21.562064 ], [ -158.041531, 21.561784 ], [ -158.041448, 21.561581 ], [ -158.040979, 21.56107 ], [ -158.040727, 21.560918 ], [ -158.040472, 21.560829 ], [ -158.040152, 21.560796 ], [ -158.03932, 21.560918 ], [ -158.03913, 21.560873 ], [ -158.038993, 21.560751 ], [ -158.038831, 21.560685 ], [ -158.038164, 21.560725 ], [ -158.037713, 21.560625 ], [ -158.037437, 21.560665 ], [ -158.037157, 21.560835 ], [ -158.036945, 21.560878 ], [ -158.036878, 21.560788 ], [ -158.036814, 21.560429 ], [ -158.036626, 21.560184 ], [ -158.036417, 21.560065 ], [ -158.035933, 21.559929 ], [ -158.035447, 21.559455 ], [ -158.03481, 21.559196 ], [ -158.034499, 21.559183 ], [ -158.034097, 21.559275 ], [ -158.033481, 21.559156 ], [ -158.03334, 21.559213 ], [ -158.033193, 21.559382 ], [ -158.03304, 21.559416 ], [ -158.032859, 21.559388 ], [ -158.032422, 21.559218 ], [ -158.0315, 21.559434 ], [ -158.031298, 21.559411 ], [ -158.031018, 21.559248 ], [ -158.030777, 21.559194 ], [ -158.030406, 21.559198 ], [ -158.03013, 21.559299 ], [ -158.030057, 21.559457 ], [ -158.030184, 21.55962 ], [ -158.030402, 21.559718 ], [ -158.030817, 21.559821 ], [ -158.031096, 21.559997 ], [ -158.03121, 21.560176 ], [ -158.03109, 21.560286 ], [ -158.03082, 21.560183 ], [ -158.029748, 21.559917 ], [ -158.029437, 21.559769 ], [ -158.028786, 21.559802 ], [ -158.028661, 21.559695 ], [ -158.028455, 21.559369 ], [ -158.028105, 21.559343 ], [ -158.027853, 21.559272 ], [ -158.027693, 21.559301 ], [ -158.027528, 21.559407 ], [ -158.027099, 21.559327 ], [ -158.026594, 21.559492 ], [ -158.026412, 21.559462 ], [ -158.026184, 21.559338 ], [ -158.026031, 21.559321 ], [ -158.025897, 21.55936 ], [ -158.025594, 21.559556 ], [ -158.02524, 21.559667 ], [ -158.024023, 21.559668 ], [ -158.023856, 21.559724 ], [ -158.023803, 21.559819 ], [ -158.023846, 21.559942 ], [ -158.024031, 21.560121 ], [ -158.024022, 21.560235 ], [ -158.023952, 21.560299 ], [ -158.023699, 21.560299 ], [ -158.022995, 21.560179 ], [ -158.022594, 21.560296 ], [ -158.022198, 21.560303 ], [ -158.022073, 21.560372 ], [ -158.022095, 21.560672 ], [ -158.022291, 21.561174 ], [ -158.022452, 21.561462 ], [ -158.022544, 21.561525 ], [ -158.022642, 21.561463 ], [ -158.022704, 21.561197 ], [ -158.022838, 21.561071 ], [ -158.023106, 21.56107 ], [ -158.023412, 21.561241 ], [ -158.023617, 21.561261 ], [ -158.023842, 21.561186 ], [ -158.024126, 21.560967 ], [ -158.024601, 21.560864 ], [ -158.024696, 21.560744 ], [ -158.024658, 21.560524 ], [ -158.024681, 21.560343 ], [ -158.024741, 21.56023 ], [ -158.024861, 21.560158 ], [ -158.025593, 21.560183 ], [ -158.02608, 21.560133 ], [ -158.026426, 21.560171 ], [ -158.026751, 21.560119 ], [ -158.027285, 21.560282 ], [ -158.027631, 21.560304 ], [ -158.028266, 21.560698 ], [ -158.028384, 21.560808 ], [ -158.028566, 21.56111 ], [ -158.028879, 21.5612 ], [ -158.029017, 21.561308 ], [ -158.029019, 21.561423 ], [ -158.028881, 21.561724 ], [ -158.028901, 21.561813 ], [ -158.029004, 21.561865 ], [ -158.029229, 21.561795 ], [ -158.029589, 21.561594 ], [ -158.030074, 21.561543 ], [ -158.030459, 21.561585 ], [ -158.030927, 21.561832 ], [ -158.031353, 21.561831 ], [ -158.031687, 21.561676 ], [ -158.032159, 21.561232 ], [ -158.032435, 21.561136 ], [ -158.03257, 21.561187 ], [ -158.032693, 21.56141 ], [ -158.03283, 21.561517 ], [ -158.033006, 21.561543 ], [ -158.03338, 21.561509 ], [ -158.033689, 21.561696 ], [ -158.033941, 21.561753 ], [ -158.0341, 21.561734 ], [ -158.034236, 21.561663 ], [ -158.034338, 21.561561 ], [ -158.034432, 21.561368 ], [ -158.034631, 21.561252 ], [ -158.035032, 21.561186 ], [ -158.035415, 21.561209 ], [ -158.035772, 21.561356 ], [ -158.036064, 21.561661 ], [ -158.036293, 21.561809 ], [ -158.036941, 21.56205 ], [ -158.037504, 21.562166 ], [ -158.037961, 21.562154 ], [ -158.038484, 21.561933 ], [ -158.039186, 21.562096 ], [ -158.039402, 21.562073 ], [ -158.039775, 21.561954 ], [ -158.040187, 21.561964 ], [ -158.040331, 21.562082 ], [ -158.040371, 21.562237 ], [ -158.040365, 21.562579 ], [ -158.040277, 21.562879 ], [ -158.040093, 21.563028 ], [ -158.039751, 21.563063 ], [ -158.039614, 21.563118 ], [ -158.039494, 21.563245 ], [ -158.03939, 21.563566 ], [ -158.039293, 21.563645 ], [ -158.039165, 21.563676 ], [ -158.03897, 21.563642 ], [ -158.038735, 21.563455 ], [ -158.038464, 21.563348 ], [ -158.038157, 21.563022 ], [ -158.03773, 21.562751 ], [ -158.037385, 21.562699 ], [ -158.036683, 21.562797 ], [ -158.036256, 21.562737 ], [ -158.03599, 21.562606 ], [ -158.035592, 21.562193 ], [ -158.035324, 21.562066 ], [ -158.034992, 21.562034 ], [ -158.034684, 21.562097 ], [ -158.034447, 21.562234 ], [ -158.034319, 21.562408 ], [ -158.0343, 21.562559 ], [ -158.034405, 21.562688 ], [ -158.035191, 21.56305 ], [ -158.035234, 21.563141 ], [ -158.035228, 21.563344 ], [ -158.035291, 21.563439 ], [ -158.03547, 21.56344 ], [ -158.035651, 21.563553 ], [ -158.035982, 21.563579 ], [ -158.036527, 21.563761 ], [ -158.037459, 21.563774 ], [ -158.03756, 21.563867 ], [ -158.037525, 21.564139 ], [ -158.037584, 21.564237 ], [ -158.038196, 21.564302 ], [ -158.039147, 21.564689 ], [ -158.039565, 21.564659 ], [ -158.039952, 21.564295 ], [ -158.040262, 21.564206 ], [ -158.040622, 21.564237 ], [ -158.040862, 21.564349 ], [ -158.041114, 21.564315 ], [ -158.041359, 21.564488 ], [ -158.041632, 21.564563 ], [ -158.042368, 21.564492 ], [ -158.042765, 21.564596 ], [ -158.043086, 21.564516 ], [ -158.043425, 21.564521 ], [ -158.043589, 21.56459 ], [ -158.043792, 21.564863 ], [ -158.04387, 21.564765 ], [ -158.043971, 21.564726 ], [ -158.04433, 21.564715 ], [ -158.044892, 21.564619 ], [ -158.045042, 21.564655 ], [ -158.045309, 21.564823 ], [ -158.045649, 21.564812 ], [ -158.045965, 21.564984 ], [ -158.046458, 21.564934 ], [ -158.046848, 21.565034 ], [ -158.047306, 21.565263 ], [ -158.047566, 21.565595 ], [ -158.04794, 21.565679 ], [ -158.048282, 21.565611 ], [ -158.048653, 21.565319 ], [ -158.048946, 21.565276 ], [ -158.050168, 21.565438 ], [ -158.050276, 21.565491 ], [ -158.05035, 21.565603 ], [ -158.050507, 21.565642 ], [ -158.050895, 21.565416 ], [ -158.051296, 21.565327 ], [ -158.051571, 21.565216 ], [ -158.051804, 21.56519 ], [ -158.052225, 21.565257 ], [ -158.05254, 21.565572 ], [ -158.052731, 21.565616 ], [ -158.053018, 21.565478 ], [ -158.05317, 21.565194 ], [ -158.053267, 21.565109 ], [ -158.053376, 21.565126 ], [ -158.053605, 21.565309 ], [ -158.053788, 21.565352 ], [ -158.053941, 21.565292 ], [ -158.05407, 21.5651 ], [ -158.054225, 21.565056 ], [ -158.054324, 21.565101 ], [ -158.054442, 21.565251 ], [ -158.054764, 21.565324 ], [ -158.055009, 21.565543 ], [ -158.05518, 21.565537 ], [ -158.055285, 21.565415 ], [ -158.055441, 21.565403 ], [ -158.055592, 21.565296 ], [ -158.055887, 21.565383 ], [ -158.056094, 21.565378 ], [ -158.056269, 21.56549 ], [ -158.056558, 21.565828 ], [ -158.056797, 21.565984 ], [ -158.057079, 21.56605 ], [ -158.057696, 21.566047 ], [ -158.057849, 21.566092 ], [ -158.057929, 21.566184 ], [ -158.057873, 21.567115 ], [ -158.057679, 21.567618 ], [ -158.057587, 21.568308 ], [ -158.057515, 21.56846 ], [ -158.057381, 21.568529 ], [ -158.056799, 21.568278 ], [ -158.056478, 21.568082 ], [ -158.056148, 21.567811 ], [ -158.055881, 21.567676 ], [ -158.055766, 21.567654 ], [ -158.055665, 21.567699 ], [ -158.05553, 21.568084 ], [ -158.055411, 21.568141 ], [ -158.055266, 21.568056 ], [ -158.054996, 21.567785 ], [ -158.054609, 21.567595 ], [ -158.0542, 21.567321 ], [ -158.053418, 21.567164 ], [ -158.053013, 21.567161 ], [ -158.052247, 21.56727 ], [ -158.051256, 21.56724 ], [ -158.051186, 21.567355 ], [ -158.051375, 21.567757 ], [ -158.051304, 21.567929 ], [ -158.051109, 21.567989 ], [ -158.05009, 21.568117 ], [ -158.049941, 21.568218 ], [ -158.049892, 21.568486 ], [ -158.049815, 21.56861 ], [ -158.049679, 21.568635 ], [ -158.049364, 21.568573 ], [ -158.048949, 21.568792 ], [ -158.048741, 21.568695 ], [ -158.04856, 21.568435 ], [ -158.047958, 21.56827 ], [ -158.047514, 21.567989 ], [ -158.047171, 21.567967 ], [ -158.046696, 21.568121 ], [ -158.046439, 21.568104 ], [ -158.046325, 21.567951 ], [ -158.046351, 21.567682 ], [ -158.046295, 21.567554 ], [ -158.046025, 21.567373 ], [ -158.045604, 21.567183 ], [ -158.045187, 21.566857 ], [ -158.044867, 21.566758 ], [ -158.044277, 21.566703 ], [ -158.043224, 21.56673 ], [ -158.043084, 21.56676 ], [ -158.043014, 21.566855 ], [ -158.043233, 21.567156 ], [ -158.043396, 21.567255 ], [ -158.043845, 21.567396 ], [ -158.044463, 21.567418 ], [ -158.044848, 21.567671 ], [ -158.045189, 21.567822 ], [ -158.045325, 21.567964 ], [ -158.045391, 21.568152 ], [ -158.045363, 21.568293 ], [ -158.045242, 21.568374 ], [ -158.045038, 21.568363 ], [ -158.044786, 21.568276 ], [ -158.043745, 21.568083 ], [ -158.043263, 21.567914 ], [ -158.04274, 21.567984 ], [ -158.042501, 21.567971 ], [ -158.0423, 21.567866 ], [ -158.041986, 21.567605 ], [ -158.041273, 21.567449 ], [ -158.040786, 21.567059 ], [ -158.040612, 21.567038 ], [ -158.040505, 21.567104 ], [ -158.040466, 21.567202 ], [ -158.040506, 21.567297 ], [ -158.040762, 21.567512 ], [ -158.040965, 21.567781 ], [ -158.041186, 21.567942 ], [ -158.041652, 21.568149 ], [ -158.042009, 21.56839 ], [ -158.042378, 21.568554 ], [ -158.042748, 21.568835 ], [ -158.04286, 21.568823 ], [ -158.042969, 21.568671 ], [ -158.043109, 21.568616 ], [ -158.043435, 21.568669 ], [ -158.043663, 21.568824 ], [ -158.043766, 21.569185 ], [ -158.043942, 21.569156 ], [ -158.04407, 21.569197 ], [ -158.044332, 21.569389 ], [ -158.044782, 21.569578 ], [ -158.045305, 21.569894 ], [ -158.045724, 21.569943 ], [ -158.046213, 21.569867 ], [ -158.047662, 21.569823 ], [ -158.047978, 21.569871 ], [ -158.048103, 21.570004 ], [ -158.048054, 21.570179 ], [ -158.047891, 21.570301 ], [ -158.047415, 21.5704 ], [ -158.046818, 21.570729 ], [ -158.046371, 21.570807 ], [ -158.046072, 21.570777 ], [ -158.045537, 21.570623 ], [ -158.045204, 21.570473 ], [ -158.044827, 21.570234 ], [ -158.044564, 21.570143 ], [ -158.044281, 21.570195 ] ] ] } },
{ "type": "Feature", "properties": { "crop": "Pasture", "acreage": 4188.8 }, "geometry": { "type": "Polygon", "coordinates": [ [ [ -158.047568, 21.627639 ], [ -158.047131, 21.626981 ], [ -158.046659, 21.626645 ], [ -158.046198, 21.626467 ], [ -158.045811, 21.626518 ], [ -158.04548, 21.626464 ], [ -158.044322, 21.625742 ], [ -158.04397, 21.625643 ], [ -158.043676, 21.625344 ], [ -158.043056, 21.624831 ], [ -158.043072, 21.624615 ], [ -158.043001, 21.624453 ], [ -158.042641, 21.624299 ], [ -158.042289, 21.62403 ], [ -158.041822, 21.623792 ], [ -158.041165, 21.623709 ], [ -158.040935, 21.623535 ], [ -158.040759, 21.623128 ], [ -158.040468, 21.622896 ], [ -158.040128, 21.622775 ], [ -158.039959, 21.622802 ], [ -158.039741, 21.62298 ], [ -158.039513, 21.622999 ], [ -158.038951, 21.622494 ], [ -158.038498, 21.622333 ], [ -158.038124, 21.622257 ], [ -158.03759, 21.622004 ], [ -158.037218, 21.621644 ], [ -158.036878, 21.621503 ], [ -158.036649, 21.621484 ], [ -158.036427, 21.62135 ], [ -158.036183, 21.62099 ], [ -158.035646, 21.620511 ], [ -158.035112, 21.619763 ], [ -158.034527, 21.61876 ], [ -158.034305, 21.618626 ], [ -158.034021, 21.618656 ], [ -158.033457, 21.619147 ], [ -158.033238, 21.619266 ], [ -158.032907, 21.619318 ], [ -158.032483, 21.618857 ], [ -158.032141, 21.618253 ], [ -158.031775, 21.617799 ], [ -158.030847, 21.617482 ], [ -158.030486, 21.617059 ], [ -158.030007, 21.616654 ], [ -158.02962, 21.616484 ], [ -158.029238, 21.616414 ], [ -158.028674, 21.614019 ], [ -158.028501, 21.613671 ], [ -158.028162, 21.61348 ], [ -158.027491, 21.613292 ], [ -158.026426, 21.612533 ], [ -158.02599, 21.612055 ], [ -158.025063, 21.610494 ], [ -158.024814, 21.610133 ], [ -158.024651, 21.609988 ], [ -158.024463, 21.609981 ], [ -158.024142, 21.61022 ], [ -158.023906, 21.610257 ], [ -158.023719, 21.610079 ], [ -158.023816, 21.609276 ], [ -158.023968, 21.608859 ], [ -158.024206, 21.608552 ], [ -158.024144, 21.60772 ], [ -158.024071, 21.607372 ], [ -158.024109, 21.60707 ], [ -158.023075, 21.606328 ], [ -158.022438, 21.606354 ], [ -158.022155, 21.606222 ], [ -158.022061, 21.605596 ], [ -158.021954, 21.605293 ], [ -158.021937, 21.604873 ], [ -158.021813, 21.604709 ], [ -158.021489, 21.604427 ], [ -158.020965, 21.603637 ], [ -158.020488, 21.603173 ], [ -158.02034, 21.603084 ], [ -158.019657, 21.602077 ], [ -158.01935, 21.601709 ], [ -158.018644, 21.601532 ], [ -158.017725, 21.601428 ], [ -158.017401, 21.601124 ], [ -158.017089, 21.600657 ], [ -158.016582, 21.600107 ], [ -158.015369, 21.599276 ], [ -158.01541, 21.598036 ], [ -158.014973, 21.597573 ], [ -158.014603, 21.597033 ], [ -158.013949, 21.596433 ], [ -158.013807, 21.595967 ], [ -158.013649, 21.595943 ], [ -158.011789, 21.596093 ], [ -158.009796, 21.595026 ], [ -158.009953, 21.594978 ], [ -158.010241, 21.595132 ], [ -158.010713, 21.595286 ], [ -158.011319, 21.59522 ], [ -158.011978, 21.594917 ], [ -158.012214, 21.594972 ], [ -158.012656, 21.595165 ], [ -158.013086, 21.595165 ], [ -158.013621, 21.594977 ], [ -158.014198, 21.595203 ], [ -158.014652, 21.595197 ], [ -158.015141, 21.595285 ], [ -158.015712, 21.594988 ], [ -158.016024, 21.594927 ], [ -158.016265, 21.594971 ], [ -158.016442, 21.595169 ], [ -158.016566, 21.595219 ], [ -158.016984, 21.59518 ], [ -158.017626, 21.595037 ], [ -158.018102, 21.594822 ], [ -158.018479, 21.59459 ], [ -158.018756, 21.594353 ], [ -158.018932, 21.594111 ], [ -158.019056, 21.593803 ], [ -158.019132, 21.593323 ], [ -158.019591, 21.592888 ], [ -158.019768, 21.592552 ], [ -158.019927, 21.592459 ], [ -158.020274, 21.592409 ], [ -158.020675, 21.592216 ], [ -158.020946, 21.592139 ], [ -158.022354, 21.592219 ], [ -158.022778, 21.591999 ], [ -158.022978, 21.591779 ], [ -158.023461, 21.592142 ], [ -158.02375, 21.592192 ], [ -158.023956, 21.591988 ], [ -158.024297, 21.591471 ], [ -158.025805, 21.590579 ], [ -158.025953, 21.590574 ], [ -158.026424, 21.590695 ], [ -158.026618, 21.590993 ], [ -158.026741, 21.591103 ], [ -158.026924, 21.591081 ], [ -158.027189, 21.590811 ], [ -158.027542, 21.590745 ], [ -158.027684, 21.590778 ], [ -158.027978, 21.590756 ], [ -158.028561, 21.590503 ], [ -158.028708, 21.590531 ], [ -158.028791, 21.590625 ], [ -158.028808, 21.590773 ], [ -158.028705, 21.591063 ], [ -158.028078, 21.591836 ], [ -158.028119, 21.59193 ], [ -158.028378, 21.591935 ], [ -158.028878, 21.591792 ], [ -158.029791, 21.591407 ], [ -158.030357, 21.591044 ], [ -158.031205, 21.590824 ], [ -158.032094, 21.590251 ], [ -158.032948, 21.590202 ], [ -158.033743, 21.589872 ], [ -158.034391, 21.589757 ], [ -158.034614, 21.589635 ], [ -158.035368, 21.588964 ], [ -158.03574, 21.588353 ], [ -158.03627, 21.587967 ], [ -158.036682, 21.587813 ], [ -158.036626, 21.587762 ], [ -158.036697, 21.587723 ], [ -158.037314, 21.587671 ], [ -158.038081, 21.587529 ], [ -158.03852, 21.587308 ], [ -158.040694, 21.58719 ], [ -158.043191, 21.588342 ], [ -158.044068, 21.588405 ], [ -158.044584, 21.588635 ], [ -158.044675, 21.588901 ], [ -158.045874, 21.589672 ], [ -158.047401, 21.589592 ], [ -158.047824, 21.591402 ], [ -158.047592, 21.591681 ], [ -158.047678, 21.591864 ], [ -158.047813, 21.591871 ], [ -158.04838, 21.591766 ], [ -158.049728, 21.591249 ], [ -158.050583, 21.591191 ], [ -158.051003, 21.590974 ], [ -158.051888, 21.590233 ], [ -158.052594, 21.589804 ], [ -158.053101, 21.589737 ], [ -158.053626, 21.589577 ], [ -158.054048, 21.589223 ], [ -158.054396, 21.588631 ], [ -158.054769, 21.588184 ], [ -158.055309, 21.588017 ], [ -158.056357, 21.588032 ], [ -158.056979, 21.588251 ], [ -158.05714, 21.588439 ], [ -158.057027, 21.58886 ], [ -158.057059, 21.588965 ], [ -158.057235, 21.589026 ], [ -158.057476, 21.588971 ], [ -158.057624, 21.589035 ], [ -158.057836, 21.589037 ], [ -158.057877, 21.589234 ], [ -158.057782, 21.58947 ], [ -158.05785, 21.589531 ], [ -158.05825, 21.589431 ], [ -158.058143, 21.589602 ], [ -158.058278, 21.589652 ], [ -158.058419, 21.589638 ], [ -158.058734, 21.589466 ], [ -158.058886, 21.589537 ], [ -158.060215, 21.589824 ], [ -158.061227, 21.589773 ], [ -158.062232, 21.589446 ], [ -158.063043, 21.588968 ], [ -158.063843, 21.588584 ], [ -158.064167, 21.588558 ], [ -158.064389, 21.588588 ], [ -158.06504, 21.588829 ], [ -158.065852, 21.588986 ], [ -158.066275, 21.589061 ], [ -158.066791, 21.589091 ], [ -158.069583, 21.589592 ], [ -158.070895, 21.589523 ], [ -158.071727, 21.589261 ], [ -158.072611, 21.588712 ], [ -158.072818, 21.588723 ], [ -158.073219, 21.588912 ], [ -158.073342, 21.589014 ], [ -158.073611, 21.589315 ], [ -158.073129, 21.589189 ], [ -158.072467, 21.589093 ], [ -158.072156, 21.58908 ], [ -158.072108, 21.589162 ], [ -158.071909, 21.589161 ], [ -158.072111, 21.589679 ], [ -158.072322, 21.590074 ], [ -158.072599, 21.591256 ], [ -158.072597, 21.591558 ], [ -158.072409, 21.591834 ], [ -158.072044, 21.592144 ], [ -158.071921, 21.592328 ], [ -158.0724, 21.59245 ], [ -158.072366, 21.592779 ], [ -158.072098, 21.59302 ], [ -158.07203, 21.593175 ], [ -158.072101, 21.593255 ], [ -158.072239, 21.593308 ], [ -158.072673, 21.593379 ], [ -158.073351, 21.593413 ], [ -158.074722, 21.593808 ], [ -158.074644, 21.594189 ], [ -158.074305, 21.59504 ], [ -158.074443, 21.595161 ], [ -158.074427, 21.59524 ], [ -158.074729, 21.595345 ], [ -158.074598, 21.595717 ], [ -158.074656, 21.596554 ], [ -158.074033, 21.596762 ], [ -158.073616, 21.597148 ], [ -158.073933, 21.597479 ], [ -158.074316, 21.59757 ], [ -158.074697, 21.597961 ], [ -158.074889, 21.598568 ], [ -158.074844, 21.598701 ], [ -158.074871, 21.598892 ], [ -158.075083, 21.599195 ], [ -158.075102, 21.599607 ], [ -158.075291, 21.599996 ], [ -158.075209, 21.601167 ], [ -158.075171, 21.601243 ], [ -158.074927, 21.601243 ], [ -158.075055, 21.601043 ], [ -158.069534, 21.599139 ], [ -158.068621, 21.599508 ], [ -158.068167, 21.600393 ], [ -158.068726, 21.601363 ], [ -158.068454, 21.602278 ], [ -158.06773, 21.602155 ], [ -158.068544, 21.603256 ], [ -158.067893, 21.604194 ], [ -158.067464, 21.605433 ], [ -158.06697, 21.606049 ], [ -158.066032, 21.606063 ], [ -158.064945, 21.605878 ], [ -158.064188, 21.605924 ], [ -158.062675, 21.605053 ], [ -158.062165, 21.603829 ], [ -158.061738, 21.603144 ], [ -158.060906, 21.604051 ], [ -158.060312, 21.605175 ], [ -158.059398, 21.606505 ], [ -158.058245, 21.607621 ], [ -158.05831, 21.608244 ], [ -158.057059, 21.608905 ], [ -158.056177, 21.610067 ], [ -158.055995, 21.610998 ], [ -158.05537, 21.611328 ], [ -158.053806, 21.610711 ], [ -158.053271, 21.611057 ], [ -158.053641, 21.611558 ], [ -158.054424, 21.612918 ], [ -158.052694, 21.612096 ], [ -158.049542, 21.612432 ], [ -158.047658, 21.611061 ], [ -158.046036, 21.611221 ], [ -158.043568, 21.61045 ], [ -158.041346, 21.610333 ], [ -158.040728, 21.611102 ], [ -158.043385, 21.612343 ], [ -158.044784, 21.612844 ], [ -158.044201, 21.61152 ], [ -158.045904, 21.611899 ], [ -158.047121, 21.613331 ], [ -158.049045, 21.615934 ], [ -158.050632, 21.616905 ], [ -158.05008, 21.618297 ], [ -158.049223, 21.618851 ], [ -158.046754, 21.619041 ], [ -158.042253, 21.61766 ], [ -158.038484, 21.616842 ], [ -158.03706, 21.616948 ], [ -158.039848, 21.619436 ], [ -158.041008, 21.619722 ], [ -158.0429, 21.621532 ], [ -158.043657, 21.621487 ], [ -158.043855, 21.620471 ], [ -158.045781, 21.62115 ], [ -158.049129, 21.622684 ], [ -158.053095, 21.625373 ], [ -158.056113, 21.628012 ], [ -158.058855, 21.627493 ], [ -158.060429, 21.626388 ], [ -158.060729, 21.625606 ], [ -158.060748, 21.625218 ], [ -158.060673, 21.625124 ], [ -158.061032, 21.624622 ], [ -158.061207, 21.624492 ], [ -158.061388, 21.624133 ], [ -158.061438, 21.623887 ], [ -158.061364, 21.623604 ], [ -158.060973, 21.623185 ], [ -158.060716, 21.622786 ], [ -158.060574, 21.622281 ], [ -158.061002, 21.62151 ], [ -158.061145, 21.621453 ], [ -158.061506, 21.621444 ], [ -158.061364, 21.621006 ], [ -158.061164, 21.620711 ], [ -158.061107, 21.620085 ], [ -158.06117, 21.619991 ], [ -158.061308, 21.619871 ], [ -158.061415, 21.61991 ], [ -158.062582, 21.621453 ], [ -158.062982, 21.621548 ], [ -158.063239, 21.621482 ], [ -158.06372, 21.62105 ], [ -158.063825, 21.620878 ], [ -158.06394, 21.62018 ], [ -158.064007, 21.620065 ], [ -158.064396, 21.61984 ], [ -158.064905, 21.619723 ], [ -158.065057, 21.619535 ], [ -158.065179, 21.618843 ], [ -158.065402, 21.61828 ], [ -158.065463, 21.617891 ], [ -158.065439, 21.617666 ], [ -158.065328, 21.617422 ], [ -158.065176, 21.617264 ], [ -158.064944, 21.617182 ], [ -158.064958, 21.617043 ], [ -158.065108, 21.616729 ], [ -158.065053, 21.616475 ], [ -158.064544, 21.616044 ], [ -158.064151, 21.615791 ], [ -158.06394, 21.615519 ], [ -158.063956, 21.615246 ], [ -158.064102, 21.61494 ], [ -158.064466, 21.614609 ], [ -158.064596, 21.614553 ], [ -158.065548, 21.614393 ], [ -158.065809, 21.614279 ], [ -158.067349, 21.614447 ], [ -158.067428, 21.614518 ], [ -158.067151, 21.615166 ], [ -158.067123, 21.615463 ], [ -158.067244, 21.615948 ], [ -158.067342, 21.616018 ], [ -158.067606, 21.616157 ], [ -158.068017, 21.61627 ], [ -158.068846, 21.616325 ], [ -158.069102, 21.616287 ], [ -158.070422, 21.616874 ], [ -158.070942, 21.616994 ], [ -158.071714, 21.617405 ], [ -158.072502, 21.61769 ], [ -158.07283, 21.617858 ], [ -158.073973, 21.618073 ], [ -158.074056, 21.61815 ], [ -158.074184, 21.618707 ], [ -158.074295, 21.618858 ], [ -158.074611, 21.61902 ], [ -158.074858, 21.619065 ], [ -158.075699, 21.619089 ], [ -158.076362, 21.618911 ], [ -158.076703, 21.619126 ], [ -158.076764, 21.619407 ], [ -158.076914, 21.619737 ], [ -158.077137, 21.620043 ], [ -158.077655, 21.620414 ], [ -158.077765, 21.620556 ], [ -158.077821, 21.620873 ], [ -158.077456, 21.621016 ], [ -158.076653, 21.621211 ], [ -158.07635, 21.621246 ], [ -158.076089, 21.621337 ], [ -158.075789, 21.621632 ], [ -158.075479, 21.621797 ], [ -158.07385, 21.622641 ], [ -158.073305, 21.622806 ], [ -158.07263, 21.623664 ], [ -158.072661, 21.623252 ], [ -158.072549, 21.622708 ], [ -158.072502, 21.62277 ], [ -158.072599, 21.623253 ], [ -158.072567, 21.62364 ], [ -158.072036, 21.624257 ], [ -158.071698, 21.624453 ], [ -158.071736, 21.624546 ], [ -158.071928, 21.624695 ], [ -158.071181, 21.625446 ], [ -158.070262, 21.626849 ], [ -158.070166, 21.627133 ], [ -158.069831, 21.627687 ], [ -158.069322, 21.628773 ], [ -158.068874, 21.629979 ], [ -158.067714, 21.62998 ], [ -158.067714, 21.630848 ], [ -158.067185, 21.631426 ], [ -158.067025, 21.631685 ], [ -158.066791, 21.632861 ], [ -158.066483, 21.63331 ], [ -158.066363, 21.633584 ], [ -158.066237, 21.634316 ], [ -158.065983, 21.635107 ], [ -158.065893, 21.635025 ], [ -158.05219, 21.62997 ], [ -158.047859, 21.628319 ], [ -158.047568, 21.627639 ] ] ] } },
{ "type": "Feature", "properties": { "crop": "Pasture", "acreage": 308.5 }, "geometry": { "type": "Polygon", "coordinates": [ [ [ -158.02681, 21.671553 ], [ -158.026566, 21.67138 ], [ -158.02629, 21.671076 ], [ -158.026144, 21.670736 ], [ -158.026684, 21.67022 ], [ -158.026883, 21.670126 ], [ -158.027141, 21.670046 ], [ -158.027553, 21.670089 ], [ -158.02767, 21.67004 ], [ -158.027739, 21.669955 ], [ -158.027769, 21.669594 ], [ -158.027743, 21.669386 ], [ -158.027599, 21.669218 ], [ -158.027379, 21.669099 ], [ -158.026627, 21.669167 ], [ -158.025639, 21.66885 ], [ -158.025156, 21.668879 ], [ -158.024985, 21.668832 ], [ -158.024811, 21.668619 ], [ -158.024362, 21.667709 ], [ -158.024257, 21.667374 ], [ -158.022659, 21.665666 ], [ -158.022282, 21.66519 ], [ -158.022245, 21.665063 ], [ -158.02205, 21.66494 ], [ -158.021526, 21.664896 ], [ -158.020961, 21.664712 ], [ -158.020476, 21.664402 ], [ -158.019883, 21.663584 ], [ -158.019965, 21.663494 ], [ -158.020386, 21.663439 ], [ -158.020661, 21.66331 ], [ -158.020931, 21.662918 ], [ -158.02089, 21.662783 ], [ -158.020742, 21.662635 ], [ -158.020869, 21.662495 ], [ -158.020612, 21.662319 ], [ -158.019585, 21.66127 ], [ -158.019783, 21.661159 ], [ -158.02006, 21.661106 ], [ -158.020742, 21.661169 ], [ -158.020972, 21.661112 ], [ -158.021445, 21.660284 ], [ -158.021669, 21.66014 ], [ -158.022264, 21.659895 ], [ -158.022249, 21.662158 ], [ -158.022896, 21.662216 ], [ -158.023155, 21.662168 ], [ -158.023479, 21.66217 ], [ -158.023744, 21.662226 ], [ -158.023969, 21.662336 ], [ -158.024053, 21.662417 ], [ -158.02433, 21.663575 ], [ -158.024464, 21.663874 ], [ -158.024685, 21.664187 ], [ -158.024856, 21.664143 ], [ -158.025045, 21.664176 ], [ -158.025151, 21.664235 ], [ -158.025482, 21.664653 ], [ -158.025861, 21.664754 ], [ -158.025942, 21.664709 ], [ -158.026031, 21.664403 ], [ -158.025767, 21.664085 ], [ -158.02576, 21.663981 ], [ -158.025841, 21.663873 ], [ -158.026308, 21.663591 ], [ -158.026703, 21.663291 ], [ -158.026831, 21.663129 ], [ -158.026999, 21.66304 ], [ -158.027726, 21.663591 ], [ -158.028131, 21.663837 ], [ -158.028685, 21.663899 ], [ -158.029206, 21.663757 ], [ -158.029567, 21.663845 ], [ -158.029975, 21.664024 ], [ -158.030304, 21.663976 ], [ -158.030646, 21.663982 ], [ -158.031012, 21.664097 ], [ -158.031621, 21.664661 ], [ -158.031805, 21.664775 ], [ -158.032332, 21.664954 ], [ -158.033253, 21.665118 ], [ -158.033617, 21.665477 ], [ -158.033661, 21.665653 ], [ -158.033977, 21.666255 ], [ -158.034271, 21.666695 ], [ -158.035055, 21.667111 ], [ -158.035471, 21.667384 ], [ -158.035769, 21.667634 ], [ -158.035998, 21.667943 ], [ -158.035835, 21.668082 ], [ -158.035652, 21.668054 ], [ -158.03464, 21.667705 ], [ -158.034179, 21.667634 ], [ -158.03367, 21.667776 ], [ -158.033672, 21.667948 ], [ -158.034004, 21.668044 ], [ -158.034546, 21.668553 ], [ -158.034999, 21.668822 ], [ -158.036028, 21.669167 ], [ -158.037043, 21.669737 ], [ -158.037181, 21.669887 ], [ -158.037231, 21.670109 ], [ -158.037152, 21.670339 ], [ -158.036997, 21.670528 ], [ -158.03642, 21.670949 ], [ -158.036224, 21.671205 ], [ -158.035712, 21.671622 ], [ -158.03562, 21.671812 ], [ -158.035777, 21.672047 ], [ -158.035657, 21.6723 ], [ -158.034758, 21.672818 ], [ -158.033675, 21.672762 ], [ -158.033267, 21.672679 ], [ -158.033189, 21.67224 ], [ -158.033038, 21.671946 ], [ -158.033018, 21.67172 ], [ -158.032868, 21.671629 ], [ -158.03274, 21.671664 ], [ -158.031918, 21.672274 ], [ -158.031809, 21.672463 ], [ -158.031812, 21.672598 ], [ -158.031879, 21.67277 ], [ -158.032131, 21.673016 ], [ -158.032701, 21.673371 ], [ -158.033238, 21.673478 ], [ -158.033607, 21.673733 ], [ -158.033686, 21.673869 ], [ -158.033705, 21.674018 ], [ -158.033588, 21.674446 ], [ -158.033648, 21.674582 ], [ -158.033817, 21.674741 ], [ -158.033878, 21.674913 ], [ -158.033779, 21.675346 ], [ -158.033773, 21.67582 ], [ -158.033661, 21.67614 ], [ -158.033603, 21.676181 ], [ -158.033461, 21.676198 ], [ -158.033307, 21.676138 ], [ -158.032969, 21.67592 ], [ -158.032216, 21.675608 ], [ -158.031616, 21.675226 ], [ -158.030902, 21.675145 ], [ -158.03073, 21.675067 ], [ -158.03039, 21.674735 ], [ -158.029914, 21.67443 ], [ -158.028168, 21.673015 ], [ -158.027736, 21.672417 ], [ -158.027099, 21.671957 ], [ -158.026967, 21.671789 ], [ -158.02681, 21.671553 ] ] ] } },
{ "type": "Feature", "properties": { "crop": "Diversified Crop", "acreage": 1.4 }, "geometry": { "type": "Polygon", "coordinates": [ [ [ -157.891001, 21.569668 ], [ -157.89125, 21.569577 ], [ -157.89143, 21.569799 ], [ -157.891091, 21.570027 ], [ -157.890906, 21.570047 ], [ -157.890452, 21.570331 ], [ -157.890322, 21.570287 ], [ -157.89019, 21.570167 ], [ -157.890165, 21.570058 ], [ -157.890287, 21.569857 ], [ -157.890445, 21.569761 ], [ -157.890687, 21.569716 ], [ -157.891001, 21.569668 ] ] ] } },
{ "type": "Feature", "properties": { "crop": "Diversified Crop", "acreage": 1.6 }, "geometry": { "type": "Polygon", "coordinates": [ [ [ -157.895382, 21.567666 ], [ -157.894804, 21.567717 ], [ -157.894993, 21.567044 ], [ -157.895689, 21.567189 ], [ -157.895874, 21.567043 ], [ -157.896032, 21.567455 ], [ -157.895994, 21.567528 ], [ -157.895892, 21.567563 ], [ -157.895659, 21.56755 ], [ -157.895382, 21.567666 ] ] ] } },
{ "type": "Feature", "properties": { "crop": "Pasture", "acreage": 19.1 }, "geometry": { "type": "Polygon", "coordinates": [ [ [ -157.858751, 21.479211 ], [ -157.858894, 21.478842 ], [ -157.859086, 21.479324 ], [ -157.859987, 21.478865 ], [ -157.859987, 21.478822 ], [ -157.860246, 21.478855 ], [ -157.861136, 21.478577 ], [ -157.861352, 21.478411 ], [ -157.861543, 21.478101 ], [ -157.861627, 21.477808 ], [ -157.861737, 21.477637 ], [ -157.862047, 21.477485 ], [ -157.862328, 21.477474 ], [ -157.862678, 21.47758 ], [ -157.863396, 21.478448 ], [ -157.861496, 21.479614 ], [ -157.861269, 21.479337 ], [ -157.860354, 21.479565 ], [ -157.860689, 21.479978 ], [ -157.85996, 21.48047 ], [ -157.857264, 21.480343 ], [ -157.8574, 21.480227 ], [ -157.857418, 21.480137 ], [ -157.857571, 21.479953 ], [ -157.857782, 21.479769 ], [ -157.858132, 21.479591 ], [ -157.858419, 21.479529 ], [ -157.858635, 21.479346 ], [ -157.858751, 21.479211 ] ] ] } },
{ "type": "Feature", "properties": { "crop": "Pasture", "acreage": 1.9 }, "geometry": { "type": "Polygon", "coordinates": [ [ [ -157.84696, 21.513228 ], [ -157.848724, 21.512689 ], [ -157.849652, 21.512271 ], [ -157.851548, 21.511168 ], [ -157.849594, 21.512423 ], [ -157.847221, 21.513352 ], [ -157.846145, 21.513868 ], [ -157.845078, 21.514477 ], [ -157.845614, 21.514086 ], [ -157.846402, 21.513626 ], [ -157.84669, 21.513393 ], [ -157.84696, 21.513228 ] ] ] } },
{ "type": "Feature", "properties": { "crop": "Pasture", "acreage": 599.2 }, "geometry": { "type": "Polygon", "coordinates": [ [ [ -157.836584, 21.517794 ], [ -157.836413, 21.517829 ], [ -157.836837, 21.517568 ], [ -157.839511, 21.516547 ], [ -157.840962, 21.517644 ], [ -157.84196, 21.516747 ], [ -157.842171, 21.516659 ], [ -157.841436, 21.515847 ], [ -157.841755, 21.515776 ], [ -157.843265, 21.515609 ], [ -157.844094, 21.51636 ], [ -157.844781, 21.515805 ], [ -157.844267, 21.515229 ], [ -157.845833, 21.514294 ], [ -157.846663, 21.513855 ], [ -157.847885, 21.513312 ], [ -157.849423, 21.512754 ], [ -157.850004, 21.512441 ], [ -157.854259, 21.509646 ], [ -157.854631, 21.509317 ], [ -157.85494, 21.508971 ], [ -157.85544, 21.508227 ], [ -157.855715, 21.507718 ], [ -157.856367, 21.507778 ], [ -157.856485, 21.507634 ], [ -157.856614, 21.507287 ], [ -157.856754, 21.506561 ], [ -157.856696, 21.506479 ], [ -157.856027, 21.506333 ], [ -157.8561, 21.505297 ], [ -157.855987, 21.504458 ], [ -157.856171, 21.504511 ], [ -157.856583, 21.50473 ], [ -157.857012, 21.504774 ], [ -157.857088, 21.504838 ], [ -157.857188, 21.505696 ], [ -157.858728, 21.504731 ], [ -157.858692, 21.504379 ], [ -157.858422, 21.503975 ], [ -157.857827, 21.503451 ], [ -157.857363, 21.503602 ], [ -157.857293, 21.503583 ], [ -157.856075, 21.502735 ], [ -157.855324, 21.502963 ], [ -157.854015, 21.500736 ], [ -157.852741, 21.497802 ], [ -157.85284, 21.497858 ], [ -157.853273, 21.497648 ], [ -157.853208, 21.497463 ], [ -157.853449, 21.497358 ], [ -157.853399, 21.497195 ], [ -157.852609, 21.497498 ], [ -157.852349, 21.496787 ], [ -157.851833, 21.495712 ], [ -157.851807, 21.495627 ], [ -157.852216, 21.495468 ], [ -157.852409, 21.495347 ], [ -157.85247, 21.494959 ], [ -157.852308, 21.494782 ], [ -157.852167, 21.494717 ], [ -157.851541, 21.494591 ], [ -157.851305, 21.494494 ], [ -157.851095, 21.494012 ], [ -157.850934, 21.493611 ], [ -157.850829, 21.493184 ], [ -157.850818, 21.491841 ], [ -157.853334, 21.49192 ], [ -157.853635, 21.491999 ], [ -157.853712, 21.492153 ], [ -157.853802, 21.493274 ], [ -157.854026, 21.493886 ], [ -157.854562, 21.494449 ], [ -157.855089, 21.494701 ], [ -157.85552, 21.494844 ], [ -157.855837, 21.494833 ], [ -157.85641, 21.494453 ], [ -157.856945, 21.494005 ], [ -157.857482, 21.493665 ], [ -157.858028, 21.493583 ], [ -157.858188, 21.493612 ], [ -157.85856, 21.49379 ], [ -157.858864, 21.494109 ], [ -157.858921, 21.494457 ], [ -157.858748, 21.494763 ], [ -157.858596, 21.494902 ], [ -157.858405, 21.495018 ], [ -157.857882, 21.495177 ], [ -157.857438, 21.495391 ], [ -157.857164, 21.495642 ], [ -157.856867, 21.49582 ], [ -157.856357, 21.49597 ], [ -157.85592, 21.49627 ], [ -157.855331, 21.496266 ], [ -157.855027, 21.496363 ], [ -157.854904, 21.496421 ], [ -157.854631, 21.496749 ], [ -157.855001, 21.496833 ], [ -157.855347, 21.496998 ], [ -157.855306, 21.497472 ], [ -157.855147, 21.497864 ], [ -157.855448, 21.498805 ], [ -157.857324, 21.498678 ], [ -157.85717, 21.499048 ], [ -157.856411, 21.500326 ], [ -157.857571, 21.501784 ], [ -157.861267, 21.506234 ], [ -157.863874, 21.511166 ], [ -157.861703, 21.513421 ], [ -157.857605, 21.514566 ], [ -157.846123, 21.51731 ], [ -157.845993, 21.517455 ], [ -157.845867, 21.517485 ], [ -157.842374, 21.5215 ], [ -157.839674, 21.524518 ], [ -157.839055, 21.534167 ], [ -157.837717, 21.530904 ], [ -157.836548, 21.527501 ], [ -157.836929, 21.522103 ], [ -157.838093, 21.520702 ], [ -157.83833, 21.51917 ], [ -157.837955, 21.518379 ], [ -157.836584, 21.517794 ] ], [ [ -157.853175, 21.496146 ], [ -157.852247, 21.496541 ], [ -157.852469, 21.497009 ], [ -157.853391, 21.49665 ], [ -157.853356, 21.496568 ], [ -157.853175, 21.496146 ] ] ] } },
{ "type": "Feature", "properties": { "crop": "Pasture", "acreage": 420.5 }, "geometry": { "type": "Polygon", "coordinates": [ [ [ -157.93626, 21.664086 ], [ -157.931447, 21.657403 ], [ -157.931025, 21.656778 ], [ -157.93086, 21.656404 ], [ -157.931378, 21.656434 ], [ -157.932191, 21.65667 ], [ -157.933204, 21.656898 ], [ -157.933687, 21.656919 ], [ -157.933881, 21.65678 ], [ -157.933372, 21.656022 ], [ -157.933059, 21.65574 ], [ -157.932594, 21.655575 ], [ -157.931016, 21.655443 ], [ -157.930739, 21.655305 ], [ -157.930592, 21.655131 ], [ -157.930412, 21.654639 ], [ -157.930023, 21.653937 ], [ -157.929917, 21.653629 ], [ -157.929452, 21.65312 ], [ -157.93055, 21.652802 ], [ -157.93102, 21.652719 ], [ -157.93255, 21.652797 ], [ -157.933339, 21.652653 ], [ -157.933797, 21.652615 ], [ -157.934697, 21.652269 ], [ -157.935438, 21.652328 ], [ -157.935693, 21.652722 ], [ -157.93584, 21.652805 ], [ -157.937077, 21.653161 ], [ -157.937724, 21.653237 ], [ -157.93806, 21.653352 ], [ -157.93839, 21.653377 ], [ -157.938995, 21.653146 ], [ -157.939672, 21.653155 ], [ -157.9402, 21.653083 ], [ -157.943127, 21.654562 ], [ -157.945881, 21.656512 ], [ -157.94795, 21.658327 ], [ -157.944537, 21.662151 ], [ -157.944389, 21.662196 ], [ -157.944167, 21.662384 ], [ -157.943862, 21.662798 ], [ -157.943363, 21.663246 ], [ -157.942969, 21.663501 ], [ -157.942024, 21.663928 ], [ -157.941395, 21.664439 ], [ -157.941231, 21.664745 ], [ -157.940703, 21.6651 ], [ -157.940573, 21.66546 ], [ -157.940561, 21.665665 ], [ -157.940672, 21.665886 ], [ -157.941004, 21.666228 ], [ -157.941085, 21.666939 ], [ -157.940956, 21.667386 ], [ -157.940399, 21.667888 ], [ -157.940377, 21.668439 ], [ -157.940548, 21.668765 ], [ -157.940632, 21.669172 ], [ -157.940639, 21.669452 ], [ -157.940478, 21.670341 ], [ -157.94039, 21.670602 ], [ -157.940166, 21.670556 ], [ -157.939364, 21.670157 ], [ -157.93902, 21.669428 ], [ -157.93886, 21.668962 ], [ -157.938712, 21.668749 ], [ -157.938166, 21.667447 ], [ -157.937859, 21.666861 ], [ -157.93626, 21.664086 ] ], [ [ -157.9401, 21.665802 ], [ -157.940049, 21.666704 ], [ -157.940404, 21.666727 ], [ -157.940497, 21.666084 ], [ -157.940351, 21.665755 ], [ -157.940529, 21.665195 ], [ -157.941017, 21.664645 ], [ -157.941388, 21.664088 ], [ -157.940521, 21.662838 ], [ -157.939955, 21.662824 ], [ -157.939604, 21.662996 ], [ -157.938907, 21.663502 ], [ -157.938727, 21.663853 ], [ -157.939145, 21.664406 ], [ -157.938993, 21.665463 ], [ -157.939256, 21.665859 ], [ -157.939636, 21.665498 ], [ -157.939857, 21.665562 ], [ -157.9401, 21.665802 ] ] ] } },
{ "type": "Feature", "properties": { "crop": "Flowers / Foliage / Landscape", "acreage": 8.9 }, "geometry": { "type": "Polygon", "coordinates": [ [ [ -157.768156, 21.348415 ], [ -157.768004, 21.348378 ], [ -157.767721, 21.348202 ], [ -157.767095, 21.347517 ], [ -157.76705, 21.347353 ], [ -157.767265, 21.346926 ], [ -157.767364, 21.346917 ], [ -157.76791, 21.347315 ], [ -157.768074, 21.347344 ], [ -157.768474, 21.347028 ], [ -157.768497, 21.346851 ], [ -157.768391, 21.346706 ], [ -157.768362, 21.346548 ], [ -157.76853, 21.346388 ], [ -157.768692, 21.346382 ], [ -157.770373, 21.348667 ], [ -157.770366, 21.34879 ], [ -157.770295, 21.348834 ], [ -157.770145, 21.348795 ], [ -157.768905, 21.34789 ], [ -157.768738, 21.347885 ], [ -157.768297, 21.348394 ], [ -157.768156, 21.348415 ] ] ] } },
{ "type": "Feature", "properties": { "crop": "Flowers / Foliage / Landscape", "acreage": 1.6 }, "geometry": { "type": "Polygon", "coordinates": [ [ [ -157.770861, 21.348087 ], [ -157.770769, 21.347962 ], [ -157.770809, 21.347605 ], [ -157.770756, 21.347377 ], [ -157.770901, 21.347226 ], [ -157.77118, 21.347326 ], [ -157.771225, 21.347286 ], [ -157.771243, 21.347121 ], [ -157.771367, 21.347101 ], [ -157.771462, 21.347199 ], [ -157.771497, 21.347363 ], [ -157.771397, 21.347872 ], [ -157.771251, 21.348082 ], [ -157.771014, 21.348166 ], [ -157.770861, 21.348087 ] ] ] } },
{ "type": "Feature", "properties": { "crop": "Flowers / Foliage / Landscape", "acreage": 0.7 }, "geometry": { "type": "Polygon", "coordinates": [ [ [ -157.768992, 21.344794 ], [ -157.768955, 21.344816 ], [ -157.768719, 21.344843 ], [ -157.768473, 21.344719 ], [ -157.768536, 21.344288 ], [ -157.769088, 21.344405 ], [ -157.768992, 21.344794 ] ] ] } },
{ "type": "Feature", "properties": { "crop": "Pasture", "acreage": 317.0 }, "geometry": { "type": "Polygon", "coordinates": [ [ [ -157.707124, 21.331415 ], [ -157.706948, 21.331337 ], [ -157.705989, 21.331262 ], [ -157.705026, 21.331042 ], [ -157.704584, 21.330935 ], [ -157.703303, 21.3305 ], [ -157.703724, 21.329935 ], [ -157.704216, 21.329053 ], [ -157.704445, 21.328558 ], [ -157.704783, 21.32763 ], [ -157.704811, 21.327504 ], [ -157.704601, 21.327398 ], [ -157.704618, 21.326956 ], [ -157.704599, 21.326875 ], [ -157.704494, 21.326797 ], [ -157.704122, 21.326731 ], [ -157.703644, 21.326569 ], [ -157.702794, 21.326499 ], [ -157.702388, 21.326374 ], [ -157.70198, 21.326373 ], [ -157.70142, 21.326272 ], [ -157.700399, 21.326506 ], [ -157.699425, 21.326527 ], [ -157.699451, 21.326473 ], [ -157.699604, 21.326362 ], [ -157.700185, 21.326181 ], [ -157.70065, 21.325968 ], [ -157.70126, 21.325634 ], [ -157.701618, 21.325235 ], [ -157.702064, 21.324922 ], [ -157.702264, 21.324725 ], [ -157.703044, 21.32436 ], [ -157.703878, 21.324349 ], [ -157.705076, 21.324028 ], [ -157.705346, 21.323904 ], [ -157.70554, 21.323756 ], [ -157.708211, 21.322834 ], [ -157.710913, 21.322882 ], [ -157.711385, 21.322753 ], [ -157.712272, 21.322692 ], [ -157.713024, 21.322472 ], [ -157.71368, 21.322126 ], [ -157.714433, 21.32192 ], [ -157.714893, 21.322039 ], [ -157.717352, 21.3241 ], [ -157.717432, 21.324197 ], [ -157.71769, 21.325664 ], [ -157.717695, 21.327292 ], [ -157.716304, 21.328621 ], [ -157.715822, 21.329016 ], [ -157.71567, 21.329209 ], [ -157.715536, 21.329759 ], [ -157.715565, 21.329845 ], [ -157.715653, 21.329909 ], [ -157.715941, 21.329916 ], [ -157.716952, 21.329756 ], [ -157.717152, 21.32969 ], [ -157.717292, 21.329705 ], [ -157.716374, 21.331247 ], [ -157.71575, 21.331378 ], [ -157.714699, 21.331392 ], [ -157.713412, 21.331522 ], [ -157.712211, 21.331516 ], [ -157.712108, 21.331754 ], [ -157.707727, 21.332741 ], [ -157.707368, 21.332395 ], [ -157.707342, 21.332085 ], [ -157.707224, 21.331606 ], [ -157.707124, 21.331415 ] ], [ [ -157.71245, 21.329577 ], [ -157.712557, 21.327256 ], [ -157.712487, 21.327188 ], [ -157.712051, 21.327203 ], [ -157.711358, 21.327103 ], [ -157.710759, 21.327107 ], [ -157.7106, 21.327269 ], [ -157.710318, 21.330405 ], [ -157.710965, 21.330826 ], [ -157.711228, 21.331067 ], [ -157.71245, 21.329577 ] ] ] } },
{ "type": "Feature", "properties": { "crop": "Pasture", "acreage": 6.6 }, "geometry": { "type": "Polygon", "coordinates": [ [ [ -157.709923, 21.339266 ], [ -157.709997, 21.339299 ], [ -157.710212, 21.338643 ], [ -157.710667, 21.337679 ], [ -157.710582, 21.337512 ], [ -157.710651, 21.337302 ], [ -157.7109, 21.33784 ], [ -157.711064, 21.338028 ], [ -157.711358, 21.338133 ], [ -157.711702, 21.338461 ], [ -157.711856, 21.338479 ], [ -157.711303, 21.339781 ], [ -157.709908, 21.339302 ], [ -157.709923, 21.339266 ] ] ] } },
{ "type": "Feature", "properties": { "crop": "Seed Production", "acreage": 862.8 }, "geometry": { "type": "Polygon", "coordinates": [ [ [ -158.06269, 21.474749 ], [ -158.057244, 21.472743 ], [ -158.053785, 21.469576 ], [ -158.05404, 21.468836 ], [ -158.053749, 21.468753 ], [ -158.0544, 21.467083 ], [ -158.056033, 21.467475 ], [ -158.058085, 21.468729 ], [ -158.059301, 21.469392 ], [ -158.059487, 21.469656 ], [ -158.059641, 21.470044 ], [ -158.059842, 21.470251 ], [ -158.06077, 21.47056 ], [ -158.061623, 21.470932 ], [ -158.061389, 21.467349 ], [ -158.058523, 21.467004 ], [ -158.056443, 21.466637 ], [ -158.05502, 21.465733 ], [ -158.056029, 21.463128 ], [ -158.056226, 21.463053 ], [ -158.057852, 21.463181 ], [ -158.058285, 21.462079 ], [ -158.058256, 21.461565 ], [ -158.058306, 21.461062 ], [ -158.058878, 21.459681 ], [ -158.059396, 21.460032 ], [ -158.059715, 21.460377 ], [ -158.059965, 21.460534 ], [ -158.060573, 21.460831 ], [ -158.061147, 21.461007 ], [ -158.061529, 21.462529 ], [ -158.062056, 21.463163 ], [ -158.06458, 21.461418 ], [ -158.063902, 21.460761 ], [ -158.063305, 21.460341 ], [ -158.063171, 21.460144 ], [ -158.063045, 21.459449 ], [ -158.063096, 21.458858 ], [ -158.062597, 21.456445 ], [ -158.0628, 21.456405 ], [ -158.062458, 21.455916 ], [ -158.06382, 21.456191 ], [ -158.063878, 21.456115 ], [ -158.063943, 21.456217 ], [ -158.064083, 21.456278 ], [ -158.064521, 21.456204 ], [ -158.064837, 21.456259 ], [ -158.065374, 21.456243 ], [ -158.065819, 21.456284 ], [ -158.066275, 21.456393 ], [ -158.067081, 21.456669 ], [ -158.067397, 21.456646 ], [ -158.067801, 21.456682 ], [ -158.067977, 21.456562 ], [ -158.068073, 21.456374 ], [ -158.06806, 21.45626 ], [ -158.067957, 21.456088 ], [ -158.067695, 21.455896 ], [ -158.067676, 21.455681 ], [ -158.067756, 21.455341 ], [ -158.067099, 21.453448 ], [ -158.067287, 21.452832 ], [ -158.066134, 21.452378 ], [ -158.064924, 21.452084 ], [ -158.064382, 21.452193 ], [ -158.064051, 21.452095 ], [ -158.063575, 21.452057 ], [ -158.06286, 21.452047 ], [ -158.062146, 21.452094 ], [ -158.061674, 21.452156 ], [ -158.06105, 21.45251 ], [ -158.060523, 21.452503 ], [ -158.060114, 21.452442 ], [ -158.060066, 21.452634 ], [ -158.060211, 21.451859 ], [ -158.060272, 21.450986 ], [ -158.059882, 21.441736 ], [ -158.060038, 21.441746 ], [ -158.060161, 21.441854 ], [ -158.060328, 21.441909 ], [ -158.060477, 21.442081 ], [ -158.060796, 21.442193 ], [ -158.060932, 21.442309 ], [ -158.061014, 21.44248 ], [ -158.061378, 21.442392 ], [ -158.06148, 21.442425 ], [ -158.061772, 21.442722 ], [ -158.062026, 21.44291 ], [ -158.062683, 21.443027 ], [ -158.063136, 21.442997 ], [ -158.063417, 21.44308 ], [ -158.064318, 21.443855 ], [ -158.065062, 21.444277 ], [ -158.065442, 21.444683 ], [ -158.065715, 21.444854 ], [ -158.066725, 21.445218 ], [ -158.06764, 21.445355 ], [ -158.068538, 21.445635 ], [ -158.069292, 21.445556 ], [ -158.069619, 21.445649 ], [ -158.069921, 21.445799 ], [ -158.06818, 21.449334 ], [ -158.071504, 21.450552 ], [ -158.071111, 21.451296 ], [ -158.070957, 21.451408 ], [ -158.069872, 21.451747 ], [ -158.069516, 21.451752 ], [ -158.069027, 21.451659 ], [ -158.068812, 21.451663 ], [ -158.068548, 21.451763 ], [ -158.068193, 21.45201 ], [ -158.067978, 21.45207 ], [ -158.067753, 21.452072 ], [ -158.068194, 21.452806 ], [ -158.068449, 21.452801 ], [ -158.068627, 21.45287 ], [ -158.068766, 21.452992 ], [ -158.069349, 21.453063 ], [ -158.069524, 21.453591 ], [ -158.069429, 21.454052 ], [ -158.069572, 21.45477 ], [ -158.069553, 21.45507 ], [ -158.068597, 21.455464 ], [ -158.068112, 21.455731 ], [ -158.068039, 21.455826 ], [ -158.068392, 21.456197 ], [ -158.068431, 21.456445 ], [ -158.068331, 21.456519 ], [ -158.069482, 21.456539 ], [ -158.069669, 21.458352 ], [ -158.069757, 21.460551 ], [ -158.0697, 21.461412 ], [ -158.069289, 21.461792 ], [ -158.069119, 21.462789 ], [ -158.069631, 21.46893 ], [ -158.070397, 21.469035 ], [ -158.070449, 21.470398 ], [ -158.069683, 21.470479 ], [ -158.070103, 21.474297 ], [ -158.071811, 21.47313 ], [ -158.07282, 21.473391 ], [ -158.073884, 21.473214 ], [ -158.074133, 21.473218 ], [ -158.074624, 21.473363 ], [ -158.075029, 21.473551 ], [ -158.075335, 21.473796 ], [ -158.075379, 21.47392 ], [ -158.075195, 21.474096 ], [ -158.074989, 21.474218 ], [ -158.07478, 21.474266 ], [ -158.074573, 21.474251 ], [ -158.074453, 21.474311 ], [ -158.074143, 21.474826 ], [ -158.0739, 21.475013 ], [ -158.072792, 21.475121 ], [ -158.0725, 21.475234 ], [ -158.072373, 21.475368 ], [ -158.072369, 21.475481 ], [ -158.071883, 21.475959 ], [ -158.071762, 21.476531 ], [ -158.071661, 21.476662 ], [ -158.071517, 21.476752 ], [ -158.07129, 21.476787 ], [ -158.070689, 21.476735 ], [ -158.069076, 21.476997 ], [ -158.068397, 21.476921 ], [ -158.067929, 21.476746 ], [ -158.06269, 21.474749 ] ] ] } },
{ "type": "Feature", "properties": { "crop": "Diversified Crop", "acreage": 84.8 }, "geometry": { "type": "Polygon", "coordinates": [ [ [ -158.045803, 21.443931 ], [ -158.046093, 21.444077 ], [ -158.046484, 21.444162 ], [ -158.047513, 21.444084 ], [ -158.047999, 21.444441 ], [ -158.048374, 21.44459 ], [ -158.048717, 21.444794 ], [ -158.049189, 21.445218 ], [ -158.049667, 21.445777 ], [ -158.049949, 21.445978 ], [ -158.050135, 21.446041 ], [ -158.050324, 21.446046 ], [ -158.050501, 21.445996 ], [ -158.050882, 21.445674 ], [ -158.051123, 21.445582 ], [ -158.051279, 21.445589 ], [ -158.051451, 21.445712 ], [ -158.051624, 21.445764 ], [ -158.052044, 21.445673 ], [ -158.052369, 21.445519 ], [ -158.053064, 21.445 ], [ -158.053216, 21.444941 ], [ -158.053562, 21.444964 ], [ -158.053859, 21.44516 ], [ -158.049717, 21.449245 ], [ -158.049375, 21.449277 ], [ -158.048722, 21.449582 ], [ -158.047959, 21.449859 ], [ -158.047548, 21.449964 ], [ -158.047244, 21.449991 ], [ -158.046637, 21.449911 ], [ -158.046481, 21.449835 ], [ -158.046367, 21.449711 ], [ -158.04599, 21.448482 ], [ -158.045549, 21.447415 ], [ -158.045191, 21.446889 ], [ -158.044487, 21.446122 ], [ -158.044749, 21.445353 ], [ -158.044569, 21.445067 ], [ -158.045803, 21.443931 ] ] ] } },
{ "type": "Feature", "properties": { "crop": "Diversified Crop", "acreage": 93.7 }, "geometry": { "type": "Polygon", "coordinates": [ [ [ -158.050069, 21.444577 ], [ -158.049452, 21.444023 ], [ -158.0488, 21.443576 ], [ -158.048155, 21.442983 ], [ -158.04794, 21.442857 ], [ -158.047115, 21.442533 ], [ -158.046201, 21.441758 ], [ -158.045953, 21.441278 ], [ -158.046652, 21.440464 ], [ -158.046853, 21.440431 ], [ -158.047101, 21.440503 ], [ -158.047311, 21.440508 ], [ -158.047512, 21.440451 ], [ -158.047785, 21.440278 ], [ -158.048019, 21.440232 ], [ -158.048195, 21.440294 ], [ -158.048347, 21.440513 ], [ -158.048551, 21.44069 ], [ -158.04893, 21.440878 ], [ -158.04953, 21.441091 ], [ -158.0503, 21.441223 ], [ -158.051099, 21.441245 ], [ -158.052144, 21.440832 ], [ -158.052777, 21.440753 ], [ -158.053086, 21.440789 ], [ -158.053478, 21.440911 ], [ -158.054091, 21.441302 ], [ -158.054546, 21.441463 ], [ -158.054775, 21.441465 ], [ -158.05501, 21.441408 ], [ -158.055577, 21.441053 ], [ -158.055847, 21.440964 ], [ -158.056141, 21.440932 ], [ -158.056614, 21.441011 ], [ -158.057409, 21.441419 ], [ -158.053862, 21.445165 ], [ -158.053619, 21.444984 ], [ -158.053216, 21.444941 ], [ -158.053064, 21.445 ], [ -158.052369, 21.445519 ], [ -158.052144, 21.445472 ], [ -158.051693, 21.445461 ], [ -158.051363, 21.445385 ], [ -158.051055, 21.445253 ], [ -158.050637, 21.444988 ], [ -158.050069, 21.444577 ] ] ] } },
{ "type": "Feature", "properties": { "crop": "Diversified Crop", "acreage": 33.7 }, "geometry": { "type": "Polygon", "coordinates": [ [ [ -158.04829, 21.458828 ], [ -158.047062, 21.459315 ], [ -158.046903, 21.459077 ], [ -158.046885, 21.458517 ], [ -158.046727, 21.458043 ], [ -158.04624, 21.457676 ], [ -158.045959, 21.457283 ], [ -158.045652, 21.457088 ], [ -158.045298, 21.456995 ], [ -158.045095, 21.456802 ], [ -158.045045, 21.456566 ], [ -158.045148, 21.456133 ], [ -158.04507, 21.455759 ], [ -158.04491, 21.455468 ], [ -158.044513, 21.455001 ], [ -158.044182, 21.454427 ], [ -158.044176, 21.454295 ], [ -158.044233, 21.454173 ], [ -158.044486, 21.453986 ], [ -158.044462, 21.453758 ], [ -158.044511, 21.453593 ], [ -158.044892, 21.453076 ], [ -158.045004, 21.452788 ], [ -158.045132, 21.452656 ], [ -158.045314, 21.452589 ], [ -158.045489, 21.452622 ], [ -158.045563, 21.453127 ], [ -158.045705, 21.453627 ], [ -158.045807, 21.453825 ], [ -158.046721, 21.454613 ], [ -158.047003, 21.454795 ], [ -158.047203, 21.455056 ], [ -158.04829, 21.458828 ] ] ] } },
{ "type": "Feature", "properties": { "crop": "Diversified Crop", "acreage": 207.8 }, "geometry": { "type": "Polygon", "coordinates": [ [ [ -158.046776, 21.429066 ], [ -158.045996, 21.429245 ], [ -158.045834, 21.429352 ], [ -158.045621, 21.429581 ], [ -158.045396, 21.429694 ], [ -158.044996, 21.4297 ], [ -158.044844, 21.429608 ], [ -158.044852, 21.42942 ], [ -158.045821, 21.426418 ], [ -158.046645, 21.424951 ], [ -158.046875, 21.424728 ], [ -158.047591, 21.424277 ], [ -158.047746, 21.424298 ], [ -158.04834, 21.424666 ], [ -158.048502, 21.42465 ], [ -158.048609, 21.424537 ], [ -158.04862, 21.42442 ], [ -158.048441, 21.423858 ], [ -158.048354, 21.423012 ], [ -158.04811, 21.422295 ], [ -158.048147, 21.421934 ], [ -158.048261, 21.421646 ], [ -158.048544, 21.421301 ], [ -158.048808, 21.421113 ], [ -158.049136, 21.421 ], [ -158.049681, 21.420992 ], [ -158.049804, 21.420932 ], [ -158.049876, 21.420828 ], [ -158.05002, 21.420975 ], [ -158.050123, 21.420973 ], [ -158.050239, 21.421039 ], [ -158.052128, 21.423497 ], [ -158.053908, 21.425884 ], [ -158.054744, 21.42708 ], [ -158.054956, 21.427507 ], [ -158.056911, 21.432374 ], [ -158.056624, 21.432526 ], [ -158.056359, 21.432371 ], [ -158.053991, 21.4323 ], [ -158.053459, 21.432393 ], [ -158.053276, 21.432335 ], [ -158.052158, 21.431449 ], [ -158.051282, 21.431042 ], [ -158.05014, 21.430902 ], [ -158.048712, 21.430607 ], [ -158.046798, 21.430317 ], [ -158.046676, 21.430205 ], [ -158.046629, 21.430097 ], [ -158.046691, 21.42982 ], [ -158.047616, 21.429048 ], [ -158.047943, 21.42864 ], [ -158.047888, 21.428606 ], [ -158.047482, 21.428777 ], [ -158.046776, 21.429066 ] ] ] } },
{ "type": "Feature", "properties": { "crop": "Seed Production", "acreage": 94.3 }, "geometry": { "type": "Polygon", "coordinates": [ [ [ -158.061613, 21.410041 ], [ -158.061259, 21.409939 ], [ -158.060781, 21.409717 ], [ -158.060458, 21.409497 ], [ -158.060128, 21.409365 ], [ -158.059283, 21.409299 ], [ -158.0584, 21.409102 ], [ -158.057551, 21.408712 ], [ -158.057338, 21.408542 ], [ -158.057276, 21.408421 ], [ -158.057266, 21.408135 ], [ -158.057429, 21.407517 ], [ -158.057439, 21.407139 ], [ -158.057526, 21.406923 ], [ -158.057665, 21.40676 ], [ -158.05818, 21.406633 ], [ -158.058862, 21.406685 ], [ -158.05909, 21.40666 ], [ -158.059277, 21.406496 ], [ -158.059401, 21.406117 ], [ -158.059584, 21.406013 ], [ -158.059896, 21.406037 ], [ -158.060331, 21.406251 ], [ -158.06049, 21.406262 ], [ -158.060608, 21.406183 ], [ -158.060652, 21.406054 ], [ -158.060383, 21.404788 ], [ -158.060367, 21.404502 ], [ -158.060502, 21.40402 ], [ -158.060645, 21.403802 ], [ -158.060771, 21.403703 ], [ -158.061004, 21.403712 ], [ -158.06128, 21.403828 ], [ -158.061522, 21.404025 ], [ -158.061778, 21.40441 ], [ -158.062391, 21.404704 ], [ -158.062455, 21.405258 ], [ -158.063092, 21.406015 ], [ -158.064799, 21.40758 ], [ -158.064806, 21.408542 ], [ -158.066396, 21.410002 ], [ -158.068661, 21.411064 ], [ -158.068413, 21.411312 ], [ -158.063361, 21.410459 ], [ -158.062784, 21.410265 ], [ -158.062023, 21.410083 ], [ -158.061613, 21.410041 ] ] ] } },
{ "type": "Feature", "properties": { "crop": "Papaya", "acreage": 67.8 }, "geometry": { "type": "Polygon", "coordinates": [ [ [ -158.094125, 21.590666 ], [ -158.094218, 21.590925 ], [ -158.09356, 21.591202 ], [ -158.093269, 21.591077 ], [ -158.092527, 21.590886 ], [ -158.09188, 21.590772 ], [ -158.09136, 21.590784 ], [ -158.090961, 21.590673 ], [ -158.089962, 21.589635 ], [ -158.090272, 21.589038 ], [ -158.090392, 21.588431 ], [ -158.090479, 21.588333 ], [ -158.090809, 21.588163 ], [ -158.091724, 21.587786 ], [ -158.092161, 21.587068 ], [ -158.093713, 21.588105 ], [ -158.094006, 21.588226 ], [ -158.094323, 21.588562 ], [ -158.095135, 21.587467 ], [ -158.095353, 21.587372 ], [ -158.098374, 21.589044 ], [ -158.098424, 21.589126 ], [ -158.098414, 21.589252 ], [ -158.097697, 21.590648 ], [ -158.098083, 21.590792 ], [ -158.097789, 21.591253 ], [ -158.097256, 21.591302 ], [ -158.096823, 21.59156 ], [ -158.096568, 21.591576 ], [ -158.096299, 21.591509 ], [ -158.096048, 21.591398 ], [ -158.095716, 21.591158 ], [ -158.095037, 21.590986 ], [ -158.094664, 21.590769 ], [ -158.094235, 21.59039 ], [ -158.094125, 21.590666 ] ] ] } },
{ "type": "Feature", "properties": { "crop": "Taro", "acreage": 2.4 }, "geometry": { "type": "Polygon", "coordinates": [ [ [ -158.098035, 21.592351 ], [ -158.098311, 21.592363 ], [ -158.098258, 21.592833 ], [ -158.098307, 21.592966 ], [ -158.098633, 21.59295 ], [ -158.098646, 21.593405 ], [ -158.098508, 21.593567 ], [ -158.098353, 21.593633 ], [ -158.098133, 21.593654 ], [ -158.097676, 21.593564 ], [ -158.097448, 21.593083 ], [ -158.097555, 21.593009 ], [ -158.097723, 21.593017 ], [ -158.097986, 21.592924 ], [ -158.098035, 21.592351 ] ] ] } },
{ "type": "Feature", "properties": { "crop": "Diversified Crop", "acreage": 83.9 }, "geometry": { "type": "Polygon", "coordinates": [ [ [ -158.108442, 21.586154 ], [ -158.108324, 21.586209 ], [ -158.105503, 21.585864 ], [ -158.10503, 21.585607 ], [ -158.103805, 21.585364 ], [ -158.103703, 21.585198 ], [ -158.104704, 21.582318 ], [ -158.10512, 21.582214 ], [ -158.10554, 21.582239 ], [ -158.105846, 21.582336 ], [ -158.106123, 21.582486 ], [ -158.106565, 21.582933 ], [ -158.107409, 21.582904 ], [ -158.107639, 21.582805 ], [ -158.107488, 21.582479 ], [ -158.107553, 21.58198 ], [ -158.107495, 21.581189 ], [ -158.10759, 21.580768 ], [ -158.109172, 21.580332 ], [ -158.109879, 21.580178 ], [ -158.110078, 21.580265 ], [ -158.110111, 21.580492 ], [ -158.110274, 21.580601 ], [ -158.110364, 21.581041 ], [ -158.110517, 21.581171 ], [ -158.110989, 21.581252 ], [ -158.111296, 21.581482 ], [ -158.111881, 21.582033 ], [ -158.112128, 21.582101 ], [ -158.112599, 21.582129 ], [ -158.112672, 21.582175 ], [ -158.11126, 21.582599 ], [ -158.110956, 21.582752 ], [ -158.110704, 21.582977 ], [ -158.110645, 21.583183 ], [ -158.110654, 21.583336 ], [ -158.110831, 21.583982 ], [ -158.110985, 21.584833 ], [ -158.11096, 21.585065 ], [ -158.110875, 21.585194 ], [ -158.11057, 21.585365 ], [ -158.110321, 21.585269 ], [ -158.110151, 21.585284 ], [ -158.109499, 21.585715 ], [ -158.109154, 21.585844 ], [ -158.108869, 21.585847 ], [ -158.108582, 21.585918 ], [ -158.108466, 21.586049 ], [ -158.108442, 21.586154 ] ] ] } },
{ "type": "Feature", "properties": { "crop": "Flowers / Foliage / Landscape", "acreage": 0.5 }, "geometry": { "type": "Polygon", "coordinates": [ [ [ -158.104437, 21.578613 ], [ -158.104185, 21.577939 ], [ -158.104451, 21.577872 ], [ -158.104653, 21.578576 ], [ -158.104437, 21.578613 ] ] ] } },
{ "type": "Feature", "properties": { "crop": "Flowers / Foliage / Landscape", "acreage": 25.2 }, "geometry": { "type": "Polygon", "coordinates": [ [ [ -158.084415, 21.614827 ], [ -158.084316, 21.614301 ], [ -158.084232, 21.612478 ], [ -158.084389, 21.611988 ], [ -158.084615, 21.611601 ], [ -158.085304, 21.610768 ], [ -158.08728, 21.612464 ], [ -158.087132, 21.612643 ], [ -158.087253, 21.612739 ], [ -158.08657, 21.613698 ], [ -158.086298, 21.61424 ], [ -158.08588, 21.614668 ], [ -158.085404, 21.615072 ], [ -158.08475, 21.615534 ], [ -158.084265, 21.615316 ], [ -158.084415, 21.614827 ] ] ] } },
{ "type": "Feature", "properties": { "crop": "Seed Production", "acreage": 186.9 }, "geometry": { "type": "Polygon", "coordinates": [ [ [ -158.076851, 21.608493 ], [ -158.076582, 21.608445 ], [ -158.076484, 21.608388 ], [ -158.075979, 21.608321 ], [ -158.075684, 21.608413 ], [ -158.075147, 21.608736 ], [ -158.074892, 21.608815 ], [ -158.074474, 21.608713 ], [ -158.074176, 21.60858 ], [ -158.074112, 21.608364 ], [ -158.074211, 21.608043 ], [ -158.074219, 21.607851 ], [ -158.074071, 21.607464 ], [ -158.074007, 21.606679 ], [ -158.073638, 21.60595 ], [ -158.073419, 21.605699 ], [ -158.073079, 21.605421 ], [ -158.073369, 21.605353 ], [ -158.073539, 21.605192 ], [ -158.073611, 21.604898 ], [ -158.073572, 21.60457 ], [ -158.073458, 21.604282 ], [ -158.073251, 21.604053 ], [ -158.072982, 21.603917 ], [ -158.072723, 21.603919 ], [ -158.072674, 21.603874 ], [ -158.073247, 21.603185 ], [ -158.073371, 21.602883 ], [ -158.073318, 21.602573 ], [ -158.072975, 21.602212 ], [ -158.072915, 21.602081 ], [ -158.072926, 21.601981 ], [ -158.073327, 21.602147 ], [ -158.073519, 21.602164 ], [ -158.074061, 21.602051 ], [ -158.074554, 21.601825 ], [ -158.075409, 21.603211 ], [ -158.086125, 21.606633 ], [ -158.085972, 21.606965 ], [ -158.085861, 21.607774 ], [ -158.085542, 21.608186 ], [ -158.085325, 21.608624 ], [ -158.084919, 21.60893 ], [ -158.08465, 21.609436 ], [ -158.084054, 21.610084 ], [ -158.083894, 21.61072 ], [ -158.083818, 21.610866 ], [ -158.083388, 21.611288 ], [ -158.083264, 21.611346 ], [ -158.083044, 21.611288 ], [ -158.082629, 21.611042 ], [ -158.082017, 21.610393 ], [ -158.081215, 21.609081 ], [ -158.081121, 21.60866 ], [ -158.080636, 21.608053 ], [ -158.080332, 21.607847 ], [ -158.079946, 21.607711 ], [ -158.079305, 21.607752 ], [ -158.079219, 21.607794 ], [ -158.079231, 21.607908 ], [ -158.080136, 21.608321 ], [ -158.080325, 21.608477 ], [ -158.080476, 21.60869 ], [ -158.080517, 21.608755 ], [ -158.080365, 21.60891 ], [ -158.080738, 21.609585 ], [ -158.080895, 21.61003 ], [ -158.08123, 21.610651 ], [ -158.08147, 21.611237 ], [ -158.081631, 21.611378 ], [ -158.082468, 21.611757 ], [ -158.082661, 21.611887 ], [ -158.082938, 21.612212 ], [ -158.08325, 21.61274 ], [ -158.083332, 21.613139 ], [ -158.083267, 21.613394 ], [ -158.083069, 21.613604 ], [ -158.082765, 21.613828 ], [ -158.082401, 21.614047 ], [ -158.082125, 21.614141 ], [ -158.081765, 21.614173 ], [ -158.081499, 21.614132 ], [ -158.081066, 21.61394 ], [ -158.08089, 21.613817 ], [ -158.08081, 21.613699 ], [ -158.080797, 21.613367 ], [ -158.080983, 21.612462 ], [ -158.080994, 21.612108 ], [ -158.080876, 21.61153 ], [ -158.080651, 21.61115 ], [ -158.080435, 21.611009 ], [ -158.080047, 21.610926 ], [ -158.079803, 21.610764 ], [ -158.079685, 21.610541 ], [ -158.079773, 21.610171 ], [ -158.07865, 21.609158 ], [ -158.078403, 21.608994 ], [ -158.078023, 21.608858 ], [ -158.077777, 21.60867 ], [ -158.07728, 21.608515 ], [ -158.076851, 21.608493 ] ] ] } },
{ "type": "Feature", "properties": { "crop": "Seed Production", "acreage": 36.5 }, "geometry": { "type": "Polygon", "coordinates": [ [ [ -158.078907, 21.602448 ], [ -158.085176, 21.604762 ], [ -158.087151, 21.605432 ], [ -158.087314, 21.605522 ], [ -158.08668, 21.606025 ], [ -158.086208, 21.606516 ], [ -158.078151, 21.603955 ], [ -158.078907, 21.602448 ] ] ] } },
{ "type": "Feature", "properties": { "crop": "Seed Production", "acreage": 438.7 }, "geometry": { "type": "Polygon", "coordinates": [ [ [ -158.08223, 21.597497 ], [ -158.081355, 21.597806 ], [ -158.080898, 21.597866 ], [ -158.080789, 21.597748 ], [ -158.08079, 21.597623 ], [ -158.080845, 21.597543 ], [ -158.08068, 21.597367 ], [ -158.080537, 21.596706 ], [ -158.080359, 21.597049 ], [ -158.080224, 21.597107 ], [ -158.080028, 21.597104 ], [ -158.079291, 21.596583 ], [ -158.078246, 21.596049 ], [ -158.077776, 21.595867 ], [ -158.076661, 21.595602 ], [ -158.07627, 21.595582 ], [ -158.075706, 21.595639 ], [ -158.07529, 21.595565 ], [ -158.07489, 21.595435 ], [ -158.074306, 21.595049 ], [ -158.074782, 21.593848 ], [ -158.074638, 21.593686 ], [ -158.074389, 21.593558 ], [ -158.074069, 21.593484 ], [ -158.072581, 21.593368 ], [ -158.072074, 21.593237 ], [ -158.072037, 21.593108 ], [ -158.07236, 21.592791 ], [ -158.07242, 21.592538 ], [ -158.072267, 21.592257 ], [ -158.071998, 21.592351 ], [ -158.072001, 21.592192 ], [ -158.072409, 21.591834 ], [ -158.072659, 21.591467 ], [ -158.072742, 21.591124 ], [ -158.072599, 21.5906 ], [ -158.072416, 21.590349 ], [ -158.072275, 21.589957 ], [ -158.072111, 21.589679 ], [ -158.072048, 21.589263 ], [ -158.072156, 21.58908 ], [ -158.073015, 21.589169 ], [ -158.073635, 21.589325 ], [ -158.074126, 21.589617 ], [ -158.075139, 21.590468 ], [ -158.075584, 21.59063 ], [ -158.075995, 21.5907 ], [ -158.076473, 21.590692 ], [ -158.077055, 21.590535 ], [ -158.077531, 21.590294 ], [ -158.078215, 21.589806 ], [ -158.07865, 21.589807 ], [ -158.078855, 21.589718 ], [ -158.079713, 21.589737 ], [ -158.079838, 21.589922 ], [ -158.079887, 21.590373 ], [ -158.079973, 21.590668 ], [ -158.080237, 21.591113 ], [ -158.080459, 21.591338 ], [ -158.081053, 21.591789 ], [ -158.081369, 21.591951 ], [ -158.081674, 21.592034 ], [ -158.081991, 21.592058 ], [ -158.082307, 21.592022 ], [ -158.083592, 21.591624 ], [ -158.083998, 21.591664 ], [ -158.084874, 21.591855 ], [ -158.085259, 21.591846 ], [ -158.087332, 21.591358 ], [ -158.087731, 21.59133 ], [ -158.089043, 21.592406 ], [ -158.089648, 21.592809 ], [ -158.090067, 21.593023 ], [ -158.091283, 21.593406 ], [ -158.092232, 21.59344 ], [ -158.092842, 21.593719 ], [ -158.093223, 21.593804 ], [ -158.093319, 21.593895 ], [ -158.09336, 21.594019 ], [ -158.092887, 21.594375 ], [ -158.09294, 21.594397 ], [ -158.093222, 21.594436 ], [ -158.09347, 21.594349 ], [ -158.093667, 21.594343 ], [ -158.094052, 21.59441 ], [ -158.094929, 21.59498 ], [ -158.094964, 21.594933 ], [ -158.094829, 21.59476 ], [ -158.094588, 21.594543 ], [ -158.094472, 21.594507 ], [ -158.094448, 21.594445 ], [ -158.09519, 21.594512 ], [ -158.095994, 21.594413 ], [ -158.096165, 21.594449 ], [ -158.096587, 21.59498 ], [ -158.096773, 21.595499 ], [ -158.09662, 21.595887 ], [ -158.095821, 21.597061 ], [ -158.094998, 21.597815 ], [ -158.094666, 21.597778 ], [ -158.094283, 21.597527 ], [ -158.093545, 21.597687 ], [ -158.093296, 21.597659 ], [ -158.092853, 21.597485 ], [ -158.092696, 21.597512 ], [ -158.092101, 21.598668 ], [ -158.091747, 21.599171 ], [ -158.091135, 21.599909 ], [ -158.090289, 21.60073 ], [ -158.090159, 21.600928 ], [ -158.089891, 21.601557 ], [ -158.089862, 21.601858 ], [ -158.089926, 21.602297 ], [ -158.089865, 21.602476 ], [ -158.089759, 21.602576 ], [ -158.089245, 21.6028 ], [ -158.0891, 21.602915 ], [ -158.088862, 21.60299 ], [ -158.087537, 21.602911 ], [ -158.087158, 21.602831 ], [ -158.085704, 21.60173 ], [ -158.085329, 21.601388 ], [ -158.085019, 21.601024 ], [ -158.084803, 21.600659 ], [ -158.084542, 21.600023 ], [ -158.084264, 21.599599 ], [ -158.083192, 21.598577 ], [ -158.083134, 21.598377 ], [ -158.083135, 21.597848 ], [ -158.082815, 21.597676 ], [ -158.082351, 21.597521 ], [ -158.08223, 21.597497 ] ] ] } },
{ "type": "Feature", "properties": { "crop": "Diversified Crop", "acreage": 37.3 }, "geometry": { "type": "Polygon", "coordinates": [ [ [ -158.083265, 21.585322 ], [ -158.083482, 21.585311 ], [ -158.083611, 21.58524 ], [ -158.083881, 21.584847 ], [ -158.084089, 21.58437 ], [ -158.086535, 21.585603 ], [ -158.086709, 21.586237 ], [ -158.086963, 21.586645 ], [ -158.087623, 21.587258 ], [ -158.087889, 21.587678 ], [ -158.088118, 21.587894 ], [ -158.086873, 21.588562 ], [ -158.086413, 21.58865 ], [ -158.086093, 21.588696 ], [ -158.085148, 21.588595 ], [ -158.084766, 21.588473 ], [ -158.084054, 21.587956 ], [ -158.084094, 21.587597 ], [ -158.083918, 21.587238 ], [ -158.083613, 21.586877 ], [ -158.08281, 21.586598 ], [ -158.08276, 21.586466 ], [ -158.0828, 21.586132 ], [ -158.082675, 21.585629 ], [ -158.082908, 21.585165 ], [ -158.083265, 21.585322 ] ] ] } },
{ "type": "Feature", "properties": { "crop": "Seed Production", "acreage": 77.2 }, "geometry": { "type": "Polygon", "coordinates": [ [ [ -158.080104, 21.581842 ], [ -158.080126, 21.581732 ], [ -158.080218, 21.581638 ], [ -158.08337, 21.582828 ], [ -158.084607, 21.583414 ], [ -158.086285, 21.584559 ], [ -158.086482, 21.584649 ], [ -158.086652, 21.584679 ], [ -158.086901, 21.584648 ], [ -158.087141, 21.584555 ], [ -158.087402, 21.584374 ], [ -158.087644, 21.584357 ], [ -158.088952, 21.584859 ], [ -158.092945, 21.586021 ], [ -158.092933, 21.586164 ], [ -158.092688, 21.586473 ], [ -158.092367, 21.586722 ], [ -158.092034, 21.586864 ], [ -158.09188, 21.587066 ], [ -158.09175, 21.587424 ], [ -158.090839, 21.587981 ], [ -158.090365, 21.588134 ], [ -158.090211, 21.588276 ], [ -158.090259, 21.588719 ], [ -158.090116, 21.589148 ], [ -158.089705, 21.589409 ], [ -158.089349, 21.589251 ], [ -158.089069, 21.588999 ], [ -158.088406, 21.588685 ], [ -158.087565, 21.588429 ], [ -158.086873, 21.588562 ], [ -158.088118, 21.587894 ], [ -158.087889, 21.587678 ], [ -158.087623, 21.587258 ], [ -158.086963, 21.586645 ], [ -158.086709, 21.586237 ], [ -158.086535, 21.585603 ], [ -158.084089, 21.58437 ], [ -158.083881, 21.584847 ], [ -158.083611, 21.58524 ], [ -158.083482, 21.585311 ], [ -158.083265, 21.585322 ], [ -158.082908, 21.585165 ], [ -158.082565, 21.584864 ], [ -158.08244, 21.584433 ], [ -158.081971, 21.583916 ], [ -158.081435, 21.583686 ], [ -158.081206, 21.58353 ], [ -158.080876, 21.583193 ], [ -158.080256, 21.582103 ], [ -158.080104, 21.581842 ] ] ] } },
{ "type": "Feature", "properties": { "crop": "Seed Production", "acreage": 188.4 }, "geometry": { "type": "Polygon", "coordinates": [ [ [ -158.088778, 21.584614 ], [ -158.087685, 21.58418 ], [ -158.087333, 21.584205 ], [ -158.087054, 21.584392 ], [ -158.086846, 21.584475 ], [ -158.086621, 21.584498 ], [ -158.08651, 21.584466 ], [ -158.084927, 21.583393 ], [ -158.084127, 21.582955 ], [ -158.082762, 21.582393 ], [ -158.080433, 21.581538 ], [ -158.080171, 21.581404 ], [ -158.079107, 21.58061 ], [ -158.078201, 21.579826 ], [ -158.077348, 21.578797 ], [ -158.078047, 21.578123 ], [ -158.078104, 21.577869 ], [ -158.07808, 21.577768 ], [ -158.077975, 21.577663 ], [ -158.078291, 21.577425 ], [ -158.07852, 21.577424 ], [ -158.079827, 21.578391 ], [ -158.081244, 21.579078 ], [ -158.081846, 21.579048 ], [ -158.082043, 21.579178 ], [ -158.082145, 21.579186 ], [ -158.082348, 21.579055 ], [ -158.082679, 21.578927 ], [ -158.082897, 21.578687 ], [ -158.083035, 21.578641 ], [ -158.083146, 21.57868 ], [ -158.08385, 21.57921 ], [ -158.084365, 21.579482 ], [ -158.084976, 21.579731 ], [ -158.085483, 21.579874 ], [ -158.086057, 21.579755 ], [ -158.086536, 21.579438 ], [ -158.086833, 21.579457 ], [ -158.087956, 21.580219 ], [ -158.089495, 21.580743 ], [ -158.089924, 21.580937 ], [ -158.0907, 21.581407 ], [ -158.091623, 21.582136 ], [ -158.091496, 21.582547 ], [ -158.091765, 21.582756 ], [ -158.091801, 21.582857 ], [ -158.091762, 21.582992 ], [ -158.091568, 21.583086 ], [ -158.09088, 21.582945 ], [ -158.09076, 21.583036 ], [ -158.090764, 21.583177 ], [ -158.091973, 21.583655 ], [ -158.092231, 21.583913 ], [ -158.092441, 21.584223 ], [ -158.09275, 21.584416 ], [ -158.093342, 21.584684 ], [ -158.093844, 21.584794 ], [ -158.094428, 21.584761 ], [ -158.094764, 21.58466 ], [ -158.095169, 21.58444 ], [ -158.095573, 21.584394 ], [ -158.096248, 21.584453 ], [ -158.096541, 21.584575 ], [ -158.096802, 21.584751 ], [ -158.097079, 21.585056 ], [ -158.097332, 21.585475 ], [ -158.098117, 21.586034 ], [ -158.099239, 21.587298 ], [ -158.099343, 21.587734 ], [ -158.099606, 21.587963 ], [ -158.099802, 21.588237 ], [ -158.0998, 21.58844 ], [ -158.099734, 21.588635 ], [ -158.099609, 21.588802 ], [ -158.099372, 21.588957 ], [ -158.099089, 21.589014 ], [ -158.098804, 21.588963 ], [ -158.095137, 21.586974 ], [ -158.094806, 21.586679 ], [ -158.094452, 21.586179 ], [ -158.094182, 21.58598 ], [ -158.093779, 21.585869 ], [ -158.092961, 21.585841 ], [ -158.088778, 21.584614 ] ] ] } },
{ "type": "Feature", "properties": { "crop": "Seed Production", "acreage": 269.6 }, "geometry": { "type": "Polygon", "coordinates": [ [ [ -158.089445, 21.578793 ], [ -158.087756, 21.577477 ], [ -158.087339, 21.577348 ], [ -158.086908, 21.577271 ], [ -158.086469, 21.577248 ], [ -158.086071, 21.577313 ], [ -158.085745, 21.577247 ], [ -158.084516, 21.576281 ], [ -158.083857, 21.575948 ], [ -158.083148, 21.575659 ], [ -158.082943, 21.575865 ], [ -158.082457, 21.575979 ], [ -158.08185, 21.576017 ], [ -158.081222, 21.575945 ], [ -158.080664, 21.575787 ], [ -158.080371, 21.575656 ], [ -158.080031, 21.575406 ], [ -158.079732, 21.575059 ], [ -158.077953, 21.574576 ], [ -158.077336, 21.574736 ], [ -158.07706, 21.57489 ], [ -158.07661, 21.575248 ], [ -158.076369, 21.575351 ], [ -158.076109, 21.575399 ], [ -158.075844, 21.575388 ], [ -158.07367, 21.574939 ], [ -158.072724, 21.572683 ], [ -158.076466, 21.572301 ], [ -158.076989, 21.572299 ], [ -158.080011, 21.573239 ], [ -158.080291, 21.572553 ], [ -158.081024, 21.572885 ], [ -158.081542, 21.573407 ], [ -158.081897, 21.573539 ], [ -158.082478, 21.573568 ], [ -158.083417, 21.573347 ], [ -158.084218, 21.573377 ], [ -158.084548, 21.573462 ], [ -158.085071, 21.573804 ], [ -158.0857, 21.574083 ], [ -158.087182, 21.574432 ], [ -158.088441, 21.574788 ], [ -158.088896, 21.574809 ], [ -158.089553, 21.574592 ], [ -158.089856, 21.574626 ], [ -158.090185, 21.574933 ], [ -158.09087, 21.575754 ], [ -158.091387, 21.576225 ], [ -158.092028, 21.576622 ], [ -158.092638, 21.576805 ], [ -158.093333, 21.576878 ], [ -158.094092, 21.576863 ], [ -158.096031, 21.576549 ], [ -158.096751, 21.576386 ], [ -158.09763, 21.576438 ], [ -158.098333, 21.576389 ], [ -158.099131, 21.576255 ], [ -158.099342, 21.576297 ], [ -158.099512, 21.576375 ], [ -158.099583, 21.576508 ], [ -158.09963, 21.576917 ], [ -158.099618, 21.577558 ], [ -158.099703, 21.577989 ], [ -158.099835, 21.578275 ], [ -158.100061, 21.578567 ], [ -158.100363, 21.578833 ], [ -158.10111, 21.579237 ], [ -158.101438, 21.579681 ], [ -158.101451, 21.579914 ], [ -158.101342, 21.58028 ], [ -158.101036, 21.580614 ], [ -158.099723, 21.580672 ], [ -158.098939, 21.580821 ], [ -158.098579, 21.581001 ], [ -158.098181, 21.581285 ], [ -158.097321, 21.582118 ], [ -158.096998, 21.582221 ], [ -158.096609, 21.582231 ], [ -158.094901, 21.582067 ], [ -158.094246, 21.581888 ], [ -158.093588, 21.581369 ], [ -158.092768, 21.580808 ], [ -158.091776, 21.580026 ], [ -158.090315, 21.579216 ], [ -158.089445, 21.578793 ] ] ] } },
{ "type": "Feature", "properties": { "crop": "Seed Production", "acreage": 100.9 }, "geometry": { "type": "Polygon", "coordinates": [ [ [ -158.082442, 21.569771 ], [ -158.08234, 21.569694 ], [ -158.082167, 21.569674 ], [ -158.081964, 21.569523 ], [ -158.081713, 21.569077 ], [ -158.08126, 21.568568 ], [ -158.081196, 21.568021 ], [ -158.081285, 21.56757 ], [ -158.081311, 21.567015 ], [ -158.081396, 21.566797 ], [ -158.094239, 21.571558 ], [ -158.09446, 21.571918 ], [ -158.094904, 21.572428 ], [ -158.095891, 21.573031 ], [ -158.095403, 21.574373 ], [ -158.09504, 21.574525 ], [ -158.094525, 21.574642 ], [ -158.093995, 21.574656 ], [ -158.093575, 21.574592 ], [ -158.093012, 21.574391 ], [ -158.092726, 21.574175 ], [ -158.092367, 21.573752 ], [ -158.092057, 21.573295 ], [ -158.091409, 21.572055 ], [ -158.091168, 21.571857 ], [ -158.090874, 21.571729 ], [ -158.08995, 21.571427 ], [ -158.088993, 21.571235 ], [ -158.088892, 21.571346 ], [ -158.088876, 21.571455 ], [ -158.088943, 21.571587 ], [ -158.089082, 21.571654 ], [ -158.089049, 21.571785 ], [ -158.08892, 21.571915 ], [ -158.088632, 21.571982 ], [ -158.087937, 21.571767 ], [ -158.086535, 21.571463 ], [ -158.08606, 21.571245 ], [ -158.085321, 21.570785 ], [ -158.084561, 21.570503 ], [ -158.084272, 21.570473 ], [ -158.083834, 21.570497 ], [ -158.083504, 21.570583 ], [ -158.083083, 21.570797 ], [ -158.082915, 21.570803 ], [ -158.082799, 21.570735 ], [ -158.082525, 21.570089 ], [ -158.082442, 21.569771 ] ] ] } },
{ "type": "Feature", "properties": { "crop": "Pineapple", "acreage": 428.3 }, "geometry": { "type": "Polygon", "coordinates": [ [ [ -158.075701, 21.563648 ], [ -158.074151, 21.563047 ], [ -158.075414, 21.56051 ], [ -158.07317, 21.559714 ], [ -158.073744, 21.558518 ], [ -158.074746, 21.558244 ], [ -158.074908, 21.558147 ], [ -158.075128, 21.55791 ], [ -158.075393, 21.557873 ], [ -158.075687, 21.557895 ], [ -158.076243, 21.558054 ], [ -158.076776, 21.558378 ], [ -158.077226, 21.558859 ], [ -158.077342, 21.558905 ], [ -158.077646, 21.558924 ], [ -158.078053, 21.559639 ], [ -158.078394, 21.560459 ], [ -158.078629, 21.560672 ], [ -158.07902, 21.560819 ], [ -158.079322, 21.560854 ], [ -158.079639, 21.560797 ], [ -158.080276, 21.560837 ], [ -158.080934, 21.560967 ], [ -158.081322, 21.560867 ], [ -158.08149, 21.560865 ], [ -158.08202, 21.561049 ], [ -158.082432, 21.56107 ], [ -158.082673, 21.561176 ], [ -158.082934, 21.561212 ], [ -158.084631, 21.560655 ], [ -158.085126, 21.560757 ], [ -158.085631, 21.560804 ], [ -158.086276, 21.560716 ], [ -158.08688, 21.560508 ], [ -158.087492, 21.560121 ], [ -158.087859, 21.559951 ], [ -158.088376, 21.559835 ], [ -158.088646, 21.559827 ], [ -158.089337, 21.560102 ], [ -158.090104, 21.560336 ], [ -158.090364, 21.560382 ], [ -158.091061, 21.560371 ], [ -158.091304, 21.560413 ], [ -158.091606, 21.560684 ], [ -158.092066, 21.561465 ], [ -158.09217, 21.561559 ], [ -158.093111, 21.562106 ], [ -158.093519, 21.562213 ], [ -158.09397, 21.562212 ], [ -158.095093, 21.563197 ], [ -158.095648, 21.563759 ], [ -158.095975, 21.563857 ], [ -158.096319, 21.563861 ], [ -158.09715, 21.563552 ], [ -158.097306, 21.563602 ], [ -158.097408, 21.563768 ], [ -158.097108, 21.565268 ], [ -158.096195, 21.567309 ], [ -158.095337, 21.568326 ], [ -158.094946, 21.568726 ], [ -158.094314, 21.568474 ], [ -158.092374, 21.570505 ], [ -158.081015, 21.566296 ], [ -158.080434, 21.566 ], [ -158.079711, 21.565526 ], [ -158.079488, 21.565333 ], [ -158.07931, 21.565026 ], [ -158.078819, 21.565344 ], [ -158.078595, 21.56539 ], [ -158.077486, 21.564987 ], [ -158.077127, 21.56478 ], [ -158.077044, 21.564612 ], [ -158.075701, 21.563648 ] ] ] } },
{ "type": "Feature", "properties": { "crop": "Pineapple", "acreage": 2745.6 }, "geometry": { "type": "Polygon", "coordinates": [ [ [ -158.079891, 21.559438 ], [ -158.079634, 21.5594 ], [ -158.079459, 21.559311 ], [ -158.079249, 21.559074 ], [ -158.079103, 21.558648 ], [ -158.078849, 21.558143 ], [ -158.078436, 21.557668 ], [ -158.078022, 21.557367 ], [ -158.076964, 21.556958 ], [ -158.076577, 21.556753 ], [ -158.074576, 21.554924 ], [ -158.074525, 21.554951 ], [ -158.07486, 21.555463 ], [ -158.07484, 21.555634 ], [ -158.074558, 21.555743 ], [ -158.074259, 21.555797 ], [ -158.073954, 21.555795 ], [ -158.073656, 21.555736 ], [ -158.073396, 21.555607 ], [ -158.073124, 21.555389 ], [ -158.072367, 21.554407 ], [ -158.072216, 21.554328 ], [ -158.071897, 21.554257 ], [ -158.071496, 21.553965 ], [ -158.070904, 21.553741 ], [ -158.070607, 21.553444 ], [ -158.070178, 21.552867 ], [ -158.06991, 21.55283 ], [ -158.06923, 21.553004 ], [ -158.068919, 21.552935 ], [ -158.068491, 21.552923 ], [ -158.06825, 21.552858 ], [ -158.068007, 21.552638 ], [ -158.067812, 21.55238 ], [ -158.067701, 21.551929 ], [ -158.067123, 21.551837 ], [ -158.066572, 21.551636 ], [ -158.066288, 21.551654 ], [ -158.065876, 21.552004 ], [ -158.065362, 21.551467 ], [ -158.064899, 21.550654 ], [ -158.065032, 21.550122 ], [ -158.065006, 21.549913 ], [ -158.064911, 21.549724 ], [ -158.064768, 21.549563 ], [ -158.064264, 21.549352 ], [ -158.063892, 21.549037 ], [ -158.063437, 21.548551 ], [ -158.063304, 21.548218 ], [ -158.063102, 21.548043 ], [ -158.062861, 21.548019 ], [ -158.062532, 21.548138 ], [ -158.062231, 21.548181 ], [ -158.061789, 21.548131 ], [ -158.061602, 21.548038 ], [ -158.061455, 21.547895 ], [ -158.061296, 21.547528 ], [ -158.061144, 21.547431 ], [ -158.060965, 21.547393 ], [ -158.06076, 21.547446 ], [ -158.060464, 21.547645 ], [ -158.060143, 21.547782 ], [ -158.059932, 21.547796 ], [ -158.059606, 21.547646 ], [ -158.059418, 21.547403 ], [ -158.059568, 21.546881 ], [ -158.059534, 21.546829 ], [ -158.057523, 21.546518 ], [ -158.056836, 21.546257 ], [ -158.05655, 21.546246 ], [ -158.056015, 21.546339 ], [ -158.055824, 21.546309 ], [ -158.055452, 21.546155 ], [ -158.055016, 21.546177 ], [ -158.054861, 21.546142 ], [ -158.054001, 21.545613 ], [ -158.053819, 21.545327 ], [ -158.053586, 21.545109 ], [ -158.049179, 21.542489 ], [ -158.048898, 21.542742 ], [ -158.048195, 21.542785 ], [ -158.048268, 21.542884 ], [ -158.048366, 21.542928 ], [ -158.048683, 21.542935 ], [ -158.049511, 21.54306 ], [ -158.050179, 21.543231 ], [ -158.052882, 21.544849 ], [ -158.053309, 21.545119 ], [ -158.053518, 21.545304 ], [ -158.05407, 21.546313 ], [ -158.054216, 21.546475 ], [ -158.05453, 21.546685 ], [ -158.054831, 21.546754 ], [ -158.055361, 21.546651 ], [ -158.055519, 21.546657 ], [ -158.056085, 21.546961 ], [ -158.057313, 21.547192 ], [ -158.057691, 21.547326 ], [ -158.05822, 21.547435 ], [ -158.058469, 21.547615 ], [ -158.058709, 21.547886 ], [ -158.058954, 21.548011 ], [ -158.05927, 21.548004 ], [ -158.059955, 21.5482 ], [ -158.060205, 21.548184 ], [ -158.060646, 21.548063 ], [ -158.06083, 21.548118 ], [ -158.061066, 21.548233 ], [ -158.061271, 21.548433 ], [ -158.062005, 21.548963 ], [ -158.06224, 21.548954 ], [ -158.06248, 21.54879 ], [ -158.062608, 21.548756 ], [ -158.062949, 21.548937 ], [ -158.063093, 21.549061 ], [ -158.063231, 21.549285 ], [ -158.063352, 21.549699 ], [ -158.063552, 21.550154 ], [ -158.064009, 21.550663 ], [ -158.064061, 21.551137 ], [ -158.064025, 21.551566 ], [ -158.06414, 21.551722 ], [ -158.064448, 21.551975 ], [ -158.064566, 21.552362 ], [ -158.064589, 21.552744 ], [ -158.064557, 21.553047 ], [ -158.064505, 21.553129 ], [ -158.064007, 21.553627 ], [ -158.063853, 21.553706 ], [ -158.063207, 21.553879 ], [ -158.062937, 21.553892 ], [ -158.062672, 21.553847 ], [ -158.062597, 21.554005 ], [ -158.062616, 21.55416 ], [ -158.062818, 21.554324 ], [ -158.063207, 21.554382 ], [ -158.063599, 21.554313 ], [ -158.064176, 21.554124 ], [ -158.06432, 21.554147 ], [ -158.064899, 21.554076 ], [ -158.065434, 21.554078 ], [ -158.065605, 21.553994 ], [ -158.065683, 21.55388 ], [ -158.065723, 21.553343 ], [ -158.065902, 21.553275 ], [ -158.066124, 21.553361 ], [ -158.06738, 21.554093 ], [ -158.06761, 21.554295 ], [ -158.067837, 21.554607 ], [ -158.067961, 21.554907 ], [ -158.067983, 21.555125 ], [ -158.067918, 21.555329 ], [ -158.06774, 21.555586 ], [ -158.067718, 21.555892 ], [ -158.068219, 21.556824 ], [ -158.068227, 21.557097 ], [ -158.068012, 21.557287 ], [ -158.068023, 21.557429 ], [ -158.066822, 21.558218 ], [ -158.066606, 21.558476 ], [ -158.066042, 21.557881 ], [ -158.065261, 21.557232 ], [ -158.064405, 21.556671 ], [ -158.063722, 21.556312 ], [ -158.054972, 21.55294 ], [ -158.052285, 21.551961 ], [ -158.04942, 21.55085 ], [ -158.048598, 21.550418 ], [ -158.047658, 21.549752 ], [ -158.047023, 21.549156 ], [ -158.046511, 21.548515 ], [ -158.045976, 21.547591 ], [ -158.045618, 21.546757 ], [ -158.039283, 21.527016 ], [ -158.038288, 21.523782 ], [ -158.038157, 21.523092 ], [ -158.03854, 21.522936 ], [ -158.038952, 21.522871 ], [ -158.040135, 21.523024 ], [ -158.040554, 21.522959 ], [ -158.040903, 21.522735 ], [ -158.041096, 21.522252 ], [ -158.0413, 21.521917 ], [ -158.041411, 21.52179 ], [ -158.041588, 21.521738 ], [ -158.04179, 21.521777 ], [ -158.041925, 21.521884 ], [ -158.04274, 21.523095 ], [ -158.043301, 21.523025 ], [ -158.044049, 21.523027 ], [ -158.044344, 21.522906 ], [ -158.044602, 21.522684 ], [ -158.044802, 21.522445 ], [ -158.044981, 21.522078 ], [ -158.045061, 21.522007 ], [ -158.04521, 21.521943 ], [ -158.045715, 21.521879 ], [ -158.045859, 21.521799 ], [ -158.046061, 21.521568 ], [ -158.046296, 21.521522 ], [ -158.046784, 21.52182 ], [ -158.04773, 21.522274 ], [ -158.047843, 21.522381 ], [ -158.048302, 21.52315 ], [ -158.048498, 21.523336 ], [ -158.048819, 21.52351 ], [ -158.049147, 21.523607 ], [ -158.049461, 21.523622 ], [ -158.04999, 21.523481 ], [ -158.050334, 21.523512 ], [ -158.050614, 21.523477 ], [ -158.05106, 21.523294 ], [ -158.051203, 21.523276 ], [ -158.052075, 21.523527 ], [ -158.052895, 21.523609 ], [ -158.053073, 21.523688 ], [ -158.053216, 21.523814 ], [ -158.053963, 21.525019 ], [ -158.05412, 21.525042 ], [ -158.055867, 21.524887 ], [ -158.05631, 21.524919 ], [ -158.056877, 21.525033 ], [ -158.057772, 21.525332 ], [ -158.058642, 21.525689 ], [ -158.05908, 21.52614 ], [ -158.059372, 21.526619 ], [ -158.059815, 21.526925 ], [ -158.060185, 21.527096 ], [ -158.061009, 21.527292 ], [ -158.061219, 21.527247 ], [ -158.061381, 21.527114 ], [ -158.061484, 21.527095 ], [ -158.0618, 21.527075 ], [ -158.062114, 21.527111 ], [ -158.062217, 21.527135 ], [ -158.062384, 21.527415 ], [ -158.062746, 21.527695 ], [ -158.06302, 21.52776 ], [ -158.06347, 21.527698 ], [ -158.063688, 21.52776 ], [ -158.063852, 21.527908 ], [ -158.064351, 21.528941 ], [ -158.065017, 21.529889 ], [ -158.065404, 21.530535 ], [ -158.06549, 21.530938 ], [ -158.065397, 21.531547 ], [ -158.06549, 21.531909 ], [ -158.066211, 21.532866 ], [ -158.066637, 21.533598 ], [ -158.067112, 21.534111 ], [ -158.067455, 21.534364 ], [ -158.067965, 21.534625 ], [ -158.068256, 21.534966 ], [ -158.069121, 21.535522 ], [ -158.069489, 21.535615 ], [ -158.07, 21.535588 ], [ -158.070426, 21.535761 ], [ -158.070713, 21.535945 ], [ -158.07165, 21.536213 ], [ -158.072161, 21.536573 ], [ -158.073153, 21.537416 ], [ -158.073732, 21.537833 ], [ -158.074444, 21.538007 ], [ -158.074842, 21.538224 ], [ -158.075061, 21.538222 ], [ -158.075343, 21.538105 ], [ -158.075668, 21.538253 ], [ -158.075936, 21.538296 ], [ -158.076364, 21.538521 ], [ -158.07664, 21.538842 ], [ -158.076716, 21.538875 ], [ -158.076797, 21.538855 ], [ -158.077059, 21.538619 ], [ -158.077328, 21.538493 ], [ -158.077496, 21.538451 ], [ -158.077723, 21.538487 ], [ -158.078427, 21.539274 ], [ -158.078584, 21.540178 ], [ -158.078552, 21.540584 ], [ -158.079587, 21.542011 ], [ -158.079761, 21.542126 ], [ -158.079973, 21.542145 ], [ -158.080193, 21.541885 ], [ -158.080429, 21.541831 ], [ -158.0808, 21.542275 ], [ -158.081128, 21.54247 ], [ -158.081553, 21.542827 ], [ -158.081616, 21.542925 ], [ -158.081307, 21.543294 ], [ -158.081235, 21.543521 ], [ -158.081048, 21.543828 ], [ -158.08073, 21.544185 ], [ -158.080436, 21.544402 ], [ -158.080115, 21.544509 ], [ -158.079611, 21.544768 ], [ -158.079248, 21.544868 ], [ -158.078998, 21.544901 ], [ -158.078737, 21.544773 ], [ -158.07852, 21.544737 ], [ -158.078465, 21.544819 ], [ -158.078473, 21.544947 ], [ -158.078537, 21.545023 ], [ -158.078856, 21.545164 ], [ -158.079231, 21.545428 ], [ -158.079343, 21.545818 ], [ -158.079365, 21.546278 ], [ -158.079431, 21.546462 ], [ -158.079502, 21.546995 ], [ -158.079647, 21.547293 ], [ -158.079632, 21.547689 ], [ -158.079915, 21.548029 ], [ -158.080246, 21.548329 ], [ -158.080752, 21.548655 ], [ -158.081392, 21.549151 ], [ -158.082989, 21.547026 ], [ -158.083394, 21.546936 ], [ -158.084067, 21.546888 ], [ -158.084258, 21.546791 ], [ -158.084542, 21.546522 ], [ -158.084799, 21.546488 ], [ -158.085063, 21.546633 ], [ -158.085295, 21.546828 ], [ -158.085481, 21.547062 ], [ -158.085636, 21.547395 ], [ -158.085826, 21.54765 ], [ -158.086398, 21.548213 ], [ -158.086799, 21.54849 ], [ -158.088783, 21.549358 ], [ -158.089001, 21.549685 ], [ -158.089241, 21.549937 ], [ -158.08995, 21.550387 ], [ -158.090192, 21.550588 ], [ -158.090492, 21.550704 ], [ -158.090682, 21.550682 ], [ -158.090762, 21.550736 ], [ -158.090809, 21.55085 ], [ -158.091034, 21.550893 ], [ -158.091227, 21.550864 ], [ -158.091651, 21.55068 ], [ -158.092529, 21.550599 ], [ -158.092761, 21.550666 ], [ -158.092981, 21.550794 ], [ -158.093159, 21.550973 ], [ -158.093189, 21.551279 ], [ -158.093348, 21.551471 ], [ -158.093543, 21.551534 ], [ -158.094139, 21.551491 ], [ -158.094436, 21.551581 ], [ -158.094735, 21.551808 ], [ -158.095356, 21.552444 ], [ -158.095904, 21.552837 ], [ -158.096321, 21.553036 ], [ -158.096502, 21.553284 ], [ -158.096539, 21.553394 ], [ -158.095409, 21.554964 ], [ -158.095005, 21.554809 ], [ -158.094669, 21.554612 ], [ -158.093912, 21.554529 ], [ -158.093556, 21.554385 ], [ -158.09297, 21.553882 ], [ -158.092621, 21.553264 ], [ -158.09211, 21.552868 ], [ -158.09174, 21.552453 ], [ -158.091487, 21.552283 ], [ -158.090687, 21.551935 ], [ -158.090426, 21.551728 ], [ -158.090337, 21.551723 ], [ -158.090252, 21.55187 ], [ -158.090272, 21.552023 ], [ -158.090371, 21.552313 ], [ -158.090606, 21.552587 ], [ -158.090629, 21.552738 ], [ -158.090347, 21.553196 ], [ -158.090141, 21.553382 ], [ -158.090042, 21.553588 ], [ -158.089152, 21.554552 ], [ -158.089152, 21.554771 ], [ -158.089299, 21.554883 ], [ -158.089399, 21.555034 ], [ -158.08941, 21.555466 ], [ -158.088818, 21.556213 ], [ -158.088714, 21.556241 ], [ -158.0883, 21.556108 ], [ -158.087666, 21.555807 ], [ -158.087118, 21.555801 ], [ -158.086962, 21.555761 ], [ -158.086762, 21.555605 ], [ -158.08651, 21.55527 ], [ -158.08605, 21.554864 ], [ -158.085873, 21.554796 ], [ -158.085347, 21.554738 ], [ -158.084864, 21.554502 ], [ -158.084362, 21.554338 ], [ -158.084161, 21.554139 ], [ -158.083942, 21.553788 ], [ -158.083484, 21.552856 ], [ -158.082804, 21.552039 ], [ -158.082597, 21.551887 ], [ -158.082446, 21.552058 ], [ -158.083211, 21.553063 ], [ -158.083203, 21.553264 ], [ -158.083071, 21.553381 ], [ -158.082823, 21.553395 ], [ -158.082534, 21.553297 ], [ -158.082168, 21.553248 ], [ -158.081687, 21.552982 ], [ -158.081361, 21.552872 ], [ -158.081161, 21.552916 ], [ -158.080749, 21.553266 ], [ -158.080594, 21.553308 ], [ -158.079921, 21.553214 ], [ -158.079473, 21.553235 ], [ -158.07921, 21.553176 ], [ -158.078774, 21.552825 ], [ -158.078171, 21.552494 ], [ -158.078104, 21.552332 ], [ -158.07809, 21.552106 ], [ -158.077999, 21.551983 ], [ -158.077416, 21.551712 ], [ -158.077084, 21.551371 ], [ -158.076638, 21.551395 ], [ -158.076437, 21.551328 ], [ -158.07594, 21.550863 ], [ -158.075396, 21.550437 ], [ -158.07512, 21.549938 ], [ -158.075044, 21.549608 ], [ -158.075013, 21.548931 ], [ -158.074787, 21.548369 ], [ -158.074728, 21.548073 ], [ -158.074636, 21.54795 ], [ -158.074452, 21.547888 ], [ -158.074242, 21.547917 ], [ -158.074152, 21.548102 ], [ -158.074112, 21.548531 ], [ -158.07402, 21.548661 ], [ -158.073884, 21.54875 ], [ -158.073605, 21.548759 ], [ -158.073405, 21.548698 ], [ -158.073233, 21.548584 ], [ -158.073053, 21.548349 ], [ -158.072811, 21.547931 ], [ -158.072712, 21.547479 ], [ -158.072498, 21.546854 ], [ -158.072117, 21.546104 ], [ -158.072181, 21.545915 ], [ -158.072559, 21.545722 ], [ -158.072809, 21.545497 ], [ -158.072891, 21.545332 ], [ -158.072875, 21.545126 ], [ -158.072643, 21.544841 ], [ -158.072659, 21.544544 ], [ -158.072524, 21.544276 ], [ -158.072125, 21.54393 ], [ -158.071854, 21.54357 ], [ -158.071614, 21.543399 ], [ -158.071373, 21.543134 ], [ -158.071406, 21.542776 ], [ -158.071724, 21.542198 ], [ -158.071785, 21.541852 ], [ -158.071767, 21.541436 ], [ -158.07156, 21.540927 ], [ -158.071292, 21.540708 ], [ -158.070934, 21.540652 ], [ -158.07039, 21.54065 ], [ -158.070166, 21.540568 ], [ -158.069491, 21.540033 ], [ -158.069403, 21.539758 ], [ -158.069131, 21.539482 ], [ -158.068732, 21.538878 ], [ -158.068211, 21.53853 ], [ -158.067625, 21.53803 ], [ -158.067451, 21.537955 ], [ -158.067261, 21.537936 ], [ -158.066059, 21.537129 ], [ -158.065604, 21.537552 ], [ -158.066242, 21.538611 ], [ -158.066337, 21.538641 ], [ -158.066533, 21.538499 ], [ -158.066579, 21.538377 ], [ -158.066909, 21.538241 ], [ -158.067259, 21.538256 ], [ -158.067544, 21.538411 ], [ -158.068317, 21.539198 ], [ -158.068559, 21.539593 ], [ -158.068816, 21.540178 ], [ -158.069667, 21.541299 ], [ -158.070053, 21.541978 ], [ -158.070301, 21.542486 ], [ -158.070237, 21.54294 ], [ -158.070251, 21.543155 ], [ -158.070532, 21.543635 ], [ -158.070504, 21.543897 ], [ -158.07035, 21.544381 ], [ -158.070377, 21.544484 ], [ -158.070498, 21.54466 ], [ -158.070897, 21.544982 ], [ -158.071508, 21.545313 ], [ -158.071561, 21.545378 ], [ -158.071557, 21.545459 ], [ -158.071348, 21.545785 ], [ -158.07131, 21.546056 ], [ -158.071341, 21.546419 ], [ -158.071475, 21.546624 ], [ -158.071465, 21.546763 ], [ -158.071341, 21.546885 ], [ -158.071206, 21.546909 ], [ -158.070828, 21.546888 ], [ -158.070483, 21.546792 ], [ -158.070107, 21.546844 ], [ -158.069971, 21.546814 ], [ -158.069865, 21.54673 ], [ -158.069477, 21.546153 ], [ -158.069383, 21.546139 ], [ -158.068733, 21.545751 ], [ -158.068247, 21.54552 ], [ -158.067363, 21.544464 ], [ -158.067137, 21.544307 ], [ -158.066777, 21.544172 ], [ -158.066275, 21.54371 ], [ -158.06618, 21.543722 ], [ -158.066093, 21.54376 ], [ -158.066085, 21.543936 ], [ -158.066186, 21.544086 ], [ -158.066312, 21.544145 ], [ -158.066389, 21.544353 ], [ -158.067037, 21.544725 ], [ -158.067385, 21.545265 ], [ -158.067782, 21.545528 ], [ -158.068074, 21.545808 ], [ -158.068571, 21.546027 ], [ -158.069256, 21.546457 ], [ -158.069473, 21.546703 ], [ -158.069654, 21.547076 ], [ -158.069801, 21.547212 ], [ -158.070116, 21.547338 ], [ -158.070673, 21.547284 ], [ -158.071068, 21.547355 ], [ -158.071357, 21.547504 ], [ -158.071815, 21.547889 ], [ -158.072057, 21.548818 ], [ -158.07242, 21.549432 ], [ -158.072535, 21.549918 ], [ -158.072693, 21.550176 ], [ -158.073071, 21.55048 ], [ -158.073534, 21.550593 ], [ -158.073781, 21.550732 ], [ -158.074278, 21.551371 ], [ -158.074537, 21.551469 ], [ -158.075079, 21.551866 ], [ -158.075896, 21.552723 ], [ -158.076334, 21.553089 ], [ -158.076706, 21.553489 ], [ -158.077421, 21.554065 ], [ -158.077671, 21.554209 ], [ -158.078167, 21.554231 ], [ -158.07841, 21.554387 ], [ -158.078712, 21.554464 ], [ -158.079011, 21.554747 ], [ -158.079101, 21.554783 ], [ -158.07923, 21.554763 ], [ -158.079499, 21.554534 ], [ -158.079666, 21.554487 ], [ -158.080445, 21.554564 ], [ -158.081063, 21.554758 ], [ -158.081558, 21.554611 ], [ -158.08187, 21.554805 ], [ -158.082117, 21.554872 ], [ -158.082637, 21.554803 ], [ -158.083314, 21.555228 ], [ -158.083944, 21.555829 ], [ -158.084832, 21.556329 ], [ -158.084847, 21.556467 ], [ -158.084194, 21.557403 ], [ -158.083595, 21.557936 ], [ -158.08398, 21.558156 ], [ -158.084038, 21.558272 ], [ -158.084009, 21.558396 ], [ -158.08237, 21.559637 ], [ -158.082143, 21.559695 ], [ -158.080886, 21.559239 ], [ -158.079891, 21.559438 ] ] ] } },
{ "type": "Feature", "properties": { "crop": "Diversified Crop", "acreage": 22.6 }, "geometry": { "type": "Polygon", "coordinates": [ [ [ -158.088815, 21.558218 ], [ -158.088003, 21.558229 ], [ -158.087718, 21.557738 ], [ -158.087171, 21.557578 ], [ -158.087108, 21.556823 ], [ -158.08698, 21.556723 ], [ -158.086793, 21.556443 ], [ -158.086845, 21.556185 ], [ -158.087522, 21.556 ], [ -158.08866, 21.556506 ], [ -158.088731, 21.557261 ], [ -158.090088, 21.557714 ], [ -158.090247, 21.557365 ], [ -158.090926, 21.556745 ], [ -158.091635, 21.556902 ], [ -158.091624, 21.55728 ], [ -158.091734, 21.557571 ], [ -158.092793, 21.558693 ], [ -158.092992, 21.559003 ], [ -158.091752, 21.558829 ], [ -158.090193, 21.558739 ], [ -158.089671, 21.558467 ], [ -158.088815, 21.558218 ] ] ] } },
{ "type": "Feature", "properties": { "crop": "Diversified Crop", "acreage": 14.1 }, "geometry": { "type": "Polygon", "coordinates": [ [ [ -158.091585, 21.554893 ], [ -158.090637, 21.554461 ], [ -158.090473, 21.554635 ], [ -158.089698, 21.554152 ], [ -158.089776, 21.554062 ], [ -158.0902, 21.553868 ], [ -158.091113, 21.553104 ], [ -158.091439, 21.55314 ], [ -158.09173, 21.553279 ], [ -158.091995, 21.553593 ], [ -158.09264, 21.554604 ], [ -158.092875, 21.554816 ], [ -158.093419, 21.555189 ], [ -158.09355, 21.555353 ], [ -158.093507, 21.555797 ], [ -158.093313, 21.556008 ], [ -158.093025, 21.556122 ], [ -158.092244, 21.556149 ], [ -158.091585, 21.554893 ] ] ] } },
{ "type": "Feature", "properties": { "crop": "Diversified Crop", "acreage": 41.3 }, "geometry": { "type": "Polygon", "coordinates": [ [ [ -158.090175, 21.539449 ], [ -158.089682, 21.540599 ], [ -158.089541, 21.541702 ], [ -158.089641, 21.542265 ], [ -158.089719, 21.542408 ], [ -158.089988, 21.542649 ], [ -158.090008, 21.542747 ], [ -158.089704, 21.543152 ], [ -158.089163, 21.543403 ], [ -158.089051, 21.543531 ], [ -158.089207, 21.543821 ], [ -158.089264, 21.544318 ], [ -158.089378, 21.544602 ], [ -158.089598, 21.544959 ], [ -158.09004, 21.545449 ], [ -158.09001, 21.545766 ], [ -158.089901, 21.545946 ], [ -158.089726, 21.545994 ], [ -158.08948, 21.545945 ], [ -158.089072, 21.545601 ], [ -158.088726, 21.545494 ], [ -158.088491, 21.545502 ], [ -158.088168, 21.545714 ], [ -158.087922, 21.545694 ], [ -158.087691, 21.545579 ], [ -158.08752, 21.54538 ], [ -158.087689, 21.544943 ], [ -158.087516, 21.544569 ], [ -158.087489, 21.544386 ], [ -158.087926, 21.541644 ], [ -158.08887, 21.536821 ], [ -158.090331, 21.538552 ], [ -158.090175, 21.539449 ] ] ] } },
{ "type": "Feature", "properties": { "crop": "Diversified Crop", "acreage": 7.7 }, "geometry": { "type": "Polygon", "coordinates": [ [ [ -158.089665, 21.537444 ], [ -158.089187, 21.536932 ], [ -158.08884, 21.536335 ], [ -158.088849, 21.535999 ], [ -158.088937, 21.535704 ], [ -158.089181, 21.535574 ], [ -158.090709, 21.536062 ], [ -158.090908, 21.536054 ], [ -158.091073, 21.536099 ], [ -158.09117, 21.536158 ], [ -158.091231, 21.536401 ], [ -158.091193, 21.536523 ], [ -158.091069, 21.536625 ], [ -158.089665, 21.537444 ] ] ] } },
{ "type": "Feature", "properties": { "crop": "Pasture", "acreage": 2077.3 }, "geometry": { "type": "Polygon", "coordinates": [ [ [ -158.088328, 21.521145 ], [ -158.08892, 21.521092 ], [ -158.089737, 21.521106 ], [ -158.090509, 21.521198 ], [ -158.091015, 21.521387 ], [ -158.092238, 21.522076 ], [ -158.09259, 21.5222 ], [ -158.092853, 21.522241 ], [ -158.093369, 21.522202 ], [ -158.09467, 21.521839 ], [ -158.095241, 21.521766 ], [ -158.095829, 21.521842 ], [ -158.097242, 21.522293 ], [ -158.09782, 21.522402 ], [ -158.098309, 21.522383 ], [ -158.099347, 21.522164 ], [ -158.099803, 21.522167 ], [ -158.100266, 21.522281 ], [ -158.101237, 21.522635 ], [ -158.101702, 21.522728 ], [ -158.102417, 21.522672 ], [ -158.103943, 21.522318 ], [ -158.104385, 21.522252 ], [ -158.104824, 21.522277 ], [ -158.105118, 21.522457 ], [ -158.10525, 21.522781 ], [ -158.105329, 21.523412 ], [ -158.105297, 21.523907 ], [ -158.105147, 21.52454 ], [ -158.104869, 21.52524 ], [ -158.103922, 21.527063 ], [ -158.103546, 21.527918 ], [ -158.103331, 21.528715 ], [ -158.103095, 21.530597 ], [ -158.102918, 21.531367 ], [ -158.102545, 21.532231 ], [ -158.101584, 21.534001 ], [ -158.101251, 21.534932 ], [ -158.101189, 21.535373 ], [ -158.101215, 21.535785 ], [ -158.101362, 21.536308 ], [ -158.101832, 21.537585 ], [ -158.101883, 21.537982 ], [ -158.101818, 21.538057 ], [ -158.101692, 21.538055 ], [ -158.10096, 21.537706 ], [ -158.100632, 21.537678 ], [ -158.100301, 21.537719 ], [ -158.100023, 21.53787 ], [ -158.099787, 21.538134 ], [ -158.09965, 21.538421 ], [ -158.099662, 21.538642 ], [ -158.099793, 21.5389 ], [ -158.1, 21.539145 ], [ -158.100669, 21.539662 ], [ -158.101308, 21.5399 ], [ -158.10213, 21.539979 ], [ -158.102662, 21.539926 ], [ -158.102969, 21.539781 ], [ -158.103086, 21.539577 ], [ -158.103274, 21.538872 ], [ -158.103356, 21.538765 ], [ -158.10345, 21.538763 ], [ -158.103554, 21.538834 ], [ -158.104038, 21.539387 ], [ -158.104228, 21.539503 ], [ -158.104297, 21.539422 ], [ -158.10436, 21.538883 ], [ -158.104452, 21.538659 ], [ -158.104816, 21.538495 ], [ -158.104999, 21.538471 ], [ -158.105108, 21.538514 ], [ -158.105189, 21.538654 ], [ -158.105217, 21.538906 ], [ -158.105142, 21.540296 ], [ -158.10535, 21.540929 ], [ -158.105691, 21.541501 ], [ -158.10681, 21.542935 ], [ -158.107213, 21.543562 ], [ -158.107499, 21.544216 ], [ -158.108042, 21.545861 ], [ -158.108322, 21.546445 ], [ -158.109064, 21.547455 ], [ -158.109258, 21.54766 ], [ -158.109435, 21.547769 ], [ -158.10957, 21.54776 ], [ -158.109706, 21.54764 ], [ -158.110098, 21.546908 ], [ -158.110308, 21.546216 ], [ -158.110344, 21.545556 ], [ -158.110235, 21.545037 ], [ -158.110105, 21.544781 ], [ -158.109892, 21.544664 ], [ -158.109389, 21.544553 ], [ -158.109167, 21.544455 ], [ -158.109035, 21.544288 ], [ -158.108887, 21.543938 ], [ -158.108775, 21.543423 ], [ -158.108768, 21.542941 ], [ -158.108844, 21.54246 ], [ -158.10903, 21.541948 ], [ -158.109303, 21.54153 ], [ -158.109693, 21.541142 ], [ -158.110033, 21.540928 ], [ -158.110337, 21.540848 ], [ -158.11087, 21.540852 ], [ -158.111403, 21.540963 ], [ -158.11203, 21.541207 ], [ -158.112447, 21.541465 ], [ -158.112632, 21.541664 ], [ -158.112796, 21.542 ], [ -158.112875, 21.542339 ], [ -158.11291, 21.542844 ], [ -158.112865, 21.543571 ], [ -158.112753, 21.544363 ], [ -158.112601, 21.54526 ], [ -158.11226, 21.546496 ], [ -158.11211, 21.547731 ], [ -158.112109, 21.548686 ], [ -158.112218, 21.549011 ], [ -158.112373, 21.549153 ], [ -158.11254, 21.549183 ], [ -158.112786, 21.549143 ], [ -158.113098, 21.549046 ], [ -158.113297, 21.548928 ], [ -158.113596, 21.548602 ], [ -158.114142, 21.547789 ], [ -158.114349, 21.547611 ], [ -158.114471, 21.547626 ], [ -158.114553, 21.547719 ], [ -158.114852, 21.548446 ], [ -158.114971, 21.548547 ], [ -158.115117, 21.548368 ], [ -158.115478, 21.547424 ], [ -158.11572, 21.547144 ], [ -158.116205, 21.546943 ], [ -158.116618, 21.546903 ], [ -158.116804, 21.546973 ], [ -158.117131, 21.547272 ], [ -158.117315, 21.547304 ], [ -158.117584, 21.547191 ], [ -158.118002, 21.54686 ], [ -158.118281, 21.546414 ], [ -158.118454, 21.545814 ], [ -158.118462, 21.545361 ], [ -158.118194, 21.544607 ], [ -158.118146, 21.544276 ], [ -158.118216, 21.544037 ], [ -158.118582, 21.543529 ], [ -158.118673, 21.543331 ], [ -158.118678, 21.543156 ], [ -158.118534, 21.542732 ], [ -158.118551, 21.542647 ], [ -158.118632, 21.542591 ], [ -158.119013, 21.542641 ], [ -158.120315, 21.543102 ], [ -158.120815, 21.543179 ], [ -158.121618, 21.543091 ], [ -158.123574, 21.542614 ], [ -158.124009, 21.542572 ], [ -158.124398, 21.542621 ], [ -158.124645, 21.542743 ], [ -158.124834, 21.542959 ], [ -158.124972, 21.54335 ], [ -158.125178, 21.544261 ], [ -158.125242, 21.544396 ], [ -158.125326, 21.544451 ], [ -158.12541, 21.544408 ], [ -158.125527, 21.544246 ], [ -158.126092, 21.543105 ], [ -158.126307, 21.542915 ], [ -158.126474, 21.543027 ], [ -158.126924, 21.543939 ], [ -158.127059, 21.54411 ], [ -158.127165, 21.544162 ], [ -158.127292, 21.544143 ], [ -158.127439, 21.544051 ], [ -158.12822, 21.543268 ], [ -158.12861, 21.543111 ], [ -158.129137, 21.543044 ], [ -158.129748, 21.54306 ], [ -158.130346, 21.543157 ], [ -158.130841, 21.543318 ], [ -158.131176, 21.543525 ], [ -158.131332, 21.543792 ], [ -158.13126, 21.544165 ], [ -158.130722, 21.54529 ], [ -158.130636, 21.545749 ], [ -158.130682, 21.546414 ], [ -158.130838, 21.547207 ], [ -158.131026, 21.547797 ], [ -158.131195, 21.548044 ], [ -158.131302, 21.547826 ], [ -158.131578, 21.546175 ], [ -158.131769, 21.545611 ], [ -158.132041, 21.545224 ], [ -158.13262, 21.544822 ], [ -158.132848, 21.544601 ], [ -158.133049, 21.543979 ], [ -158.133138, 21.543835 ], [ -158.133432, 21.543636 ], [ -158.133945, 21.543503 ], [ -158.134589, 21.543478 ], [ -158.135245, 21.54357 ], [ -158.135747, 21.543758 ], [ -158.135908, 21.543877 ], [ -158.136012, 21.544036 ], [ -158.135987, 21.544297 ], [ -158.135721, 21.544999 ], [ -158.13574, 21.545159 ], [ -158.136024, 21.545162 ], [ -158.136306, 21.545052 ], [ -158.136411, 21.544916 ], [ -158.136616, 21.544437 ], [ -158.136739, 21.544304 ], [ -158.136869, 21.544261 ], [ -158.137035, 21.544333 ], [ -158.137171, 21.54449 ], [ -158.137437, 21.545061 ], [ -158.137744, 21.546292 ], [ -158.137905, 21.547845 ], [ -158.137896, 21.548527 ], [ -158.137826, 21.549093 ], [ -158.137514, 21.549965 ], [ -158.137558, 21.550309 ], [ -158.137654, 21.550513 ], [ -158.137782, 21.550509 ], [ -158.138219, 21.550079 ], [ -158.138449, 21.549959 ], [ -158.138713, 21.550007 ], [ -158.139516, 21.550418 ], [ -158.139789, 21.550429 ], [ -158.140054, 21.55035 ], [ -158.14056, 21.549988 ], [ -158.141723, 21.548778 ], [ -158.142072, 21.548544 ], [ -158.142318, 21.548457 ], [ -158.14281, 21.548434 ], [ -158.143386, 21.548503 ], [ -158.143977, 21.548655 ], [ -158.144621, 21.548924 ], [ -158.145063, 21.549201 ], [ -158.145451, 21.549579 ], [ -158.14569, 21.550008 ], [ -158.145942, 21.550721 ], [ -158.146025, 21.551471 ], [ -158.145943, 21.553247 ], [ -158.145992, 21.553616 ], [ -158.1461, 21.553863 ], [ -158.146272, 21.554011 ], [ -158.146458, 21.554062 ], [ -158.147199, 21.553949 ], [ -158.147457, 21.55397 ], [ -158.147736, 21.554098 ], [ -158.148237, 21.554452 ], [ -158.148543, 21.554608 ], [ -158.148761, 21.554648 ], [ -158.149348, 21.554655 ], [ -158.149552, 21.554726 ], [ -158.149654, 21.554866 ], [ -158.149714, 21.555137 ], [ -158.149646, 21.556554 ], [ -158.149672, 21.556731 ], [ -158.149753, 21.556845 ], [ -158.14989, 21.556848 ], [ -158.150147, 21.556733 ], [ -158.150304, 21.556615 ], [ -158.150394, 21.556473 ], [ -158.150459, 21.556167 ], [ -158.150458, 21.555165 ], [ -158.150773, 21.553889 ], [ -158.151173, 21.552798 ], [ -158.151441, 21.552324 ], [ -158.151694, 21.551993 ], [ -158.152068, 21.551626 ], [ -158.152649, 21.551171 ], [ -158.153088, 21.550903 ], [ -158.153507, 21.55071 ], [ -158.153896, 21.550596 ], [ -158.154322, 21.550561 ], [ -158.154795, 21.550602 ], [ -158.155308, 21.55071 ], [ -158.155936, 21.550924 ], [ -158.156457, 21.551191 ], [ -158.156837, 21.551489 ], [ -158.157051, 21.551799 ], [ -158.157092, 21.551986 ], [ -158.157056, 21.55224 ], [ -158.156602, 21.553335 ], [ -158.156535, 21.553824 ], [ -158.1567, 21.554284 ], [ -158.15744, 21.555438 ], [ -158.157691, 21.556145 ], [ -158.157825, 21.556681 ], [ -158.157852, 21.557132 ], [ -158.157792, 21.557429 ], [ -158.15758, 21.557769 ], [ -158.156928, 21.558446 ], [ -158.156724, 21.55872 ], [ -158.156625, 21.558945 ], [ -158.156542, 21.559321 ], [ -158.15655, 21.559479 ], [ -158.156611, 21.55954 ], [ -158.156781, 21.559561 ], [ -158.15704, 21.559517 ], [ -158.157687, 21.559323 ], [ -158.157894, 21.559221 ], [ -158.158342, 21.558879 ], [ -158.15926, 21.557986 ], [ -158.159469, 21.557873 ], [ -158.159528, 21.557922 ], [ -158.159528, 21.558026 ], [ -158.159262, 21.558849 ], [ -158.159252, 21.559213 ], [ -158.159382, 21.559439 ], [ -158.159611, 21.559675 ], [ -158.159746, 21.55974 ], [ -158.159887, 21.559726 ], [ -158.160176, 21.559486 ], [ -158.160906, 21.558416 ], [ -158.161207, 21.558072 ], [ -158.16139, 21.557931 ], [ -158.161752, 21.557752 ], [ -158.162099, 21.557646 ], [ -158.162196, 21.557685 ], [ -158.162289, 21.5578 ], [ -158.16242, 21.558166 ], [ -158.162335, 21.558427 ], [ -158.161953, 21.558952 ], [ -158.161842, 21.559193 ], [ -158.161833, 21.559343 ], [ -158.161901, 21.559623 ], [ -158.162042, 21.559798 ], [ -158.162342, 21.559793 ], [ -158.163369, 21.559379 ], [ -158.163788, 21.559317 ], [ -158.164194, 21.559451 ], [ -158.165138, 21.560076 ], [ -158.165542, 21.560241 ], [ -158.165891, 21.560274 ], [ -158.166905, 21.560189 ], [ -158.167406, 21.560214 ], [ -158.168001, 21.560332 ], [ -158.169449, 21.56073 ], [ -158.169953, 21.56081 ], [ -158.170316, 21.560819 ], [ -158.171078, 21.560687 ], [ -158.171581, 21.560477 ], [ -158.171829, 21.56017 ], [ -158.172302, 21.559164 ], [ -158.172482, 21.559024 ], [ -158.172725, 21.559021 ], [ -158.173183, 21.559265 ], [ -158.173715, 21.559787 ], [ -158.174163, 21.560393 ], [ -158.174569, 21.561149 ], [ -158.174744, 21.561785 ], [ -158.174742, 21.562515 ], [ -158.174577, 21.562532 ], [ -158.174408, 21.563743 ], [ -158.174277, 21.56385 ], [ -158.175536, 21.565872 ], [ -158.175789, 21.565719 ], [ -158.177215, 21.565487 ], [ -158.177869, 21.5653 ], [ -158.178017, 21.565197 ], [ -158.178208, 21.564647 ], [ -158.178476, 21.564133 ], [ -158.178524, 21.563898 ], [ -158.17844, 21.563468 ], [ -158.18769, 21.564979 ], [ -158.18765, 21.567245 ], [ -158.187324, 21.567149 ], [ -158.186995, 21.567188 ], [ -158.18677, 21.56739 ], [ -158.186609, 21.56771 ], [ -158.186537, 21.568017 ], [ -158.186499, 21.568546 ], [ -158.186409, 21.568785 ], [ -158.185953, 21.569402 ], [ -158.185642, 21.569581 ], [ -158.184816, 21.569379 ], [ -158.18441, 21.568918 ], [ -158.183338, 21.569073 ], [ -158.183003, 21.569012 ], [ -158.18318, 21.567956 ], [ -158.181968, 21.567701 ], [ -158.18172, 21.568755 ], [ -158.181247, 21.56838 ], [ -158.18092, 21.568034 ], [ -158.180885, 21.567805 ], [ -158.180818, 21.567676 ], [ -158.180536, 21.56761 ], [ -158.179949, 21.567289 ], [ -158.179902, 21.567461 ], [ -158.179818, 21.567442 ], [ -158.178876, 21.571258 ], [ -158.176716, 21.579251 ], [ -158.175358, 21.579027 ], [ -158.173088, 21.578532 ], [ -158.162837, 21.576009 ], [ -158.166133, 21.564609 ], [ -158.16597, 21.564314 ], [ -158.165519, 21.563203 ], [ -158.165282, 21.562979 ], [ -158.164633, 21.562521 ], [ -158.16445, 21.562274 ], [ -158.164265, 21.562213 ], [ -158.164051, 21.561917 ], [ -158.163872, 21.561463 ], [ -158.16373, 21.561304 ], [ -158.163199, 21.561116 ], [ -158.162835, 21.56108 ], [ -158.162541, 21.561104 ], [ -158.162373, 21.561162 ], [ -158.162279, 21.561252 ], [ -158.1623, 21.561565 ], [ -158.161417, 21.561274 ], [ -158.161473, 21.561012 ], [ -158.161425, 21.560853 ], [ -158.161254, 21.560676 ], [ -158.16097, 21.560516 ], [ -158.160513, 21.560373 ], [ -158.160138, 21.560325 ], [ -158.159825, 21.560348 ], [ -158.159613, 21.560439 ], [ -158.1595, 21.560623 ], [ -158.159473, 21.560947 ], [ -158.159625, 21.561146 ], [ -158.160163, 21.56157 ], [ -158.160217, 21.561656 ], [ -158.160216, 21.561905 ], [ -158.160153, 21.562153 ], [ -158.159905, 21.562544 ], [ -158.159866, 21.562757 ], [ -158.159662, 21.563162 ], [ -158.159596, 21.563425 ], [ -158.159626, 21.563679 ], [ -158.159898, 21.564101 ], [ -158.159926, 21.564265 ], [ -158.159742, 21.564484 ], [ -158.159534, 21.564626 ], [ -158.159434, 21.564647 ], [ -158.159352, 21.564587 ], [ -158.159281, 21.564405 ], [ -158.159341, 21.564216 ], [ -158.159343, 21.563895 ], [ -158.159311, 21.563477 ], [ -158.159243, 21.563316 ], [ -158.159309, 21.562618 ], [ -158.159526, 21.561993 ], [ -158.159537, 21.56177 ], [ -158.159411, 21.561577 ], [ -158.158756, 21.561034 ], [ -158.158702, 21.56054 ], [ -158.158641, 21.560399 ], [ -158.158324, 21.560236 ], [ -158.157693, 21.560184 ], [ -158.156631, 21.560547 ], [ -158.156352, 21.560416 ], [ -158.155831, 21.560378 ], [ -158.155269, 21.560238 ], [ -158.15481, 21.559861 ], [ -158.154428, 21.559248 ], [ -158.15437, 21.559075 ], [ -158.15428, 21.55908 ], [ -158.154215, 21.558713 ], [ -158.154146, 21.557659 ], [ -158.154078, 21.557458 ], [ -158.15396, 21.557349 ], [ -158.153789, 21.55734 ], [ -158.153476, 21.557426 ], [ -158.153178, 21.557572 ], [ -158.153028, 21.557722 ], [ -158.153005, 21.558071 ], [ -158.153264, 21.558928 ], [ -158.153297, 21.559291 ], [ -158.153171, 21.559589 ], [ -158.152769, 21.559989 ], [ -158.152407, 21.559781 ], [ -158.152843, 21.559567 ], [ -158.15294, 21.559456 ], [ -158.153024, 21.559075 ], [ -158.152984, 21.558661 ], [ -158.152893, 21.558438 ], [ -158.152774, 21.558358 ], [ -158.152302, 21.558633 ], [ -158.152181, 21.558651 ], [ -158.152164, 21.558486 ], [ -158.152277, 21.557913 ], [ -158.152241, 21.55775 ], [ -158.152121, 21.557755 ], [ -158.151929, 21.557837 ], [ -158.151338, 21.55821 ], [ -158.151102, 21.558486 ], [ -158.150625, 21.559209 ], [ -158.150375, 21.55946 ], [ -158.150239, 21.559519 ], [ -158.1501, 21.55952 ], [ -158.149714, 21.559308 ], [ -158.149623, 21.559524 ], [ -158.149573, 21.55954 ], [ -158.14937, 21.559395 ], [ -158.149179, 21.559139 ], [ -158.149164, 21.558461 ], [ -158.14901, 21.558218 ], [ -158.148786, 21.55803 ], [ -158.148672, 21.558034 ], [ -158.148478, 21.558145 ], [ -158.147804, 21.558869 ], [ -158.147709, 21.558947 ], [ -158.147654, 21.558942 ], [ -158.147706, 21.558742 ], [ -158.148106, 21.557922 ], [ -158.148217, 21.557547 ], [ -158.148227, 21.557371 ], [ -158.148169, 21.557133 ], [ -158.14808, 21.556892 ], [ -158.14797, 21.556761 ], [ -158.147886, 21.556778 ], [ -158.147537, 21.557078 ], [ -158.147424, 21.557028 ], [ -158.1472, 21.556727 ], [ -158.147067, 21.556675 ], [ -158.146904, 21.556735 ], [ -158.146542, 21.55698 ], [ -158.146362, 21.557038 ], [ -158.146039, 21.557024 ], [ -158.145462, 21.556881 ], [ -158.145132, 21.55685 ], [ -158.1449, 21.556903 ], [ -158.144306, 21.557176 ], [ -158.144056, 21.557166 ], [ -158.143948, 21.557055 ], [ -158.143868, 21.556834 ], [ -158.143763, 21.555751 ], [ -158.143645, 21.555249 ], [ -158.143118, 21.554427 ], [ -158.142781, 21.554093 ], [ -158.142731, 21.554111 ], [ -158.142716, 21.554183 ], [ -158.14279, 21.555086 ], [ -158.142696, 21.555364 ], [ -158.142395, 21.555709 ], [ -158.142101, 21.55593 ], [ -158.141776, 21.556082 ], [ -158.1415, 21.556109 ], [ -158.141113, 21.555928 ], [ -158.140912, 21.555709 ], [ -158.14092, 21.555603 ], [ -158.14119, 21.555249 ], [ -158.141225, 21.555096 ], [ -158.141104, 21.554742 ], [ -158.140835, 21.554345 ], [ -158.140458, 21.554007 ], [ -158.140009, 21.553736 ], [ -158.139596, 21.553595 ], [ -158.139284, 21.553607 ], [ -158.139041, 21.55376 ], [ -158.138728, 21.554094 ], [ -158.138531, 21.554407 ], [ -158.138438, 21.554709 ], [ -158.138453, 21.554838 ], [ -158.138526, 21.554934 ], [ -158.138977, 21.555117 ], [ -158.139127, 21.555227 ], [ -158.139152, 21.555488 ], [ -158.139071, 21.555737 ], [ -158.138899, 21.555881 ], [ -158.138653, 21.555962 ], [ -158.138232, 21.556013 ], [ -158.137971, 21.555992 ], [ -158.13788, 21.555922 ], [ -158.137825, 21.555771 ], [ -158.137884, 21.555672 ], [ -158.138148, 21.554623 ], [ -158.138346, 21.553309 ], [ -158.138274, 21.55243 ], [ -158.138098, 21.551686 ], [ -158.137932, 21.55149 ], [ -158.137832, 21.551478 ], [ -158.137676, 21.551537 ], [ -158.137204, 21.550297 ], [ -158.136746, 21.550389 ], [ -158.135736, 21.549613 ], [ -158.135179, 21.549548 ], [ -158.134912, 21.548714 ], [ -158.134294, 21.549077 ], [ -158.133967, 21.549659 ], [ -158.133683, 21.55188 ], [ -158.13406, 21.55243 ], [ -158.133761, 21.552229 ], [ -158.133517, 21.551985 ], [ -158.132754, 21.550964 ], [ -158.132462, 21.550644 ], [ -158.132175, 21.55046 ], [ -158.131933, 21.550425 ], [ -158.131739, 21.550477 ], [ -158.131145, 21.550829 ], [ -158.130907, 21.550836 ], [ -158.130266, 21.550662 ], [ -158.130051, 21.550649 ], [ -158.129819, 21.550736 ], [ -158.129418, 21.551043 ], [ -158.129219, 21.551139 ], [ -158.129011, 21.551155 ], [ -158.128511, 21.551091 ], [ -158.128245, 21.551153 ], [ -158.128006, 21.551313 ], [ -158.127836, 21.551525 ], [ -158.127803, 21.551747 ], [ -158.127836, 21.552287 ], [ -158.127738, 21.552526 ], [ -158.127437, 21.552778 ], [ -158.126947, 21.552988 ], [ -158.126185, 21.553161 ], [ -158.125178, 21.553244 ], [ -158.124325, 21.553197 ], [ -158.12399, 21.553131 ], [ -158.123694, 21.553016 ], [ -158.123541, 21.55287 ], [ -158.123538, 21.5527 ], [ -158.123979, 21.552173 ], [ -158.124268, 21.552036 ], [ -158.12513, 21.551842 ], [ -158.125395, 21.551651 ], [ -158.125468, 21.551456 ], [ -158.125525, 21.550933 ], [ -158.125591, 21.550738 ], [ -158.126289, 21.549861 ], [ -158.126259, 21.549761 ], [ -158.126054, 21.549717 ], [ -158.125508, 21.54976 ], [ -158.124584, 21.549941 ], [ -158.123946, 21.550167 ], [ -158.123353, 21.550487 ], [ -158.122228, 21.551613 ], [ -158.121958, 21.551782 ], [ -158.121418, 21.551967 ], [ -158.121231, 21.552083 ], [ -158.121225, 21.552166 ], [ -158.121309, 21.552273 ], [ -158.121765, 21.552617 ], [ -158.121882, 21.552756 ], [ -158.121868, 21.552846 ], [ -158.121798, 21.5529 ], [ -158.121441, 21.552976 ], [ -158.120602, 21.552976 ], [ -158.118868, 21.552842 ], [ -158.11844, 21.552782 ], [ -158.1181, 21.552681 ], [ -158.117876, 21.55255 ], [ -158.117625, 21.552284 ], [ -158.117044, 21.55127 ], [ -158.116756, 21.550904 ], [ -158.116278, 21.550605 ], [ -158.115545, 21.55036 ], [ -158.115063, 21.550351 ], [ -158.114545, 21.550456 ], [ -158.112593, 21.55125 ], [ -158.111895, 21.55144 ], [ -158.11041, 21.551496 ], [ -158.109947, 21.551437 ], [ -158.109508, 21.55128 ], [ -158.109096, 21.550998 ], [ -158.108691, 21.550592 ], [ -158.107641, 21.54914 ], [ -158.10726, 21.548216 ], [ -158.106703, 21.545837 ], [ -158.106362, 21.544865 ], [ -158.105625, 21.543512 ], [ -158.105168, 21.542772 ], [ -158.104555, 21.54196 ], [ -158.103987, 21.54139 ], [ -158.103084, 21.540707 ], [ -158.102749, 21.540573 ], [ -158.102547, 21.540673 ], [ -158.102202, 21.541161 ], [ -158.101974, 21.541326 ], [ -158.10152, 21.541365 ], [ -158.100649, 21.541238 ], [ -158.100071, 21.541064 ], [ -158.099599, 21.540818 ], [ -158.09934, 21.540544 ], [ -158.098847, 21.539861 ], [ -158.098555, 21.539641 ], [ -158.0984, 21.539609 ], [ -158.098209, 21.539634 ], [ -158.097364, 21.540011 ], [ -158.096996, 21.540078 ], [ -158.096393, 21.53993 ], [ -158.095118, 21.539372 ], [ -158.09456, 21.53904 ], [ -158.094022, 21.538618 ], [ -158.093636, 21.538176 ], [ -158.093402, 21.537717 ], [ -158.093296, 21.537232 ], [ -158.093317, 21.536913 ], [ -158.093464, 21.536693 ], [ -158.093975, 21.536195 ], [ -158.094053, 21.536052 ], [ -158.094081, 21.53583 ], [ -158.094034, 21.535491 ], [ -158.093899, 21.535125 ], [ -158.093693, 21.534783 ], [ -158.093447, 21.534513 ], [ -158.093174, 21.534345 ], [ -158.092464, 21.534243 ], [ -158.092254, 21.534162 ], [ -158.092091, 21.533997 ], [ -158.091699, 21.533342 ], [ -158.091367, 21.533126 ], [ -158.090995, 21.532985 ], [ -158.090477, 21.532879 ], [ -158.090214, 21.53288 ], [ -158.089213, 21.533144 ], [ -158.08885, 21.53318 ], [ -158.088155, 21.533067 ], [ -158.087714, 21.532858 ], [ -158.087622, 21.532702 ], [ -158.087593, 21.532478 ], [ -158.08775, 21.531391 ], [ -158.08774, 21.531143 ], [ -158.087664, 21.53096 ], [ -158.087548, 21.530858 ], [ -158.087347, 21.530774 ], [ -158.08641, 21.530624 ], [ -158.086116, 21.53052 ], [ -158.085699, 21.530176 ], [ -158.085349, 21.529693 ], [ -158.085241, 21.529223 ], [ -158.085292, 21.527988 ], [ -158.085207, 21.527393 ], [ -158.084872, 21.526395 ], [ -158.084014, 21.524289 ], [ -158.08388, 21.523723 ], [ -158.083924, 21.52363 ], [ -158.084031, 21.52363 ], [ -158.08449, 21.523924 ], [ -158.085017, 21.524387 ], [ -158.085315, 21.52481 ], [ -158.085479, 21.525177 ], [ -158.085613, 21.525638 ], [ -158.085901, 21.527468 ], [ -158.08611, 21.528268 ], [ -158.086765, 21.529564 ], [ -158.087404, 21.530385 ], [ -158.088325, 21.53121 ], [ -158.089408, 21.531897 ], [ -158.08989, 21.532106 ], [ -158.091216, 21.532541 ], [ -158.092288, 21.533012 ], [ -158.093135, 21.533436 ], [ -158.093626, 21.533766 ], [ -158.09413, 21.534292 ], [ -158.094518, 21.53506 ], [ -158.094613, 21.535505 ], [ -158.094525, 21.536383 ], [ -158.094571, 21.536596 ], [ -158.094677, 21.536767 ], [ -158.094995, 21.537086 ], [ -158.095392, 21.537325 ], [ -158.095906, 21.537491 ], [ -158.096476, 21.537566 ], [ -158.097022, 21.537539 ], [ -158.097572, 21.537381 ], [ -158.097903, 21.537156 ], [ -158.09812, 21.5369 ], [ -158.098182, 21.536752 ], [ -158.098116, 21.536633 ], [ -158.097701, 21.536365 ], [ -158.097593, 21.536241 ], [ -158.097582, 21.536081 ], [ -158.097665, 21.535705 ], [ -158.097631, 21.535592 ], [ -158.097463, 21.5355 ], [ -158.097001, 21.535416 ], [ -158.096806, 21.535333 ], [ -158.09669, 21.535101 ], [ -158.096687, 21.534776 ], [ -158.096871, 21.534651 ], [ -158.097523, 21.534544 ], [ -158.097786, 21.534445 ], [ -158.09817, 21.534225 ], [ -158.098552, 21.533934 ], [ -158.099178, 21.533314 ], [ -158.100128, 21.532214 ], [ -158.101086, 21.530949 ], [ -158.101906, 21.52957 ], [ -158.10256, 21.528121 ], [ -158.103021, 21.526697 ], [ -158.103463, 21.525538 ], [ -158.103524, 21.525127 ], [ -158.103432, 21.524851 ], [ -158.10313, 21.524648 ], [ -158.102551, 21.524496 ], [ -158.102051, 21.524537 ], [ -158.101452, 21.524735 ], [ -158.101206, 21.524862 ], [ -158.100966, 21.525077 ], [ -158.100301, 21.526067 ], [ -158.10001, 21.526391 ], [ -158.099711, 21.526564 ], [ -158.099221, 21.526676 ], [ -158.098529, 21.526689 ], [ -158.097041, 21.526589 ], [ -158.096439, 21.526456 ], [ -158.094715, 21.525943 ], [ -158.094173, 21.525876 ], [ -158.093748, 21.525927 ], [ -158.093508, 21.526025 ], [ -158.093265, 21.526204 ], [ -158.092792, 21.526766 ], [ -158.092693, 21.527094 ], [ -158.092642, 21.527962 ], [ -158.092558, 21.528152 ], [ -158.092359, 21.528369 ], [ -158.091848, 21.528683 ], [ -158.091331, 21.528858 ], [ -158.090813, 21.528933 ], [ -158.090193, 21.52891 ], [ -158.089956, 21.528771 ], [ -158.089708, 21.528321 ], [ -158.089638, 21.528059 ], [ -158.08969, 21.527734 ], [ -158.089846, 21.527447 ], [ -158.090119, 21.527127 ], [ -158.09148, 21.525919 ], [ -158.091939, 21.525359 ], [ -158.092092, 21.525005 ], [ -158.092175, 21.524524 ], [ -158.092203, 21.524134 ], [ -158.092143, 21.523728 ], [ -158.091823, 21.52309 ], [ -158.091631, 21.522858 ], [ -158.091351, 21.522623 ], [ -158.090968, 21.522478 ], [ -158.090083, 21.522377 ], [ -158.089581, 21.522195 ], [ -158.088458, 21.521603 ], [ -158.088182, 21.521391 ], [ -158.088116, 21.521311 ], [ -158.088101, 21.521253 ], [ -158.088328, 21.521145 ] ], [ [ -158.088814, 21.521316 ], [ -158.089618, 21.521133 ], [ -158.088942, 21.521158 ], [ -158.088448, 21.521214 ], [ -158.088101, 21.521253 ], [ -158.088814, 21.521316 ] ], [ [ -158.167684, 21.575825 ], [ -158.168154, 21.57683 ], [ -158.168352, 21.576817 ], [ -158.169142, 21.576622 ], [ -158.169898, 21.576089 ], [ -158.170035, 21.575909 ], [ -158.170147, 21.575724 ], [ -158.170284, 21.575336 ], [ -158.170332, 21.575156 ], [ -158.170315, 21.574993 ], [ -158.17024, 21.574862 ], [ -158.169527, 21.5747 ], [ -158.168892, 21.574688 ], [ -158.168402, 21.574898 ], [ -158.168194, 21.575109 ], [ -158.16788, 21.575609 ], [ -158.167756, 21.575721 ], [ -158.167684, 21.575825 ] ] ] } },
{ "type": "Feature", "properties": { "crop": "Pasture", "acreage": 4991.2 }, "geometry": { "type": "Polygon", "coordinates": [ [ [ -158.058793, 21.3808 ], [ -158.059702, 21.3777 ], [ -158.059736, 21.375325 ], [ -158.06162, 21.373938 ], [ -158.063644, 21.370904 ], [ -158.069892, 21.369101 ], [ -158.074846, 21.369204 ], [ -158.078297, 21.370237 ], [ -158.081279, 21.372148 ], [ -158.083467, 21.374201 ], [ -158.087596, 21.373935 ], [ -158.088858, 21.374243 ], [ -158.088599, 21.373644 ], [ -158.088409, 21.373395 ], [ -158.087984, 21.373171 ], [ -158.087785, 21.373111 ], [ -158.087672, 21.373007 ], [ -158.087566, 21.372839 ], [ -158.087687, 21.372582 ], [ -158.087818, 21.372498 ], [ -158.088395, 21.372737 ], [ -158.090753, 21.372293 ], [ -158.094822, 21.36996 ], [ -158.095294, 21.364313 ], [ -158.093833, 21.361007 ], [ -158.093501, 21.35548 ], [ -158.092094, 21.352608 ], [ -158.093391, 21.347351 ], [ -158.093678, 21.347017 ], [ -158.093881, 21.346489 ], [ -158.093892, 21.346069 ], [ -158.093774, 21.345779 ], [ -158.093633, 21.345652 ], [ -158.092462, 21.344905 ], [ -158.092133, 21.344591 ], [ -158.092057, 21.344419 ], [ -158.09178, 21.34416 ], [ -158.091297, 21.343878 ], [ -158.09098, 21.34375 ], [ -158.090692, 21.343694 ], [ -158.089859, 21.343888 ], [ -158.088948, 21.343775 ], [ -158.088496, 21.3436 ], [ -158.087879, 21.343091 ], [ -158.086996, 21.342653 ], [ -158.086814, 21.342381 ], [ -158.086719, 21.342127 ], [ -158.086314, 21.3418 ], [ -158.086158, 21.340869 ], [ -158.086246, 21.340625 ], [ -158.086327, 21.340553 ], [ -158.086609, 21.340586 ], [ -158.087269, 21.341141 ], [ -158.087339, 21.341282 ], [ -158.087569, 21.341355 ], [ -158.087733, 21.341261 ], [ -158.087779, 21.341022 ], [ -158.087896, 21.340788 ], [ -158.088032, 21.340766 ], [ -158.088184, 21.340848 ], [ -158.088513, 21.341256 ], [ -158.088696, 21.341379 ], [ -158.089071, 21.341282 ], [ -158.089435, 21.341063 ], [ -158.089676, 21.340784 ], [ -158.089674, 21.340224 ], [ -158.089591, 21.339708 ], [ -158.08963, 21.339532 ], [ -158.089724, 21.339366 ], [ -158.090088, 21.339155 ], [ -158.090176, 21.339025 ], [ -158.09024, 21.338876 ], [ -158.090402, 21.33791 ], [ -158.090642, 21.338047 ], [ -158.091202, 21.338782 ], [ -158.091432, 21.338978 ], [ -158.091985, 21.339631 ], [ -158.092862, 21.340327 ], [ -158.093979, 21.340825 ], [ -158.095887, 21.341495 ], [ -158.095813, 21.341653 ], [ -158.095614, 21.341873 ], [ -158.095491, 21.342166 ], [ -158.095526, 21.342351 ], [ -158.095721, 21.342492 ], [ -158.096965, 21.342454 ], [ -158.09794, 21.342653 ], [ -158.098141, 21.34274 ], [ -158.098434, 21.342724 ], [ -158.09874, 21.342888 ], [ -158.098958, 21.343124 ], [ -158.099146, 21.343184 ], [ -158.099938, 21.343179 ], [ -158.100168, 21.343216 ], [ -158.100362, 21.343299 ], [ -158.100862, 21.34369 ], [ -158.101072, 21.343732 ], [ -158.101596, 21.34368 ], [ -158.101994, 21.343434 ], [ -158.10258, 21.342976 ], [ -158.102774, 21.342882 ], [ -158.103754, 21.342833 ], [ -158.10497, 21.343102 ], [ -158.105452, 21.343154 ], [ -158.105769, 21.343115 ], [ -158.106091, 21.343004 ], [ -158.106249, 21.342878 ], [ -158.106331, 21.342648 ], [ -158.106247, 21.342164 ], [ -158.106417, 21.341984 ], [ -158.107169, 21.341961 ], [ -158.10845, 21.342135 ], [ -158.109371, 21.342388 ], [ -158.110336, 21.342723 ], [ -158.110964, 21.34307 ], [ -158.1117, 21.343616 ], [ -158.112283, 21.343971 ], [ -158.11314, 21.344247 ], [ -158.114538, 21.344353 ], [ -158.118314, 21.344427 ], [ -158.118748, 21.344457 ], [ -158.119248, 21.344549 ], [ -158.120728, 21.345077 ], [ -158.121404, 21.345391 ], [ -158.121771, 21.346626 ], [ -158.12197, 21.346881 ], [ -158.122175, 21.347022 ], [ -158.1226, 21.347061 ], [ -158.12302, 21.34699 ], [ -158.12385, 21.346528 ], [ -158.124918, 21.347132 ], [ -158.124195, 21.348431 ], [ -158.123443, 21.348474 ], [ -158.121366, 21.350029 ], [ -158.120923, 21.349537 ], [ -158.120258, 21.349856 ], [ -158.117816, 21.355007 ], [ -158.113901, 21.362525 ], [ -158.113418, 21.362623 ], [ -158.11313, 21.36263 ], [ -158.113013, 21.362589 ], [ -158.112483, 21.362161 ], [ -158.112348, 21.362102 ], [ -158.112025, 21.362082 ], [ -158.111785, 21.362176 ], [ -158.111661, 21.362302 ], [ -158.111562, 21.36255 ], [ -158.111024, 21.36322 ], [ -158.110937, 21.363441 ], [ -158.110968, 21.36397 ], [ -158.110658, 21.364601 ], [ -158.110594, 21.364899 ], [ -158.110654, 21.365211 ], [ -158.110925, 21.365497 ], [ -158.111007, 21.365651 ], [ -158.11109, 21.366071 ], [ -158.110795, 21.367565 ], [ -158.110597, 21.368129 ], [ -158.110414, 21.368187 ], [ -158.110156, 21.368163 ], [ -158.109992, 21.368036 ], [ -158.109867, 21.367904 ], [ -158.109685, 21.367578 ], [ -158.109602, 21.367211 ], [ -158.109314, 21.366997 ], [ -158.109155, 21.366947 ], [ -158.108978, 21.366987 ], [ -158.108838, 21.367099 ], [ -158.108587, 21.367549 ], [ -158.107866, 21.36798 ], [ -158.107737, 21.368151 ], [ -158.107557, 21.368854 ], [ -158.107581, 21.36904 ], [ -158.107764, 21.369307 ], [ -158.108086, 21.369567 ], [ -158.108422, 21.36974 ], [ -158.109315, 21.369754 ], [ -158.109701, 21.369683 ], [ -158.109762, 21.369837 ], [ -158.109804, 21.370303 ], [ -158.109677, 21.371346 ], [ -158.109326, 21.371886 ], [ -158.109269, 21.372179 ], [ -158.109026, 21.372567 ], [ -158.108985, 21.37272 ], [ -158.108989, 21.373357 ], [ -158.108892, 21.373727 ], [ -158.108798, 21.373885 ], [ -158.108467, 21.374262 ], [ -158.107781, 21.374548 ], [ -158.107589, 21.374741 ], [ -158.107438, 21.375075 ], [ -158.107365, 21.375676 ], [ -158.105295, 21.375741 ], [ -158.105013, 21.375906 ], [ -158.104749, 21.375593 ], [ -158.103864, 21.376265 ], [ -158.103529, 21.37641 ], [ -158.103154, 21.376674 ], [ -158.10302, 21.37693 ], [ -158.102738, 21.377152 ], [ -158.101364, 21.379328 ], [ -158.101077, 21.379613 ], [ -158.10014, 21.380945 ], [ -158.099792, 21.381286 ], [ -158.098605, 21.381101 ], [ -158.098219, 21.381211 ], [ -158.097828, 21.381134 ], [ -158.079012, 21.413888 ], [ -158.076011, 21.413983 ], [ -158.073764, 21.41365 ], [ -158.069481, 21.412186 ], [ -158.069579, 21.410859 ], [ -158.070873, 21.40748 ], [ -158.070779, 21.40582 ], [ -158.070191, 21.404565 ], [ -158.067762, 21.402898 ], [ -158.06872, 21.402018 ], [ -158.070682, 21.400394 ], [ -158.070302, 21.398218 ], [ -158.070268, 21.395604 ], [ -158.070901, 21.390213 ], [ -158.06825, 21.387921 ], [ -158.063409, 21.386356 ], [ -158.06012, 21.383851 ], [ -158.059536, 21.382626 ], [ -158.058793, 21.3808 ] ] ] } },
{ "type": "Feature", "properties": { "crop": "Pasture", "acreage": 33.7 }, "geometry": { "type": "Polygon", "coordinates": [ [ [ -158.114086, 21.533851 ], [ -158.114629, 21.534201 ], [ -158.114948, 21.534537 ], [ -158.115205, 21.534959 ], [ -158.115339, 21.535361 ], [ -158.115371, 21.535761 ], [ -158.115309, 21.536343 ], [ -158.115179, 21.536844 ], [ -158.114983, 21.537243 ], [ -158.114635, 21.537694 ], [ -158.113719, 21.53854 ], [ -158.113084, 21.53899 ], [ -158.112626, 21.539256 ], [ -158.112184, 21.539443 ], [ -158.111857, 21.539475 ], [ -158.111763, 21.539394 ], [ -158.111737, 21.53922 ], [ -158.111843, 21.538496 ], [ -158.11205, 21.53776 ], [ -158.112305, 21.537076 ], [ -158.112961, 21.535859 ], [ -158.113025, 21.535547 ], [ -158.11306, 21.534701 ], [ -158.113128, 21.534304 ], [ -158.11334, 21.533975 ], [ -158.113744, 21.53378 ], [ -158.114086, 21.533851 ] ] ] } },
{ "type": "Feature", "properties": { "crop": "Diversified Crop", "acreage": 110.7 }, "geometry": { "type": "Polygon", "coordinates": [ [ [ -158.095166, 21.560884 ], [ -158.094978, 21.560818 ], [ -158.094522, 21.560807 ], [ -158.093959, 21.560856 ], [ -158.09379, 21.560745 ], [ -158.093635, 21.560491 ], [ -158.093683, 21.560356 ], [ -158.093763, 21.5603 ], [ -158.093793, 21.56014 ], [ -158.093528, 21.559931 ], [ -158.09322, 21.55951 ], [ -158.093147, 21.55933 ], [ -158.093172, 21.559048 ], [ -158.093044, 21.558804 ], [ -158.092905, 21.558607 ], [ -158.091891, 21.557547 ], [ -158.091779, 21.557321 ], [ -158.091792, 21.556854 ], [ -158.091981, 21.556437 ], [ -158.092272, 21.556282 ], [ -158.09305, 21.556256 ], [ -158.093416, 21.556106 ], [ -158.093642, 21.555847 ], [ -158.093692, 21.555383 ], [ -158.093842, 21.555245 ], [ -158.094142, 21.555281 ], [ -158.094861, 21.55577 ], [ -158.095094, 21.555876 ], [ -158.095961, 21.556127 ], [ -158.096181, 21.556315 ], [ -158.098696, 21.557626 ], [ -158.099134, 21.5579 ], [ -158.099655, 21.558341 ], [ -158.099991, 21.558722 ], [ -158.100816, 21.560025 ], [ -158.100982, 21.560146 ], [ -158.101345, 21.560246 ], [ -158.101819, 21.560571 ], [ -158.101864, 21.560661 ], [ -158.101292, 21.561322 ], [ -158.101425, 21.561409 ], [ -158.102007, 21.561376 ], [ -158.102694, 21.561423 ], [ -158.102526, 21.562085 ], [ -158.100946, 21.561355 ], [ -158.100597, 21.561318 ], [ -158.099679, 21.561539 ], [ -158.098373, 21.561753 ], [ -158.097405, 21.561989 ], [ -158.096876, 21.562227 ], [ -158.096433, 21.5627 ], [ -158.096213, 21.562777 ], [ -158.095989, 21.56269 ], [ -158.095774, 21.562457 ], [ -158.095629, 21.561617 ], [ -158.095326, 21.560997 ], [ -158.095166, 21.560884 ] ] ] } },
{ "type": "Feature", "properties": { "crop": "Seed Production", "acreage": 90.6 }, "geometry": { "type": "Polygon", "coordinates": [ [ [ -158.096195, 21.567309 ], [ -158.097108, 21.565268 ], [ -158.097473, 21.563442 ], [ -158.0986, 21.563038 ], [ -158.099819, 21.562751 ], [ -158.100184, 21.562784 ], [ -158.100442, 21.562918 ], [ -158.101236, 21.563806 ], [ -158.101451, 21.56413 ], [ -158.101413, 21.56432 ], [ -158.100944, 21.564561 ], [ -158.100792, 21.564828 ], [ -158.100891, 21.565191 ], [ -158.10133, 21.566167 ], [ -158.101324, 21.566569 ], [ -158.101485, 21.566828 ], [ -158.101515, 21.56696 ], [ -158.101485, 21.567092 ], [ -158.1014, 21.567201 ], [ -158.100942, 21.567423 ], [ -158.100699, 21.567711 ], [ -158.100655, 21.567877 ], [ -158.100858, 21.568097 ], [ -158.100964, 21.56846 ], [ -158.100497, 21.569209 ], [ -158.099247, 21.570345 ], [ -158.098429, 21.57081 ], [ -158.097633, 21.570595 ], [ -158.097023, 21.570095 ], [ -158.096473, 21.569728 ], [ -158.095822, 21.569189 ], [ -158.09558, 21.568672 ], [ -158.095417, 21.568537 ], [ -158.095337, 21.568326 ], [ -158.096195, 21.567309 ] ] ] } },
{ "type": "Feature", "properties": { "crop": "Seed Production", "acreage": 172.8 }, "geometry": { "type": "Polygon", "coordinates": [ [ [ -158.10809, 21.570688 ], [ -158.107482, 21.571823 ], [ -158.105763, 21.572523 ], [ -158.104999, 21.572776 ], [ -158.102988, 21.573086 ], [ -158.102073, 21.573183 ], [ -158.101777, 21.573167 ], [ -158.101, 21.572735 ], [ -158.099136, 21.571574 ], [ -158.099217, 21.571161 ], [ -158.099436, 21.570532 ], [ -158.099677, 21.570359 ], [ -158.099988, 21.569958 ], [ -158.100206, 21.569761 ], [ -158.100693, 21.569428 ], [ -158.100844, 21.569224 ], [ -158.100948, 21.568911 ], [ -158.101128, 21.568569 ], [ -158.101088, 21.56841 ], [ -158.101135, 21.568195 ], [ -158.100996, 21.567812 ], [ -158.101037, 21.567619 ], [ -158.101187, 21.567504 ], [ -158.101635, 21.567319 ], [ -158.101807, 21.567132 ], [ -158.101852, 21.566876 ], [ -158.101828, 21.56663 ], [ -158.101649, 21.566174 ], [ -158.101444, 21.565858 ], [ -158.101439, 21.565715 ], [ -158.101517, 21.565625 ], [ -158.102301, 21.565201 ], [ -158.102416, 21.565026 ], [ -158.102349, 21.564897 ], [ -158.101616, 21.56444 ], [ -158.101657, 21.563883 ], [ -158.102782, 21.564187 ], [ -158.102996, 21.563359 ], [ -158.103741, 21.563559 ], [ -158.104184, 21.563601 ], [ -158.104975, 21.564226 ], [ -158.105804, 21.56496 ], [ -158.106251, 21.564992 ], [ -158.106717, 21.565164 ], [ -158.107142, 21.565638 ], [ -158.107735, 21.566166 ], [ -158.108325, 21.566926 ], [ -158.108805, 21.567946 ], [ -158.108824, 21.568216 ], [ -158.108765, 21.568428 ], [ -158.108647, 21.568617 ], [ -158.10844, 21.568817 ], [ -158.108387, 21.568964 ], [ -158.108384, 21.569016 ], [ -158.108514, 21.569116 ], [ -158.108624, 21.569299 ], [ -158.10809, 21.570688 ] ] ] } },
{ "type": "Feature", "properties": { "crop": "Tropical Fruits", "acreage": 7.8 }, "geometry": { "type": "Polygon", "coordinates": [ [ [ -158.105137, 21.561489 ], [ -158.104969, 21.561446 ], [ -158.102636, 21.560607 ], [ -158.102182, 21.560328 ], [ -158.101107, 21.559495 ], [ -158.100946, 21.559292 ], [ -158.100852, 21.559073 ], [ -158.100727, 21.558355 ], [ -158.10078, 21.557924 ], [ -158.101043, 21.557451 ], [ -158.10114, 21.55742 ], [ -158.101216, 21.557548 ], [ -158.101489, 21.558708 ], [ -158.101719, 21.559348 ], [ -158.101851, 21.559549 ], [ -158.102586, 21.560343 ], [ -158.102882, 21.560533 ], [ -158.103624, 21.560753 ], [ -158.104641, 21.560891 ], [ -158.105448, 21.560876 ], [ -158.105511, 21.560948 ], [ -158.105484, 21.561139 ], [ -158.105385, 21.561355 ], [ -158.10527, 21.561475 ], [ -158.105137, 21.561489 ] ] ] } },
{ "type": "Feature", "properties": { "crop": "Banana", "acreage": 5.0 }, "geometry": { "type": "Polygon", "coordinates": [ [ [ -158.107048, 21.562224 ], [ -158.106599, 21.561957 ], [ -158.105978, 21.561727 ], [ -158.105685, 21.561417 ], [ -158.105865, 21.561096 ], [ -158.106271, 21.561108 ], [ -158.106675, 21.561237 ], [ -158.107001, 21.561498 ], [ -158.107211, 21.561823 ], [ -158.107345, 21.561946 ], [ -158.10815, 21.562198 ], [ -158.108203, 21.562343 ], [ -158.108112, 21.562655 ], [ -158.108343, 21.563449 ], [ -158.108119, 21.563444 ], [ -158.107878, 21.563373 ], [ -158.107676, 21.562527 ], [ -158.107548, 21.562392 ], [ -158.10732, 21.5623 ], [ -158.107048, 21.562224 ] ] ] } },
{ "type": "Feature", "properties": { "crop": "Diversified Crop", "acreage": 6.4 }, "geometry": { "type": "Polygon", "coordinates": [ [ [ -158.105654, 21.562397 ], [ -158.105956, 21.562486 ], [ -158.106064, 21.562721 ], [ -158.106815, 21.562596 ], [ -158.107163, 21.562698 ], [ -158.107252, 21.56276 ], [ -158.107399, 21.563052 ], [ -158.107446, 21.563353 ], [ -158.107393, 21.563515 ], [ -158.107057, 21.563732 ], [ -158.106691, 21.56385 ], [ -158.106278, 21.563886 ], [ -158.106069, 21.563841 ], [ -158.105834, 21.563715 ], [ -158.105418, 21.563284 ], [ -158.105202, 21.563128 ], [ -158.105654, 21.562397 ] ] ] } },
{ "type": "Feature", "properties": { "crop": "Banana", "acreage": 6.5 }, "geometry": { "type": "Polygon", "coordinates": [ [ [ -158.102694, 21.561423 ], [ -158.10349, 21.561545 ], [ -158.104244, 21.561744 ], [ -158.10507, 21.562079 ], [ -158.105654, 21.562397 ], [ -158.105202, 21.563128 ], [ -158.104915, 21.562844 ], [ -158.104466, 21.562595 ], [ -158.102526, 21.562085 ], [ -158.102694, 21.561423 ] ] ] } },
{ "type": "Feature", "properties": { "crop": "Tropical Fruits", "acreage": 42.3 }, "geometry": { "type": "Polygon", "coordinates": [ [ [ -158.09685, 21.550339 ], [ -158.096515, 21.549916 ], [ -158.096052, 21.549587 ], [ -158.095933, 21.549415 ], [ -158.096042, 21.548883 ], [ -158.097169, 21.549124 ], [ -158.097186, 21.54924 ], [ -158.097311, 21.549251 ], [ -158.098376, 21.55034 ], [ -158.09917, 21.546464 ], [ -158.099314, 21.546534 ], [ -158.099545, 21.546739 ], [ -158.100464, 21.54778 ], [ -158.101429, 21.5485 ], [ -158.101686, 21.548798 ], [ -158.101789, 21.549062 ], [ -158.101881, 21.549564 ], [ -158.102013, 21.551326 ], [ -158.101072, 21.551566 ], [ -158.100296, 21.550838 ], [ -158.100076, 21.551135 ], [ -158.099927, 21.551188 ], [ -158.099767, 21.551179 ], [ -158.098817, 21.550532 ], [ -158.098738, 21.550568 ], [ -158.098715, 21.550647 ], [ -158.098978, 21.551382 ], [ -158.099263, 21.551872 ], [ -158.099302, 21.552167 ], [ -158.09903, 21.552211 ], [ -158.098793, 21.552122 ], [ -158.098618, 21.551609 ], [ -158.09685, 21.550339 ] ] ] } },
{ "type": "Feature", "properties": { "crop": "Diversified Crop", "acreage": 23.3 }, "geometry": { "type": "MultiPolygon", "coordinates": [ [ [ [ -158.105296, 21.555321 ], [ -158.105327, 21.555578 ], [ -158.10524, 21.555815 ], [ -158.105035, 21.556084 ], [ -158.105006, 21.55606 ], [ -158.104874, 21.556171 ], [ -158.104679, 21.556236 ], [ -158.104049, 21.556257 ], [ -158.103899, 21.556307 ], [ -158.103847, 21.556237 ], [ -158.104702, 21.555666 ], [ -158.10442, 21.555211 ], [ -158.103994, 21.554707 ], [ -158.103276, 21.55492 ], [ -158.102925, 21.554981 ], [ -158.102673, 21.554985 ], [ -158.102226, 21.554822 ], [ -158.101904, 21.554922 ], [ -158.101684, 21.55491 ], [ -158.101582, 21.554764 ], [ -158.101533, 21.554596 ], [ -158.101609, 21.553558 ], [ -158.101581, 21.553311 ], [ -158.100814, 21.55218 ], [ -158.101072, 21.551566 ], [ -158.102128, 21.551302 ], [ -158.10221, 21.552058 ], [ -158.102315, 21.552318 ], [ -158.102537, 21.552645 ], [ -158.102917, 21.552979 ], [ -158.103752, 21.553448 ], [ -158.104482, 21.554283 ], [ -158.104784, 21.554468 ], [ -158.104973, 21.554506 ], [ -158.105296, 21.555321 ] ] ], [ [ [ -158.105014, 21.554524 ], [ -158.105003, 21.554522 ], [ -158.104982, 21.554512 ], [ -158.104973, 21.554506 ], [ -158.105014, 21.554524 ] ] ] ] } },
{ "type": "Feature", "properties": { "crop": "Seed Production", "acreage": 72.9 }, "geometry": { "type": "Polygon", "coordinates": [ [ [ -158.104783, 21.556252 ], [ -158.104976, 21.556142 ], [ -158.10524, 21.555815 ], [ -158.105327, 21.555578 ], [ -158.105296, 21.555321 ], [ -158.104973, 21.554506 ], [ -158.10557, 21.554555 ], [ -158.106026, 21.554652 ], [ -158.106483, 21.554879 ], [ -158.106874, 21.555197 ], [ -158.107176, 21.55559 ], [ -158.107361, 21.555995 ], [ -158.107617, 21.557059 ], [ -158.107867, 21.55859 ], [ -158.108088, 21.559076 ], [ -158.108493, 21.559459 ], [ -158.110978, 21.560926 ], [ -158.110135, 21.562119 ], [ -158.109905, 21.562136 ], [ -158.109054, 21.561965 ], [ -158.108613, 21.56136 ], [ -158.106016, 21.559926 ], [ -158.104099, 21.559473 ], [ -158.10368, 21.559277 ], [ -158.103318, 21.558997 ], [ -158.102731, 21.55832 ], [ -158.102629, 21.558085 ], [ -158.102504, 21.557551 ], [ -158.102579, 21.557039 ], [ -158.102614, 21.556978 ], [ -158.103765, 21.556378 ], [ -158.104085, 21.556312 ], [ -158.104575, 21.556291 ], [ -158.104783, 21.556252 ] ] ] } },
{ "type": "Feature", "properties": { "crop": "Seed Production", "acreage": 139.5 }, "geometry": { "type": "Polygon", "coordinates": [ [ [ -158.108455, 21.559201 ], [ -158.108268, 21.559002 ], [ -158.10813, 21.55877 ], [ -158.107965, 21.558028 ], [ -158.107848, 21.557223 ], [ -158.108104, 21.556983 ], [ -158.108228, 21.556725 ], [ -158.108692, 21.556082 ], [ -158.109415, 21.55557 ], [ -158.109678, 21.555313 ], [ -158.11014, 21.554986 ], [ -158.110662, 21.554759 ], [ -158.111231, 21.554576 ], [ -158.111125, 21.554331 ], [ -158.110573, 21.554285 ], [ -158.110067, 21.554326 ], [ -158.109514, 21.554452 ], [ -158.108854, 21.554692 ], [ -158.108439, 21.554762 ], [ -158.108302, 21.554689 ], [ -158.107695, 21.553696 ], [ -158.107803, 21.553453 ], [ -158.109018, 21.552872 ], [ -158.109726, 21.552431 ], [ -158.112035, 21.55339 ], [ -158.113823, 21.554317 ], [ -158.116817, 21.556111 ], [ -158.113153, 21.561631 ], [ -158.112917, 21.561721 ], [ -158.112706, 21.561687 ], [ -158.111084, 21.560776 ], [ -158.108455, 21.559201 ] ] ] } },
{ "type": "Feature", "properties": { "crop": "Diversified Crop", "acreage": 31.8 }, "geometry": { "type": "Polygon", "coordinates": [ [ [ -158.117864, 21.559384 ], [ -158.118207, 21.557939 ], [ -158.118759, 21.557002 ], [ -158.118015, 21.556908 ], [ -158.118217, 21.554705 ], [ -158.118322, 21.554253 ], [ -158.119233, 21.554195 ], [ -158.119341, 21.554067 ], [ -158.119517, 21.554068 ], [ -158.120119, 21.554529 ], [ -158.120303, 21.554511 ], [ -158.120244, 21.555479 ], [ -158.120423, 21.556063 ], [ -158.120044, 21.559788 ], [ -158.117864, 21.559384 ] ] ] } },
{ "type": "Feature", "properties": { "crop": "Diversified Crop", "acreage": 57.4 }, "geometry": { "type": "Polygon", "coordinates": [ [ [ -158.120512, 21.560333 ], [ -158.120697, 21.560677 ], [ -158.120772, 21.560958 ], [ -158.120778, 21.561227 ], [ -158.120715, 21.56148 ], [ -158.120321, 21.562306 ], [ -158.119825, 21.564435 ], [ -158.11965, 21.564914 ], [ -158.113973, 21.56228 ], [ -158.114592, 21.561816 ], [ -158.115472, 21.561525 ], [ -158.116025, 21.561263 ], [ -158.116396, 21.560852 ], [ -158.117271, 21.559485 ], [ -158.120266, 21.560058 ], [ -158.120316, 21.56011 ], [ -158.120512, 21.560333 ] ] ] } },
{ "type": "Feature", "properties": { "crop": "Diversified Crop", "acreage": 26.8 }, "geometry": { "type": "Polygon", "coordinates": [ [ [ -158.122647, 21.561458 ], [ -158.122675, 21.561877 ], [ -158.122465, 21.562767 ], [ -158.12251, 21.562922 ], [ -158.122651, 21.56309 ], [ -158.123069, 21.563266 ], [ -158.123182, 21.564782 ], [ -158.12319, 21.5663 ], [ -158.122532, 21.566142 ], [ -158.121631, 21.565804 ], [ -158.121384, 21.565411 ], [ -158.12083, 21.564945 ], [ -158.120902, 21.56475 ], [ -158.120734, 21.564505 ], [ -158.120723, 21.564224 ], [ -158.120774, 21.56373 ], [ -158.120904, 21.563148 ], [ -158.121114, 21.562657 ], [ -158.121334, 21.562319 ], [ -158.121533, 21.56208 ], [ -158.121806, 21.561885 ], [ -158.121945, 21.561729 ], [ -158.122025, 21.56156 ], [ -158.122047, 21.561377 ], [ -158.121952, 21.561085 ], [ -158.120862, 21.559795 ], [ -158.121382, 21.559802 ], [ -158.121876, 21.559954 ], [ -158.122175, 21.56038 ], [ -158.122555, 21.561155 ], [ -158.122647, 21.561458 ] ] ] } },
{ "type": "Feature", "properties": { "crop": "Diversified Crop", "acreage": 83.0 }, "geometry": { "type": "Polygon", "coordinates": [ [ [ -158.111035, 21.567165 ], [ -158.110681, 21.5673 ], [ -158.110483, 21.567287 ], [ -158.110315, 21.567055 ], [ -158.110248, 21.566742 ], [ -158.110163, 21.566604 ], [ -158.111017, 21.56526 ], [ -158.111425, 21.565119 ], [ -158.111858, 21.565078 ], [ -158.112749, 21.565218 ], [ -158.113409, 21.565413 ], [ -158.113866, 21.565435 ], [ -158.114246, 21.565555 ], [ -158.114645, 21.565836 ], [ -158.115477, 21.566859 ], [ -158.115755, 21.567111 ], [ -158.116105, 21.567284 ], [ -158.11665, 21.567212 ], [ -158.116918, 21.567309 ], [ -158.117131, 21.567561 ], [ -158.117439, 21.568207 ], [ -158.118126, 21.569122 ], [ -158.118206, 21.569323 ], [ -158.118242, 21.56998 ], [ -158.118097, 21.571313 ], [ -158.117976, 21.571956 ], [ -158.117893, 21.571894 ], [ -158.117757, 21.571908 ], [ -158.116909, 21.57207 ], [ -158.116156, 21.572275 ], [ -158.116068, 21.572437 ], [ -158.115757, 21.572506 ], [ -158.115241, 21.571331 ], [ -158.114498, 21.571445 ], [ -158.114456, 21.570771 ], [ -158.114014, 21.569782 ], [ -158.113581, 21.569948 ], [ -158.112647, 21.567657 ], [ -158.112429, 21.567514 ], [ -158.111302, 21.567241 ], [ -158.111035, 21.567165 ] ] ] } },
{ "type": "Feature", "properties": { "crop": "Diversified Crop", "acreage": 48.3 }, "geometry": { "type": "Polygon", "coordinates": [ [ [ -158.119778, 21.565179 ], [ -158.119719, 21.565477 ], [ -158.118726, 21.565344 ], [ -158.118136, 21.565325 ], [ -158.117492, 21.565347 ], [ -158.117202, 21.565472 ], [ -158.117094, 21.565644 ], [ -158.117048, 21.565841 ], [ -158.117128, 21.566295 ], [ -158.11713, 21.566636 ], [ -158.117043, 21.566836 ], [ -158.116933, 21.566894 ], [ -158.116171, 21.566832 ], [ -158.115773, 21.566723 ], [ -158.115294, 21.566272 ], [ -158.115056, 21.565874 ], [ -158.114831, 21.565599 ], [ -158.11461, 21.565409 ], [ -158.114377, 21.565291 ], [ -158.113478, 21.56515 ], [ -158.112768, 21.564887 ], [ -158.111231, 21.56492 ], [ -158.112931, 21.562312 ], [ -158.113126, 21.562206 ], [ -158.116651, 21.563659 ], [ -158.119263, 21.564885 ], [ -158.119778, 21.565179 ] ] ] } },
{ "type": "Feature", "properties": { "crop": "Papaya", "acreage": 21.3 }, "geometry": { "type": "Polygon", "coordinates": [ [ [ -158.121165, 21.572096 ], [ -158.121057, 21.572406 ], [ -158.120532, 21.573237 ], [ -158.120519, 21.574098 ], [ -158.120421, 21.57453 ], [ -158.120205, 21.574878 ], [ -158.119991, 21.575051 ], [ -158.119922, 21.575058 ], [ -158.118849, 21.57373 ], [ -158.118566, 21.573111 ], [ -158.118549, 21.572884 ], [ -158.118605, 21.572553 ], [ -158.119038, 21.570941 ], [ -158.119106, 21.570885 ], [ -158.119461, 21.570841 ], [ -158.119679, 21.570749 ], [ -158.120196, 21.570822 ], [ -158.120222, 21.570767 ], [ -158.120308, 21.570797 ], [ -158.120554, 21.570912 ], [ -158.121208, 21.571772 ], [ -158.121165, 21.572096 ] ] ] } },
{ "type": "Feature", "properties": { "crop": "Papaya", "acreage": 19.3 }, "geometry": { "type": "Polygon", "coordinates": [ [ [ -158.116156, 21.572275 ], [ -158.116431, 21.572194 ], [ -158.117393, 21.571963 ], [ -158.117893, 21.571894 ], [ -158.11794, 21.571919 ], [ -158.117996, 21.571998 ], [ -158.118008, 21.572163 ], [ -158.117948, 21.572488 ], [ -158.117935, 21.572949 ], [ -158.118048, 21.57357 ], [ -158.118179, 21.573841 ], [ -158.118461, 21.57424 ], [ -158.118952, 21.57484 ], [ -158.119332, 21.575208 ], [ -158.119326, 21.575282 ], [ -158.118819, 21.575434 ], [ -158.116991, 21.575547 ], [ -158.116794, 21.575485 ], [ -158.116628, 21.575369 ], [ -158.116508, 21.57521 ], [ -158.116538, 21.573898 ], [ -158.116497, 21.573557 ], [ -158.11638, 21.573194 ], [ -158.116158, 21.572769 ], [ -158.116068, 21.572437 ], [ -158.116156, 21.572275 ] ] ] } },
{ "type": "Feature", "properties": { "crop": "Taro", "acreage": 1.2 }, "geometry": { "type": "Polygon", "coordinates": [ [ [ -158.11549, 21.574186 ], [ -158.115437, 21.57427 ], [ -158.114715, 21.574346 ], [ -158.114639, 21.574288 ], [ -158.114675, 21.573977 ], [ -158.114581, 21.573941 ], [ -158.114483, 21.57377 ], [ -158.114497, 21.573707 ], [ -158.114601, 21.573699 ], [ -158.114652, 21.573871 ], [ -158.115354, 21.573741 ], [ -158.11549, 21.574186 ] ] ] } },
{ "type": "Feature", "properties": { "crop": "Diversified Crop", "acreage": 1.8 }, "geometry": { "type": "Polygon", "coordinates": [ [ [ -158.114475, 21.576947 ], [ -158.114316, 21.577532 ], [ -158.113054, 21.577142 ], [ -158.113153, 21.576865 ], [ -158.113566, 21.576962 ], [ -158.113648, 21.576778 ], [ -158.113956, 21.576815 ], [ -158.114475, 21.576947 ] ] ] } },
{ "type": "Feature", "properties": { "crop": "Aquaculture", "acreage": 14.0 }, "geometry": { "type": "Polygon", "coordinates": [ [ [ -158.122215, 21.57926 ], [ -158.12323, 21.578605 ], [ -158.123966, 21.579519 ], [ -158.122966, 21.580202 ], [ -158.122807, 21.580506 ], [ -158.122334, 21.580999 ], [ -158.122078, 21.581518 ], [ -158.121886, 21.581788 ], [ -158.121638, 21.581998 ], [ -158.121163, 21.582235 ], [ -158.12107, 21.582216 ], [ -158.121026, 21.582104 ], [ -158.121016, 21.58179 ], [ -158.121084, 21.581479 ], [ -158.121012, 21.581188 ], [ -158.121038, 21.58108 ], [ -158.121304, 21.580804 ], [ -158.120768, 21.580097 ], [ -158.122215, 21.57926 ] ] ] } },
{ "type": "Feature", "properties": { "crop": "Aquaculture", "acreage": 12.0 }, "geometry": { "type": "Polygon", "coordinates": [ [ [ -158.120729, 21.576526 ], [ -158.121532, 21.576897 ], [ -158.121362, 21.577601 ], [ -158.122398, 21.577842 ], [ -158.122498, 21.577892 ], [ -158.122537, 21.577975 ], [ -158.122472, 21.578104 ], [ -158.121973, 21.578648 ], [ -158.121947, 21.578788 ], [ -158.122039, 21.579006 ], [ -158.120763, 21.579841 ], [ -158.120272, 21.579854 ], [ -158.120116, 21.57981 ], [ -158.120627, 21.577063 ], [ -158.120729, 21.576526 ] ] ] } },
{ "type": "Feature", "properties": { "crop": "Diversified Crop", "acreage": 17.1 }, "geometry": { "type": "Polygon", "coordinates": [ [ [ -158.113436, 21.578068 ], [ -158.115678, 21.579411 ], [ -158.115512, 21.57982 ], [ -158.115119, 21.581102 ], [ -158.115029, 21.581277 ], [ -158.114923, 21.581368 ], [ -158.11472, 21.581311 ], [ -158.113091, 21.580147 ], [ -158.112532, 21.579348 ], [ -158.11249, 21.579077 ], [ -158.112675, 21.578691 ], [ -158.112958, 21.578327 ], [ -158.113295, 21.578088 ], [ -158.113436, 21.578068 ] ] ] } },
{ "type": "Feature", "properties": { "crop": "Diversified Crop", "acreage": 34.7 }, "geometry": { "type": "Polygon", "coordinates": [ [ [ -158.127256, 21.570977 ], [ -158.125984, 21.570977 ], [ -158.125249, 21.571053 ], [ -158.124728, 21.571015 ], [ -158.124485, 21.570805 ], [ -158.124266, 21.570491 ], [ -158.124137, 21.57023 ], [ -158.124134, 21.569903 ], [ -158.125225, 21.568563 ], [ -158.125484, 21.568364 ], [ -158.125636, 21.568298 ], [ -158.125828, 21.568288 ], [ -158.129411, 21.568879 ], [ -158.129127, 21.570171 ], [ -158.128934, 21.571357 ], [ -158.127263, 21.571357 ], [ -158.127256, 21.570977 ] ] ] } },
{ "type": "Feature", "properties": { "crop": "Diversified Crop", "acreage": 6.6 }, "geometry": { "type": "Polygon", "coordinates": [ [ [ -158.123786, 21.571577 ], [ -158.122883, 21.571584 ], [ -158.122773, 21.568633 ], [ -158.123248, 21.568706 ], [ -158.123786, 21.570368 ], [ -158.123786, 21.571577 ] ] ] } },
{ "type": "Feature", "properties": { "crop": "Seed Production", "acreage": 201.4 }, "geometry": { "type": "Polygon", "coordinates": [ [ [ -158.135087, 21.575106 ], [ -158.134604, 21.576154 ], [ -158.135966, 21.576605 ], [ -158.136454, 21.575319 ], [ -158.138175, 21.575588 ], [ -158.137133, 21.579451 ], [ -158.142135, 21.578537 ], [ -158.14545, 21.577999 ], [ -158.14633, 21.577736 ], [ -158.147457, 21.577321 ], [ -158.148622, 21.577423 ], [ -158.149195, 21.577349 ], [ -158.150058, 21.57655 ], [ -158.150691, 21.57629 ], [ -158.150379, 21.578512 ], [ -158.145604, 21.57953 ], [ -158.145457, 21.580179 ], [ -158.145192, 21.580178 ], [ -158.144777, 21.581151 ], [ -158.143938, 21.581357 ], [ -158.141403, 21.581248 ], [ -158.130589, 21.581058 ], [ -158.131066, 21.579952 ], [ -158.131447, 21.579585 ], [ -158.129577, 21.575999 ], [ -158.129158, 21.575338 ], [ -158.129007, 21.575169 ], [ -158.129281, 21.574966 ], [ -158.129549, 21.57491 ], [ -158.129933, 21.574912 ], [ -158.13125, 21.575084 ], [ -158.132002, 21.57498 ], [ -158.132324, 21.574676 ], [ -158.135087, 21.575106 ] ] ] } },
{ "type": "Feature", "properties": { "crop": "Diversified Crop", "acreage": 167.0 }, "geometry": { "type": "Polygon", "coordinates": [ [ [ -158.139728, 21.570686 ], [ -158.151078, 21.573534 ], [ -158.150691, 21.57629 ], [ -158.150058, 21.57655 ], [ -158.149195, 21.577349 ], [ -158.148622, 21.577423 ], [ -158.147457, 21.577321 ], [ -158.14633, 21.577736 ], [ -158.14545, 21.577999 ], [ -158.142135, 21.578537 ], [ -158.142845, 21.575959 ], [ -158.138416, 21.574693 ], [ -158.138923, 21.573145 ], [ -158.139728, 21.570686 ] ] ] } },
{ "type": "Feature", "properties": { "crop": "Diversified Crop", "acreage": 11.7 }, "geometry": { "type": "Polygon", "coordinates": [ [ [ -158.150204, 21.579751 ], [ -158.146699, 21.580388 ], [ -158.146752, 21.579289 ], [ -158.150379, 21.578512 ], [ -158.150204, 21.579751 ] ] ] } },
{ "type": "Feature", "properties": { "crop": "Diversified Crop", "acreage": 56.0 }, "geometry": { "type": "Polygon", "coordinates": [ [ [ -158.13565, 21.572193 ], [ -158.132059, 21.570989 ], [ -158.131995, 21.571524 ], [ -158.132367, 21.573945 ], [ -158.131036, 21.572974 ], [ -158.130442, 21.573124 ], [ -158.129583, 21.572294 ], [ -158.129379, 21.572196 ], [ -158.12896, 21.572125 ], [ -158.128925, 21.572077 ], [ -158.129554, 21.568901 ], [ -158.133196, 21.569466 ], [ -158.134817, 21.569655 ], [ -158.135303, 21.569799 ], [ -158.135912, 21.570079 ], [ -158.13633, 21.570352 ], [ -158.136394, 21.57062 ], [ -158.136394, 21.570895 ], [ -158.136331, 21.571163 ], [ -158.136207, 21.571412 ], [ -158.13565, 21.572193 ] ] ] } },
{ "type": "Feature", "properties": { "crop": "Seed Production", "acreage": 59.5 }, "geometry": { "type": "Polygon", "coordinates": [ [ [ -158.132324, 21.574676 ], [ -158.132455, 21.574518 ], [ -158.131995, 21.571524 ], [ -158.132059, 21.570989 ], [ -158.13565, 21.572193 ], [ -158.136207, 21.571412 ], [ -158.13755, 21.572413 ], [ -158.138923, 21.573145 ], [ -158.138416, 21.574693 ], [ -158.138175, 21.575588 ], [ -158.136454, 21.575319 ], [ -158.132324, 21.574676 ] ] ] } },
{ "type": "Feature", "properties": { "crop": "Pasture", "acreage": 44.4 }, "geometry": { "type": "Polygon", "coordinates": [ [ [ -158.162776, 21.576221 ], [ -158.166889, 21.577247 ], [ -158.166856, 21.577979 ], [ -158.166912, 21.578793 ], [ -158.16684, 21.579036 ], [ -158.165907, 21.579433 ], [ -158.165394, 21.579602 ], [ -158.16462, 21.58 ], [ -158.164238, 21.580256 ], [ -158.163789, 21.580434 ], [ -158.163182, 21.580549 ], [ -158.162687, 21.580587 ], [ -158.162174, 21.58048 ], [ -158.161606, 21.580265 ], [ -158.162017, 21.578844 ], [ -158.162776, 21.576221 ] ] ] } },
{ "type": "Feature", "properties": { "crop": "Seed Production", "acreage": 1408.3 }, "geometry": { "type": "Polygon", "coordinates": [ [ [ -158.133363, 21.568743 ], [ -158.13368, 21.566656 ], [ -158.133807, 21.562681 ], [ -158.132549, 21.563494 ], [ -158.131946, 21.563643 ], [ -158.131691, 21.563631 ], [ -158.131343, 21.563242 ], [ -158.130622, 21.563123 ], [ -158.129613, 21.563184 ], [ -158.129326, 21.563239 ], [ -158.1292, 21.56332 ], [ -158.129656, 21.561671 ], [ -158.127252, 21.561645 ], [ -158.125781, 21.561263 ], [ -158.125185, 21.560947 ], [ -158.124981, 21.560801 ], [ -158.124554, 21.560322 ], [ -158.124529, 21.560206 ], [ -158.124628, 21.55998 ], [ -158.124573, 21.559856 ], [ -158.124123, 21.559443 ], [ -158.123606, 21.559213 ], [ -158.122897, 21.55864 ], [ -158.122885, 21.558587 ], [ -158.122974, 21.558476 ], [ -158.123302, 21.55814 ], [ -158.122597, 21.557333 ], [ -158.122542, 21.557202 ], [ -158.122541, 21.557108 ], [ -158.12277, 21.556597 ], [ -158.122852, 21.555868 ], [ -158.123072, 21.555533 ], [ -158.124062, 21.554915 ], [ -158.124471, 21.554605 ], [ -158.124769, 21.554285 ], [ -158.124901, 21.554006 ], [ -158.12513, 21.553824 ], [ -158.125997, 21.553452 ], [ -158.126513, 21.553384 ], [ -158.126782, 21.553292 ], [ -158.127015, 21.553148 ], [ -158.127245, 21.552911 ], [ -158.12894, 21.552164 ], [ -158.12946, 21.551892 ], [ -158.129944, 21.551577 ], [ -158.130583, 21.551057 ], [ -158.130978, 21.551272 ], [ -158.131781, 21.551923 ], [ -158.132987, 21.552384 ], [ -158.134193, 21.553084 ], [ -158.134942, 21.553292 ], [ -158.135158, 21.553253 ], [ -158.13546, 21.552933 ], [ -158.135541, 21.552919 ], [ -158.13566, 21.552946 ], [ -158.135978, 21.553183 ], [ -158.136172, 21.55321 ], [ -158.136345, 21.553181 ], [ -158.136496, 21.553098 ], [ -158.137382, 21.55235 ], [ -158.138156, 21.552011 ], [ -158.138277, 21.552476 ], [ -158.138167, 21.553053 ], [ -158.138241, 21.553452 ], [ -158.138246, 21.55377 ], [ -158.138174, 21.554457 ], [ -158.137884, 21.555672 ], [ -158.137795, 21.555802 ], [ -158.137685, 21.555872 ], [ -158.137866, 21.556056 ], [ -158.137881, 21.55633 ], [ -158.139022, 21.555981 ], [ -158.139081, 21.555838 ], [ -158.139445, 21.556016 ], [ -158.139824, 21.556083 ], [ -158.140173, 21.556027 ], [ -158.140507, 21.555917 ], [ -158.14148, 21.556548 ], [ -158.141915, 21.556721 ], [ -158.142808, 21.556932 ], [ -158.143234, 21.557232 ], [ -158.143851, 21.557565 ], [ -158.144871, 21.558014 ], [ -158.145114, 21.5582 ], [ -158.145322, 21.558498 ], [ -158.146554, 21.561317 ], [ -158.146977, 21.560831 ], [ -158.147303, 21.5607 ], [ -158.147579, 21.560525 ], [ -158.147786, 21.560285 ], [ -158.14784, 21.559932 ], [ -158.148032, 21.559435 ], [ -158.148274, 21.559115 ], [ -158.149349, 21.560277 ], [ -158.149569, 21.559673 ], [ -158.149733, 21.559754 ], [ -158.149883, 21.559736 ], [ -158.150547, 21.5594 ], [ -158.150948, 21.559019 ], [ -158.151564, 21.55939 ], [ -158.152769, 21.559989 ], [ -158.153377, 21.559384 ], [ -158.153676, 21.559351 ], [ -158.154062, 21.559133 ], [ -158.15437, 21.559075 ], [ -158.154428, 21.559248 ], [ -158.15481, 21.559861 ], [ -158.154851, 21.560009 ], [ -158.155083, 21.560221 ], [ -158.155831, 21.560378 ], [ -158.156352, 21.560416 ], [ -158.156787, 21.560609 ], [ -158.157691, 21.560372 ], [ -158.157973, 21.560485 ], [ -158.158312, 21.560494 ], [ -158.158613, 21.560557 ], [ -158.158634, 21.560765 ], [ -158.158727, 21.560997 ], [ -158.159459, 21.561694 ], [ -158.159439, 21.562176 ], [ -158.159299, 21.562513 ], [ -158.159229, 21.562866 ], [ -158.159209, 21.563235 ], [ -158.159311, 21.563477 ], [ -158.159343, 21.563895 ], [ -158.159341, 21.564216 ], [ -158.159253, 21.564489 ], [ -158.159208, 21.564528 ], [ -158.158251, 21.564425 ], [ -158.158067, 21.564676 ], [ -158.157792, 21.564771 ], [ -158.157653, 21.564995 ], [ -158.157309, 21.565138 ], [ -158.156398, 21.56523 ], [ -158.155726, 21.565596 ], [ -158.155941, 21.566979 ], [ -158.156178, 21.567655 ], [ -158.156139, 21.568378 ], [ -158.156292, 21.5687 ], [ -158.156566, 21.568862 ], [ -158.156892, 21.568832 ], [ -158.157288, 21.568705 ], [ -158.157616, 21.568514 ], [ -158.157925, 21.568419 ], [ -158.158218, 21.568228 ], [ -158.158551, 21.567153 ], [ -158.158689, 21.567073 ], [ -158.158964, 21.567059 ], [ -158.160307, 21.566567 ], [ -158.160685, 21.566489 ], [ -158.160925, 21.566586 ], [ -158.161181, 21.56678 ], [ -158.162361, 21.567799 ], [ -158.162669, 21.567913 ], [ -158.162893, 21.567769 ], [ -158.163137, 21.567272 ], [ -158.163207, 21.566983 ], [ -158.163364, 21.566631 ], [ -158.163488, 21.565908 ], [ -158.163699, 21.565154 ], [ -158.164048, 21.564128 ], [ -158.164238, 21.563936 ], [ -158.164824, 21.563617 ], [ -158.165046, 21.563811 ], [ -158.165644, 21.564489 ], [ -158.165959, 21.564299 ], [ -158.16609, 21.564475 ], [ -158.16286, 21.575931 ], [ -158.133363, 21.568743 ] ] ] } },
{ "type": "Feature", "properties": { "crop": "Diversified Crop", "acreage": 70.1 }, "geometry": { "type": "Polygon", "coordinates": [ [ [ -158.129226, 21.563294 ], [ -158.129326, 21.563239 ], [ -158.129758, 21.563165 ], [ -158.130726, 21.563136 ], [ -158.131343, 21.563242 ], [ -158.131691, 21.563631 ], [ -158.131946, 21.563643 ], [ -158.132549, 21.563494 ], [ -158.133807, 21.562681 ], [ -158.13368, 21.566656 ], [ -158.133363, 21.568743 ], [ -158.128179, 21.567479 ], [ -158.129226, 21.563294 ] ] ] } },
{ "type": "Feature", "properties": { "crop": "Tropical Fruits", "acreage": 28.0 }, "geometry": { "type": "Polygon", "coordinates": [ [ [ -158.133683, 21.55188 ], [ -158.133967, 21.549659 ], [ -158.134294, 21.549077 ], [ -158.134912, 21.548714 ], [ -158.135179, 21.549548 ], [ -158.135736, 21.549613 ], [ -158.136746, 21.550389 ], [ -158.137204, 21.550297 ], [ -158.137713, 21.551634 ], [ -158.135995, 21.552514 ], [ -158.135381, 21.552434 ], [ -158.134911, 21.552705 ], [ -158.134155, 21.552568 ], [ -158.13406, 21.55243 ], [ -158.133683, 21.55188 ] ] ] } },
{ "type": "Feature", "properties": { "crop": "Tropical Fruits", "acreage": 102.1 }, "geometry": { "type": "Polygon", "coordinates": [ [ [ -158.158349, 21.564802 ], [ -158.1593, 21.564769 ], [ -158.159535, 21.564674 ], [ -158.159751, 21.564503 ], [ -158.159926, 21.564265 ], [ -158.159927, 21.564036 ], [ -158.159798, 21.563471 ], [ -158.159769, 21.563079 ], [ -158.159905, 21.562544 ], [ -158.160153, 21.562153 ], [ -158.160216, 21.561905 ], [ -158.160217, 21.561656 ], [ -158.160167, 21.561417 ], [ -158.160065, 21.56134 ], [ -158.159934, 21.561119 ], [ -158.159537, 21.560783 ], [ -158.159527, 21.560547 ], [ -158.160168, 21.560862 ], [ -158.16445, 21.562274 ], [ -158.165959, 21.564299 ], [ -158.165644, 21.564489 ], [ -158.165046, 21.563811 ], [ -158.164824, 21.563617 ], [ -158.164238, 21.563936 ], [ -158.164048, 21.564128 ], [ -158.163699, 21.565154 ], [ -158.163488, 21.565908 ], [ -158.163364, 21.566631 ], [ -158.163207, 21.566983 ], [ -158.163137, 21.567272 ], [ -158.162893, 21.567769 ], [ -158.162669, 21.567913 ], [ -158.162361, 21.567799 ], [ -158.161181, 21.56678 ], [ -158.160925, 21.566586 ], [ -158.160685, 21.566489 ], [ -158.160307, 21.566567 ], [ -158.158964, 21.567059 ], [ -158.158689, 21.567073 ], [ -158.158551, 21.567153 ], [ -158.158218, 21.568228 ], [ -158.157925, 21.568419 ], [ -158.157616, 21.568514 ], [ -158.157288, 21.568705 ], [ -158.156892, 21.568832 ], [ -158.156566, 21.568862 ], [ -158.156292, 21.5687 ], [ -158.156139, 21.568378 ], [ -158.156178, 21.567655 ], [ -158.155941, 21.566979 ], [ -158.155726, 21.565596 ], [ -158.156398, 21.56523 ], [ -158.157309, 21.565138 ], [ -158.157653, 21.564995 ], [ -158.157792, 21.564771 ], [ -158.158067, 21.564676 ], [ -158.158349, 21.564802 ] ] ] } },
{ "type": "Feature", "properties": { "crop": "Pasture", "acreage": 628.5 }, "geometry": { "type": "Polygon", "coordinates": [ [ [ -158.226334, 21.516314 ], [ -158.225581, 21.516297 ], [ -158.225163, 21.516191 ], [ -158.225016, 21.516077 ], [ -158.224865, 21.515733 ], [ -158.224637, 21.515497 ], [ -158.223062, 21.514785 ], [ -158.222335, 21.513969 ], [ -158.221982, 21.513723 ], [ -158.221694, 21.513654 ], [ -158.221565, 21.513676 ], [ -158.221465, 21.513716 ], [ -158.221329, 21.513865 ], [ -158.221046, 21.51399 ], [ -158.220868, 21.514021 ], [ -158.220686, 21.513966 ], [ -158.220287, 21.513648 ], [ -158.219678, 21.512895 ], [ -158.219297, 21.512708 ], [ -158.218843, 21.512688 ], [ -158.218502, 21.512582 ], [ -158.218362, 21.512279 ], [ -158.218139, 21.512079 ], [ -158.217675, 21.51195 ], [ -158.217276, 21.51175 ], [ -158.217194, 21.511641 ], [ -158.217212, 21.511361 ], [ -158.218033, 21.510931 ], [ -158.218469, 21.510798 ], [ -158.218558, 21.510654 ], [ -158.218494, 21.510464 ], [ -158.218176, 21.510272 ], [ -158.217337, 21.510047 ], [ -158.2153, 21.509911 ], [ -158.214946, 21.509945 ], [ -158.213957, 21.509819 ], [ -158.212999, 21.509611 ], [ -158.210383, 21.508609 ], [ -158.209584, 21.508244 ], [ -158.20882, 21.508028 ], [ -158.208413, 21.508031 ], [ -158.207842, 21.508186 ], [ -158.207388, 21.508378 ], [ -158.206549, 21.508822 ], [ -158.206433, 21.508798 ], [ -158.206309, 21.508703 ], [ -158.206237, 21.508585 ], [ -158.206528, 21.508252 ], [ -158.206877, 21.507992 ], [ -158.207285, 21.50756 ], [ -158.207534, 21.507363 ], [ -158.207871, 21.506967 ], [ -158.207966, 21.506777 ], [ -158.20798, 21.506326 ], [ -158.207604, 21.501048 ], [ -158.207553, 21.499575 ], [ -158.208029, 21.499564 ], [ -158.211382, 21.499914 ], [ -158.211912, 21.499914 ], [ -158.21237, 21.50015 ], [ -158.220584, 21.502692 ], [ -158.222685, 21.503322 ], [ -158.222739, 21.503256 ], [ -158.223676, 21.50359 ], [ -158.224205, 21.503732 ], [ -158.228167, 21.501221 ], [ -158.228253, 21.500236 ], [ -158.229486, 21.500073 ], [ -158.229528, 21.501315 ], [ -158.229411, 21.502193 ], [ -158.229422, 21.502427 ], [ -158.228874, 21.50657 ], [ -158.228236, 21.511162 ], [ -158.227684, 21.513669 ], [ -158.227626, 21.516089 ], [ -158.226863, 21.51652 ], [ -158.226587, 21.516382 ], [ -158.226334, 21.516314 ] ] ] } },
{ "type": "Feature", "properties": { "crop": "Diversified Crop", "acreage": 21.6 }, "geometry": { "type": "Polygon", "coordinates": [ [ [ -158.164428, 21.461764 ], [ -158.164561, 21.461854 ], [ -158.1655, 21.460778 ], [ -158.165445, 21.460682 ], [ -158.165396, 21.46072 ], [ -158.165295, 21.460567 ], [ -158.165758, 21.460005 ], [ -158.165862, 21.459709 ], [ -158.166765, 21.458901 ], [ -158.166979, 21.459036 ], [ -158.16781, 21.458313 ], [ -158.168056, 21.458162 ], [ -158.168444, 21.458297 ], [ -158.169207, 21.458865 ], [ -158.169051, 21.459209 ], [ -158.168794, 21.45959 ], [ -158.167622, 21.459173 ], [ -158.166657, 21.460038 ], [ -158.166524, 21.459948 ], [ -158.167144, 21.460785 ], [ -158.16628, 21.461664 ], [ -158.166416, 21.461831 ], [ -158.165938, 21.462219 ], [ -158.164972, 21.462675 ], [ -158.163129, 21.4634 ], [ -158.163226, 21.463126 ], [ -158.164428, 21.461764 ] ] ] } },
{ "type": "Feature", "properties": { "crop": "Diversified Crop", "acreage": 5.2 }, "geometry": { "type": "Polygon", "coordinates": [ [ [ -158.172233, 21.455661 ], [ -158.172052, 21.45575 ], [ -158.172205, 21.456079 ], [ -158.171142, 21.456695 ], [ -158.170806, 21.456079 ], [ -158.171401, 21.455603 ], [ -158.171596, 21.455532 ], [ -158.17183, 21.45551 ], [ -158.171707, 21.454906 ], [ -158.172434, 21.454546 ], [ -158.17252, 21.45461 ], [ -158.172659, 21.455167 ], [ -158.172835, 21.455484 ], [ -158.17249, 21.455662 ], [ -158.172571, 21.455794 ], [ -158.172449, 21.455861 ], [ -158.172294, 21.45571 ], [ -158.172233, 21.455661 ] ] ] } },
{ "type": "Feature", "properties": { "crop": "Diversified Crop", "acreage": 23.7 }, "geometry": { "type": "Polygon", "coordinates": [ [ [ -158.170088, 21.461627 ], [ -158.170181, 21.461684 ], [ -158.170981, 21.46246 ], [ -158.171005, 21.462525 ], [ -158.171008, 21.462761 ], [ -158.170352, 21.463736 ], [ -158.169929, 21.463985 ], [ -158.16859, 21.464341 ], [ -158.16823, 21.464484 ], [ -158.167972, 21.464698 ], [ -158.167547, 21.46524 ], [ -158.167254, 21.465537 ], [ -158.166738, 21.465931 ], [ -158.166571, 21.465915 ], [ -158.16591, 21.465287 ], [ -158.165928, 21.465202 ], [ -158.166109, 21.465082 ], [ -158.166252, 21.464914 ], [ -158.166589, 21.464324 ], [ -158.167065, 21.46384 ], [ -158.168889, 21.462254 ], [ -158.169118, 21.462425 ], [ -158.169997, 21.461648 ], [ -158.170088, 21.461627 ] ] ] } },
{ "type": "Feature", "properties": { "crop": "Diversified Crop", "acreage": 6.0 }, "geometry": { "type": "Polygon", "coordinates": [ [ [ -158.164006, 21.467361 ], [ -158.165002, 21.466386 ], [ -158.165917, 21.467084 ], [ -158.165961, 21.467239 ], [ -158.165902, 21.467496 ], [ -158.165213, 21.468401 ], [ -158.164006, 21.467361 ] ] ] } },
{ "type": "Feature", "properties": { "crop": "Diversified Crop", "acreage": 8.9 }, "geometry": { "type": "Polygon", "coordinates": [ [ [ -158.164725, 21.465412 ], [ -158.164411, 21.465791 ], [ -158.164352, 21.466096 ], [ -158.164275, 21.466245 ], [ -158.163953, 21.466626 ], [ -158.163655, 21.466355 ], [ -158.163372, 21.466653 ], [ -158.162148, 21.465471 ], [ -158.163645, 21.464423 ], [ -158.163804, 21.464588 ], [ -158.164725, 21.465412 ] ] ] } },
{ "type": "Feature", "properties": { "crop": "Diversified Crop", "acreage": 11.1 }, "geometry": { "type": "Polygon", "coordinates": [ [ [ -158.158609, 21.465933 ], [ -158.158967, 21.46608 ], [ -158.159291, 21.466045 ], [ -158.159638, 21.465444 ], [ -158.159978, 21.465171 ], [ -158.161703, 21.464911 ], [ -158.161612, 21.465269 ], [ -158.16141, 21.465603 ], [ -158.161286, 21.465934 ], [ -158.16131, 21.465995 ], [ -158.161409, 21.466033 ], [ -158.161662, 21.465908 ], [ -158.161806, 21.465922 ], [ -158.161778, 21.466274 ], [ -158.16165, 21.466497 ], [ -158.161188, 21.466922 ], [ -158.161071, 21.467131 ], [ -158.158459, 21.46612 ], [ -158.158609, 21.465933 ] ] ] } },
{ "type": "Feature", "properties": { "crop": "Diversified Crop", "acreage": 5.0 }, "geometry": { "type": "Polygon", "coordinates": [ [ [ -158.163757, 21.463329 ], [ -158.164647, 21.462978 ], [ -158.164965, 21.463747 ], [ -158.16532, 21.464071 ], [ -158.165782, 21.46366 ], [ -158.165478, 21.463398 ], [ -158.165893, 21.463065 ], [ -158.166453, 21.463561 ], [ -158.165225, 21.464673 ], [ -158.163757, 21.463329 ] ] ] } },
{ "type": "Feature", "properties": { "crop": "Pasture", "acreage": 3.7 }, "geometry": { "type": "Polygon", "coordinates": [ [ [ -158.158727, 21.465896 ], [ -158.158851, 21.465598 ], [ -158.159275, 21.465149 ], [ -158.159733, 21.464871 ], [ -158.15994, 21.464615 ], [ -158.160034, 21.464371 ], [ -158.160877, 21.464247 ], [ -158.160554, 21.465085 ], [ -158.159978, 21.465171 ], [ -158.159638, 21.465444 ], [ -158.159311, 21.465968 ], [ -158.159187, 21.465953 ], [ -158.158727, 21.465896 ] ] ] } },
{ "type": "Feature", "properties": { "crop": "Pasture", "acreage": 39.3 }, "geometry": { "type": "Polygon", "coordinates": [ [ [ -158.153379, 21.466922 ], [ -158.152096, 21.466599 ], [ -158.151479, 21.466614 ], [ -158.151196, 21.466812 ], [ -158.149978, 21.466327 ], [ -158.149249, 21.466151 ], [ -158.149055, 21.466042 ], [ -158.149749, 21.465657 ], [ -158.150291, 21.465235 ], [ -158.150762, 21.464795 ], [ -158.150897, 21.464565 ], [ -158.151562, 21.463809 ], [ -158.151856, 21.46373 ], [ -158.152615, 21.463634 ], [ -158.153145, 21.463623 ], [ -158.153332, 21.463561 ], [ -158.153363, 21.463507 ], [ -158.153328, 21.463366 ], [ -158.153498, 21.463385 ], [ -158.154915, 21.463763 ], [ -158.155138, 21.463981 ], [ -158.155516, 21.464213 ], [ -158.155951, 21.464224 ], [ -158.156162, 21.464307 ], [ -158.156186, 21.464555 ], [ -158.155898, 21.464879 ], [ -158.155786, 21.465086 ], [ -158.155815, 21.465236 ], [ -158.155721, 21.465687 ], [ -158.155669, 21.465781 ], [ -158.155309, 21.466042 ], [ -158.155044, 21.466149 ], [ -158.154974, 21.465941 ], [ -158.154879, 21.465863 ], [ -158.154357, 21.465667 ], [ -158.154132, 21.465643 ], [ -158.153955, 21.465782 ], [ -158.153939, 21.466184 ], [ -158.154603, 21.466698 ], [ -158.155192, 21.467039 ], [ -158.155056, 21.467025 ], [ -158.153379, 21.466922 ] ], [ [ -158.153354, 21.465557 ], [ -158.153386, 21.465453 ], [ -158.152731, 21.465076 ], [ -158.152207, 21.464577 ], [ -158.151851, 21.464871 ], [ -158.152263, 21.465316 ], [ -158.152537, 21.465481 ], [ -158.152514, 21.465577 ], [ -158.152571, 21.465667 ], [ -158.153039, 21.46592 ], [ -158.153221, 21.465924 ], [ -158.153391, 21.465641 ], [ -158.153354, 21.465557 ] ], [ [ -158.152665, 21.464302 ], [ -158.152812, 21.464341 ], [ -158.152881, 21.464305 ], [ -158.153067, 21.463882 ], [ -158.153054, 21.463751 ], [ -158.152946, 21.463727 ], [ -158.152147, 21.463818 ], [ -158.152112, 21.463902 ], [ -158.151916, 21.463851 ], [ -158.151868, 21.46388 ], [ -158.151821, 21.464026 ], [ -158.151847, 21.464127 ], [ -158.152059, 21.464152 ], [ -158.152521, 21.464403 ], [ -158.152623, 21.46441 ], [ -158.152655, 21.464349 ], [ -158.152665, 21.464302 ] ] ] } },
{ "type": "Feature", "properties": { "crop": "Diversified Crop", "acreage": 4.4 }, "geometry": { "type": "Polygon", "coordinates": [ [ [ -158.175112, 21.45071 ], [ -158.174826, 21.450711 ], [ -158.173925, 21.450139 ], [ -158.173644, 21.449855 ], [ -158.173454, 21.449582 ], [ -158.173861, 21.44942 ], [ -158.174271, 21.44918 ], [ -158.175573, 21.450438 ], [ -158.175112, 21.45071 ] ] ] } },
{ "type": "Feature", "properties": { "crop": "Diversified Crop", "acreage": 3.0 }, "geometry": { "type": "Polygon", "coordinates": [ [ [ -158.17546, 21.451171 ], [ -158.175455, 21.451415 ], [ -158.174842, 21.451888 ], [ -158.174562, 21.452001 ], [ -158.174418, 21.45199 ], [ -158.174062, 21.451045 ], [ -158.174682, 21.450993 ], [ -158.175261, 21.450811 ], [ -158.175335, 21.450922 ], [ -158.17546, 21.451171 ] ] ] } },
{ "type": "Feature", "properties": { "crop": "Diversified Crop", "acreage": 2.6 }, "geometry": { "type": "Polygon", "coordinates": [ [ [ -158.175313, 21.45279 ], [ -158.175194, 21.452496 ], [ -158.174972, 21.452539 ], [ -158.174962, 21.452382 ], [ -158.175086, 21.451979 ], [ -158.175244, 21.451687 ], [ -158.175434, 21.451498 ], [ -158.17567, 21.45142 ], [ -158.176002, 21.45251 ], [ -158.17542, 21.452853 ], [ -158.175313, 21.45279 ] ] ] } },
{ "type": "Feature", "properties": { "crop": "Diversified Crop", "acreage": 12.0 }, "geometry": { "type": "Polygon", "coordinates": [ [ [ -158.178588, 21.449163 ], [ -158.178135, 21.449641 ], [ -158.178381, 21.449918 ], [ -158.17784, 21.450576 ], [ -158.177315, 21.450058 ], [ -158.177104, 21.45029 ], [ -158.177481, 21.450688 ], [ -158.176971, 21.451157 ], [ -158.176631, 21.451292 ], [ -158.1763, 21.45134 ], [ -158.175977, 21.451316 ], [ -158.175674, 21.451196 ], [ -158.175525, 21.45104 ], [ -158.175368, 21.450761 ], [ -158.176593, 21.449785 ], [ -158.178092, 21.448201 ], [ -158.178588, 21.449163 ] ] ] } },
{ "type": "Feature", "properties": { "crop": "Diversified Crop", "acreage": 7.2 }, "geometry": { "type": "Polygon", "coordinates": [ [ [ -158.178296, 21.450427 ], [ -158.178284, 21.450379 ], [ -158.178752, 21.449993 ], [ -158.178952, 21.449608 ], [ -158.17949, 21.450454 ], [ -158.180145, 21.450857 ], [ -158.179824, 21.451143 ], [ -158.179543, 21.451258 ], [ -158.179382, 21.450949 ], [ -158.179465, 21.45089 ], [ -158.179351, 21.450704 ], [ -158.179162, 21.450763 ], [ -158.179437, 21.451284 ], [ -158.178919, 21.451428 ], [ -158.178639, 21.450775 ], [ -158.178403, 21.45084 ], [ -158.178795, 21.451469 ], [ -158.177566, 21.451977 ], [ -158.177385, 21.451241 ], [ -158.177769, 21.451106 ], [ -158.178296, 21.450427 ] ] ] } },
{ "type": "Feature", "properties": { "crop": "Diversified Crop", "acreage": 8.0 }, "geometry": { "type": "Polygon", "coordinates": [ [ [ -158.175781, 21.454458 ], [ -158.176217, 21.45354 ], [ -158.177018, 21.454198 ], [ -158.177456, 21.453405 ], [ -158.177762, 21.453466 ], [ -158.178173, 21.45338 ], [ -158.178509, 21.45337 ], [ -158.17901, 21.4535 ], [ -158.178952, 21.454005 ], [ -158.178484, 21.453946 ], [ -158.17844, 21.454331 ], [ -158.178096, 21.454619 ], [ -158.177788, 21.454705 ], [ -158.17718, 21.454544 ], [ -158.176997, 21.454533 ], [ -158.176854, 21.454591 ], [ -158.176561, 21.454887 ], [ -158.176363, 21.454901 ], [ -158.175781, 21.454458 ] ] ] } },
{ "type": "Feature", "properties": { "crop": "Diversified Crop", "acreage": 2.6 }, "geometry": { "type": "Polygon", "coordinates": [ [ [ -158.179187, 21.454453 ], [ -158.179241, 21.453904 ], [ -158.179453, 21.453594 ], [ -158.180352, 21.453742 ], [ -158.180175, 21.454619 ], [ -158.179187, 21.454453 ] ] ] } },
{ "type": "Feature", "properties": { "crop": "Diversified Crop", "acreage": 6.4 }, "geometry": { "type": "Polygon", "coordinates": [ [ [ -158.181797, 21.455757 ], [ -158.181589, 21.456213 ], [ -158.181423, 21.456422 ], [ -158.181263, 21.456477 ], [ -158.18102, 21.456345 ], [ -158.18062, 21.455972 ], [ -158.180611, 21.455865 ], [ -158.180764, 21.455577 ], [ -158.180709, 21.455454 ], [ -158.180517, 21.455428 ], [ -158.180262, 21.455457 ], [ -158.179789, 21.455733 ], [ -158.179567, 21.455722 ], [ -158.17932, 21.455625 ], [ -158.179186, 21.455508 ], [ -158.179023, 21.455302 ], [ -158.178979, 21.45517 ], [ -158.179215, 21.454963 ], [ -158.179526, 21.454789 ], [ -158.181889, 21.455398 ], [ -158.181797, 21.455757 ] ] ] } },
{ "type": "Feature", "properties": { "crop": "Diversified Crop", "acreage": 4.1 }, "geometry": { "type": "Polygon", "coordinates": [ [ [ -158.17905, 21.45554 ], [ -158.179164, 21.455755 ], [ -158.179145, 21.455869 ], [ -158.178925, 21.456178 ], [ -158.179158, 21.456742 ], [ -158.178884, 21.456963 ], [ -158.17882, 21.457077 ], [ -158.178702, 21.457124 ], [ -158.177869, 21.45609 ], [ -158.177884, 21.456027 ], [ -158.178449, 21.455432 ], [ -158.178674, 21.455335 ], [ -158.178837, 21.455348 ], [ -158.17905, 21.45554 ] ] ] } },
{ "type": "Feature", "properties": { "crop": "Diversified Crop", "acreage": 10.5 }, "geometry": { "type": "Polygon", "coordinates": [ [ [ -158.181405, 21.457892 ], [ -158.181391, 21.457388 ], [ -158.181658, 21.45644 ], [ -158.182137, 21.455318 ], [ -158.182838, 21.455419 ], [ -158.182624, 21.456081 ], [ -158.182605, 21.456539 ], [ -158.182348, 21.457076 ], [ -158.182547, 21.457179 ], [ -158.18269, 21.45746 ], [ -158.182694, 21.457822 ], [ -158.182591, 21.458049 ], [ -158.182882, 21.458228 ], [ -158.182907, 21.458353 ], [ -158.182493, 21.4589 ], [ -158.18228, 21.459118 ], [ -158.182136, 21.459191 ], [ -158.18196, 21.459204 ], [ -158.181675, 21.459071 ], [ -158.18192, 21.458621 ], [ -158.181507, 21.458397 ], [ -158.181721, 21.458062 ], [ -158.181405, 21.457892 ] ] ] } },
{ "type": "Feature", "properties": { "crop": "Tropical Fruits", "acreage": 1.0 }, "geometry": { "type": "Polygon", "coordinates": [ [ [ -158.180508, 21.44929 ], [ -158.181216, 21.44929 ], [ -158.181206, 21.44963 ], [ -158.180923, 21.449639 ], [ -158.180933, 21.44993 ], [ -158.180536, 21.449921 ], [ -158.180508, 21.44929 ] ] ] } },
{ "type": "Feature", "properties": { "crop": "Diversified Crop", "acreage": 4.1 }, "geometry": { "type": "Polygon", "coordinates": [ [ [ -158.179607, 21.451749 ], [ -158.179913, 21.451801 ], [ -158.179548, 21.452984 ], [ -158.179488, 21.453047 ], [ -158.179084, 21.453216 ], [ -158.178345, 21.453087 ], [ -158.178314, 21.453025 ], [ -158.178513, 21.452114 ], [ -158.178885, 21.45218 ], [ -158.178945, 21.451976 ], [ -158.179505, 21.452082 ], [ -158.179607, 21.451749 ] ] ] } },
{ "type": "Feature", "properties": { "crop": "Flowers / Foliage / Landscape", "acreage": 1.6 }, "geometry": { "type": "Polygon", "coordinates": [ [ [ -158.181182, 21.464397 ], [ -158.181066, 21.464633 ], [ -158.18035, 21.464453 ], [ -158.180258, 21.464363 ], [ -158.180462, 21.463877 ], [ -158.180597, 21.46383 ], [ -158.18118, 21.463988 ], [ -158.181215, 21.464039 ], [ -158.181182, 21.464397 ] ] ] } },
{ "type": "Feature", "properties": { "crop": "Tropical Fruits", "acreage": 5.5 }, "geometry": { "type": "Polygon", "coordinates": [ [ [ -158.17918, 21.462954 ], [ -158.178334, 21.462953 ], [ -158.178297, 21.463216 ], [ -158.177457, 21.463197 ], [ -158.177126, 21.46326 ], [ -158.176699, 21.463442 ], [ -158.176744, 21.46274 ], [ -158.176688, 21.462546 ], [ -158.177057, 21.462363 ], [ -158.177709, 21.462211 ], [ -158.177773, 21.462308 ], [ -158.179186, 21.462445 ], [ -158.17918, 21.462954 ] ] ] } },
{ "type": "Feature", "properties": { "crop": "Flowers / Foliage / Landscape", "acreage": 1.9 }, "geometry": { "type": "Polygon", "coordinates": [ [ [ -158.179172, 21.463931 ], [ -158.179236, 21.464208 ], [ -158.179156, 21.464391 ], [ -158.178975, 21.464472 ], [ -158.178504, 21.464518 ], [ -158.17844, 21.464255 ], [ -158.178438, 21.463504 ], [ -158.178481, 21.463478 ], [ -158.178965, 21.463572 ], [ -158.179172, 21.463931 ] ] ] } },
{ "type": "Feature", "properties": { "crop": "Diversified Crop", "acreage": 33.8 }, "geometry": { "type": "Polygon", "coordinates": [ [ [ -158.15738, 21.451667 ], [ -158.158594, 21.451426 ], [ -158.158708, 21.45167 ], [ -158.157343, 21.451938 ], [ -158.157469, 21.452546 ], [ -158.155943, 21.452861 ], [ -158.156407, 21.45484 ], [ -158.154105, 21.455491 ], [ -158.153941, 21.454785 ], [ -158.152871, 21.454987 ], [ -158.152729, 21.454325 ], [ -158.152439, 21.454357 ], [ -158.152372, 21.454042 ], [ -158.154295, 21.453658 ], [ -158.154083, 21.452609 ], [ -158.155328, 21.452351 ], [ -158.155058, 21.450949 ], [ -158.155482, 21.450464 ], [ -158.155463, 21.450366 ], [ -158.156511, 21.450199 ], [ -158.156669, 21.450973 ], [ -158.157227, 21.450881 ], [ -158.15738, 21.451667 ] ] ] } },
{ "type": "Feature", "properties": { "crop": "Diversified Crop", "acreage": 2.0 }, "geometry": { "type": "Polygon", "coordinates": [ [ [ -158.156397, 21.454475 ], [ -158.156285, 21.454058 ], [ -158.157942, 21.453615 ], [ -158.158039, 21.454003 ], [ -158.156397, 21.454475 ] ] ] } },
{ "type": "Feature", "properties": { "crop": "Diversified Crop", "acreage": 2.3 }, "geometry": { "type": "Polygon", "coordinates": [ [ [ -158.156292, 21.45013 ], [ -158.156131, 21.44937 ], [ -158.157255, 21.449176 ], [ -158.157327, 21.449508 ], [ -158.157189, 21.449543 ], [ -158.157276, 21.449941 ], [ -158.156292, 21.45013 ] ] ] } },
{ "type": "Feature", "properties": { "crop": "Diversified Crop", "acreage": 2.5 }, "geometry": { "type": "Polygon", "coordinates": [ [ [ -158.158666, 21.453951 ], [ -158.158181, 21.452928 ], [ -158.15858, 21.452835 ], [ -158.158701, 21.453401 ], [ -158.159817, 21.453084 ], [ -158.159932, 21.453549 ], [ -158.158666, 21.453951 ] ] ] } },
{ "type": "Feature", "properties": { "crop": "Diversified Crop", "acreage": 3.0 }, "geometry": { "type": "Polygon", "coordinates": [ [ [ -158.153382, 21.452647 ], [ -158.153348, 21.452459 ], [ -158.154398, 21.451861 ], [ -158.154811, 21.451199 ], [ -158.154958, 21.451069 ], [ -158.155197, 21.452259 ], [ -158.153382, 21.452647 ] ] ] } },
{ "type": "Feature", "properties": { "crop": "Diversified Crop", "acreage": 8.3 }, "geometry": { "type": "Polygon", "coordinates": [ [ [ -158.150695, 21.446431 ], [ -158.150567, 21.445943 ], [ -158.151802, 21.445662 ], [ -158.151697, 21.445238 ], [ -158.154174, 21.444763 ], [ -158.154384, 21.445589 ], [ -158.150695, 21.446431 ] ] ] } },
{ "type": "Feature", "properties": { "crop": "Diversified Crop", "acreage": 6.1 }, "geometry": { "type": "Polygon", "coordinates": [ [ [ -158.149187, 21.450131 ], [ -158.148956, 21.449054 ], [ -158.150995, 21.448734 ], [ -158.151205, 21.449668 ], [ -158.149187, 21.450131 ] ] ] } },
{ "type": "Feature", "properties": { "crop": "Diversified Crop", "acreage": 6.6 }, "geometry": { "type": "Polygon", "coordinates": [ [ [ -158.152419, 21.448402 ], [ -158.152901, 21.448306 ], [ -158.153018, 21.448925 ], [ -158.153392, 21.448861 ], [ -158.153252, 21.448219 ], [ -158.154893, 21.447938 ], [ -158.155045, 21.448863 ], [ -158.153872, 21.449168 ], [ -158.152629, 21.449425 ], [ -158.152419, 21.448402 ] ] ] } },
{ "type": "Feature", "properties": { "crop": "Diversified Crop", "acreage": 8.2 }, "geometry": { "type": "Polygon", "coordinates": [ [ [ -158.147766, 21.451444 ], [ -158.147542, 21.450505 ], [ -158.150286, 21.449987 ], [ -158.150336, 21.450211 ], [ -158.150627, 21.450165 ], [ -158.150782, 21.450847 ], [ -158.147766, 21.451444 ] ] ] } },
{ "type": "Feature", "properties": { "crop": "Diversified Crop", "acreage": 6.9 }, "geometry": { "type": "Polygon", "coordinates": [ [ [ -158.150838, 21.44788 ], [ -158.149892, 21.44806 ], [ -158.150032, 21.448689 ], [ -158.148096, 21.449058 ], [ -158.1475, 21.448386 ], [ -158.147469, 21.448206 ], [ -158.150766, 21.447587 ], [ -158.150838, 21.44788 ] ] ] } },
{ "type": "Feature", "properties": { "crop": "Diversified Crop", "acreage": 4.6 }, "geometry": { "type": "Polygon", "coordinates": [ [ [ -158.148748, 21.447777 ], [ -158.148603, 21.446865 ], [ -158.150109, 21.446627 ], [ -158.150173, 21.446953 ], [ -158.150548, 21.446901 ], [ -158.150668, 21.447428 ], [ -158.148748, 21.447777 ] ] ] } },
{ "type": "Feature", "properties": { "crop": "Flowers / Foliage / Landscape", "acreage": 4.1 }, "geometry": { "type": "Polygon", "coordinates": [ [ [ -158.151608, 21.450635 ], [ -158.152077, 21.450558 ], [ -158.151986, 21.450174 ], [ -158.153201, 21.450028 ], [ -158.153277, 21.450406 ], [ -158.153367, 21.450487 ], [ -158.153467, 21.450785 ], [ -158.153072, 21.450866 ], [ -158.153132, 21.451016 ], [ -158.151746, 21.451212 ], [ -158.151608, 21.450635 ] ] ] } },
{ "type": "Feature", "properties": { "crop": "Diversified Crop", "acreage": 7.7 }, "geometry": { "type": "Polygon", "coordinates": [ [ [ -158.150272, 21.442065 ], [ -158.150121, 21.441598 ], [ -158.153185, 21.440273 ], [ -158.153362, 21.441457 ], [ -158.150272, 21.442065 ] ] ] } },
{ "type": "Feature", "properties": { "crop": "Diversified Crop", "acreage": 11.3 }, "geometry": { "type": "Polygon", "coordinates": [ [ [ -158.150197, 21.444338 ], [ -158.150086, 21.443807 ], [ -158.150462, 21.443658 ], [ -158.15035, 21.443148 ], [ -158.152398, 21.4427 ], [ -158.153018, 21.442681 ], [ -158.153677, 21.442721 ], [ -158.153932, 21.443575 ], [ -158.150197, 21.444338 ] ] ] } },
{ "type": "Feature", "properties": { "crop": "Diversified Crop", "acreage": 22.5 }, "geometry": { "type": "Polygon", "coordinates": [ [ [ -158.155861, 21.442508 ], [ -158.156005, 21.44346 ], [ -158.155798, 21.443531 ], [ -158.155803, 21.443904 ], [ -158.155282, 21.444016 ], [ -158.155303, 21.44421 ], [ -158.155127, 21.444238 ], [ -158.155164, 21.444439 ], [ -158.154252, 21.44462 ], [ -158.1535, 21.441508 ], [ -158.157181, 21.440709 ], [ -158.157255, 21.441154 ], [ -158.156268, 21.442354 ], [ -158.155861, 21.442508 ] ] ] } },
{ "type": "Feature", "properties": { "crop": "Diversified Crop", "acreage": 2.6 }, "geometry": { "type": "Polygon", "coordinates": [ [ [ -158.159016, 21.443213 ], [ -158.159128, 21.443715 ], [ -158.159221, 21.443707 ], [ -158.159307, 21.44423 ], [ -158.159032, 21.44428 ], [ -158.158889, 21.443681 ], [ -158.158279, 21.443801 ], [ -158.158219, 21.443573 ], [ -158.157997, 21.443624 ], [ -158.15788, 21.443025 ], [ -158.15795, 21.442956 ], [ -158.158309, 21.442891 ], [ -158.158384, 21.443234 ], [ -158.158482, 21.443213 ], [ -158.158455, 21.443103 ], [ -158.158545, 21.443085 ], [ -158.158498, 21.442851 ], [ -158.15871, 21.442816 ], [ -158.158801, 21.443256 ], [ -158.159016, 21.443213 ] ] ] } },
{ "type": "Feature", "properties": { "crop": "Diversified Crop", "acreage": 0.8 }, "geometry": { "type": "Polygon", "coordinates": [ [ [ -158.159405, 21.443836 ], [ -158.159231, 21.443032 ], [ -158.159541, 21.442979 ], [ -158.159779, 21.443773 ], [ -158.159405, 21.443836 ] ] ] } },
{ "type": "Feature", "properties": { "crop": "Diversified Crop", "acreage": 4.5 }, "geometry": { "type": "Polygon", "coordinates": [ [ [ -158.157802, 21.442836 ], [ -158.157442, 21.441182 ], [ -158.157621, 21.441004 ], [ -158.158282, 21.440932 ], [ -158.158652, 21.4427 ], [ -158.157802, 21.442836 ] ] ] } },
{ "type": "Feature", "properties": { "crop": "Diversified Crop", "acreage": 9.1 }, "geometry": { "type": "Polygon", "coordinates": [ [ [ -158.147943, 21.44237 ], [ -158.148031, 21.442349 ], [ -158.147916, 21.4418 ], [ -158.148698, 21.441625 ], [ -158.149063, 21.443412 ], [ -158.149833, 21.443305 ], [ -158.149946, 21.443768 ], [ -158.149355, 21.443876 ], [ -158.149475, 21.444425 ], [ -158.148202, 21.444631 ], [ -158.147939, 21.443647 ], [ -158.148238, 21.443584 ], [ -158.147943, 21.44237 ] ] ] } },
{ "type": "Feature", "properties": { "crop": "Flowers / Foliage / Landscape", "acreage": 3.5 }, "geometry": { "type": "Polygon", "coordinates": [ [ [ -158.148238, 21.443584 ], [ -158.147939, 21.443647 ], [ -158.148086, 21.444196 ], [ -158.147614, 21.444305 ], [ -158.147191, 21.442542 ], [ -158.147943, 21.44237 ], [ -158.148238, 21.443584 ] ] ] } },
{ "type": "Feature", "properties": { "crop": "Diversified Crop", "acreage": 6.5 }, "geometry": { "type": "Polygon", "coordinates": [ [ [ -158.155128, 21.44094 ], [ -158.153612, 21.441302 ], [ -158.15334, 21.440264 ], [ -158.153842, 21.440038 ], [ -158.154829, 21.439863 ], [ -158.154932, 21.440137 ], [ -158.155123, 21.440139 ], [ -158.155236, 21.440572 ], [ -158.15616, 21.440574 ], [ -158.156219, 21.440899 ], [ -158.155128, 21.44094 ] ] ] } },
{ "type": "Feature", "properties": { "crop": "Diversified Crop", "acreage": 3.4 }, "geometry": { "type": "Polygon", "coordinates": [ [ [ -158.157962, 21.443971 ], [ -158.156427, 21.444256 ], [ -158.156236, 21.44319 ], [ -158.156613, 21.44312 ], [ -158.156714, 21.443526 ], [ -158.157839, 21.443338 ], [ -158.157962, 21.443971 ] ] ] } },
{ "type": "Feature", "properties": { "crop": "Flowers / Foliage / Landscape", "acreage": 0.7 }, "geometry": { "type": "Polygon", "coordinates": [ [ [ -158.156323, 21.443102 ], [ -158.156237, 21.442834 ], [ -158.157144, 21.442658 ], [ -158.157197, 21.442924 ], [ -158.156323, 21.443102 ] ] ] } },
{ "type": "Feature", "properties": { "crop": "Diversified Crop", "acreage": 9.0 }, "geometry": { "type": "Polygon", "coordinates": [ [ [ -158.16502, 21.441252 ], [ -158.164955, 21.441431 ], [ -158.16393, 21.441618 ], [ -158.163538, 21.439675 ], [ -158.165008, 21.439441 ], [ -158.165179, 21.439653 ], [ -158.165296, 21.439894 ], [ -158.165525, 21.441147 ], [ -158.16502, 21.441252 ] ] ] } },
{ "type": "Feature", "properties": { "crop": "Flowers / Foliage / Landscape", "acreage": 10.7 }, "geometry": { "type": "Polygon", "coordinates": [ [ [ -158.160373, 21.442358 ], [ -158.159938, 21.440336 ], [ -158.16165, 21.439968 ], [ -158.162156, 21.442051 ], [ -158.160373, 21.442358 ] ] ] } },
{ "type": "Feature", "properties": { "crop": "Diversified Crop", "acreage": 9.3 }, "geometry": { "type": "Polygon", "coordinates": [ [ [ -158.164768, 21.441695 ], [ -158.165677, 21.441533 ], [ -158.165768, 21.441852 ], [ -158.165754, 21.441964 ], [ -158.16527, 21.442827 ], [ -158.164999, 21.443659 ], [ -158.164904, 21.443728 ], [ -158.163626, 21.443943 ], [ -158.16352, 21.443444 ], [ -158.163934, 21.443366 ], [ -158.16389, 21.443071 ], [ -158.163278, 21.443175 ], [ -158.163203, 21.442748 ], [ -158.163779, 21.442627 ], [ -158.163696, 21.442272 ], [ -158.164847, 21.442062 ], [ -158.164768, 21.441695 ] ] ] } },
{ "type": "Feature", "properties": { "crop": "Diversified Crop", "acreage": 3.1 }, "geometry": { "type": "Polygon", "coordinates": [ [ [ -158.156233, 21.44648 ], [ -158.156159, 21.445971 ], [ -158.15826, 21.445623 ], [ -158.158387, 21.446097 ], [ -158.156233, 21.44648 ] ] ] } },
{ "type": "Feature", "properties": { "crop": "Diversified Crop", "acreage": 9.5 }, "geometry": { "type": "Polygon", "coordinates": [ [ [ -158.160844, 21.448557 ], [ -158.162518, 21.448303 ], [ -158.162692, 21.447953 ], [ -158.162774, 21.447575 ], [ -158.162945, 21.447542 ], [ -158.16318, 21.448575 ], [ -158.162807, 21.448649 ], [ -158.162935, 21.449164 ], [ -158.161356, 21.449493 ], [ -158.161438, 21.449836 ], [ -158.16134, 21.449979 ], [ -158.161202, 21.450071 ], [ -158.159841, 21.450312 ], [ -158.159739, 21.449827 ], [ -158.16051, 21.44968 ], [ -158.160367, 21.449191 ], [ -158.160952, 21.44907 ], [ -158.160844, 21.448557 ] ] ] } },
{ "type": "Feature", "properties": { "crop": "Diversified Crop", "acreage": 8.5 }, "geometry": { "type": "Polygon", "coordinates": [ [ [ -158.166013, 21.446704 ], [ -158.165732, 21.446751 ], [ -158.165508, 21.446875 ], [ -158.164357, 21.447234 ], [ -158.164127, 21.447209 ], [ -158.164053, 21.446886 ], [ -158.163733, 21.447033 ], [ -158.162773, 21.447309 ], [ -158.162649, 21.446699 ], [ -158.16309, 21.446648 ], [ -158.163034, 21.446384 ], [ -158.166203, 21.445815 ], [ -158.166209, 21.445892 ], [ -158.166013, 21.446704 ] ] ] } },
{ "type": "Feature", "properties": { "crop": "Flowers / Foliage / Landscape", "acreage": 1.4 }, "geometry": { "type": "Polygon", "coordinates": [ [ [ -158.16116, 21.444485 ], [ -158.16106, 21.444071 ], [ -158.160858, 21.444107 ], [ -158.160789, 21.443772 ], [ -158.161545, 21.443627 ], [ -158.161699, 21.444391 ], [ -158.16116, 21.444485 ] ] ] } },
{ "type": "Feature", "properties": { "crop": "Flowers / Foliage / Landscape", "acreage": 1.1 }, "geometry": { "type": "Polygon", "coordinates": [ [ [ -158.16151, 21.442934 ], [ -158.16137, 21.442348 ], [ -158.162061, 21.442214 ], [ -158.162092, 21.442336 ], [ -158.162002, 21.442354 ], [ -158.162108, 21.442838 ], [ -158.16151, 21.442934 ] ] ] } },
{ "type": "Feature", "properties": { "crop": "Diversified Crop", "acreage": 3.4 }, "geometry": { "type": "Polygon", "coordinates": [ [ [ -158.162632, 21.444347 ], [ -158.162601, 21.444213 ], [ -158.161764, 21.444349 ], [ -158.161637, 21.443706 ], [ -158.162036, 21.443636 ], [ -158.161972, 21.443369 ], [ -158.162408, 21.443289 ], [ -158.162521, 21.443725 ], [ -158.163253, 21.443583 ], [ -158.163396, 21.444214 ], [ -158.162632, 21.444347 ] ] ] } },
{ "type": "Feature", "properties": { "crop": "Diversified Crop", "acreage": 1.8 }, "geometry": { "type": "Polygon", "coordinates": [ [ [ -158.159667, 21.445531 ], [ -158.160127, 21.445467 ], [ -158.160426, 21.446775 ], [ -158.159942, 21.446853 ], [ -158.159667, 21.445531 ] ] ] } },
{ "type": "Feature", "properties": { "crop": "Diversified Crop", "acreage": 3.2 }, "geometry": { "type": "Polygon", "coordinates": [ [ [ -158.16083, 21.446322 ], [ -158.160665, 21.445634 ], [ -158.160263, 21.445716 ], [ -158.160058, 21.444708 ], [ -158.160873, 21.444551 ], [ -158.161204, 21.446265 ], [ -158.16083, 21.446322 ] ] ] } },
{ "type": "Feature", "properties": { "crop": "Diversified Crop", "acreage": 2.1 }, "geometry": { "type": "Polygon", "coordinates": [ [ [ -158.165095, 21.447951 ], [ -158.164726, 21.448013 ], [ -158.164783, 21.448221 ], [ -158.164338, 21.448309 ], [ -158.164121, 21.44732 ], [ -158.164911, 21.447172 ], [ -158.165095, 21.447951 ] ] ] } },
{ "type": "Feature", "properties": { "crop": "Diversified Crop", "acreage": 1.5 }, "geometry": { "type": "Polygon", "coordinates": [ [ [ -158.159068, 21.448627 ], [ -158.159012, 21.448361 ], [ -158.16104, 21.447998 ], [ -158.161096, 21.448235 ], [ -158.159068, 21.448627 ] ] ] } },
{ "type": "Feature", "properties": { "crop": "Diversified Crop", "acreage": 8.6 }, "geometry": { "type": "Polygon", "coordinates": [ [ [ -158.161924, 21.446613 ], [ -158.162166, 21.446572 ], [ -158.162216, 21.446856 ], [ -158.162459, 21.446814 ], [ -158.162655, 21.447588 ], [ -158.158971, 21.448259 ], [ -158.158887, 21.447775 ], [ -158.159594, 21.447608 ], [ -158.15951, 21.447103 ], [ -158.160309, 21.446942 ], [ -158.160412, 21.447439 ], [ -158.16099, 21.447322 ], [ -158.160888, 21.446817 ], [ -158.161299, 21.446735 ], [ -158.161343, 21.446938 ], [ -158.161965, 21.446827 ], [ -158.161924, 21.446613 ] ] ] } },
{ "type": "Feature", "properties": { "crop": "Diversified Crop", "acreage": 5.6 }, "geometry": { "type": "Polygon", "coordinates": [ [ [ -158.164686, 21.445634 ], [ -158.164511, 21.445976 ], [ -158.164309, 21.446012 ], [ -158.16427, 21.445811 ], [ -158.163826, 21.445889 ], [ -158.1635, 21.444313 ], [ -158.163959, 21.44422 ], [ -158.163923, 21.443969 ], [ -158.165051, 21.44379 ], [ -158.165035, 21.444 ], [ -158.164806, 21.444086 ], [ -158.164845, 21.444379 ], [ -158.1645, 21.444449 ], [ -158.164706, 21.445454 ], [ -158.164686, 21.445634 ] ] ] } },
{ "type": "Feature", "properties": { "crop": "Diversified Crop", "acreage": 1.0 }, "geometry": { "type": "Polygon", "coordinates": [ [ [ -158.166353, 21.441259 ], [ -158.167015, 21.440317 ], [ -158.167187, 21.440693 ], [ -158.167105, 21.440794 ], [ -158.167172, 21.44108 ], [ -158.166353, 21.441259 ] ] ] } },
{ "type": "Feature", "properties": { "crop": "Flowers / Foliage / Landscape", "acreage": 2.2 }, "geometry": { "type": "Polygon", "coordinates": [ [ [ -158.167622, 21.439889 ], [ -158.167718, 21.439397 ], [ -158.168069, 21.43944 ], [ -158.168047, 21.439567 ], [ -158.168099, 21.439579 ], [ -158.16809, 21.439709 ], [ -158.168143, 21.439725 ], [ -158.168126, 21.439873 ], [ -158.168187, 21.439938 ], [ -158.168407, 21.440852 ], [ -158.167721, 21.440978 ], [ -158.167619, 21.440498 ], [ -158.167974, 21.440431 ], [ -158.167946, 21.440284 ], [ -158.167725, 21.440239 ], [ -158.167788, 21.439902 ], [ -158.167622, 21.439889 ] ] ] } },
{ "type": "Feature", "properties": { "crop": "Diversified Crop", "acreage": 13.8 }, "geometry": { "type": "Polygon", "coordinates": [ [ [ -158.170411, 21.435283 ], [ -158.170816, 21.434783 ], [ -158.170333, 21.434488 ], [ -158.169314, 21.435247 ], [ -158.168588, 21.436092 ], [ -158.16813, 21.436963 ], [ -158.167316, 21.436403 ], [ -158.169577, 21.433809 ], [ -158.170257, 21.433268 ], [ -158.171064, 21.433786 ], [ -158.171218, 21.433625 ], [ -158.171707, 21.433966 ], [ -158.170755, 21.435476 ], [ -158.170411, 21.435283 ] ] ] } },
{ "type": "Feature", "properties": { "crop": "Diversified Crop", "acreage": 5.3 }, "geometry": { "type": "Polygon", "coordinates": [ [ [ -158.165616, 21.437341 ], [ -158.165059, 21.437762 ], [ -158.165064, 21.437864 ], [ -158.164406, 21.438118 ], [ -158.163373, 21.436696 ], [ -158.163713, 21.436531 ], [ -158.164603, 21.437031 ], [ -158.165243, 21.436801 ], [ -158.165804, 21.436983 ], [ -158.165616, 21.437341 ] ] ] } },
{ "type": "Feature", "properties": { "crop": "Diversified Crop", "acreage": 1.9 }, "geometry": { "type": "Polygon", "coordinates": [ [ [ -158.167515, 21.435352 ], [ -158.167233, 21.435128 ], [ -158.167369, 21.434795 ], [ -158.16642, 21.43402 ], [ -158.166593, 21.433791 ], [ -158.167947, 21.434852 ], [ -158.167515, 21.435352 ] ] ] } },
{ "type": "Feature", "properties": { "crop": "Diversified Crop", "acreage": 0.8 }, "geometry": { "type": "Polygon", "coordinates": [ [ [ -158.167457, 21.437288 ], [ -158.167858, 21.43685 ], [ -158.168196, 21.437091 ], [ -158.168047, 21.437265 ], [ -158.168092, 21.437306 ], [ -158.167784, 21.437598 ], [ -158.167457, 21.437288 ] ] ] } },
{ "type": "Feature", "properties": { "crop": "Flowers / Foliage / Landscape", "acreage": 1.8 }, "geometry": { "type": "Polygon", "coordinates": [ [ [ -158.169752, 21.437818 ], [ -158.169546, 21.43853 ], [ -158.169355, 21.438493 ], [ -158.169472, 21.438092 ], [ -158.169344, 21.438067 ], [ -158.169577, 21.4371 ], [ -158.170252, 21.437367 ], [ -158.170098, 21.437897 ], [ -158.169752, 21.437818 ] ] ] } },
{ "type": "Feature", "properties": { "crop": "Flowers / Foliage / Landscape", "acreage": 2.9 }, "geometry": { "type": "Polygon", "coordinates": [ [ [ -158.163916, 21.43633 ], [ -158.163661, 21.436267 ], [ -158.162576, 21.436631 ], [ -158.162408, 21.436273 ], [ -158.163433, 21.435821 ], [ -158.163655, 21.435777 ], [ -158.16389, 21.435791 ], [ -158.164613, 21.436037 ], [ -158.164288, 21.436609 ], [ -158.163916, 21.43633 ] ] ] } },
{ "type": "Feature", "properties": { "crop": "Diversified Crop", "acreage": 4.4 }, "geometry": { "type": "Polygon", "coordinates": [ [ [ -158.171123, 21.426863 ], [ -158.171081, 21.426654 ], [ -158.170911, 21.426673 ], [ -158.170724, 21.426755 ], [ -158.170591, 21.426173 ], [ -158.172622, 21.425848 ], [ -158.172758, 21.426674 ], [ -158.171123, 21.426863 ] ] ] } },
{ "type": "Feature", "properties": { "crop": "Flowers / Foliage / Landscape", "acreage": 3.1 }, "geometry": { "type": "Polygon", "coordinates": [ [ [ -158.169794, 21.426611 ], [ -158.169776, 21.426499 ], [ -158.16966, 21.426512 ], [ -158.169632, 21.426347 ], [ -158.169454, 21.426335 ], [ -158.169404, 21.426137 ], [ -158.169697, 21.426103 ], [ -158.169562, 21.425224 ], [ -158.16992, 21.425164 ], [ -158.169962, 21.425487 ], [ -158.170291, 21.425439 ], [ -158.170516, 21.426769 ], [ -158.170032, 21.426845 ], [ -158.17, 21.426686 ], [ -158.169877, 21.426701 ], [ -158.169859, 21.426604 ], [ -158.169794, 21.426611 ] ] ] } },
{ "type": "Feature", "properties": { "crop": "Diversified Crop", "acreage": 4.9 }, "geometry": { "type": "Polygon", "coordinates": [ [ [ -158.170211, 21.421951 ], [ -158.171045, 21.421824 ], [ -158.171122, 21.422266 ], [ -158.171525, 21.422194 ], [ -158.171558, 21.422451 ], [ -158.171785, 21.422416 ], [ -158.171915, 21.423143 ], [ -158.170465, 21.423327 ], [ -158.170211, 21.421951 ] ] ] } },
{ "type": "Feature", "properties": { "crop": "Flowers / Foliage / Landscape", "acreage": 2.8 }, "geometry": { "type": "Polygon", "coordinates": [ [ [ -158.173599, 21.423828 ], [ -158.172304, 21.424057 ], [ -158.172121, 21.423354 ], [ -158.173445, 21.423107 ], [ -158.173593, 21.423792 ], [ -158.173599, 21.423828 ] ] ] } },
{ "type": "Feature", "properties": { "crop": "Diversified Crop", "acreage": 2.7 }, "geometry": { "type": "Polygon", "coordinates": [ [ [ -158.173905, 21.427906 ], [ -158.173728, 21.427917 ], [ -158.17357, 21.42726 ], [ -158.174401, 21.427141 ], [ -158.174545, 21.427808 ], [ -158.175236, 21.427702 ], [ -158.175297, 21.427993 ], [ -158.173946, 21.42817 ], [ -158.173905, 21.427906 ] ] ] } },
{ "type": "Feature", "properties": { "crop": "Diversified Crop", "acreage": 0.7 }, "geometry": { "type": "Polygon", "coordinates": [ [ [ -158.174533, 21.428435 ], [ -158.174557, 21.428504 ], [ -158.173909, 21.428596 ], [ -158.173883, 21.428458 ], [ -158.174016, 21.428438 ], [ -158.173991, 21.428258 ], [ -158.174667, 21.42815 ], [ -158.174713, 21.428411 ], [ -158.174533, 21.428435 ] ] ] } },
{ "type": "Feature", "properties": { "crop": "Flowers / Foliage / Landscape", "acreage": 1.1 }, "geometry": { "type": "Polygon", "coordinates": [ [ [ -158.171999, 21.427465 ], [ -158.171902, 21.427143 ], [ -158.172497, 21.427055 ], [ -158.172444, 21.42681 ], [ -158.172831, 21.426758 ], [ -158.172938, 21.427172 ], [ -158.172617, 21.42721 ], [ -158.172657, 21.427394 ], [ -158.171999, 21.427465 ] ] ] } },
{ "type": "Feature", "properties": { "crop": "Diversified Crop", "acreage": 5.1 }, "geometry": { "type": "Polygon", "coordinates": [ [ [ -158.156596, 21.413913 ], [ -158.157381, 21.413001 ], [ -158.158579, 21.413921 ], [ -158.15782, 21.414819 ], [ -158.156596, 21.413913 ] ] ] } },
{ "type": "Feature", "properties": { "crop": "Diversified Crop", "acreage": 27.7 }, "geometry": { "type": "Polygon", "coordinates": [ [ [ -158.154069, 21.412021 ], [ -158.153592, 21.412564 ], [ -158.152352, 21.411698 ], [ -158.15438, 21.409369 ], [ -158.156244, 21.410799 ], [ -158.155162, 21.411998 ], [ -158.155684, 21.412431 ], [ -158.156632, 21.411342 ], [ -158.157451, 21.411974 ], [ -158.156928, 21.412491 ], [ -158.15737, 21.412842 ], [ -158.15651, 21.413848 ], [ -158.154069, 21.412021 ] ] ] } },
{ "type": "Feature", "properties": { "crop": "Diversified Crop", "acreage": 4.4 }, "geometry": { "type": "Polygon", "coordinates": [ [ [ -158.15825, 21.41209 ], [ -158.158908, 21.411252 ], [ -158.160118, 21.412138 ], [ -158.159399, 21.412909 ], [ -158.15825, 21.41209 ] ] ] } },
{ "type": "Feature", "properties": { "crop": "Diversified Crop", "acreage": 13.6 }, "geometry": { "type": "Polygon", "coordinates": [ [ [ -158.156626, 21.410382 ], [ -158.156341, 21.410705 ], [ -158.155292, 21.409928 ], [ -158.156125, 21.408947 ], [ -158.155552, 21.408508 ], [ -158.15585, 21.408118 ], [ -158.156173, 21.408348 ], [ -158.156538, 21.407941 ], [ -158.158358, 21.409327 ], [ -158.157135, 21.410708 ], [ -158.156626, 21.410382 ] ] ] } },
{ "type": "Feature", "properties": { "crop": "Diversified Crop", "acreage": 7.2 }, "geometry": { "type": "Polygon", "coordinates": [ [ [ -158.161195, 21.407747 ], [ -158.161508, 21.407983 ], [ -158.161225, 21.408328 ], [ -158.160871, 21.408093 ], [ -158.160663, 21.408313 ], [ -158.159767, 21.407699 ], [ -158.159613, 21.407794 ], [ -158.158979, 21.407394 ], [ -158.159214, 21.407122 ], [ -158.160021, 21.40684 ], [ -158.161029, 21.405734 ], [ -158.161308, 21.405919 ], [ -158.160454, 21.406902 ], [ -158.161369, 21.407562 ], [ -158.161195, 21.407747 ] ] ] } },
{ "type": "Feature", "properties": { "crop": "Diversified Crop", "acreage": 8.5 }, "geometry": { "type": "Polygon", "coordinates": [ [ [ -158.159095, 21.409764 ], [ -158.158489, 21.409289 ], [ -158.158815, 21.408876 ], [ -158.157513, 21.407981 ], [ -158.157211, 21.408302 ], [ -158.156658, 21.407899 ], [ -158.158673, 21.407293 ], [ -158.159597, 21.407857 ], [ -158.15907, 21.408455 ], [ -158.159817, 21.408984 ], [ -158.159095, 21.409764 ] ] ] } },
{ "type": "Feature", "properties": { "crop": "Diversified Crop", "acreage": 2.9 }, "geometry": { "type": "Polygon", "coordinates": [ [ [ -158.153811, 21.414697 ], [ -158.154537, 21.413822 ], [ -158.155185, 21.414286 ], [ -158.154831, 21.414822 ], [ -158.154901, 21.414942 ], [ -158.154657, 21.415269 ], [ -158.153811, 21.414697 ] ] ] } },
{ "type": "Feature", "properties": { "crop": "Flowers / Foliage / Landscape", "acreage": 2.1 }, "geometry": { "type": "Polygon", "coordinates": [ [ [ -158.153592, 21.412564 ], [ -158.152947, 21.413298 ], [ -158.152366, 21.412864 ], [ -158.152927, 21.412112 ], [ -158.153592, 21.412564 ] ] ] } },
{ "type": "Feature", "properties": { "crop": "Flowers / Foliage / Landscape", "acreage": 1.9 }, "geometry": { "type": "Polygon", "coordinates": [ [ [ -158.16128, 21.411427 ], [ -158.162578, 21.40982 ], [ -158.162655, 21.409877 ], [ -158.162752, 21.410179 ], [ -158.161538, 21.411592 ], [ -158.16128, 21.411427 ] ] ] } },
{ "type": "Feature", "properties": { "crop": "Diversified Crop", "acreage": 12.5 }, "geometry": { "type": "Polygon", "coordinates": [ [ [ -158.146546, 21.414152 ], [ -158.145715, 21.413529 ], [ -158.146478, 21.412667 ], [ -158.146036, 21.41227 ], [ -158.146769, 21.411413 ], [ -158.147371, 21.411871 ], [ -158.148293, 21.410724 ], [ -158.148522, 21.410892 ], [ -158.148376, 21.411078 ], [ -158.1485, 21.411172 ], [ -158.148256, 21.411488 ], [ -158.148601, 21.411782 ], [ -158.148745, 21.411629 ], [ -158.148982, 21.411776 ], [ -158.148346, 21.412579 ], [ -158.14808, 21.41241 ], [ -158.146546, 21.414152 ] ] ] } },
{ "type": "Feature", "properties": { "crop": "Diversified Crop", "acreage": 4.5 }, "geometry": { "type": "Polygon", "coordinates": [ [ [ -158.147164, 21.414585 ], [ -158.14644, 21.415191 ], [ -158.145106, 21.414216 ], [ -158.145715, 21.413529 ], [ -158.147164, 21.414585 ] ] ] } },
{ "type": "Feature", "properties": { "crop": "Tropical Fruits", "acreage": 2.7 }, "geometry": { "type": "Polygon", "coordinates": [ [ [ -158.144757, 21.416215 ], [ -158.143865, 21.415637 ], [ -158.144428, 21.41493 ], [ -158.145297, 21.415551 ], [ -158.144757, 21.416215 ] ] ] } },
{ "type": "Feature", "properties": { "crop": "Diversified Crop", "acreage": 6.4 }, "geometry": { "type": "Polygon", "coordinates": [ [ [ -158.14644, 21.404704 ], [ -158.147406, 21.405366 ], [ -158.147656, 21.405063 ], [ -158.148241, 21.405466 ], [ -158.147965, 21.405776 ], [ -158.148327, 21.406082 ], [ -158.148061, 21.40687 ], [ -158.14596, 21.40527 ], [ -158.14644, 21.404704 ] ] ] } },
{ "type": "Feature", "properties": { "crop": "Diversified Crop", "acreage": 8.8 }, "geometry": { "type": "Polygon", "coordinates": [ [ [ -158.144404, 21.406977 ], [ -158.144454, 21.407012 ], [ -158.144876, 21.406564 ], [ -158.146871, 21.408074 ], [ -158.146529, 21.408475 ], [ -158.146717, 21.408614 ], [ -158.146344, 21.409085 ], [ -158.143847, 21.407207 ], [ -158.144404, 21.406977 ] ] ] } },
{ "type": "Feature", "properties": { "crop": "Diversified Crop", "acreage": 11.0 }, "geometry": { "type": "Polygon", "coordinates": [ [ [ -158.146235, 21.409197 ], [ -158.145971, 21.409524 ], [ -158.145444, 21.409199 ], [ -158.145116, 21.409502 ], [ -158.145243, 21.409616 ], [ -158.144903, 21.410027 ], [ -158.145316, 21.41034 ], [ -158.145, 21.410822 ], [ -158.144422, 21.410413 ], [ -158.144866, 21.40983 ], [ -158.143391, 21.408866 ], [ -158.143566, 21.407211 ], [ -158.14493, 21.408226 ], [ -158.146235, 21.409197 ] ] ] } },
{ "type": "Feature", "properties": { "crop": "Flowers / Foliage / Landscape", "acreage": 3.2 }, "geometry": { "type": "Polygon", "coordinates": [ [ [ -158.149622, 21.404459 ], [ -158.14868, 21.40364 ], [ -158.148797, 21.403159 ], [ -158.149095, 21.402782 ], [ -158.150003, 21.403597 ], [ -158.149596, 21.404025 ], [ -158.149832, 21.404212 ], [ -158.149622, 21.404459 ] ] ] } },
{ "type": "Feature", "properties": { "crop": "Diversified Crop", "acreage": 3.0 }, "geometry": { "type": "Polygon", "coordinates": [ [ [ -158.149211, 21.413192 ], [ -158.150143, 21.412114 ], [ -158.150323, 21.412226 ], [ -158.15006, 21.412583 ], [ -158.150712, 21.413178 ], [ -158.14987, 21.413708 ], [ -158.149211, 21.413192 ] ] ] } },
{ "type": "Feature", "properties": { "crop": "Diversified Crop", "acreage": 0.6 }, "geometry": { "type": "Polygon", "coordinates": [ [ [ -158.146033, 21.413001 ], [ -158.145667, 21.413414 ], [ -158.145359, 21.413183 ], [ -158.145717, 21.412752 ], [ -158.146033, 21.413001 ] ] ] } },
{ "type": "Feature", "properties": { "crop": "Diversified Crop", "acreage": 2.6 }, "geometry": { "type": "Polygon", "coordinates": [ [ [ -158.144881, 21.414487 ], [ -158.14448, 21.41493 ], [ -158.143241, 21.413995 ], [ -158.143522, 21.413666 ], [ -158.14358, 21.413689 ], [ -158.143677, 21.413572 ], [ -158.144881, 21.414487 ] ] ] } },
{ "type": "Feature", "properties": { "crop": "Flowers / Foliage / Landscape", "acreage": 3.4 }, "geometry": { "type": "Polygon", "coordinates": [ [ [ -158.148525, 21.407079 ], [ -158.149568, 21.407837 ], [ -158.148913, 21.408629 ], [ -158.148599, 21.408409 ], [ -158.148677, 21.408306 ], [ -158.148308, 21.408067 ], [ -158.148343, 21.408001 ], [ -158.147982, 21.407728 ], [ -158.148525, 21.407079 ] ] ] } },
{ "type": "Feature", "properties": { "crop": "Diversified Crop", "acreage": 2.1 }, "geometry": { "type": "Polygon", "coordinates": [ [ [ -158.150154, 21.398024 ], [ -158.149846, 21.397848 ], [ -158.149109, 21.398585 ], [ -158.148748, 21.398321 ], [ -158.149708, 21.397343 ], [ -158.150382, 21.397753 ], [ -158.150154, 21.398024 ] ] ] } },
{ "type": "Feature", "properties": { "crop": "Pasture", "acreage": 88.3 }, "geometry": { "type": "Polygon", "coordinates": [ [ [ -158.132927, 21.406887 ], [ -158.133269, 21.407097 ], [ -158.134045, 21.407697 ], [ -158.135544, 21.408694 ], [ -158.135903, 21.408881 ], [ -158.136584, 21.409141 ], [ -158.138235, 21.40933 ], [ -158.139192, 21.409543 ], [ -158.139568, 21.40945 ], [ -158.140226, 21.409444 ], [ -158.14035, 21.409404 ], [ -158.140472, 21.409287 ], [ -158.140618, 21.409067 ], [ -158.140665, 21.408652 ], [ -158.140741, 21.408403 ], [ -158.140812, 21.408327 ], [ -158.141028, 21.408274 ], [ -158.141246, 21.408302 ], [ -158.142035, 21.408986 ], [ -158.141994, 21.409094 ], [ -158.1378, 21.414406 ], [ -158.133211, 21.410981 ], [ -158.132927, 21.406887 ] ] ] } },
{ "type": "Feature", "properties": { "crop": "Diversified Crop", "acreage": 4.7 }, "geometry": { "type": "Polygon", "coordinates": [ [ [ -157.886789, 21.574349 ], [ -157.88632, 21.574519 ], [ -157.885849, 21.573656 ], [ -157.886361, 21.573166 ], [ -157.887178, 21.572769 ], [ -157.887437, 21.573271 ], [ -157.88735, 21.573389 ], [ -157.887505, 21.573662 ], [ -157.886789, 21.574349 ] ] ] } },
{ "type": "Feature", "properties": { "crop": "Diversified Crop", "acreage": 1.8 }, "geometry": { "type": "Polygon", "coordinates": [ [ [ -157.890718, 21.573053 ], [ -157.890626, 21.573001 ], [ -157.890495, 21.573025 ], [ -157.890282, 21.57269 ], [ -157.890756, 21.5723 ], [ -157.891248, 21.571984 ], [ -157.891561, 21.572326 ], [ -157.890718, 21.573053 ] ] ] } },
{ "type": "Feature", "properties": { "crop": "Banana", "acreage": 2.8 }, "geometry": { "type": "Polygon", "coordinates": [ [ [ -157.889046, 21.573824 ], [ -157.889039, 21.574077 ], [ -157.888941, 21.574307 ], [ -157.88845, 21.574812 ], [ -157.888314, 21.574729 ], [ -157.888023, 21.575022 ], [ -157.887915, 21.574956 ], [ -157.887822, 21.574706 ], [ -157.888088, 21.574427 ], [ -157.888075, 21.574372 ], [ -157.887911, 21.574362 ], [ -157.887865, 21.57426 ], [ -157.887993, 21.574132 ], [ -157.88824, 21.574066 ], [ -157.888203, 21.573914 ], [ -157.888609, 21.573565 ], [ -157.888927, 21.573734 ], [ -157.889046, 21.573824 ] ] ] } },
{ "type": "Feature", "properties": { "crop": "Diversified Crop", "acreage": 15.0 }, "geometry": { "type": "Polygon", "coordinates": [ [ [ -157.898531, 21.593656 ], [ -157.896815, 21.594967 ], [ -157.895513, 21.593367 ], [ -157.895972, 21.593021 ], [ -157.895605, 21.592436 ], [ -157.896686, 21.591647 ], [ -157.898531, 21.593656 ] ] ] } },
{ "type": "Feature", "properties": { "crop": "Flowers / Foliage / Landscape", "acreage": 1.4 }, "geometry": { "type": "Polygon", "coordinates": [ [ [ -157.896177, 21.567113 ], [ -157.896659, 21.566655 ], [ -157.896776, 21.566721 ], [ -157.896955, 21.566719 ], [ -157.897219, 21.566512 ], [ -157.897477, 21.566729 ], [ -157.897419, 21.566817 ], [ -157.896976, 21.567032 ], [ -157.896378, 21.567452 ], [ -157.896177, 21.567113 ] ] ] } },
{ "type": "Feature", "properties": { "crop": "Diversified Crop", "acreage": 1.8 }, "geometry": { "type": "Polygon", "coordinates": [ [ [ -157.894979, 21.571275 ], [ -157.894914, 21.571386 ], [ -157.894633, 21.571508 ], [ -157.894459, 21.571211 ], [ -157.894257, 21.571039 ], [ -157.894316, 21.570904 ], [ -157.894255, 21.570831 ], [ -157.894048, 21.570808 ], [ -157.894364, 21.570457 ], [ -157.894567, 21.570654 ], [ -157.894577, 21.570797 ], [ -157.894686, 21.570903 ], [ -157.895466, 21.570806 ], [ -157.895503, 21.571141 ], [ -157.894979, 21.571275 ] ] ] } },
{ "type": "Feature", "properties": { "crop": "Diversified Crop", "acreage": 0.8 }, "geometry": { "type": "Polygon", "coordinates": [ [ [ -157.897742, 21.574988 ], [ -157.89757, 21.574728 ], [ -157.897915, 21.574607 ], [ -157.897856, 21.574463 ], [ -157.89832, 21.574382 ], [ -157.898388, 21.574773 ], [ -157.897742, 21.574988 ] ] ] } },
{ "type": "Feature", "properties": { "crop": "Diversified Crop", "acreage": 2.9 }, "geometry": { "type": "Polygon", "coordinates": [ [ [ -157.892734, 21.569316 ], [ -157.892282, 21.568652 ], [ -157.892995, 21.568112 ], [ -157.893235, 21.568206 ], [ -157.893545, 21.568172 ], [ -157.89345, 21.568982 ], [ -157.893087, 21.569335 ], [ -157.892734, 21.569316 ] ] ] } },
{ "type": "Feature", "properties": { "crop": "Banana", "acreage": 2.1 }, "geometry": { "type": "Polygon", "coordinates": [ [ [ -157.895097, 21.568332 ], [ -157.894489, 21.568493 ], [ -157.894259, 21.568243 ], [ -157.894276, 21.568138 ], [ -157.894583, 21.567986 ], [ -157.895124, 21.567871 ], [ -157.895976, 21.567875 ], [ -157.896064, 21.567992 ], [ -157.895952, 21.568282 ], [ -157.895097, 21.568332 ] ] ] } },
{ "type": "Feature", "properties": { "crop": "Pasture", "acreage": 9.0 }, "geometry": { "type": "Polygon", "coordinates": [ [ [ -157.881784, 21.572559 ], [ -157.880911, 21.572248 ], [ -157.880095, 21.571876 ], [ -157.879116, 21.571697 ], [ -157.878905, 21.571555 ], [ -157.879323, 21.570944 ], [ -157.879956, 21.571207 ], [ -157.880747, 21.571298 ], [ -157.881189, 21.571231 ], [ -157.881567, 21.571284 ], [ -157.882318, 21.571291 ], [ -157.882509, 21.572007 ], [ -157.882508, 21.57246 ], [ -157.881784, 21.572559 ] ] ] } },
{ "type": "Feature", "properties": { "crop": "Taro", "acreage": 7.4 }, "geometry": { "type": "Polygon", "coordinates": [ [ [ -157.853927, 21.504794 ], [ -157.853719, 21.504418 ], [ -157.853349, 21.504351 ], [ -157.853276, 21.504275 ], [ -157.853264, 21.503926 ], [ -157.852943, 21.503891 ], [ -157.853067, 21.503699 ], [ -157.853378, 21.503612 ], [ -157.853622, 21.503461 ], [ -157.854336, 21.503385 ], [ -157.854482, 21.503325 ], [ -157.854436, 21.502983 ], [ -157.85465, 21.502832 ], [ -157.855039, 21.502949 ], [ -157.855379, 21.503382 ], [ -157.855629, 21.503952 ], [ -157.855052, 21.504052 ], [ -157.854883, 21.503968 ], [ -157.854546, 21.504177 ], [ -157.854858, 21.504467 ], [ -157.854706, 21.504688 ], [ -157.854581, 21.504697 ], [ -157.853927, 21.504794 ] ] ] } },
{ "type": "Feature", "properties": { "crop": "Banana", "acreage": 0.5 }, "geometry": { "type": "Polygon", "coordinates": [ [ [ -157.860027, 21.480995 ], [ -157.860109, 21.480897 ], [ -157.860155, 21.481051 ], [ -157.860509, 21.481169 ], [ -157.860686, 21.480975 ], [ -157.860788, 21.481017 ], [ -157.860892, 21.48113 ], [ -157.860903, 21.481255 ], [ -157.860492, 21.481329 ], [ -157.860096, 21.481136 ], [ -157.860027, 21.480995 ] ] ] } },
{ "type": "Feature", "properties": { "crop": "Diversified Crop", "acreage": 0.6 }, "geometry": { "type": "Polygon", "coordinates": [ [ [ -157.863733, 21.48393 ], [ -157.863473, 21.483881 ], [ -157.863421, 21.483738 ], [ -157.86344, 21.483672 ], [ -157.863869, 21.483482 ], [ -157.864114, 21.483709 ], [ -157.864105, 21.483823 ], [ -157.863733, 21.48393 ] ] ] } },
{ "type": "Feature", "properties": { "crop": "Taro", "acreage": 0.7 }, "geometry": { "type": "Polygon", "coordinates": [ [ [ -157.864912, 21.482513 ], [ -157.864972, 21.482235 ], [ -157.865276, 21.482254 ], [ -157.865308, 21.482057 ], [ -157.86562, 21.482141 ], [ -157.865519, 21.482588 ], [ -157.864912, 21.482513 ] ] ] } },
{ "type": "Feature", "properties": { "crop": "Diversified Crop", "acreage": 4.1 }, "geometry": { "type": "Polygon", "coordinates": [ [ [ -157.727855, 21.337545 ], [ -157.728227, 21.336334 ], [ -157.729301, 21.336597 ], [ -157.728945, 21.337873 ], [ -157.727855, 21.337545 ] ] ] } },
{ "type": "Feature", "properties": { "crop": "Banana", "acreage": 6.1 }, "geometry": { "type": "Polygon", "coordinates": [ [ [ -157.728259, 21.336013 ], [ -157.728915, 21.334128 ], [ -157.730137, 21.33444 ], [ -157.729244, 21.336122 ], [ -157.728259, 21.336013 ] ] ] } },
{ "type": "Feature", "properties": { "crop": "Flowers / Foliage / Landscape", "acreage": 3.0 }, "geometry": { "type": "Polygon", "coordinates": [ [ [ -157.726768, 21.339494 ], [ -157.726513, 21.340213 ], [ -157.725201, 21.339917 ], [ -157.725449, 21.339166 ], [ -157.726768, 21.339494 ] ] ] } },
{ "type": "Feature", "properties": { "crop": "Flowers / Foliage / Landscape", "acreage": 17.5 }, "geometry": { "type": "Polygon", "coordinates": [ [ [ -157.725983, 21.343021 ], [ -157.72544, 21.343029 ], [ -157.725496, 21.343478 ], [ -157.72432, 21.343935 ], [ -157.724159, 21.343894 ], [ -157.724083, 21.343492 ], [ -157.724789, 21.341201 ], [ -157.725414, 21.34134 ], [ -157.725424, 21.341881 ], [ -157.726144, 21.341965 ], [ -157.726214, 21.340893 ], [ -157.726565, 21.340518 ], [ -157.726967, 21.340467 ], [ -157.727304, 21.340758 ], [ -157.728344, 21.341068 ], [ -157.728337, 21.341284 ], [ -157.726837, 21.342279 ], [ -157.726704, 21.342465 ], [ -157.725983, 21.343021 ] ] ] } },
{ "type": "Feature", "properties": { "crop": "Macadamia Nuts", "acreage": 1.6 }, "geometry": { "type": "Polygon", "coordinates": [ [ [ -157.720348, 21.341259 ], [ -157.719995, 21.34111 ], [ -157.720195, 21.340098 ], [ -157.720483, 21.340178 ], [ -157.720793, 21.340411 ], [ -157.720483, 21.341151 ], [ -157.720348, 21.341259 ] ] ] } },
{ "type": "Feature", "properties": { "crop": "Tropical Fruits", "acreage": 3.3 }, "geometry": { "type": "Polygon", "coordinates": [ [ [ -157.724665, 21.334192 ], [ -157.725107, 21.33345 ], [ -157.725622, 21.332705 ], [ -157.725899, 21.332766 ], [ -157.726073, 21.332853 ], [ -157.725962, 21.333205 ], [ -157.725275, 21.334542 ], [ -157.724665, 21.334192 ] ] ] } },
{ "type": "Feature", "properties": { "crop": "Diversified Crop", "acreage": 2.0 }, "geometry": { "type": "Polygon", "coordinates": [ [ [ -157.83947, 21.449938 ], [ -157.8394, 21.449943 ], [ -157.839143, 21.449663 ], [ -157.839775, 21.449179 ], [ -157.84043, 21.449804 ], [ -157.840362, 21.449972 ], [ -157.840234, 21.449941 ], [ -157.840175, 21.449862 ], [ -157.839955, 21.449977 ], [ -157.840056, 21.450093 ], [ -157.839766, 21.450308 ], [ -157.83947, 21.449938 ] ] ] } },
{ "type": "Feature", "properties": { "crop": "Banana", "acreage": 1.1 }, "geometry": { "type": "Polygon", "coordinates": [ [ [ -157.890507, 21.586618 ], [ -157.890149, 21.586071 ], [ -157.890045, 21.586066 ], [ -157.889896, 21.585645 ], [ -157.890183, 21.585613 ], [ -157.890397, 21.585896 ], [ -157.890485, 21.585934 ], [ -157.890818, 21.586451 ], [ -157.890507, 21.586618 ] ] ] } },
{ "type": "Feature", "properties": { "crop": "Diversified Crop", "acreage": 5.3 }, "geometry": { "type": "Polygon", "coordinates": [ [ [ -158.116233, 21.555573 ], [ -158.116686, 21.553696 ], [ -158.117199, 21.553833 ], [ -158.117484, 21.554722 ], [ -158.117619, 21.554876 ], [ -158.11708, 21.555906 ], [ -158.116233, 21.555573 ] ] ] } },
{ "type": "Feature", "properties": { "crop": "Diversified Crop", "acreage": 9.6 }, "geometry": { "type": "Polygon", "coordinates": [ [ [ -158.174438, 21.458236 ], [ -158.174254, 21.457872 ], [ -158.174538, 21.457363 ], [ -158.174809, 21.457123 ], [ -158.174933, 21.456923 ], [ -158.1754, 21.456554 ], [ -158.176022, 21.456187 ], [ -158.176427, 21.456036 ], [ -158.176726, 21.456382 ], [ -158.176961, 21.45689 ], [ -158.176966, 21.457049 ], [ -158.176395, 21.45732 ], [ -158.176167, 21.457668 ], [ -158.174483, 21.458641 ], [ -158.174438, 21.458236 ] ] ] } },
{ "type": "Feature", "properties": { "crop": "Flowers / Foliage / Landscape", "acreage": 2.2 }, "geometry": { "type": "Polygon", "coordinates": [ [ [ -158.172587, 21.451325 ], [ -158.173182, 21.45121 ], [ -158.173329, 21.451854 ], [ -158.171947, 21.452426 ], [ -158.172587, 21.451325 ] ] ] } },
{ "type": "Feature", "properties": { "crop": "Flowers / Foliage / Landscape", "acreage": 0.7 }, "geometry": { "type": "Polygon", "coordinates": [ [ [ -158.172455, 21.452772 ], [ -158.172253, 21.452533 ], [ -158.172274, 21.452435 ], [ -158.172875, 21.452193 ], [ -158.173062, 21.452415 ], [ -158.172455, 21.452772 ] ] ] } },
{ "type": "Feature", "properties": { "crop": "Flowers / Foliage / Landscape", "acreage": 1.8 }, "geometry": { "type": "Polygon", "coordinates": [ [ [ -158.174294, 21.45266 ], [ -158.174131, 21.453365 ], [ -158.173888, 21.453359 ], [ -158.173867, 21.453485 ], [ -158.173576, 21.453373 ], [ -158.173365, 21.453004 ], [ -158.173401, 21.452761 ], [ -158.17362, 21.452523 ], [ -158.174294, 21.45266 ] ] ] } },
{ "type": "Feature", "properties": { "crop": "Diversified Crop", "acreage": 3.7 }, "geometry": { "type": "Polygon", "coordinates": [ [ [ -158.171418, 21.462621 ], [ -158.172188, 21.462264 ], [ -158.17283, 21.462033 ], [ -158.173048, 21.46228 ], [ -158.172687, 21.462596 ], [ -158.172589, 21.462889 ], [ -158.172095, 21.463136 ], [ -158.17155, 21.463291 ], [ -158.171181, 21.463346 ], [ -158.170894, 21.463137 ], [ -158.171418, 21.462621 ] ] ] } },
{ "type": "Feature", "properties": { "crop": "Diversified Crop", "acreage": 3.1 }, "geometry": { "type": "Polygon", "coordinates": [ [ [ -158.152329, 21.454977 ], [ -158.151561, 21.45527 ], [ -158.149814, 21.455625 ], [ -158.14977, 21.45533 ], [ -158.152077, 21.454557 ], [ -158.152329, 21.454977 ] ] ] } },
{ "type": "Feature", "properties": { "crop": "Diversified Crop", "acreage": 2.3 }, "geometry": { "type": "Polygon", "coordinates": [ [ [ -158.151659, 21.454063 ], [ -158.151498, 21.45428 ], [ -158.151036, 21.453967 ], [ -158.150721, 21.45415 ], [ -158.150163, 21.454004 ], [ -158.150399, 21.453643 ], [ -158.151238, 21.453617 ], [ -158.15194, 21.453543 ], [ -158.152128, 21.453764 ], [ -158.151659, 21.454063 ] ] ] } },
{ "type": "Feature", "properties": { "crop": "Diversified Crop", "acreage": 0.7 }, "geometry": { "type": "Polygon", "coordinates": [ [ [ -158.171335, 21.434887 ], [ -158.171926, 21.433909 ], [ -158.172098, 21.43404 ], [ -158.171496, 21.435015 ], [ -158.171335, 21.434887 ] ] ] } },
{ "type": "Feature", "properties": { "crop": "Diversified Crop", "acreage": 0.2 }, "geometry": { "type": "Polygon", "coordinates": [ [ [ -158.171066, 21.435498 ], [ -158.170935, 21.435417 ], [ -158.171124, 21.435102 ], [ -158.171269, 21.435196 ], [ -158.171066, 21.435498 ] ] ] } },
{ "type": "Feature", "properties": { "crop": "Diversified Crop", "acreage": 1.6 }, "geometry": { "type": "Polygon", "coordinates": [ [ [ -158.162953, 21.437612 ], [ -158.162695, 21.436908 ], [ -158.16278, 21.436831 ], [ -158.163273, 21.436683 ], [ -158.16374, 21.437349 ], [ -158.162953, 21.437612 ] ] ] } },
{ "type": "Feature", "properties": { "crop": "Diversified Crop", "acreage": 10.4 }, "geometry": { "type": "Polygon", "coordinates": [ [ [ -158.142103, 21.415032 ], [ -158.141598, 21.4163 ], [ -158.140421, 21.415341 ], [ -158.14054, 21.41518 ], [ -158.138997, 21.414092 ], [ -158.139718, 21.413292 ], [ -158.142103, 21.415032 ] ] ] } },
{ "type": "Feature", "properties": { "crop": "Tropical Fruits", "acreage": 1.0 }, "geometry": { "type": "Polygon", "coordinates": [ [ [ -158.143868, 21.41558 ], [ -158.143429, 21.416157 ], [ -158.143309, 21.416038 ], [ -158.143486, 21.415755 ], [ -158.143275, 21.41544 ], [ -158.142929, 21.415206 ], [ -158.143164, 21.41505 ], [ -158.143868, 21.41558 ] ] ] } },
{ "type": "Feature", "properties": { "crop": "Banana", "acreage": 0.3 }, "geometry": { "type": "Polygon", "coordinates": [ [ [ -158.143454, 21.415178 ], [ -158.143617, 21.414969 ], [ -158.143953, 21.415225 ], [ -158.143772, 21.415386 ], [ -158.143454, 21.415178 ] ] ] } },
{ "type": "Feature", "properties": { "crop": "Diversified Crop", "acreage": 2.2 }, "geometry": { "type": "Polygon", "coordinates": [ [ [ -158.154696, 21.409142 ], [ -158.155256, 21.408469 ], [ -158.155985, 21.40896 ], [ -158.155385, 21.409648 ], [ -158.154696, 21.409142 ] ] ] } },
{ "type": "Feature", "properties": { "crop": "Diversified Crop", "acreage": 4.3 }, "geometry": { "type": "Polygon", "coordinates": [ [ [ -158.138384, 21.416755 ], [ -158.13927, 21.415646 ], [ -158.140164, 21.416215 ], [ -158.139279, 21.417336 ], [ -158.138384, 21.416755 ] ] ] } },
{ "type": "Feature", "properties": { "crop": "Diversified Crop", "acreage": 2.5 }, "geometry": { "type": "Polygon", "coordinates": [ [ [ -158.141882, 21.417098 ], [ -158.142234, 21.416263 ], [ -158.142208, 21.416064 ], [ -158.14228, 21.415963 ], [ -158.14312, 21.416423 ], [ -158.142367, 21.417382 ], [ -158.141882, 21.417098 ] ] ] } },
{ "type": "Feature", "properties": { "crop": "Diversified Crop", "acreage": 28.1 }, "geometry": { "type": "Polygon", "coordinates": [ [ [ -158.057166, 21.508679 ], [ -158.05386, 21.504107 ], [ -158.054045, 21.503898 ], [ -158.054392, 21.503809 ], [ -158.054863, 21.503828 ], [ -158.05528, 21.504019 ], [ -158.055786, 21.504916 ], [ -158.056591, 21.505322 ], [ -158.057144, 21.505971 ], [ -158.057993, 21.506442 ], [ -158.058687, 21.506997 ], [ -158.059108, 21.507638 ], [ -158.058974, 21.508025 ], [ -158.058144, 21.508356 ], [ -158.057899, 21.508612 ], [ -158.058453, 21.509272 ], [ -158.058428, 21.5096 ], [ -158.057166, 21.508679 ] ] ] } },
{ "type": "Feature", "properties": { "crop": "Aquaculture", "acreage": 5.4 }, "geometry": { "type": "Polygon", "coordinates": [ [ [ -157.966374, 21.702402 ], [ -157.966171, 21.702697 ], [ -157.966077, 21.702762 ], [ -157.965978, 21.702655 ], [ -157.966338, 21.701785 ], [ -157.967091, 21.702085 ], [ -157.967966, 21.702719 ], [ -157.968437, 21.702313 ], [ -157.968745, 21.702709 ], [ -157.968358, 21.702996 ], [ -157.968401, 21.703194 ], [ -157.968084, 21.703588 ], [ -157.966374, 21.702402 ] ] ] } },
{ "type": "Feature", "properties": { "crop": "Taro", "acreage": 2.7 }, "geometry": { "type": "Polygon", "coordinates": [ [ [ -157.967082, 21.701192 ], [ -157.966672, 21.701039 ], [ -157.966911, 21.700482 ], [ -157.968521, 21.701114 ], [ -157.968114, 21.701903 ], [ -157.967824, 21.701795 ], [ -157.968013, 21.701322 ], [ -157.967195, 21.701037 ], [ -157.967082, 21.701192 ] ] ] } },
{ "type": "Feature", "properties": { "crop": "Diversified Crop", "acreage": 0.7 }, "geometry": { "type": "Polygon", "coordinates": [ [ [ -157.977979, 21.392401 ], [ -157.977969, 21.392067 ], [ -157.978019, 21.39203 ], [ -157.978564, 21.392019 ], [ -157.978631, 21.392117 ], [ -157.978311, 21.392547 ], [ -157.977979, 21.392401 ] ] ] } },
{ "type": "Feature", "properties": { "crop": "Taro", "acreage": 5.4 }, "geometry": { "type": "Polygon", "coordinates": [ [ [ -157.985005, 21.389242 ], [ -157.985138, 21.388989 ], [ -157.985477, 21.388977 ], [ -157.985569, 21.389129 ], [ -157.986032, 21.389118 ], [ -157.986343, 21.388903 ], [ -157.986737, 21.388797 ], [ -157.986767, 21.389014 ], [ -157.986919, 21.389318 ], [ -157.986638, 21.38975 ], [ -157.985405, 21.39056 ], [ -157.985005, 21.389242 ] ] ] } },
{ "type": "Feature", "properties": { "crop": "Diversified Crop", "acreage": 43.5 }, "geometry": { "type": "Polygon", "coordinates": [ [ [ -158.01481, 21.419648 ], [ -158.014465, 21.419189 ], [ -158.014344, 21.417707 ], [ -158.015773, 21.417679 ], [ -158.015956, 21.416892 ], [ -158.016436, 21.416822 ], [ -158.01696, 21.416927 ], [ -158.017036, 21.417159 ], [ -158.016679, 21.417431 ], [ -158.016677, 21.417663 ], [ -158.017402, 21.417812 ], [ -158.017508, 21.418232 ], [ -158.017255, 21.419084 ], [ -158.017431, 21.419387 ], [ -158.017594, 21.419216 ], [ -158.017934, 21.419146 ], [ -158.017962, 21.419566 ], [ -158.017853, 21.419695 ], [ -158.017929, 21.419956 ], [ -158.017969, 21.420824 ], [ -158.017835, 21.422357 ], [ -158.017387, 21.422441 ], [ -158.014715, 21.422237 ], [ -158.01481, 21.419648 ] ] ] } },
{ "type": "Feature", "properties": { "crop": "Diversified Crop", "acreage": 12.0 }, "geometry": { "type": "Polygon", "coordinates": [ [ [ -158.026355, 21.486845 ], [ -158.026234, 21.48673 ], [ -158.026032, 21.485793 ], [ -158.025882, 21.484807 ], [ -158.025885, 21.48427 ], [ -158.02621, 21.4838 ], [ -158.026725, 21.48351 ], [ -158.026943, 21.483463 ], [ -158.027072, 21.483675 ], [ -158.027477, 21.485541 ], [ -158.027576, 21.486315 ], [ -158.027487, 21.486615 ], [ -158.026355, 21.486845 ] ] ] } },
{ "type": "Feature", "properties": { "crop": "Diversified Crop", "acreage": 177.2 }, "geometry": { "type": "Polygon", "coordinates": [ [ [ -158.041491, 21.348075 ], [ -158.04323, 21.349707 ], [ -158.045517, 21.347473 ], [ -158.046241, 21.347054 ], [ -158.047189, 21.348276 ], [ -158.048527, 21.34776 ], [ -158.048923, 21.347931 ], [ -158.048956, 21.348438 ], [ -158.048494, 21.350159 ], [ -158.048303, 21.351797 ], [ -158.048595, 21.353928 ], [ -158.048799, 21.35442 ], [ -158.046915, 21.355223 ], [ -158.046582, 21.355708 ], [ -158.044408, 21.357098 ], [ -158.038386, 21.351234 ], [ -158.041491, 21.348075 ] ] ] } },
{ "type": "Feature", "properties": { "crop": "Flowers / Foliage / Landscape", "acreage": 1.4 }, "geometry": { "type": "Polygon", "coordinates": [ [ [ -157.782935, 21.315843 ], [ -157.782879, 21.315756 ], [ -157.783659, 21.315241 ], [ -157.783861, 21.315296 ], [ -157.783966, 21.315425 ], [ -157.78396, 21.315541 ], [ -157.783862, 21.315697 ], [ -157.783752, 21.3157 ], [ -157.783667, 21.315877 ], [ -157.783282, 21.316081 ], [ -157.782935, 21.315843 ] ] ] } },
{ "type": "Feature", "properties": { "crop": "Aquaculture", "acreage": 3.7 }, "geometry": { "type": "Polygon", "coordinates": [ [ [ -158.027714, 21.508175 ], [ -158.028577, 21.507282 ], [ -158.028853, 21.507134 ], [ -158.029397, 21.507704 ], [ -158.029259, 21.50796 ], [ -158.028948, 21.508289 ], [ -158.028214, 21.508606 ], [ -158.027714, 21.508175 ] ] ] } },
{ "type": "Feature", "properties": { "crop": "Aquaculture", "acreage": 3.3 }, "geometry": { "type": "Polygon", "coordinates": [ [ [ -158.028384, 21.507088 ], [ -158.027691, 21.506485 ], [ -158.027362, 21.506088 ], [ -158.027882, 21.505514 ], [ -158.028959, 21.50659 ], [ -158.028384, 21.507088 ] ] ] } },
{ "type": "Feature", "properties": { "crop": "Flowers / Foliage / Landscape", "acreage": 0.2 }, "geometry": { "type": "Polygon", "coordinates": [ [ [ -158.026042, 21.509452 ], [ -158.026027, 21.509358 ], [ -158.026921, 21.509159 ], [ -158.026931, 21.509245 ], [ -158.026042, 21.509452 ] ] ] } },
{ "type": "Feature", "properties": { "crop": "Tropical Fruits", "acreage": 11.1 }, "geometry": { "type": "Polygon", "coordinates": [ [ [ -158.092286, 21.541749 ], [ -158.091272, 21.541645 ], [ -158.090944, 21.541508 ], [ -158.090946, 21.541175 ], [ -158.091199, 21.540745 ], [ -158.091981, 21.540071 ], [ -158.092599, 21.540222 ], [ -158.093098, 21.540558 ], [ -158.09399, 21.541265 ], [ -158.093816, 21.541671 ], [ -158.093391, 21.54215 ], [ -158.092995, 21.542222 ], [ -158.092286, 21.541749 ] ] ] } },
{ "type": "Feature", "properties": { "crop": "Diversified Crop", "acreage": 9.7 }, "geometry": { "type": "Polygon", "coordinates": [ [ [ -158.090564, 21.543195 ], [ -158.090863, 21.541692 ], [ -158.092259, 21.541934 ], [ -158.092679, 21.542171 ], [ -158.093007, 21.542493 ], [ -158.092894, 21.543627 ], [ -158.090564, 21.543195 ] ] ] } },
{ "type": "Feature", "properties": { "crop": "Taro", "acreage": 6.8 }, "geometry": { "type": "Polygon", "coordinates": [ [ [ -158.103553, 21.579105 ], [ -158.103068, 21.578639 ], [ -158.103192, 21.577639 ], [ -158.103237, 21.576764 ], [ -158.103755, 21.576899 ], [ -158.104375, 21.577196 ], [ -158.104421, 21.577403 ], [ -158.104359, 21.577664 ], [ -158.104159, 21.577821 ], [ -158.10409, 21.577998 ], [ -158.104247, 21.578277 ], [ -158.104353, 21.57866 ], [ -158.103993, 21.579211 ], [ -158.103553, 21.579105 ] ] ] } },
{ "type": "Feature", "properties": { "crop": "Taro", "acreage": 2.3 }, "geometry": { "type": "Polygon", "coordinates": [ [ [ -158.102203, 21.577862 ], [ -158.102058, 21.577724 ], [ -158.102094, 21.577532 ], [ -158.102074, 21.57674 ], [ -158.102582, 21.576818 ], [ -158.102788, 21.576895 ], [ -158.102841, 21.577352 ], [ -158.102833, 21.57778 ], [ -158.102736, 21.57794 ], [ -158.102203, 21.577862 ] ] ] } },
{ "type": "Feature", "properties": { "crop": "Diversified Crop", "acreage": 2.7 }, "geometry": { "type": "Polygon", "coordinates": [ [ [ -158.11148, 21.581476 ], [ -158.111018, 21.581006 ], [ -158.110806, 21.581013 ], [ -158.110572, 21.580871 ], [ -158.110555, 21.580755 ], [ -158.111123, 21.580571 ], [ -158.11121, 21.580096 ], [ -158.111431, 21.580052 ], [ -158.112005, 21.581756 ], [ -158.11148, 21.581476 ] ] ] } },
{ "type": "Feature", "properties": { "crop": "Diversified Crop", "acreage": 1.6 }, "geometry": { "type": "Polygon", "coordinates": [ [ [ -158.11163, 21.585138 ], [ -158.111436, 21.584999 ], [ -158.111176, 21.584925 ], [ -158.111128, 21.584473 ], [ -158.111179, 21.584412 ], [ -158.112386, 21.584909 ], [ -158.112257, 21.585014 ], [ -158.112107, 21.585337 ], [ -158.11163, 21.585138 ] ] ] } },
{ "type": "Feature", "properties": { "crop": "Flowers / Foliage / Landscape", "acreage": 1.4 }, "geometry": { "type": "Polygon", "coordinates": [ [ [ -157.973791, 21.706364 ], [ -157.973652, 21.706446 ], [ -157.973436, 21.706458 ], [ -157.973432, 21.706235 ], [ -157.97333, 21.706159 ], [ -157.973275, 21.705724 ], [ -157.973381, 21.705628 ], [ -157.973695, 21.705511 ], [ -157.973899, 21.705712 ], [ -157.973879, 21.705795 ], [ -157.974002, 21.70606 ], [ -157.974033, 21.706329 ], [ -157.973791, 21.706364 ] ] ] } },
{ "type": "Feature", "properties": { "crop": "Diversified Crop", "acreage": 15.7 }, "geometry": { "type": "Polygon", "coordinates": [ [ [ -157.9401, 21.665802 ], [ -157.939857, 21.665562 ], [ -157.939636, 21.665498 ], [ -157.939256, 21.665859 ], [ -157.938993, 21.665463 ], [ -157.939145, 21.664406 ], [ -157.938727, 21.663853 ], [ -157.938907, 21.663502 ], [ -157.939454, 21.66307 ], [ -157.939955, 21.662824 ], [ -157.940521, 21.662838 ], [ -157.940807, 21.663151 ], [ -157.941388, 21.664088 ], [ -157.941173, 21.664509 ], [ -157.940583, 21.665027 ], [ -157.940351, 21.665755 ], [ -157.940497, 21.666084 ], [ -157.940404, 21.666727 ], [ -157.940049, 21.666704 ], [ -157.9401, 21.665802 ] ] ] } },
{ "type": "Feature", "properties": { "crop": "Diversified Crop", "acreage": 3.7 }, "geometry": { "type": "Polygon", "coordinates": [ [ [ -157.850163, 21.493024 ], [ -157.849928, 21.493282 ], [ -157.849705, 21.493394 ], [ -157.849559, 21.493337 ], [ -157.849319, 21.493004 ], [ -157.84923, 21.492772 ], [ -157.849635, 21.49268 ], [ -157.849576, 21.492367 ], [ -157.849452, 21.492135 ], [ -157.84963, 21.492041 ], [ -157.850635, 21.492029 ], [ -157.850675, 21.492455 ], [ -157.850644, 21.492871 ], [ -157.850163, 21.493024 ] ] ] } },
{ "type": "Feature", "properties": { "crop": "Tropical Fruits", "acreage": 3.3 }, "geometry": { "type": "Polygon", "coordinates": [ [ [ -157.882547, 21.571977 ], [ -157.882354, 21.571181 ], [ -157.882255, 21.570951 ], [ -157.882361, 21.570861 ], [ -157.883345, 21.571528 ], [ -157.883555, 21.572273 ], [ -157.88349, 21.572371 ], [ -157.882581, 21.572412 ], [ -157.882547, 21.571977 ] ] ] } },
{ "type": "Feature", "properties": { "crop": "Diversified Crop", "acreage": 0.5 }, "geometry": { "type": "Polygon", "coordinates": [ [ [ -157.883465, 21.571794 ], [ -157.883521, 21.571652 ], [ -157.883827, 21.572002 ], [ -157.883921, 21.572382 ], [ -157.883832, 21.572468 ], [ -157.88368, 21.572459 ], [ -157.883465, 21.571794 ] ] ] } },
{ "type": "Feature", "properties": { "crop": "Diversified Crop", "acreage": 4.5 }, "geometry": { "type": "Polygon", "coordinates": [ [ [ -158.181479, 21.462592 ], [ -158.182153, 21.462614 ], [ -158.183644, 21.462881 ], [ -158.183601, 21.463238 ], [ -158.182999, 21.463243 ], [ -158.182868, 21.463508 ], [ -158.181427, 21.463532 ], [ -158.181479, 21.462592 ] ] ] } },
{ "type": "Feature", "properties": { "crop": "Diversified Crop", "acreage": 1.7 }, "geometry": { "type": "Polygon", "coordinates": [ [ [ -158.181494, 21.464803 ], [ -158.181439, 21.463779 ], [ -158.182068, 21.463921 ], [ -158.182121, 21.464809 ], [ -158.181494, 21.464803 ] ] ] } },
{ "type": "Feature", "properties": { "crop": "Tropical Fruits", "acreage": 1.0 }, "geometry": { "type": "Polygon", "coordinates": [ [ [ -158.180994, 21.463308 ], [ -158.180899, 21.462955 ], [ -158.180938, 21.462505 ], [ -158.181424, 21.462564 ], [ -158.181324, 21.463317 ], [ -158.180994, 21.463308 ] ] ] } },
{ "type": "Feature", "properties": { "crop": "Diversified Crop", "acreage": 10.5 }, "geometry": { "type": "Polygon", "coordinates": [ [ [ -158.174776, 21.465945 ], [ -158.174596, 21.465767 ], [ -158.174417, 21.465469 ], [ -158.173644, 21.465561 ], [ -158.173395, 21.464905 ], [ -158.173159, 21.464023 ], [ -158.173665, 21.463911 ], [ -158.174156, 21.463717 ], [ -158.174541, 21.464046 ], [ -158.17515, 21.464374 ], [ -158.175599, 21.464169 ], [ -158.175864, 21.464877 ], [ -158.175532, 21.465128 ], [ -158.175607, 21.465619 ], [ -158.174776, 21.465945 ] ] ] } },
{ "type": "Feature", "properties": { "crop": "Tropical Fruits", "acreage": 7.5 }, "geometry": { "type": "Polygon", "coordinates": [ [ [ -158.1718, 21.466485 ], [ -158.170806, 21.465437 ], [ -158.17174, 21.464617 ], [ -158.172135, 21.465561 ], [ -158.173384, 21.465329 ], [ -158.173601, 21.466261 ], [ -158.1718, 21.466485 ] ] ] } },
{ "type": "Feature", "properties": { "crop": "Diversified Crop", "acreage": 0.3 }, "geometry": { "type": "Polygon", "coordinates": [ [ [ -158.17144, 21.464147 ], [ -158.171302, 21.463851 ], [ -158.171615, 21.463716 ], [ -158.171678, 21.46389 ], [ -158.171677, 21.464063 ], [ -158.17144, 21.464147 ] ] ] } }
]
}
