{
"type": "FeatureCollection",
"name": "military",
"crs": { "type": "name", "properties": { "name": "urn:ogc:def:crs:OGC:1.3:CRS84" } },
"xy_coordinate_resolution": 1e-06,
"features": [
{ "type": "Feature", "properties": { "name": "Kaena Point Satellite Tracking Station", "tenure": "state_lease_2029", "acres": 77.0 }, "geometry": { "type": "Polygon", "coordinates": [ [ [ -158.236166, 21.559751 ], [ -158.236336, 21.559505 ], [ -158.236462, 21.559833 ], [ -158.236739, 21.559909 ], [ -158.238299, 21.559525 ], [ -158.245046, 21.562226 ], [ -158.243856, 21.56388 ], [ -158.239745, 21.562189 ], [ -158.239651, 21.563589 ], [ -158.241624, 21.564384 ], [ -158.241606, 21.566171 ], [ -158.237968, 21.5647 ], [ -158.236166, 21.559751 ] ] ] } },
{ "type": "Feature", "properties": { "name": "Kaala Air Station", "tenure": "state_lease_2029", "acres": 2.0 }, "geometry": { "type": "Polygon", "coordinates": [ [ [ -158.142495, 21.507764 ], [ -158.142731, 21.507542 ], [ -158.142969, 21.507563 ], [ -158.143473, 21.507057 ], [ -158.143806, 21.507371 ], [ -158.142779, 21.508283 ], [ -158.142471, 21.508006 ], [ -158.142495, 21.507764 ] ] ] } },
{ "type": "Feature", "properties": { "name": "Poamoho Training Area", "tenure": "state_lease_2029", "acres": 4368.0 }, "geometry": { "type": "Polygon", "coordinates": [ [ [ -157.933725, 21.533143 ], [ -157.932583, 21.532901 ], [ -157.931671, 21.533005 ], [ -157.929528, 21.532966 ], [ -157.929222, 21.533198 ], [ -157.928286, 21.533484 ], [ -157.92778, 21.533181 ], [ -157.925426, 21.532475 ], [ -157.924325, 21.532888 ], [ -157.923301, 21.532701 ], [ -157.922836, 21.532844 ], [ -157.922571, 21.532783 ], [ -157.922012, 21.532365 ], [ -157.921071, 21.532089 ], [ -157.919976, 21.530838 ], [ -157.919906, 21.530596 ], [ -157.920159, 21.530216 ], [ -157.920183, 21.529869 ], [ -157.919694, 21.529445 ], [ -157.919995, 21.528873 ], [ -157.920001, 21.528091 ], [ -157.920472, 21.527595 ], [ -157.920483, 21.527402 ], [ -157.919613, 21.526681 ], [ -157.919472, 21.525932 ], [ -157.919254, 21.525557 ], [ -157.918871, 21.525408 ], [ -157.918389, 21.525408 ], [ -157.918106, 21.525254 ], [ -157.916612, 21.523783 ], [ -157.916465, 21.523001 ], [ -157.916536, 21.522528 ], [ -157.916318, 21.521949 ], [ -157.91613, 21.520672 ], [ -157.91543, 21.519355 ], [ -157.914942, 21.518848 ], [ -157.914784, 21.517026 ], [ -157.913619, 21.516612 ], [ -157.913089, 21.516017 ], [ -157.912654, 21.514916 ], [ -157.912037, 21.514117 ], [ -157.911419, 21.513654 ], [ -157.911266, 21.51334 ], [ -157.910177, 21.51307 ], [ -157.909677, 21.512806 ], [ -157.90903, 21.51161 ], [ -157.908047, 21.511131 ], [ -157.907359, 21.51047 ], [ -157.907212, 21.510161 ], [ -157.907483, 21.509682 ], [ -157.907619, 21.508873 ], [ -157.908107, 21.508543 ], [ -157.908749, 21.508664 ], [ -157.910273, 21.508356 ], [ -157.911338, 21.508814 ], [ -157.912232, 21.508891 ], [ -157.913692, 21.508721 ], [ -157.915257, 21.509431 ], [ -157.91584, 21.509371 ], [ -157.916546, 21.509008 ], [ -157.917906, 21.50886 ], [ -157.919247, 21.508998 ], [ -157.92113, 21.509422 ], [ -157.92246, 21.509131 ], [ -157.923396, 21.509401 ], [ -157.924373, 21.509335 ], [ -157.925085, 21.509159 ], [ -157.925838, 21.509175 ], [ -157.926291, 21.508939 ], [ -157.926903, 21.508807 ], [ -157.927757, 21.509055 ], [ -157.928169, 21.509495 ], [ -157.929551, 21.509198 ], [ -157.930564, 21.509755 ], [ -157.93094, 21.509826 ], [ -157.932076, 21.50943 ], [ -157.932894, 21.509309 ], [ -157.933777, 21.508791 ], [ -157.934907, 21.508676 ], [ -157.935648, 21.509166 ], [ -157.935919, 21.508946 ], [ -157.936596, 21.508781 ], [ -157.93769, 21.508291 ], [ -157.937843, 21.508016 ], [ -157.937861, 21.507239 ], [ -157.938438, 21.507024 ], [ -157.939091, 21.506991 ], [ -157.940015, 21.507421 ], [ -157.940851, 21.507372 ], [ -157.941374, 21.507878 ], [ -157.941592, 21.507978 ], [ -157.941975, 21.50795 ], [ -157.942728, 21.508303 ], [ -157.943128, 21.508033 ], [ -157.943575, 21.508005 ], [ -157.944817, 21.508672 ], [ -157.945052, 21.508545 ], [ -157.945488, 21.507962 ], [ -157.945835, 21.507907 ], [ -157.946718, 21.50805 ], [ -157.947136, 21.50832 ], [ -157.948577, 21.5081 ], [ -157.949707, 21.508215 ], [ -157.951196, 21.507951 ], [ -157.952832, 21.508469 ], [ -157.953268, 21.508315 ], [ -157.953674, 21.507813 ], [ -157.954327, 21.507736 ], [ -157.954951, 21.507153 ], [ -157.955392, 21.506536 ], [ -157.955722, 21.506415 ], [ -157.95591, 21.506519 ], [ -157.956722, 21.507803 ], [ -157.957452, 21.507516 ], [ -157.959041, 21.507373 ], [ -157.959735, 21.507918 ], [ -157.960665, 21.507979 ], [ -157.960995, 21.508172 ], [ -157.962083, 21.507858 ], [ -157.962254, 21.507896 ], [ -157.962636, 21.507681 ], [ -157.963649, 21.507599 ], [ -157.963984, 21.50772 ], [ -157.964096, 21.508331 ], [ -157.96512, 21.508375 ], [ -157.965967, 21.508623 ], [ -157.966644, 21.508386 ], [ -157.966979, 21.508447 ], [ -157.967668, 21.507681 ], [ -157.967945, 21.507709 ], [ -157.968527, 21.507378 ], [ -157.968645, 21.50718 ], [ -157.968639, 21.5068 ], [ -157.968827, 21.506525 ], [ -157.969616, 21.506442 ], [ -157.970181, 21.5062 ], [ -157.971416, 21.506145 ], [ -157.972487, 21.506178 ], [ -157.973253, 21.506431 ], [ -157.975795, 21.506332 ], [ -157.978331, 21.506744 ], [ -157.978897, 21.507424 ], [ -157.979367, 21.507574 ], [ -157.980737, 21.50756 ], [ -157.982092, 21.507255 ], [ -157.982752, 21.507383 ], [ -157.983242, 21.507617 ], [ -157.976214, 21.519319 ], [ -157.987154, 21.524677 ], [ -157.986575, 21.524644 ], [ -157.985142, 21.525114 ], [ -157.983251, 21.526175 ], [ -157.981914, 21.526772 ], [ -157.979264, 21.528928 ], [ -157.977911, 21.529367 ], [ -157.976739, 21.5295 ], [ -157.97615, 21.528883 ], [ -157.975491, 21.528822 ], [ -157.974837, 21.529125 ], [ -157.974137, 21.530045 ], [ -157.973431, 21.530513 ], [ -157.972677, 21.530442 ], [ -157.971365, 21.530602 ], [ -157.9706, 21.530321 ], [ -157.969481, 21.530552 ], [ -157.968263, 21.530326 ], [ -157.966809, 21.531042 ], [ -157.964626, 21.530927 ], [ -157.962713, 21.531367 ], [ -157.962442, 21.531516 ], [ -157.96183, 21.532259 ], [ -157.960453, 21.532546 ], [ -157.959823, 21.532507 ], [ -157.95831, 21.532116 ], [ -157.957574, 21.532149 ], [ -157.956256, 21.531621 ], [ -157.954243, 21.531356 ], [ -157.953443, 21.531053 ], [ -157.952171, 21.53167 ], [ -157.950865, 21.531003 ], [ -157.949729, 21.531648 ], [ -157.947522, 21.531273 ], [ -157.946768, 21.531383 ], [ -157.945579, 21.530953 ], [ -157.945203, 21.530496 ], [ -157.944879, 21.530314 ], [ -157.942795, 21.530391 ], [ -157.941212, 21.531349 ], [ -157.940146, 21.531487 ], [ -157.939499, 21.532572 ], [ -157.939234, 21.532786 ], [ -157.938069, 21.533144 ], [ -157.936891, 21.533166 ], [ -157.936291, 21.533381 ], [ -157.934561, 21.533491 ], [ -157.933725, 21.533143 ] ] ] } },
{ "type": "Feature", "properties": { "name": "Kahuku Training Area", "tenure": "state_lease_2029", "acres": 451.0 }, "geometry": { "type": "Polygon", "coordinates": [ [ [ -158.016065, 21.686937 ], [ -158.01424, 21.679822 ], [ -158.013204, 21.676343 ], [ -158.0126, 21.676507 ], [ -158.011572, 21.673005 ], [ -158.01222, 21.672653 ], [ -158.011073, 21.669799 ], [ -158.012487, 21.668883 ], [ -158.013109, 21.669135 ], [ -158.013533, 21.670305 ], [ -158.014356, 21.670726 ], [ -158.014556, 21.671443 ], [ -158.01624, 21.66877 ], [ -158.027519, 21.679383 ], [ -158.028036, 21.680269 ], [ -158.028157, 21.681373 ], [ -158.026585, 21.682018 ], [ -158.025816, 21.682019 ], [ -158.025125, 21.682623 ], [ -158.02465, 21.682421 ], [ -158.024184, 21.682496 ], [ -158.024025, 21.682936 ], [ -158.024141, 21.683093 ], [ -158.023673, 21.683242 ], [ -158.022676, 21.683836 ], [ -158.021834, 21.684756 ], [ -158.021621, 21.684814 ], [ -158.021409, 21.684559 ], [ -158.021197, 21.684813 ], [ -158.020885, 21.684787 ], [ -158.020553, 21.684477 ], [ -158.020189, 21.684411 ], [ -158.019908, 21.684659 ], [ -158.019392, 21.684695 ], [ -158.018981, 21.684908 ], [ -158.01883, 21.68541 ], [ -158.018436, 21.685389 ], [ -158.017226, 21.687686 ], [ -158.016777, 21.68676 ], [ -158.016065, 21.686937 ] ] ] } },
{ "type": "Feature", "properties": { "name": "Kahuku Training Area", "tenure": "state_lease_2029", "acres": 720.0 }, "geometry": { "type": "Polygon", "coordinates": [ [ [ -158.01137, 21.654542 ], [ -158.011128, 21.654173 ], [ -158.010586, 21.653821 ], [ -158.009814, 21.653524 ], [ -158.009384, 21.652158 ], [ -158.008765, 21.651388 ], [ -158.007981, 21.650865 ], [ -158.008117, 21.650105 ], [ -158.00771, 21.6494 ], [ -158.007598, 21.648282 ], [ -158.006584, 21.646867 ], [ -158.005836, 21.646542 ], [ -158.005553, 21.646261 ], [ -158.005394, 21.645953 ], [ -158.005465, 21.645441 ], [ -158.004109, 21.643767 ], [ -158.003001, 21.641856 ], [ -158.002677, 21.641085 ], [ -158.001976, 21.640419 ], [ -158.001487, 21.639736 ], [ -158.001422, 21.63923 ], [ -158.003065, 21.638982 ], [ -158.003749, 21.638546 ], [ -158.004143, 21.638701 ], [ -158.005651, 21.638645 ], [ -158.006541, 21.638964 ], [ -158.006788, 21.639295 ], [ -158.007183, 21.639548 ], [ -158.007907, 21.639465 ], [ -158.008108, 21.639377 ], [ -158.008355, 21.639024 ], [ -158.00872, 21.638892 ], [ -158.009008, 21.637895 ], [ -158.010015, 21.637124 ], [ -158.010275, 21.637041 ], [ -158.010646, 21.637069 ], [ -158.011229, 21.63741 ], [ -158.012501, 21.637558 ], [ -158.012843, 21.637861 ], [ -158.013191, 21.638472 ], [ -158.014398, 21.638813 ], [ -158.015523, 21.638169 ], [ -158.016701, 21.638245 ], [ -158.017561, 21.638476 ], [ -158.018185, 21.638361 ], [ -158.018751, 21.637964 ], [ -158.019611, 21.638063 ], [ -158.021446, 21.638987 ], [ -158.025654, 21.650505 ], [ -158.02432, 21.650396 ], [ -158.023813, 21.651085 ], [ -158.017171, 21.650972 ], [ -158.012124, 21.655456 ], [ -158.01147, 21.655065 ], [ -158.01137, 21.654542 ] ] ] } },
{ "type": "Feature", "properties": { "name": "Makua Military Reserve", "tenure": "state_lease_2029", "acres": 232.0 }, "geometry": { "type": "Polygon", "coordinates": [ [ [ -158.221208, 21.531276 ], [ -158.220706, 21.531304 ], [ -158.219403, 21.523406 ], [ -158.219558, 21.516926 ], [ -158.221697, 21.51748 ], [ -158.223499, 21.518144 ], [ -158.223728, 21.518326 ], [ -158.227788, 21.519013 ], [ -158.227721, 21.520711 ], [ -158.227334, 21.52235 ], [ -158.227253, 21.523336 ], [ -158.227827, 21.526613 ], [ -158.227627, 21.526634 ], [ -158.227622, 21.526811 ], [ -158.227918, 21.526783 ], [ -158.227985, 21.527116 ], [ -158.22726, 21.526999 ], [ -158.227206, 21.526868 ], [ -158.224718, 21.527111 ], [ -158.222255, 21.52834 ], [ -158.222574, 21.529038 ], [ -158.224962, 21.527905 ], [ -158.225096, 21.528338 ], [ -158.22595, 21.52812 ], [ -158.226137, 21.528649 ], [ -158.22441, 21.529118 ], [ -158.224572, 21.529945 ], [ -158.222512, 21.530174 ], [ -158.222871, 21.531447 ], [ -158.222395, 21.531826 ], [ -158.222188, 21.531834 ], [ -158.221208, 21.531276 ] ], [ [ -158.226914, 21.526635 ], [ -158.222902, 21.524467 ], [ -158.222444, 21.52515 ], [ -158.223553, 21.526533 ], [ -158.224697, 21.526997 ], [ -158.226909, 21.526814 ], [ -158.226914, 21.526635 ] ] ] } },
{ "type": "Feature", "properties": { "name": "Makua Military Reserve", "tenure": "state_lease_2029", "acres": 438.0 }, "geometry": { "type": "Polygon", "coordinates": [ [ [ -158.238465, 21.545939 ], [ -158.235757, 21.546135 ], [ -158.232084, 21.546101 ], [ -158.231596, 21.547244 ], [ -158.224567, 21.547124 ], [ -158.223747, 21.547815 ], [ -158.22303, 21.548662 ], [ -158.222418, 21.548498 ], [ -158.221387, 21.546995 ], [ -158.219612, 21.546222 ], [ -158.219389, 21.545955 ], [ -158.224874, 21.543767 ], [ -158.222739, 21.540343 ], [ -158.220385, 21.534009 ], [ -158.220172, 21.532572 ], [ -158.220797, 21.533143 ], [ -158.2206, 21.532208 ], [ -158.221233, 21.532734 ], [ -158.221498, 21.532654 ], [ -158.221397, 21.532781 ], [ -158.222479, 21.533183 ], [ -158.223169, 21.532942 ], [ -158.223449, 21.532164 ], [ -158.223499, 21.531559 ], [ -158.225023, 21.531267 ], [ -158.224839, 21.53247 ], [ -158.22827, 21.531941 ], [ -158.226197, 21.53314 ], [ -158.226086, 21.532624 ], [ -158.222424, 21.534491 ], [ -158.224653, 21.534347 ], [ -158.225222, 21.535206 ], [ -158.228519, 21.533859 ], [ -158.226378, 21.535067 ], [ -158.225196, 21.537156 ], [ -158.229847, 21.536327 ], [ -158.231139, 21.537536 ], [ -158.231013, 21.537691 ], [ -158.231207, 21.537838 ], [ -158.231365, 21.537748 ], [ -158.234048, 21.540121 ], [ -158.236275, 21.541734 ], [ -158.23823, 21.54412 ], [ -158.239834, 21.5455 ], [ -158.238465, 21.545939 ] ] ] } },
{ "type": "Feature", "properties": { "name": "Acacia Road", "tenure": "fee_or_other", "acres": 2.0 }, "geometry": { "type": "Polygon", "coordinates": [ [ [ -157.9764, 21.398082 ], [ -157.974776, 21.396585 ], [ -157.974241, 21.395772 ], [ -157.974213, 21.395464 ], [ -157.974633, 21.395609 ], [ -157.974495, 21.39566 ], [ -157.9745, 21.395811 ], [ -157.974863, 21.396421 ], [ -157.976531, 21.397956 ], [ -157.9764, 21.398082 ] ] ] } },
{ "type": "Feature", "properties": { "name": "Aiea laundry", "tenure": "fee_or_other", "acres": 3.0 }, "geometry": { "type": "Polygon", "coordinates": [ [ [ -157.929248, 21.375922 ], [ -157.929855, 21.376296 ], [ -157.929207, 21.37667 ], [ -157.927697, 21.377223 ], [ -157.927526, 21.376949 ], [ -157.929248, 21.375922 ] ] ] } },
{ "type": "Feature", "properties": { "name": "Aliamanu Military Reservation", "tenure": "fee_or_other", "acres": 546.0 }, "geometry": { "type": "Polygon", "coordinates": [ [ [ -157.910946, 21.3685 ], [ -157.910092, 21.368265 ], [ -157.910107, 21.368186 ], [ -157.909906, 21.368152 ], [ -157.909879, 21.368264 ], [ -157.909357, 21.368148 ], [ -157.909345, 21.368224 ], [ -157.908622, 21.368179 ], [ -157.908624, 21.368052 ], [ -157.906849, 21.367847 ], [ -157.905549, 21.36712 ], [ -157.904452, 21.366139 ], [ -157.904181, 21.366023 ], [ -157.901612, 21.363064 ], [ -157.900688, 21.361784 ], [ -157.900485, 21.361096 ], [ -157.900507, 21.359974 ], [ -157.900682, 21.359928 ], [ -157.902061, 21.36062 ], [ -157.903228, 21.360413 ], [ -157.903647, 21.360127 ], [ -157.903957, 21.359694 ], [ -157.903786, 21.359521 ], [ -157.904347, 21.359276 ], [ -157.904882, 21.357744 ], [ -157.906601, 21.357126 ], [ -157.907402, 21.356954 ], [ -157.908671, 21.35692 ], [ -157.909015, 21.356784 ], [ -157.911774, 21.354917 ], [ -157.912529, 21.354686 ], [ -157.913041, 21.354613 ], [ -157.913638, 21.355103 ], [ -157.914376, 21.355093 ], [ -157.915203, 21.355382 ], [ -157.916884, 21.354932 ], [ -157.918601, 21.355795 ], [ -157.920538, 21.356027 ], [ -157.921223, 21.356963 ], [ -157.921739, 21.358597 ], [ -157.92365, 21.35852 ], [ -157.921871, 21.360086 ], [ -157.919001, 21.364094 ], [ -157.913954, 21.365114 ], [ -157.914313, 21.368361 ], [ -157.913737, 21.36884 ], [ -157.913073, 21.368721 ], [ -157.912954, 21.369001 ], [ -157.912588, 21.369082 ], [ -157.912382, 21.369002 ], [ -157.912332, 21.369104 ], [ -157.910946, 21.3685 ] ] ] } },
{ "type": "Feature", "properties": { "name": "Bellow", "tenure": "fee_or_other", "acres": 1478.0 }, "geometry": { "type": "Polygon", "coordinates": [ [ [ -157.718635, 21.379667 ], [ -157.717109, 21.378748 ], [ -157.716419, 21.378962 ], [ -157.715115, 21.378763 ], [ -157.714611, 21.378866 ], [ -157.712006, 21.378757 ], [ -157.710727, 21.379465 ], [ -157.709279, 21.379224 ], [ -157.708832, 21.37901 ], [ -157.708035, 21.37948 ], [ -157.707082, 21.379699 ], [ -157.706792, 21.379876 ], [ -157.706172, 21.379902 ], [ -157.705565, 21.379772 ], [ -157.705563, 21.379639 ], [ -157.705656, 21.379679 ], [ -157.705531, 21.378423 ], [ -157.705724, 21.378069 ], [ -157.705917, 21.376277 ], [ -157.706585, 21.374366 ], [ -157.707309, 21.372969 ], [ -157.707629, 21.371973 ], [ -157.708002, 21.371376 ], [ -157.708848, 21.368788 ], [ -157.709352, 21.367833 ], [ -157.7098, 21.366184 ], [ -157.709741, 21.365182 ], [ -157.709578, 21.364741 ], [ -157.709768, 21.364428 ], [ -157.709446, 21.361691 ], [ -157.709039, 21.359515 ], [ -157.708278, 21.357749 ], [ -157.708333, 21.357315 ], [ -157.708628, 21.35687 ], [ -157.708547, 21.356787 ], [ -157.708176, 21.356928 ], [ -157.707955, 21.356614 ], [ -157.707836, 21.355567 ], [ -157.707679, 21.355412 ], [ -157.706647, 21.352279 ], [ -157.705987, 21.351384 ], [ -157.705796, 21.350904 ], [ -157.70549, 21.351013 ], [ -157.705256, 21.350868 ], [ -157.70517, 21.350427 ], [ -157.705469, 21.350396 ], [ -157.705389, 21.349928 ], [ -157.704663, 21.348427 ], [ -157.704188, 21.347764 ], [ -157.704463, 21.34638 ], [ -157.704716, 21.345783 ], [ -157.705235, 21.345188 ], [ -157.706064, 21.344743 ], [ -157.708395, 21.344463 ], [ -157.709814, 21.345568 ], [ -157.710148, 21.345167 ], [ -157.711582, 21.346258 ], [ -157.712178, 21.346475 ], [ -157.713287, 21.346653 ], [ -157.716859, 21.34844 ], [ -157.71974, 21.348876 ], [ -157.719859, 21.348197 ], [ -157.722492, 21.348641 ], [ -157.722996, 21.349338 ], [ -157.722758, 21.349524 ], [ -157.72289, 21.349731 ], [ -157.722675, 21.353591 ], [ -157.722734, 21.354968 ], [ -157.722273, 21.35773 ], [ -157.72627, 21.361645 ], [ -157.727059, 21.361017 ], [ -157.728055, 21.361377 ], [ -157.729672, 21.361385 ], [ -157.730769, 21.362658 ], [ -157.731266, 21.36296 ], [ -157.731301, 21.363395 ], [ -157.732335, 21.364063 ], [ -157.732043, 21.364477 ], [ -157.731285, 21.365088 ], [ -157.731506, 21.366556 ], [ -157.731017, 21.367222 ], [ -157.730928, 21.367725 ], [ -157.729639, 21.368896 ], [ -157.729115, 21.369083 ], [ -157.72887, 21.368867 ], [ -157.727834, 21.368827 ], [ -157.727787, 21.368489 ], [ -157.726644, 21.367745 ], [ -157.726279, 21.367907 ], [ -157.725225, 21.367986 ], [ -157.725007, 21.367692 ], [ -157.724708, 21.367597 ], [ -157.724176, 21.367752 ], [ -157.723525, 21.367677 ], [ -157.723206, 21.368164 ], [ -157.722692, 21.36815 ], [ -157.722427, 21.368421 ], [ -157.721624, 21.368526 ], [ -157.721469, 21.368365 ], [ -157.720685, 21.36829 ], [ -157.720309, 21.368623 ], [ -157.719876, 21.3696 ], [ -157.720021, 21.370246 ], [ -157.719889, 21.371141 ], [ -157.720306, 21.371605 ], [ -157.720376, 21.372047 ], [ -157.720278, 21.373088 ], [ -157.719533, 21.37353 ], [ -157.718803, 21.37448 ], [ -157.718919, 21.375102 ], [ -157.719693, 21.375357 ], [ -157.719831, 21.375921 ], [ -157.71961, 21.376252 ], [ -157.719643, 21.37706 ], [ -157.719827, 21.377692 ], [ -157.719695, 21.378212 ], [ -157.719272, 21.378536 ], [ -157.719126, 21.379257 ], [ -157.719534, 21.380322 ], [ -157.719568, 21.380879 ], [ -157.719276, 21.380413 ], [ -157.718635, 21.379667 ] ], [ [ -157.706591, 21.378001 ], [ -157.706402, 21.377656 ], [ -157.706352, 21.377825 ], [ -157.706728, 21.378166 ], [ -157.706557, 21.378685 ], [ -157.707118, 21.378688 ], [ -157.707204, 21.378406 ], [ -157.706591, 21.378001 ] ], [ [ -157.711271, 21.376502 ], [ -157.709725, 21.376925 ], [ -157.709836, 21.377279 ], [ -157.711381, 21.376856 ], [ -157.711271, 21.376502 ] ], [ [ -157.729558, 21.368741 ], [ -157.729631, 21.368702 ], [ -157.729582, 21.368622 ], [ -157.729509, 21.368661 ], [ -157.729558, 21.368741 ] ] ] } },
{ "type": "Feature", "properties": { "name": "Bougainville Road", "tenure": "fee_or_other", "acres": 9.0 }, "geometry": { "type": "MultiPolygon", "coordinates": [ [ [ [ -157.922426, 21.359656 ], [ -157.922425, 21.360112 ], [ -157.920961, 21.362148 ], [ -157.919001, 21.364094 ], [ -157.921871, 21.360086 ], [ -157.923793, 21.358394 ], [ -157.926338, 21.358282 ], [ -157.926663, 21.35817 ], [ -157.926724, 21.358384 ], [ -157.926387, 21.358505 ], [ -157.923543, 21.358679 ], [ -157.923194, 21.358984 ], [ -157.922426, 21.359656 ] ] ], [ [ [ -157.916673, 21.364789 ], [ -157.913956, 21.365128 ], [ -157.918996, 21.364096 ], [ -157.917914, 21.364421 ], [ -157.916673, 21.364789 ] ] ] ] } },
{ "type": "Feature", "properties": { "name": "Camp Smith", "tenure": "fee_or_other", "acres": 222.0 }, "geometry": { "type": "Polygon", "coordinates": [ [ [ -157.897874, 21.392705 ], [ -157.89798, 21.391415 ], [ -157.899164, 21.389465 ], [ -157.898856, 21.388511 ], [ -157.89912, 21.388105 ], [ -157.899628, 21.387916 ], [ -157.90037, 21.386966 ], [ -157.901329, 21.386499 ], [ -157.902348, 21.385653 ], [ -157.902699, 21.385211 ], [ -157.903654, 21.384497 ], [ -157.903738, 21.38413 ], [ -157.903977, 21.38381 ], [ -157.905179, 21.383042 ], [ -157.906148, 21.382764 ], [ -157.906523, 21.382541 ], [ -157.906933, 21.382616 ], [ -157.907651, 21.382503 ], [ -157.91011, 21.381497 ], [ -157.910144, 21.380296 ], [ -157.910682, 21.380651 ], [ -157.910714, 21.381146 ], [ -157.911054, 21.381517 ], [ -157.911247, 21.382004 ], [ -157.912376, 21.382163 ], [ -157.912909, 21.382661 ], [ -157.914094, 21.382573 ], [ -157.914328, 21.382657 ], [ -157.914532, 21.383602 ], [ -157.91299, 21.384403 ], [ -157.901024, 21.392359 ], [ -157.900571, 21.39235 ], [ -157.900179, 21.392566 ], [ -157.899261, 21.39264 ], [ -157.898839, 21.392799 ], [ -157.898136, 21.39266 ], [ -157.897874, 21.392705 ] ] ] } },
{ "type": "Feature", "properties": { "name": "Coast Guard Base", "tenure": "fee_or_other", "acres": 41.0 }, "geometry": { "type": "Polygon", "coordinates": [ [ [ -157.874443, 21.309249 ], [ -157.874287, 21.309453 ], [ -157.873153, 21.308733 ], [ -157.873813, 21.307825 ], [ -157.870354, 21.305602 ], [ -157.870427, 21.305263 ], [ -157.872078, 21.304488 ], [ -157.876989, 21.307428 ], [ -157.87526, 21.309777 ], [ -157.874443, 21.309249 ] ] ] } },
{ "type": "Feature", "properties": { "name": "Coast Guard Center", "tenure": "fee_or_other", "acres": 0.0 }, "geometry": { "type": "Polygon", "coordinates": [ [ [ -157.863584, 21.303413 ], [ -157.863556, 21.303167 ], [ -157.864279, 21.303259 ], [ -157.864286, 21.303343 ], [ -157.863584, 21.303413 ] ] ] } },
{ "type": "Feature", "properties": { "name": "Coast Guard Kalaeloa", "tenure": "fee_or_other", "acres": 48.0 }, "geometry": { "type": "Polygon", "coordinates": [ [ [ -158.069708, 21.302027 ], [ -158.069956, 21.30305 ], [ -158.06568, 21.300892 ], [ -158.066929, 21.300966 ], [ -158.068358, 21.300657 ], [ -158.068618, 21.30132 ], [ -158.068391, 21.300647 ], [ -158.072427, 21.299465 ], [ -158.072658, 21.300147 ], [ -158.073508, 21.301273 ], [ -158.073334, 21.301388 ], [ -158.073925, 21.302177 ], [ -158.071276, 21.303918 ], [ -158.071366, 21.303761 ], [ -158.070143, 21.303073 ], [ -158.069914, 21.302131 ], [ -158.069708, 21.302027 ] ] ] } },
{ "type": "Feature", "properties": { "name": "Coast Guard Lighthouse", "tenure": "fee_or_other", "acres": 3.0 }, "geometry": { "type": "Polygon", "coordinates": [ [ [ -157.808999, 21.25521 ], [ -157.809484, 21.255264 ], [ -157.809487, 21.255036 ], [ -157.810691, 21.25567 ], [ -157.810136, 21.256025 ], [ -157.809151, 21.255867 ], [ -157.808999, 21.25521 ] ] ] } },
{ "type": "Feature", "properties": { "name": "Coast Guard Recreation Center", "tenure": "fee_or_other", "acres": 3.0 }, "geometry": { "type": "Polygon", "coordinates": [ [ [ -157.759877, 21.276796 ], [ -157.760755, 21.276692 ], [ -157.760992, 21.277963 ], [ -157.760101, 21.278034 ], [ -157.759877, 21.276796 ] ] ] } },
{ "type": "Feature", "properties": { "name": "Dillingham Military Reservation", "tenure": "fee_or_other", "acres": 622.0 }, "geometry": { "type": "Polygon", "coordinates": [ [ [ -158.194988, 21.581003 ], [ -158.19498, 21.580806 ], [ -158.186468, 21.580721 ], [ -158.180063, 21.579732 ], [ -158.180367, 21.578443 ], [ -158.180707, 21.578545 ], [ -158.181776, 21.578451 ], [ -158.182442, 21.578226 ], [ -158.183381, 21.578157 ], [ -158.183504, 21.577991 ], [ -158.184748, 21.577847 ], [ -158.187723, 21.577919 ], [ -158.189394, 21.577532 ], [ -158.189879, 21.577377 ], [ -158.19262, 21.575418 ], [ -158.193495, 21.57217 ], [ -158.193114, 21.571906 ], [ -158.19306, 21.571369 ], [ -158.194077, 21.567649 ], [ -158.197878, 21.569426 ], [ -158.198097, 21.56867 ], [ -158.202289, 21.56966 ], [ -158.203662, 21.571369 ], [ -158.205544, 21.571829 ], [ -158.205252, 21.57288 ], [ -158.207128, 21.573341 ], [ -158.20708, 21.57351 ], [ -158.209453, 21.574093 ], [ -158.209371, 21.574369 ], [ -158.209698, 21.574718 ], [ -158.209994, 21.575951 ], [ -158.210686, 21.576709 ], [ -158.210546, 21.576887 ], [ -158.210357, 21.576817 ], [ -158.210267, 21.577013 ], [ -158.211133, 21.577363 ], [ -158.211709, 21.578546 ], [ -158.213483, 21.578531 ], [ -158.213476, 21.579504 ], [ -158.208557, 21.580804 ], [ -158.207367, 21.580905 ], [ -158.203025, 21.580874 ], [ -158.202944, 21.581187 ], [ -158.200949, 21.581162 ], [ -158.200979, 21.58105 ], [ -158.198048, 21.581027 ], [ -158.194988, 21.581003 ] ] ] } },
{ "type": "Feature", "properties": { "name": "Field Station Kunia", "tenure": "fee_or_other", "acres": 31.0 }, "geometry": { "type": "Polygon", "coordinates": [ [ [ -158.050451, 21.477176 ], [ -158.050562, 21.477214 ], [ -158.051375, 21.475063 ], [ -158.052134, 21.474688 ], [ -158.052388, 21.474729 ], [ -158.052722, 21.475414 ], [ -158.05298, 21.475281 ], [ -158.053857, 21.475153 ], [ -158.054015, 21.475219 ], [ -158.054031, 21.475798 ], [ -158.054418, 21.475992 ], [ -158.054438, 21.476867 ], [ -158.054191, 21.477277 ], [ -158.053127, 21.478036 ], [ -158.052962, 21.478518 ], [ -158.053059, 21.479016 ], [ -158.052838, 21.479168 ], [ -158.050227, 21.477746 ], [ -158.050451, 21.477176 ] ] ] } },
{ "type": "Feature", "properties": { "name": "Ford Island", "tenure": "fee_or_other", "acres": 451.0 }, "geometry": { "type": "Polygon", "coordinates": [ [ [ -157.958422, 21.370909 ], [ -157.95752, 21.371197 ], [ -157.956462, 21.370976 ], [ -157.956183, 21.370835 ], [ -157.955126, 21.369555 ], [ -157.954954, 21.369549 ], [ -157.954546, 21.36912 ], [ -157.953796, 21.368678 ], [ -157.952766, 21.368577 ], [ -157.951486, 21.36873 ], [ -157.950521, 21.368382 ], [ -157.950442, 21.368047 ], [ -157.950908, 21.367041 ], [ -157.950701, 21.366172 ], [ -157.950751, 21.365911 ], [ -157.951166, 21.365448 ], [ -157.951187, 21.364886 ], [ -157.951681, 21.364263 ], [ -157.952537, 21.363521 ], [ -157.953819, 21.363045 ], [ -157.953833, 21.362804 ], [ -157.953569, 21.362482 ], [ -157.952389, 21.363426 ], [ -157.952217, 21.363205 ], [ -157.954492, 21.361491 ], [ -157.954677, 21.361705 ], [ -157.953669, 21.362415 ], [ -157.954098, 21.362737 ], [ -157.955092, 21.36204 ], [ -157.955914, 21.361793 ], [ -157.955879, 21.361599 ], [ -157.956265, 21.361532 ], [ -157.95678, 21.361619 ], [ -157.956758, 21.361733 ], [ -157.957173, 21.361934 ], [ -157.957966, 21.361854 ], [ -157.958718, 21.360742 ], [ -157.958875, 21.360086 ], [ -157.958789, 21.359992 ], [ -157.959254, 21.359007 ], [ -157.959684, 21.357474 ], [ -157.959541, 21.357407 ], [ -157.959612, 21.357253 ], [ -157.96032, 21.357641 ], [ -157.960456, 21.357407 ], [ -157.960227, 21.35738 ], [ -157.960842, 21.356496 ], [ -157.961, 21.35659 ], [ -157.961207, 21.356282 ], [ -157.961286, 21.356416 ], [ -157.962358, 21.356115 ], [ -157.964639, 21.355184 ], [ -157.964968, 21.355465 ], [ -157.965697, 21.355057 ], [ -157.965969, 21.355077 ], [ -157.966412, 21.355519 ], [ -157.966147, 21.356618 ], [ -157.966133, 21.357221 ], [ -157.966254, 21.357535 ], [ -157.966598, 21.357911 ], [ -157.967191, 21.358225 ], [ -157.967262, 21.35844 ], [ -157.967877, 21.358614 ], [ -157.968385, 21.359036 ], [ -157.968707, 21.35915 ], [ -157.968749, 21.359311 ], [ -157.968606, 21.359331 ], [ -157.968921, 21.360228 ], [ -157.968814, 21.360463 ], [ -157.968899, 21.361474 ], [ -157.967211, 21.364026 ], [ -157.967318, 21.36412 ], [ -157.966746, 21.364622 ], [ -157.966946, 21.364515 ], [ -157.966868, 21.364736 ], [ -157.967047, 21.364595 ], [ -157.967118, 21.364669 ], [ -157.966846, 21.364816 ], [ -157.966696, 21.364669 ], [ -157.966539, 21.364856 ], [ -157.966489, 21.365258 ], [ -157.966038, 21.36562 ], [ -157.966253, 21.36574 ], [ -157.966546, 21.365519 ], [ -157.966717, 21.36558 ], [ -157.965924, 21.366122 ], [ -157.965831, 21.366028 ], [ -157.966117, 21.365827 ], [ -157.965981, 21.365666 ], [ -157.965473, 21.365794 ], [ -157.965309, 21.365974 ], [ -157.964529, 21.366262 ], [ -157.963986, 21.366651 ], [ -157.963821, 21.366818 ], [ -157.964186, 21.367247 ], [ -157.964536, 21.367046 ], [ -157.964715, 21.367106 ], [ -157.963835, 21.367722 ], [ -157.963821, 21.367561 ], [ -157.964093, 21.36728 ], [ -157.963714, 21.366845 ], [ -157.963128, 21.367253 ], [ -157.962777, 21.367816 ], [ -157.962133, 21.368271 ], [ -157.96209, 21.368593 ], [ -157.961954, 21.368727 ], [ -157.962148, 21.368827 ], [ -157.962047, 21.368887 ], [ -157.961897, 21.368747 ], [ -157.960796, 21.369028 ], [ -157.960624, 21.369242 ], [ -157.960624, 21.36947 ], [ -157.96091, 21.369771 ], [ -157.961547, 21.369323 ], [ -157.961647, 21.369436 ], [ -157.958493, 21.371827 ], [ -157.958371, 21.371693 ], [ -157.958979, 21.371251 ], [ -157.958636, 21.370963 ], [ -157.958422, 21.370909 ] ] ] } },
{ "type": "Feature", "properties": { "name": "Fort DeRussy", "tenure": "fee_or_other", "acres": 71.0 }, "geometry": { "type": "Polygon", "coordinates": [ [ [ -157.832231, 21.284262 ], [ -157.832516, 21.28413 ], [ -157.832405, 21.283845 ], [ -157.832696, 21.283749 ], [ -157.832065, 21.283025 ], [ -157.831582, 21.28317 ], [ -157.831156, 21.282107 ], [ -157.831497, 21.281158 ], [ -157.832105, 21.280144 ], [ -157.832518, 21.279467 ], [ -157.832775, 21.279439 ], [ -157.83264, 21.279088 ], [ -157.833566, 21.278016 ], [ -157.835026, 21.278864 ], [ -157.83624, 21.280434 ], [ -157.837025, 21.281138 ], [ -157.83681, 21.281258 ], [ -157.836979, 21.281454 ], [ -157.835067, 21.282508 ], [ -157.835596, 21.284613 ], [ -157.835511, 21.28484 ], [ -157.833408, 21.285538 ], [ -157.833155, 21.285526 ], [ -157.832932, 21.285335 ], [ -157.832231, 21.284262 ] ] ] } },
{ "type": "Feature", "properties": { "name": "Fort Shafter", "tenure": "fee_or_other", "acres": 587.0 }, "geometry": { "type": "MultiPolygon", "coordinates": [ [ [ [ -157.875128, 21.354725 ], [ -157.878235, 21.3528 ], [ -157.878109, 21.352346 ], [ -157.876509, 21.352309 ], [ -157.876205, 21.352172 ], [ -157.876459, 21.351614 ], [ -157.877167, 21.350722 ], [ -157.876971, 21.350396 ], [ -157.876038, 21.350669 ], [ -157.873252, 21.35104 ], [ -157.871701, 21.348856 ], [ -157.8755, 21.347486 ], [ -157.876922, 21.344894 ], [ -157.882382, 21.342125 ], [ -157.88058, 21.340512 ], [ -157.883493, 21.338161 ], [ -157.884734, 21.339794 ], [ -157.885509, 21.341099 ], [ -157.886759, 21.342398 ], [ -157.887982, 21.343047 ], [ -157.889176, 21.343359 ], [ -157.890092, 21.343445 ], [ -157.890028, 21.346053 ], [ -157.889633, 21.346049 ], [ -157.889619, 21.346578 ], [ -157.889481, 21.346577 ], [ -157.889474, 21.346922 ], [ -157.882489, 21.355206 ], [ -157.880413, 21.355465 ], [ -157.878853, 21.355999 ], [ -157.878438, 21.355275 ], [ -157.875916, 21.356338 ], [ -157.874068, 21.356751 ], [ -157.873868, 21.356398 ], [ -157.875128, 21.354725 ] ] ], [ [ [ -157.890188, 21.342588 ], [ -157.889941, 21.34228 ], [ -157.889829, 21.341659 ], [ -157.889977, 21.340888 ], [ -157.889697, 21.340799 ], [ -157.889505, 21.341204 ], [ -157.88916, 21.341422 ], [ -157.887701, 21.341732 ], [ -157.88702, 21.341716 ], [ -157.886215, 21.340854 ], [ -157.885461, 21.339168 ], [ -157.884468, 21.337945 ], [ -157.887225, 21.336246 ], [ -157.888133, 21.336974 ], [ -157.888767, 21.33827 ], [ -157.88921, 21.338819 ], [ -157.889822, 21.339198 ], [ -157.890671, 21.339389 ], [ -157.89072, 21.339289 ], [ -157.889884, 21.339102 ], [ -157.889185, 21.338639 ], [ -157.88884, 21.338163 ], [ -157.888344, 21.336971 ], [ -157.887364, 21.336194 ], [ -157.888647, 21.335328 ], [ -157.889565, 21.334994 ], [ -157.88991, 21.335608 ], [ -157.89093, 21.335011 ], [ -157.891918, 21.335111 ], [ -157.892029, 21.33615 ], [ -157.89259, 21.336971 ], [ -157.893383, 21.336534 ], [ -157.893583, 21.340229 ], [ -157.893984, 21.340395 ], [ -157.893935, 21.340496 ], [ -157.893738, 21.340416 ], [ -157.894103, 21.342377 ], [ -157.893194, 21.341672 ], [ -157.8921, 21.341137 ], [ -157.89171, 21.341504 ], [ -157.890836, 21.342901 ], [ -157.890682, 21.342825 ], [ -157.890188, 21.342588 ] ] ] ] } },
{ "type": "Feature", "properties": { "name": "Halawa Housing", "tenure": "fee_or_other", "acres": 21.0 }, "geometry": { "type": "Polygon", "coordinates": [ [ [ -157.925172, 21.377357 ], [ -157.924225, 21.376902 ], [ -157.923467, 21.37688 ], [ -157.922604, 21.376542 ], [ -157.922192, 21.376109 ], [ -157.921522, 21.374631 ], [ -157.923252, 21.374446 ], [ -157.925522, 21.376159 ], [ -157.926117, 21.376861 ], [ -157.926703, 21.377322 ], [ -157.926161, 21.377555 ], [ -157.925172, 21.377357 ] ] ] } },
{ "type": "Feature", "properties": { "name": "Halawa Water Storage Tanks", "tenure": "fee_or_other", "acres": 8.0 }, "geometry": { "type": "Polygon", "coordinates": [ [ [ -157.92102, 21.362188 ], [ -157.921024, 21.362039 ], [ -157.922425, 21.360112 ], [ -157.923426, 21.360981 ], [ -157.922509, 21.361957 ], [ -157.922291, 21.362804 ], [ -157.922143, 21.362732 ], [ -157.92102, 21.362188 ] ] ] } },
{ "type": "Feature", "properties": { "name": "Helemano", "tenure": "fee_or_other", "acres": 282.0 }, "geometry": { "type": "Polygon", "coordinates": [ [ [ -158.018414, 21.541227 ], [ -158.016866, 21.540329 ], [ -158.01507, 21.540368 ], [ -158.014882, 21.540066 ], [ -158.014599, 21.53995 ], [ -158.013358, 21.539741 ], [ -158.012833, 21.53978 ], [ -158.013998, 21.536811 ], [ -158.013822, 21.535781 ], [ -158.013851, 21.534922 ], [ -158.014059, 21.534084 ], [ -158.014458, 21.533263 ], [ -158.015017, 21.532499 ], [ -158.015872, 21.531729 ], [ -158.016886, 21.531155 ], [ -158.018011, 21.530803 ], [ -158.020494, 21.530713 ], [ -158.02147, 21.530884 ], [ -158.022923, 21.531482 ], [ -158.024139, 21.532436 ], [ -158.024977, 21.533864 ], [ -158.025229, 21.535477 ], [ -158.024935, 21.5369 ], [ -158.0239, 21.538747 ], [ -158.024058, 21.538955 ], [ -158.026141, 21.53922 ], [ -158.025884, 21.540696 ], [ -158.025652, 21.540751 ], [ -158.023763, 21.539919 ], [ -158.023003, 21.539984 ], [ -158.022093, 21.540421 ], [ -158.02058, 21.540053 ], [ -158.019779, 21.540323 ], [ -158.018414, 21.541227 ] ] ] } },
{ "type": "Feature", "properties": { "name": "Honolulu", "tenure": "fee_or_other", "acres": 984.0 }, "geometry": { "type": "MultiPolygon", "coordinates": [ [ [ [ -157.933331, 21.352287 ], [ -157.931748, 21.351819 ], [ -157.93113, 21.353116 ], [ -157.930501, 21.353558 ], [ -157.929571, 21.353882 ], [ -157.928473, 21.354448 ], [ -157.927453, 21.355315 ], [ -157.926567, 21.356612 ], [ -157.924979, 21.351109 ], [ -157.924549, 21.350262 ], [ -157.923278, 21.348429 ], [ -157.922403, 21.347738 ], [ -157.915907, 21.344462 ], [ -157.916181, 21.343788 ], [ -157.916395, 21.341524 ], [ -157.913441, 21.341081 ], [ -157.912373, 21.342346 ], [ -157.912212, 21.343178 ], [ -157.912304, 21.343565 ], [ -157.906916, 21.343702 ], [ -157.90311, 21.344256 ], [ -157.903323, 21.344021 ], [ -157.902748, 21.344297 ], [ -157.899533, 21.344867 ], [ -157.899355, 21.34477 ], [ -157.901048, 21.342008 ], [ -157.90145, 21.340993 ], [ -157.901591, 21.340082 ], [ -157.901615, 21.337226 ], [ -157.901788, 21.33689 ], [ -157.902387, 21.336231 ], [ -157.90325, 21.335792 ], [ -157.906209, 21.336143 ], [ -157.926298, 21.339288 ], [ -157.927097, 21.339469 ], [ -157.9284, 21.339988 ], [ -157.932152, 21.342439 ], [ -157.932802, 21.343098 ], [ -157.933308, 21.344062 ], [ -157.934455, 21.349094 ], [ -157.934533, 21.349026 ], [ -157.937437, 21.362021 ], [ -157.937668, 21.363469 ], [ -157.937506, 21.363963 ], [ -157.937342, 21.364115 ], [ -157.937033, 21.36406 ], [ -157.93598, 21.363041 ], [ -157.935858, 21.363159 ], [ -157.93526, 21.362964 ], [ -157.934509, 21.363199 ], [ -157.933852, 21.36368 ], [ -157.932926, 21.364028 ], [ -157.932495, 21.364356 ], [ -157.93262, 21.363849 ], [ -157.93228, 21.364155 ], [ -157.930839, 21.364119 ], [ -157.92978, 21.363641 ], [ -157.930808, 21.361467 ], [ -157.931602, 21.359105 ], [ -157.932794, 21.3533 ], [ -157.932165, 21.353667 ], [ -157.933331, 21.352287 ] ], [ [ -157.931692, 21.351548 ], [ -157.931694, 21.35155 ], [ -157.931704, 21.351556 ], [ -157.931692, 21.351548 ] ], [ [ -157.93189, 21.351572 ], [ -157.931896, 21.35157 ], [ -157.931907, 21.351562 ], [ -157.93189, 21.351572 ] ], [ [ -157.931918, 21.351555 ], [ -157.931925, 21.351551 ], [ -157.931932, 21.351544 ], [ -157.931918, 21.351555 ] ], [ [ -157.93188, 21.351576 ], [ -157.931809, 21.351589 ], [ -157.93183, 21.351589 ], [ -157.93186, 21.351583 ], [ -157.93188, 21.351576 ] ], [ [ -157.921968, 21.339335 ], [ -157.921935, 21.33945 ], [ -157.922073, 21.339481 ], [ -157.922112, 21.339366 ], [ -157.921968, 21.339335 ] ], [ [ -157.935076, 21.35196 ], [ -157.933711, 21.352447 ], [ -157.934736, 21.352676 ], [ -157.935068, 21.352593 ], [ -157.93517, 21.35237 ], [ -157.935076, 21.35196 ] ] ], [ [ [ -157.931542, 21.3544 ], [ -157.931615, 21.353989 ], [ -157.932165, 21.353667 ], [ -157.931542, 21.3544 ] ] ] ] } },
{ "type": "Feature", "properties": { "name": "JBPHH", "tenure": "fee_or_other", "acres": 3583.0 }, "geometry": { "type": "MultiPolygon", "coordinates": [ [ [ [ -157.933982, 21.376428 ], [ -157.933857, 21.376579 ], [ -157.933421, 21.376137 ], [ -157.932959, 21.375218 ], [ -157.932839, 21.374386 ], [ -157.933341, 21.373851 ], [ -157.933257, 21.373488 ], [ -157.933383, 21.372844 ], [ -157.934766, 21.370488 ], [ -157.935174, 21.370012 ], [ -157.935175, 21.369746 ], [ -157.936811, 21.366676 ], [ -157.937069, 21.366519 ], [ -157.93755, 21.366673 ], [ -157.937621, 21.36641 ], [ -157.937216, 21.366224 ], [ -157.937142, 21.365998 ], [ -157.937413, 21.365279 ], [ -157.937343, 21.365246 ], [ -157.937648, 21.364684 ], [ -157.937833, 21.36453 ], [ -157.938081, 21.364538 ], [ -157.938165, 21.364214 ], [ -157.937932, 21.364013 ], [ -157.937952, 21.363026 ], [ -157.935751, 21.353163 ], [ -157.935784, 21.352949 ], [ -157.936006, 21.352798 ], [ -157.935949, 21.352525 ], [ -157.935722, 21.352497 ], [ -157.935576, 21.352331 ], [ -157.933483, 21.343651 ], [ -157.932351, 21.341435 ], [ -157.932443, 21.341363 ], [ -157.939589, 21.344613 ], [ -157.939387, 21.344805 ], [ -157.941333, 21.345639 ], [ -157.942104, 21.346164 ], [ -157.94283, 21.346852 ], [ -157.943072, 21.347591 ], [ -157.943102, 21.348341 ], [ -157.942951, 21.349078 ], [ -157.942626, 21.349763 ], [ -157.941008, 21.351364 ], [ -157.939101, 21.352167 ], [ -157.938673, 21.35282 ], [ -157.938619, 21.353073 ], [ -157.938765, 21.353102 ], [ -157.93892, 21.352639 ], [ -157.939293, 21.352227 ], [ -157.940783, 21.351657 ], [ -157.941282, 21.351342 ], [ -157.942557, 21.350129 ], [ -157.943032, 21.349375 ], [ -157.943244, 21.348672 ], [ -157.943261, 21.347796 ], [ -157.943074, 21.347084 ], [ -157.942625, 21.346285 ], [ -157.943435, 21.347045 ], [ -157.94367, 21.346905 ], [ -157.94118, 21.344529 ], [ -157.942067, 21.343008 ], [ -157.943842, 21.341414 ], [ -157.943572, 21.341134 ], [ -157.941884, 21.342672 ], [ -157.94166, 21.342999 ], [ -157.941561, 21.343483 ], [ -157.941402, 21.343497 ], [ -157.941049, 21.34398 ], [ -157.94065, 21.344175 ], [ -157.940252, 21.344043 ], [ -157.940077, 21.344202 ], [ -157.939288, 21.343789 ], [ -157.9374, 21.343218 ], [ -157.935692, 21.342462 ], [ -157.9358, 21.342435 ], [ -157.934398, 21.341674 ], [ -157.933263, 21.341259 ], [ -157.933366, 21.341062 ], [ -157.932481, 21.340528 ], [ -157.932586, 21.340327 ], [ -157.931107, 21.339646 ], [ -157.930808, 21.339366 ], [ -157.930312, 21.339943 ], [ -157.931161, 21.340308 ], [ -157.930003, 21.339873 ], [ -157.93055, 21.3394 ], [ -157.929756, 21.339034 ], [ -157.929417, 21.338555 ], [ -157.928727, 21.339165 ], [ -157.928752, 21.339299 ], [ -157.927007, 21.338726 ], [ -157.92772, 21.334686 ], [ -157.928949, 21.334841 ], [ -157.929235, 21.332499 ], [ -157.930551, 21.33264 ], [ -157.930555, 21.330009 ], [ -157.933846, 21.330011 ], [ -157.933849, 21.327561 ], [ -157.943568, 21.327567 ], [ -157.943569, 21.325587 ], [ -157.943997, 21.325587 ], [ -157.945402, 21.326901 ], [ -157.951497, 21.327789 ], [ -157.951573, 21.325662 ], [ -157.95398, 21.325639 ], [ -157.953968, 21.325078 ], [ -157.951598, 21.325077 ], [ -157.951648, 21.322915 ], [ -157.943569, 21.323935 ], [ -157.94357, 21.323707 ], [ -157.94741, 21.317281 ], [ -157.947223, 21.316543 ], [ -157.951122, 21.317319 ], [ -157.95132, 21.317212 ], [ -157.952409, 21.317277 ], [ -157.952558, 21.316894 ], [ -157.953301, 21.316918 ], [ -157.953406, 21.316788 ], [ -157.953586, 21.316936 ], [ -157.955783, 21.316846 ], [ -157.956949, 21.31703 ], [ -157.957521, 21.316744 ], [ -157.957885, 21.316827 ], [ -157.959008, 21.317852 ], [ -157.959687, 21.318969 ], [ -157.961706, 21.320538 ], [ -157.961726, 21.321942 ], [ -157.962907, 21.324526 ], [ -157.963468, 21.325274 ], [ -157.96403, 21.325699 ], [ -157.965232, 21.325238 ], [ -157.965685, 21.325238 ], [ -157.965744, 21.325376 ], [ -157.964158, 21.32593 ], [ -157.964089, 21.326114 ], [ -157.964433, 21.326991 ], [ -157.964138, 21.327739 ], [ -157.964256, 21.328385 ], [ -157.964837, 21.328939 ], [ -157.966, 21.327915 ], [ -157.966216, 21.328524 ], [ -157.966058, 21.328524 ], [ -157.96528, 21.329244 ], [ -157.965371, 21.329328 ], [ -157.965632, 21.329111 ], [ -157.965699, 21.329182 ], [ -157.965443, 21.329395 ], [ -157.966137, 21.330038 ], [ -157.966708, 21.329493 ], [ -157.966768, 21.329558 ], [ -157.966186, 21.330084 ], [ -157.966698, 21.330296 ], [ -157.967319, 21.329724 ], [ -157.967388, 21.329779 ], [ -157.966777, 21.330333 ], [ -157.967802, 21.330767 ], [ -157.967624, 21.331127 ], [ -157.967733, 21.331164 ], [ -157.967861, 21.330859 ], [ -157.968137, 21.330952 ], [ -157.968629, 21.331413 ], [ -157.96847, 21.335996 ], [ -157.968435, 21.336305 ], [ -157.96814, 21.336662 ], [ -157.967966, 21.338239 ], [ -157.964548, 21.341392 ], [ -157.964714, 21.343097 ], [ -157.964918, 21.343178 ], [ -157.964874, 21.343468 ], [ -157.964976, 21.34365 ], [ -157.965423, 21.343773 ], [ -157.966183, 21.344955 ], [ -157.966165, 21.345222 ], [ -157.96611, 21.344989 ], [ -157.965888, 21.344851 ], [ -157.966008, 21.345145 ], [ -157.965925, 21.345352 ], [ -157.966165, 21.345542 ], [ -157.96385, 21.347684 ], [ -157.964163, 21.347977 ], [ -157.966478, 21.345853 ], [ -157.967852, 21.34746 ], [ -157.967981, 21.347814 ], [ -157.967787, 21.349542 ], [ -157.96751, 21.349809 ], [ -157.967026, 21.349965 ], [ -157.966979, 21.350141 ], [ -157.966643, 21.350431 ], [ -157.965555, 21.350967 ], [ -157.96478, 21.351571 ], [ -157.964365, 21.35158 ], [ -157.964402, 21.351865 ], [ -157.964126, 21.352227 ], [ -157.962549, 21.352478 ], [ -157.962512, 21.352331 ], [ -157.963084, 21.351337 ], [ -157.962863, 21.351225 ], [ -157.962189, 21.35221 ], [ -157.962051, 21.352132 ], [ -157.962189, 21.351942 ], [ -157.962134, 21.351519 ], [ -157.961876, 21.351432 ], [ -157.961544, 21.351596 ], [ -157.961, 21.352391 ], [ -157.960557, 21.35214 ], [ -157.961247, 21.351056 ], [ -157.961099, 21.350869 ], [ -157.960299, 21.352019 ], [ -157.960151, 21.351941 ], [ -157.959718, 21.352598 ], [ -157.959478, 21.35246 ], [ -157.960948, 21.350248 ], [ -157.960891, 21.350016 ], [ -157.960642, 21.349984 ], [ -157.9591, 21.352252 ], [ -157.958943, 21.352148 ], [ -157.958187, 21.353289 ], [ -157.958058, 21.353219 ], [ -157.958353, 21.352762 ], [ -157.958003, 21.352563 ], [ -157.959568, 21.350178 ], [ -157.95953, 21.349976 ], [ -157.959291, 21.349939 ], [ -157.957772, 21.352217 ], [ -157.957542, 21.352079 ], [ -157.954322, 21.35695 ], [ -157.954092, 21.35682 ], [ -157.954858, 21.355629 ], [ -157.954157, 21.355231 ], [ -157.953373, 21.356423 ], [ -157.953271, 21.356371 ], [ -157.954111, 21.355084 ], [ -157.953954, 21.355006 ], [ -157.952847, 21.356656 ], [ -157.952727, 21.356587 ], [ -157.953733, 21.354989 ], [ -157.953014, 21.354583 ], [ -157.951971, 21.356146 ], [ -157.951731, 21.356008 ], [ -157.953457, 21.353382 ], [ -157.953503, 21.353011 ], [ -157.953005, 21.352726 ], [ -157.952738, 21.352881 ], [ -157.951114, 21.355325 ], [ -157.950874, 21.355196 ], [ -157.952479, 21.352734 ], [ -157.952461, 21.35238 ], [ -157.951973, 21.352121 ], [ -157.951751, 21.35219 ], [ -157.950423, 21.354193 ], [ -157.943075, 21.349976 ], [ -157.942725, 21.350278 ], [ -157.943784, 21.352248 ], [ -157.943683, 21.352377 ], [ -157.940004, 21.352626 ], [ -157.940013, 21.353032 ], [ -157.940179, 21.353041 ], [ -157.940188, 21.353266 ], [ -157.940031, 21.353266 ], [ -157.940049, 21.353369 ], [ -157.943194, 21.353759 ], [ -157.943571, 21.354675 ], [ -157.943451, 21.355435 ], [ -157.94489, 21.353708 ], [ -157.945084, 21.353881 ], [ -157.944226, 21.354865 ], [ -157.944032, 21.354943 ], [ -157.94061, 21.358881 ], [ -157.940978, 21.359166 ], [ -157.941836, 21.358207 ], [ -157.941052, 21.359218 ], [ -157.941421, 21.359486 ], [ -157.94227, 21.358553 ], [ -157.942334, 21.358596 ], [ -157.941485, 21.359529 ], [ -157.941836, 21.35984 ], [ -157.942786, 21.358786 ], [ -157.94297, 21.358933 ], [ -157.943349, 21.358502 ], [ -157.943247, 21.358415 ], [ -157.943598, 21.35807 ], [ -157.94369, 21.358156 ], [ -157.946752, 21.355255 ], [ -157.948706, 21.357631 ], [ -157.948254, 21.358546 ], [ -157.945377, 21.359686 ], [ -157.945376, 21.360774 ], [ -157.947009, 21.360127 ], [ -157.947193, 21.360498 ], [ -157.945376, 21.361249 ], [ -157.945385, 21.362243 ], [ -157.942637, 21.363339 ], [ -157.942535, 21.36314 ], [ -157.94165, 21.363295 ], [ -157.941096, 21.3639 ], [ -157.940616, 21.365325 ], [ -157.944186, 21.363875 ], [ -157.944269, 21.36403 ], [ -157.940709, 21.365463 ], [ -157.940542, 21.365903 ], [ -157.938346, 21.365172 ], [ -157.938163, 21.3659 ], [ -157.938256, 21.365986 ], [ -157.940077, 21.366647 ], [ -157.939791, 21.367441 ], [ -157.939445, 21.367409 ], [ -157.939341, 21.367502 ], [ -157.938785, 21.3692 ], [ -157.938304, 21.36919 ], [ -157.936955, 21.369936 ], [ -157.936854, 21.370183 ], [ -157.937352, 21.37049 ], [ -157.936858, 21.370236 ], [ -157.936638, 21.370673 ], [ -157.936228, 21.370971 ], [ -157.936292, 21.371118 ], [ -157.936186, 21.371334 ], [ -157.935869, 21.371462 ], [ -157.93549, 21.372127 ], [ -157.935589, 21.372487 ], [ -157.935887, 21.372641 ], [ -157.935997, 21.372847 ], [ -157.935878, 21.373444 ], [ -157.935342, 21.373738 ], [ -157.934593, 21.373693 ], [ -157.934235, 21.374001 ], [ -157.933653, 21.374858 ], [ -157.933489, 21.375544 ], [ -157.933777, 21.376168 ], [ -157.934011, 21.376249 ], [ -157.934554, 21.376156 ], [ -157.934541, 21.376458 ], [ -157.934684, 21.376568 ], [ -157.934612, 21.375698 ], [ -157.934821, 21.375669 ], [ -157.935472, 21.376416 ], [ -157.935467, 21.376758 ], [ -157.935289, 21.376825 ], [ -157.93508, 21.377236 ], [ -157.934569, 21.37686 ], [ -157.933982, 21.376428 ] ], [ [ -157.933618, 21.376021 ], [ -157.933539, 21.375854 ], [ -157.933575, 21.375938 ], [ -157.933618, 21.376021 ] ], [ [ -157.933511, 21.37577 ], [ -157.93352, 21.375802 ], [ -157.933537, 21.375848 ], [ -157.933511, 21.37577 ] ], [ [ -157.933489, 21.375684 ], [ -157.933496, 21.375721 ], [ -157.933507, 21.375757 ], [ -157.933489, 21.375684 ] ], [ [ -157.933473, 21.375596 ], [ -157.933479, 21.375639 ], [ -157.933485, 21.375666 ], [ -157.933473, 21.375596 ] ], [ [ -157.933465, 21.375507 ], [ -157.933468, 21.375557 ], [ -157.933471, 21.375576 ], [ -157.933465, 21.375507 ] ], [ [ -157.933464, 21.375414 ], [ -157.933463, 21.375473 ], [ -157.933464, 21.375486 ], [ -157.933464, 21.375414 ] ], [ [ -157.933471, 21.375307 ], [ -157.933464, 21.37539 ], [ -157.933464, 21.375396 ], [ -157.933471, 21.375307 ] ], [ [ -157.946684, 21.347787 ], [ -157.946614, 21.347851 ], [ -157.946829, 21.34803 ], [ -157.946895, 21.347964 ], [ -157.946684, 21.347787 ] ], [ [ -157.946693, 21.34774 ], [ -157.946667, 21.34774 ], [ -157.946664, 21.34776 ], [ -157.946693, 21.347763 ], [ -157.946693, 21.34774 ] ], [ [ -157.952237, 21.341451 ], [ -157.952094, 21.341578 ], [ -157.952429, 21.341891 ], [ -157.952562, 21.341773 ], [ -157.952237, 21.341451 ] ], [ [ -157.952164, 21.341398 ], [ -157.951926, 21.341177 ], [ -157.951799, 21.341296 ], [ -157.952027, 21.34151 ], [ -157.952164, 21.341398 ] ], [ [ -157.954145, 21.341561 ], [ -157.954327, 21.341722 ], [ -157.954486, 21.341581 ], [ -157.954307, 21.34141 ], [ -157.954145, 21.341561 ] ], [ [ -157.95552, 21.340533 ], [ -157.955463, 21.340586 ], [ -157.955569, 21.340689 ], [ -157.955629, 21.34064 ], [ -157.95552, 21.340533 ] ], [ [ -157.962326, 21.334635 ], [ -157.962231, 21.334717 ], [ -157.962404, 21.334888 ], [ -157.962508, 21.334806 ], [ -157.962326, 21.334635 ] ], [ [ -157.937308, 21.348532 ], [ -157.937186, 21.349997 ], [ -157.93799, 21.349904 ], [ -157.939333, 21.349104 ], [ -157.938934, 21.348455 ], [ -157.937667, 21.348317 ], [ -157.937308, 21.348532 ] ] ], [ [ [ -157.928949, 21.321646 ], [ -157.928704, 21.321772 ], [ -157.928707, 21.322456 ], [ -157.923731, 21.322434 ], [ -157.923528, 21.321424 ], [ -157.926794, 21.319283 ], [ -157.92645, 21.318837 ], [ -157.928547, 21.317146 ], [ -157.928672, 21.3157 ], [ -157.929571, 21.314232 ], [ -157.929764, 21.313716 ], [ -157.929782, 21.31317 ], [ -157.929572, 21.312545 ], [ -157.929692, 21.312023 ], [ -157.932473, 21.31336 ], [ -157.933962, 21.313888 ], [ -157.935343, 21.314206 ], [ -157.937857, 21.315624 ], [ -157.938439, 21.315673 ], [ -157.939817, 21.315273 ], [ -157.942478, 21.316052 ], [ -157.943789, 21.316304 ], [ -157.945667, 21.316469 ], [ -157.945462, 21.317339 ], [ -157.942326, 21.322588 ], [ -157.929391, 21.322539 ], [ -157.928949, 21.321646 ] ] ], [ [ [ -157.93526, 21.362964 ], [ -157.935858, 21.363159 ], [ -157.937005, 21.364293 ], [ -157.937114, 21.364616 ], [ -157.937015, 21.365013 ], [ -157.936418, 21.364638 ], [ -157.936257, 21.364285 ], [ -157.936257, 21.363817 ], [ -157.935814, 21.363301 ], [ -157.935381, 21.363174 ], [ -157.934489, 21.36326 ], [ -157.934258, 21.363696 ], [ -157.934113, 21.363698 ], [ -157.934129, 21.363806 ], [ -157.933901, 21.363955 ], [ -157.932559, 21.364428 ], [ -157.931063, 21.366032 ], [ -157.930672, 21.366925 ], [ -157.930285, 21.367011 ], [ -157.931018, 21.365729 ], [ -157.931985, 21.364715 ], [ -157.932926, 21.364028 ], [ -157.933786, 21.363716 ], [ -157.93433, 21.363315 ], [ -157.93526, 21.362964 ] ] ] ] } },
{ "type": "Feature", "properties": { "name": "Kaena Point Satellite Tracking Station", "tenure": "fee_or_other", "acres": 4.0 }, "geometry": { "type": "Polygon", "coordinates": [ [ [ -158.266688, 21.57175 ], [ -158.267428, 21.572196 ], [ -158.267455, 21.572578 ], [ -158.266046, 21.572629 ], [ -158.265437, 21.57234 ], [ -158.265883, 21.5715 ], [ -158.266688, 21.57175 ] ] ] } },
{ "type": "Feature", "properties": { "name": "Kahuku Training Area", "tenure": "fee_or_other", "acres": 8320.0 }, "geometry": { "type": "Polygon", "coordinates": [ [ [ -158.017833, 21.68893 ], [ -158.016211, 21.689031 ], [ -158.015303, 21.688967 ], [ -158.014678, 21.688812 ], [ -158.014191, 21.688388 ], [ -158.01251, 21.689057 ], [ -158.009729, 21.689724 ], [ -158.007847, 21.68958 ], [ -158.005511, 21.689135 ], [ -158.003366, 21.689319 ], [ -158.001275, 21.68995 ], [ -158.001232, 21.690642 ], [ -157.999332, 21.690792 ], [ -157.997542, 21.69049 ], [ -157.996498, 21.690537 ], [ -157.994993, 21.689919 ], [ -157.994131, 21.688804 ], [ -157.99198, 21.689969 ], [ -157.991734, 21.691175 ], [ -157.991081, 21.692416 ], [ -157.990188, 21.692888 ], [ -157.987733, 21.693667 ], [ -157.986523, 21.693446 ], [ -157.985056, 21.69261 ], [ -157.986089, 21.69095 ], [ -157.986479, 21.691078 ], [ -157.987336, 21.689736 ], [ -157.988117, 21.690132 ], [ -157.988767, 21.691049 ], [ -157.989768, 21.691327 ], [ -157.9908, 21.690688 ], [ -157.990667, 21.689747 ], [ -157.991075, 21.687658 ], [ -157.990749, 21.686764 ], [ -157.989213, 21.685946 ], [ -157.989093, 21.685128 ], [ -157.98848, 21.685325 ], [ -157.987631, 21.68469 ], [ -157.987268, 21.684092 ], [ -157.986736, 21.683581 ], [ -157.985843, 21.681777 ], [ -157.986045, 21.681489 ], [ -157.98616, 21.680977 ], [ -157.98593, 21.680237 ], [ -157.985334, 21.67952 ], [ -157.985203, 21.679463 ], [ -157.985, 21.67956 ], [ -157.984647, 21.679146 ], [ -157.98359, 21.678332 ], [ -157.983318, 21.678283 ], [ -157.983896, 21.678064 ], [ -157.984948, 21.67644 ], [ -157.983664, 21.67617 ], [ -157.982843, 21.675762 ], [ -157.981095, 21.6767 ], [ -157.979128, 21.675963 ], [ -157.978596, 21.677479 ], [ -157.977616, 21.677305 ], [ -157.977016, 21.676549 ], [ -157.97497, 21.675863 ], [ -157.973775, 21.674686 ], [ -157.972374, 21.672938 ], [ -157.972476, 21.671772 ], [ -157.971697, 21.671076 ], [ -157.972993, 21.668153 ], [ -157.973781, 21.667845 ], [ -157.973732, 21.667518 ], [ -157.968428, 21.660885 ], [ -157.967845, 21.661369 ], [ -157.967355, 21.66141 ], [ -157.965068, 21.663586 ], [ -157.964672, 21.663345 ], [ -157.964407, 21.663536 ], [ -157.96438, 21.664244 ], [ -157.963646, 21.664542 ], [ -157.963314, 21.664927 ], [ -157.962645, 21.666267 ], [ -157.961119, 21.665885 ], [ -157.961255, 21.667702 ], [ -157.960825, 21.668087 ], [ -157.960034, 21.667178 ], [ -157.959211, 21.667803 ], [ -157.958566, 21.667211 ], [ -157.957988, 21.667613 ], [ -157.957581, 21.667113 ], [ -157.957904, 21.666042 ], [ -157.957889, 21.665041 ], [ -157.957698, 21.664822 ], [ -157.959354, 21.662896 ], [ -157.960179, 21.662392 ], [ -157.95999, 21.660614 ], [ -157.95955, 21.659501 ], [ -157.958637, 21.659151 ], [ -157.956785, 21.660827 ], [ -157.955758, 21.662242 ], [ -157.956178, 21.662943 ], [ -157.955418, 21.663096 ], [ -157.954634, 21.662352 ], [ -157.954824, 21.662073 ], [ -157.954604, 21.661838 ], [ -157.952874, 21.661837 ], [ -157.952809, 21.659137 ], [ -157.953054, 21.658503 ], [ -157.95449, 21.6586 ], [ -157.956089, 21.657064 ], [ -157.953968, 21.65526 ], [ -157.956003, 21.654249 ], [ -157.957004, 21.653454 ], [ -157.957356, 21.652606 ], [ -157.957198, 21.651476 ], [ -157.95837, 21.649371 ], [ -157.959188, 21.648682 ], [ -157.959973, 21.646922 ], [ -157.959973, 21.646523 ], [ -157.959249, 21.646323 ], [ -157.958372, 21.646585 ], [ -157.957257, 21.647364 ], [ -157.956916, 21.646256 ], [ -157.956435, 21.645244 ], [ -157.95688, 21.643371 ], [ -157.956129, 21.642868 ], [ -157.958581, 21.638709 ], [ -157.95875, 21.637709 ], [ -157.958261, 21.637333 ], [ -157.958146, 21.637019 ], [ -157.958636, 21.635783 ], [ -157.958657, 21.634055 ], [ -157.959771, 21.633115 ], [ -157.960241, 21.63313 ], [ -157.960368, 21.632841 ], [ -157.960109, 21.632367 ], [ -157.960179, 21.631701 ], [ -157.959932, 21.630423 ], [ -157.95992, 21.629316 ], [ -157.960627, 21.628677 ], [ -157.960651, 21.626805 ], [ -157.961181, 21.626051 ], [ -157.961416, 21.625346 ], [ -157.961888, 21.624679 ], [ -157.962052, 21.623826 ], [ -157.963054, 21.622779 ], [ -157.963219, 21.622372 ], [ -157.963016, 21.62058 ], [ -157.963287, 21.619594 ], [ -157.963552, 21.619115 ], [ -157.96367, 21.618112 ], [ -157.963446, 21.617204 ], [ -157.963687, 21.616714 ], [ -157.963664, 21.616449 ], [ -157.963334, 21.615855 ], [ -157.963328, 21.6151 ], [ -157.963116, 21.614208 ], [ -157.963464, 21.613443 ], [ -157.962887, 21.61255 ], [ -157.962598, 21.612363 ], [ -157.962416, 21.611295 ], [ -157.962086, 21.610898 ], [ -157.962033, 21.610601 ], [ -157.962221, 21.610138 ], [ -157.962887, 21.609698 ], [ -157.963087, 21.609367 ], [ -157.962922, 21.609087 ], [ -157.962328, 21.608811 ], [ -157.962057, 21.607759 ], [ -157.962693, 21.606223 ], [ -157.962522, 21.605446 ], [ -157.962263, 21.605111 ], [ -157.962475, 21.604709 ], [ -157.962469, 21.603277 ], [ -157.962875, 21.602506 ], [ -157.963588, 21.603398 ], [ -157.964242, 21.604472 ], [ -157.965472, 21.605254 ], [ -157.965667, 21.605865 ], [ -157.965932, 21.605981 ], [ -157.966568, 21.606581 ], [ -157.966644, 21.607578 ], [ -157.966485, 21.608134 ], [ -157.966591, 21.608696 ], [ -157.966379, 21.609351 ], [ -157.966361, 21.61021 ], [ -157.966621, 21.610832 ], [ -157.967268, 21.611614 ], [ -157.967539, 21.612622 ], [ -157.968316, 21.613591 ], [ -157.968935, 21.613938 ], [ -157.969459, 21.614671 ], [ -157.970007, 21.614984 ], [ -157.970284, 21.615728 ], [ -157.970607, 21.616091 ], [ -157.972303, 21.616405 ], [ -157.972792, 21.616702 ], [ -157.972757, 21.617473 ], [ -157.973593, 21.617749 ], [ -157.973894, 21.619059 ], [ -157.974724, 21.61956 ], [ -157.975613, 21.620772 ], [ -157.975896, 21.621339 ], [ -157.976397, 21.621659 ], [ -157.976812, 21.622289 ], [ -157.977283, 21.622646 ], [ -157.977136, 21.623384 ], [ -157.977318, 21.624706 ], [ -157.977507, 21.62491 ], [ -157.978019, 21.62491 ], [ -157.978638, 21.62535 ], [ -157.978863, 21.625963 ], [ -157.978897, 21.626738 ], [ -157.979032, 21.627068 ], [ -157.979775, 21.627443 ], [ -157.980964, 21.626892 ], [ -157.982584, 21.62671 ], [ -157.983344, 21.62736 ], [ -157.984822, 21.627839 ], [ -157.985865, 21.628907 ], [ -157.986171, 21.628957 ], [ -157.986648, 21.628819 ], [ -157.987502, 21.629452 ], [ -157.987791, 21.629507 ], [ -157.989086, 21.629342 ], [ -157.989558, 21.629386 ], [ -157.990223, 21.629964 ], [ -157.990359, 21.631071 ], [ -157.990642, 21.631445 ], [ -157.992668, 21.632331 ], [ -157.993434, 21.632986 ], [ -157.994653, 21.633179 ], [ -157.994924, 21.633372 ], [ -157.995095, 21.633845 ], [ -157.995119, 21.63455 ], [ -157.995743, 21.634919 ], [ -157.995838, 21.635244 ], [ -157.997033, 21.636626 ], [ -157.997116, 21.637105 ], [ -157.99757, 21.637716 ], [ -157.999113, 21.638327 ], [ -157.999726, 21.638845 ], [ -158.001422, 21.63923 ], [ -158.001487, 21.639736 ], [ -158.001976, 21.640419 ], [ -158.002677, 21.641085 ], [ -158.003001, 21.641856 ], [ -158.004109, 21.643767 ], [ -158.005465, 21.645441 ], [ -158.005394, 21.645953 ], [ -158.005553, 21.646261 ], [ -158.005836, 21.646542 ], [ -158.006584, 21.646867 ], [ -158.007598, 21.648282 ], [ -158.00771, 21.6494 ], [ -158.008117, 21.650105 ], [ -158.007981, 21.650865 ], [ -158.008765, 21.651388 ], [ -158.009384, 21.652158 ], [ -158.009814, 21.653524 ], [ -158.010934, 21.654003 ], [ -158.01137, 21.654542 ], [ -158.01147, 21.655065 ], [ -158.012366, 21.655638 ], [ -158.013739, 21.656932 ], [ -158.015477, 21.656931 ], [ -158.016343, 21.657239 ], [ -158.018235, 21.659943 ], [ -158.020854, 21.662492 ], [ -158.019869, 21.663581 ], [ -158.021884, 21.666295 ], [ -158.023772, 21.667596 ], [ -158.025659, 21.669671 ], [ -158.026339, 21.67151 ], [ -158.028101, 21.673345 ], [ -158.030696, 21.675321 ], [ -158.033462, 21.676221 ], [ -158.028157, 21.681373 ], [ -158.028036, 21.680269 ], [ -158.027519, 21.679383 ], [ -158.01624, 21.66877 ], [ -158.014556, 21.671443 ], [ -158.014356, 21.670726 ], [ -158.013533, 21.670305 ], [ -158.013109, 21.669135 ], [ -158.012487, 21.668883 ], [ -158.011073, 21.669799 ], [ -158.01222, 21.672653 ], [ -158.011572, 21.673005 ], [ -158.0126, 21.676507 ], [ -158.013204, 21.676343 ], [ -158.01424, 21.679822 ], [ -158.016065, 21.686937 ], [ -158.016777, 21.68676 ], [ -158.017407, 21.688058 ], [ -158.017833, 21.68893 ] ], [ [ -158.007185, 21.676049 ], [ -158.007188, 21.676049 ], [ -158.00716, 21.676045 ], [ -158.007185, 21.676049 ] ], [ [ -157.998054, 21.670363 ], [ -157.998055, 21.670366 ], [ -157.998054, 21.67034 ], [ -157.998054, 21.670363 ] ], [ [ -158.005652, 21.682308 ], [ -158.005655, 21.682279 ], [ -158.005652, 21.682304 ], [ -158.005652, 21.682308 ] ], [ [ -158.001837, 21.67463 ], [ -158.001842, 21.674617 ], [ -158.001843, 21.674608 ], [ -158.001837, 21.67463 ] ], [ [ -157.997273, 21.673777 ], [ -157.997255, 21.673792 ], [ -157.997252, 21.673797 ], [ -157.997273, 21.673777 ] ], [ [ -157.998064, 21.670217 ], [ -157.998059, 21.670238 ], [ -157.998059, 21.670244 ], [ -157.998064, 21.670217 ] ], [ [ -158.00671, 21.675717 ], [ -158.006725, 21.675745 ], [ -158.006709, 21.675712 ], [ -158.00671, 21.675717 ] ], [ [ -158.001851, 21.67457 ], [ -158.001855, 21.674554 ], [ -158.001856, 21.674545 ], [ -158.001851, 21.67457 ] ], [ [ -157.986103, 21.681553 ], [ -157.986094, 21.681591 ], [ -157.986094, 21.681597 ], [ -157.986103, 21.681553 ] ], [ [ -157.998103, 21.6701 ], [ -157.998094, 21.670117 ], [ -157.998091, 21.670126 ], [ -157.998103, 21.6701 ] ], [ [ -158.006001, 21.68153 ], [ -158.006022, 21.681511 ], [ -158.005995, 21.681534 ], [ -158.006001, 21.68153 ] ], [ [ -157.998084, 21.671976 ], [ -157.998105, 21.671952 ], [ -157.998109, 21.671947 ], [ -157.998084, 21.671976 ] ], [ [ -157.998481, 21.669789 ], [ -157.998449, 21.669798 ], [ -157.998442, 21.669801 ], [ -157.998481, 21.669789 ] ], [ [ -157.986095, 21.681941 ], [ -157.986097, 21.681948 ], [ -157.98609, 21.681903 ], [ -157.986095, 21.681941 ] ], [ [ -158.005944, 21.681569 ], [ -158.005952, 21.681565 ], [ -158.005973, 21.68155 ], [ -158.005944, 21.681569 ] ], [ [ -157.986172, 21.682193 ], [ -157.986176, 21.682201 ], [ -157.986159, 21.682159 ], [ -157.986172, 21.682193 ] ], [ [ -157.99821, 21.669945 ], [ -157.998197, 21.669958 ], [ -157.99819, 21.669968 ], [ -157.99821, 21.669945 ] ], [ [ -157.997708, 21.673129 ], [ -157.997731, 21.673126 ], [ -157.997741, 21.673123 ], [ -157.997708, 21.673129 ] ], [ [ -158.006665, 21.675545 ], [ -158.006669, 21.675569 ], [ -158.006665, 21.675535 ], [ -158.006665, 21.675545 ] ], [ [ -157.986258, 21.682349 ], [ -157.986263, 21.682356 ], [ -157.986239, 21.682318 ], [ -157.986258, 21.682349 ] ], [ [ -157.99842, 21.669809 ], [ -157.998395, 21.669818 ], [ -157.998386, 21.669823 ], [ -157.99842, 21.669809 ] ], [ [ -157.997834, 21.673094 ], [ -157.997855, 21.673087 ], [ -157.997865, 21.673081 ], [ -157.997834, 21.673094 ] ], [ [ -157.997913, 21.673058 ], [ -157.997923, 21.673051 ], [ -157.997894, 21.673067 ], [ -157.997913, 21.673058 ] ], [ [ -157.998364, 21.669834 ], [ -157.998345, 21.669843 ], [ -157.998333, 21.66985 ], [ -157.998364, 21.669834 ] ], [ [ -157.998117, 21.672292 ], [ -157.998134, 21.67232 ], [ -157.998129, 21.67231 ], [ -157.998117, 21.672292 ] ], [ [ -158.005899, 21.681595 ], [ -158.00592, 21.681583 ], [ -158.005888, 21.6816 ], [ -158.005899, 21.681595 ] ], [ [ -158.006663, 21.675485 ], [ -158.006664, 21.675508 ], [ -158.006664, 21.675475 ], [ -158.006663, 21.675485 ] ], [ [ -157.997949, 21.673034 ], [ -157.997967, 21.673023 ], [ -157.997977, 21.673015 ], [ -157.997949, 21.673034 ] ], [ [ -157.998148, 21.672347 ], [ -157.998161, 21.672376 ], [ -157.998157, 21.672365 ], [ -157.998148, 21.672347 ] ], [ [ -157.998001, 21.672996 ], [ -157.998016, 21.672984 ], [ -157.998026, 21.672974 ], [ -157.998001, 21.672996 ] ], [ [ -157.998172, 21.672405 ], [ -157.998181, 21.672435 ], [ -157.998178, 21.672422 ], [ -157.998172, 21.672405 ] ], [ [ -158.006805, 21.675141 ], [ -158.00679, 21.675157 ], [ -158.006783, 21.675167 ], [ -158.006805, 21.675141 ] ], [ [ -157.986503, 21.682614 ], [ -157.986511, 21.68262 ], [ -157.986475, 21.68259 ], [ -157.986503, 21.682614 ] ], [ [ -157.998048, 21.672953 ], [ -157.998061, 21.672939 ], [ -157.99807, 21.672928 ], [ -157.998048, 21.672953 ] ], [ [ -157.998189, 21.672464 ], [ -157.998195, 21.672495 ], [ -157.998193, 21.672482 ], [ -157.998189, 21.672464 ] ], [ [ -158.006671, 21.675414 ], [ -158.006668, 21.675426 ], [ -158.006667, 21.675447 ], [ -158.006671, 21.675414 ] ], [ [ -157.998198, 21.672525 ], [ -157.998201, 21.672557 ], [ -157.998201, 21.672543 ], [ -157.998198, 21.672525 ] ], [ [ -157.998124, 21.672853 ], [ -157.998134, 21.672838 ], [ -157.99814, 21.672825 ], [ -157.998124, 21.672853 ] ], [ [ -157.9982, 21.672618 ], [ -157.998201, 21.672604 ], [ -157.998201, 21.672587 ], [ -157.9982, 21.672618 ] ], [ [ -157.998191, 21.672679 ], [ -157.998195, 21.672664 ], [ -157.998196, 21.672648 ], [ -157.998191, 21.672679 ] ], [ [ -157.998176, 21.672739 ], [ -157.998181, 21.672724 ], [ -157.998185, 21.672709 ], [ -157.998176, 21.672739 ] ], [ [ -157.998153, 21.672797 ], [ -157.998161, 21.672782 ], [ -157.998166, 21.672768 ], [ -157.998153, 21.672797 ] ], [ [ -157.986655, 21.682716 ], [ -157.986665, 21.682721 ], [ -157.986625, 21.682697 ], [ -157.986655, 21.682716 ] ], [ [ -158.006685, 21.675355 ], [ -158.00668, 21.675368 ], [ -158.006677, 21.675387 ], [ -158.006685, 21.675355 ] ], [ [ -157.986737, 21.682758 ], [ -157.986748, 21.682762 ], [ -157.986705, 21.682741 ], [ -157.986737, 21.682758 ] ], [ [ -158.006732, 21.675242 ], [ -158.006723, 21.675257 ], [ -158.006717, 21.675271 ], [ -158.006732, 21.675242 ] ], [ [ -157.997634, 21.673137 ], [ -157.997667, 21.673136 ], [ -157.997677, 21.673134 ], [ -157.997634, 21.673137 ] ], [ [ -157.986823, 21.682794 ], [ -157.986834, 21.682798 ], [ -157.98679, 21.68278 ], [ -157.986823, 21.682794 ] ], [ [ -157.986912, 21.682824 ], [ -157.986924, 21.682827 ], [ -157.986879, 21.682813 ], [ -157.986912, 21.682824 ] ], [ [ -157.997612, 21.673139 ], [ -157.997616, 21.673139 ], [ -157.997555, 21.673137 ], [ -157.997612, 21.673139 ] ], [ [ -158.005896, 21.681892 ], [ -158.005943, 21.681863 ], [ -158.005901, 21.681888 ], [ -158.005896, 21.681892 ] ], [ [ -158.006113, 21.681802 ], [ -158.006087, 21.681807 ], [ -158.006073, 21.681811 ], [ -158.006113, 21.681802 ] ], [ [ -158.005997, 21.681838 ], [ -158.005989, 21.68184 ], [ -158.005944, 21.681862 ], [ -158.005997, 21.681838 ] ], [ [ -158.005852, 21.681616 ], [ -158.005869, 21.681608 ], [ -158.005832, 21.681623 ], [ -158.005852, 21.681616 ] ], [ [ -158.001845, 21.674347 ], [ -158.001855, 21.674403 ], [ -158.001855, 21.674395 ], [ -158.001845, 21.674347 ] ], [ [ -158.001857, 21.67442 ], [ -158.00186, 21.67446 ], [ -158.00186, 21.674442 ], [ -158.001857, 21.67442 ] ], [ [ -157.987147, 21.682869 ], [ -157.987191, 21.682872 ], [ -157.987131, 21.682867 ], [ -157.987147, 21.682869 ] ], [ [ -157.986989, 21.682844 ], [ -157.98701, 21.682848 ], [ -157.986955, 21.682835 ], [ -157.986989, 21.682844 ] ], [ [ -157.987068, 21.682859 ], [ -157.987099, 21.682863 ], [ -157.987043, 21.682854 ], [ -157.987068, 21.682859 ] ], [ [ -158.004843, 21.680069 ], [ -158.004838, 21.68013 ], [ -158.00484, 21.680191 ], [ -158.004849, 21.680252 ], [ -158.004866, 21.680311 ], [ -158.004889, 21.680368 ], [ -158.004919, 21.680422 ], [ -158.004856, 21.680009 ], [ -158.004843, 21.680069 ] ], [ [ -158.004955, 21.680473 ], [ -158.004997, 21.68052 ], [ -158.005044, 21.680563 ], [ -158.005096, 21.6806 ], [ -158.005152, 21.680632 ], [ -158.005211, 21.680657 ], [ -158.005273, 21.680677 ], [ -158.004919, 21.680422 ], [ -158.004955, 21.680473 ] ] ] } },
{ "type": "Feature", "properties": { "name": "Kalaeloa", "tenure": "fee_or_other", "acres": 208.0 }, "geometry": { "type": "MultiPolygon", "coordinates": [ [ [ [ -158.080528, 21.305429 ], [ -158.081171, 21.305769 ], [ -158.081059, 21.30597 ], [ -158.081363, 21.306139 ], [ -158.081481, 21.305929 ], [ -158.082004, 21.305638 ], [ -158.082688, 21.305558 ], [ -158.082656, 21.305318 ], [ -158.083254, 21.305217 ], [ -158.085744, 21.306297 ], [ -158.086811, 21.306279 ], [ -158.087137, 21.310104 ], [ -158.08482, 21.310157 ], [ -158.084668, 21.31048 ], [ -158.079235, 21.30774 ], [ -158.080528, 21.305429 ] ] ], [ [ [ -158.07308, 21.313429 ], [ -158.07231, 21.314597 ], [ -158.071358, 21.314046 ], [ -158.071645, 21.313609 ], [ -158.070738, 21.313081 ], [ -158.071241, 21.312381 ], [ -158.07308, 21.313429 ] ] ], [ [ [ -158.06668, 21.312752 ], [ -158.067166, 21.313229 ], [ -158.066823, 21.313808 ], [ -158.067052, 21.313941 ], [ -158.068177, 21.31224 ], [ -158.070563, 21.311714 ], [ -158.070852, 21.311881 ], [ -158.070748, 21.312144 ], [ -158.070974, 21.312293 ], [ -158.0701, 21.31362 ], [ -158.066916, 21.314329 ], [ -158.065765, 21.316076 ], [ -158.065625, 21.316107 ], [ -158.063975, 21.314664 ], [ -158.064204, 21.314269 ], [ -158.06668, 21.312752 ] ] ], [ [ [ -158.07675, 21.315576 ], [ -158.075881, 21.316953 ], [ -158.074128, 21.315941 ], [ -158.075053, 21.314595 ], [ -158.07675, 21.315576 ] ] ], [ [ [ -158.068685, 21.322302 ], [ -158.066917, 21.322903 ], [ -158.066274, 21.321129 ], [ -158.072444, 21.319972 ], [ -158.07315, 21.322897 ], [ -158.069399, 21.324137 ], [ -158.069364, 21.324049 ], [ -158.068685, 21.322302 ] ] ], [ [ [ -158.067358, 21.324743 ], [ -158.064563, 21.325708 ], [ -158.063064, 21.32196 ], [ -158.063781, 21.321635 ], [ -158.065919, 21.321184 ], [ -158.067358, 21.324743 ] ] ] ] } },
{ "type": "Feature", "properties": { "name": "Kipapa Ammo Storage Site", "tenure": "fee_or_other", "acres": 375.0 }, "geometry": { "type": "MultiPolygon", "coordinates": [ [ [ [ -158.002129, 21.438999 ], [ -158.003072, 21.439383 ], [ -158.002947, 21.439777 ], [ -158.00307, 21.440196 ], [ -158.004102, 21.441088 ], [ -158.004552, 21.441291 ], [ -158.004969, 21.441271 ], [ -158.00605, 21.440474 ], [ -158.00636, 21.43993 ], [ -158.007009, 21.439292 ], [ -158.00822, 21.437297 ], [ -158.008315, 21.437347 ], [ -158.007908, 21.438553 ], [ -158.007442, 21.439485 ], [ -158.00572, 21.441757 ], [ -158.005511, 21.443269 ], [ -158.004996, 21.444326 ], [ -158.004601, 21.444569 ], [ -158.003861, 21.444609 ], [ -158.00335, 21.445567 ], [ -158.002244, 21.44599 ], [ -158.001518, 21.448364 ], [ -158.000339, 21.448913 ], [ -157.999629, 21.453258 ], [ -157.997889, 21.453962 ], [ -157.996539, 21.458007 ], [ -157.991824, 21.456127 ], [ -157.993154, 21.453785 ], [ -157.993504, 21.452178 ], [ -157.994573, 21.450165 ], [ -157.993789, 21.449203 ], [ -157.99512, 21.448144 ], [ -157.997072, 21.447047 ], [ -157.997693, 21.446472 ], [ -157.998247, 21.446289 ], [ -157.99947, 21.444134 ], [ -158.001514, 21.442505 ], [ -158.002129, 21.438999 ] ] ], [ [ [ -158.008992, 21.4255 ], [ -158.008835, 21.425673 ], [ -158.008238, 21.424997 ], [ -158.007976, 21.424285 ], [ -158.007959, 21.423603 ], [ -158.008244, 21.422946 ], [ -158.008453, 21.42275 ], [ -158.00975, 21.422086 ], [ -158.009911, 21.420799 ], [ -158.010197, 21.420138 ], [ -158.010969, 21.419101 ], [ -158.011122, 21.419198 ], [ -158.011361, 21.418673 ], [ -158.011056, 21.417249 ], [ -158.011067, 21.415545 ], [ -158.010931, 21.414939 ], [ -158.012527, 21.414888 ], [ -158.013955, 21.415252 ], [ -158.013886, 21.415422 ], [ -158.014163, 21.416383 ], [ -158.014036, 21.417043 ], [ -158.014267, 21.419243 ], [ -158.013894, 21.421362 ], [ -158.013226, 21.423736 ], [ -158.012054, 21.424205 ], [ -158.013004, 21.426041 ], [ -158.01269, 21.427545 ], [ -158.011903, 21.426866 ], [ -158.009096, 21.425574 ], [ -158.008992, 21.4255 ] ] ] ] } },
{ "type": "Feature", "properties": { "name": "Laulaunui Island", "tenure": "fee_or_other", "acres": 7.0 }, "geometry": { "type": "Polygon", "coordinates": [ [ [ -158.014811, 21.363887 ], [ -158.015017, 21.364443 ], [ -158.014789, 21.364646 ], [ -158.01532, 21.365614 ], [ -158.015094, 21.366018 ], [ -158.014117, 21.364953 ], [ -158.01384, 21.36487 ], [ -158.013137, 21.365049 ], [ -158.013156, 21.364004 ], [ -158.013416, 21.363858 ], [ -158.014364, 21.363677 ], [ -158.014811, 21.363887 ] ] ] } },
{ "type": "Feature", "properties": { "name": "Lualualei", "tenure": "fee_or_other", "acres": 9090.0 }, "geometry": { "type": "Polygon", "coordinates": [ [ [ -158.129338, 21.479958 ], [ -158.128073, 21.479843 ], [ -158.125943, 21.478957 ], [ -158.125213, 21.478869 ], [ -158.124307, 21.479189 ], [ -158.123419, 21.479894 ], [ -158.122589, 21.48012 ], [ -158.122183, 21.480384 ], [ -158.121695, 21.480324 ], [ -158.120653, 21.479515 ], [ -158.120036, 21.478805 ], [ -158.11837, 21.478282 ], [ -158.118905, 21.476674 ], [ -158.118952, 21.476222 ], [ -158.118723, 21.475468 ], [ -158.117169, 21.474846 ], [ -158.117005, 21.474582 ], [ -158.11661, 21.4744 ], [ -158.115604, 21.474593 ], [ -158.114663, 21.474423 ], [ -158.112892, 21.474357 ], [ -158.111603, 21.473195 ], [ -158.11145, 21.473206 ], [ -158.110697, 21.473867 ], [ -158.10945, 21.473647 ], [ -158.109085, 21.473757 ], [ -158.108826, 21.474011 ], [ -158.108138, 21.474033 ], [ -158.107867, 21.473862 ], [ -158.10775, 21.473631 ], [ -158.107326, 21.472425 ], [ -158.10682, 21.472128 ], [ -158.106555, 21.471572 ], [ -158.105761, 21.47106 ], [ -158.105637, 21.470658 ], [ -158.105714, 21.469831 ], [ -158.105496, 21.469209 ], [ -158.105466, 21.468636 ], [ -158.103737, 21.467286 ], [ -158.103467, 21.466574 ], [ -158.103442, 21.466092 ], [ -158.103761, 21.464805 ], [ -158.103417, 21.463794 ], [ -158.103368, 21.463036 ], [ -158.103957, 21.461348 ], [ -158.103932, 21.460889 ], [ -158.103809, 21.460429 ], [ -158.103005, 21.45981 ], [ -158.100727, 21.447104 ], [ -158.102461, 21.439175 ], [ -158.100276, 21.438253 ], [ -158.098333, 21.436938 ], [ -158.096895, 21.435508 ], [ -158.095611, 21.433613 ], [ -158.094842, 21.431785 ], [ -158.0944, 21.429579 ], [ -158.094409, 21.427614 ], [ -158.094872, 21.425412 ], [ -158.095398, 21.424097 ], [ -158.096098, 21.422855 ], [ -158.09715, 21.421489 ], [ -158.098187, 21.420475 ], [ -158.099982, 21.419202 ], [ -158.101136, 21.417959 ], [ -158.102723, 21.416741 ], [ -158.104519, 21.415811 ], [ -158.106464, 21.4152 ], [ -158.10791, 21.41497 ], [ -158.109376, 21.414917 ], [ -158.112328, 21.415313 ], [ -158.113837, 21.414953 ], [ -158.115381, 21.414766 ], [ -158.117248, 21.414774 ], [ -158.119096, 21.415034 ], [ -158.120742, 21.414599 ], [ -158.122664, 21.414649 ], [ -158.123894, 21.414999 ], [ -158.125189, 21.415704 ], [ -158.126512, 21.41701 ], [ -158.127266, 21.418448 ], [ -158.128005, 21.418677 ], [ -158.128667, 21.41906 ], [ -158.132506, 21.413733 ], [ -158.138618, 21.420929 ], [ -158.151202, 21.412995 ], [ -158.173769, 21.429873 ], [ -158.169297, 21.432667 ], [ -158.168569, 21.432797 ], [ -158.166679, 21.432582 ], [ -158.165748, 21.434254 ], [ -158.163624, 21.434648 ], [ -158.16254, 21.435472 ], [ -158.161489, 21.435836 ], [ -158.161813, 21.436421 ], [ -158.161349, 21.436645 ], [ -158.160351, 21.436877 ], [ -158.158817, 21.437627 ], [ -158.157037, 21.439215 ], [ -158.153804, 21.4399 ], [ -158.149682, 21.441671 ], [ -158.148748, 21.441521 ], [ -158.147507, 21.441806 ], [ -158.145748, 21.442456 ], [ -158.148895, 21.456975 ], [ -158.152665, 21.45626 ], [ -158.152886, 21.457267 ], [ -158.151384, 21.459402 ], [ -158.149774, 21.460144 ], [ -158.148882, 21.461355 ], [ -158.148659, 21.462501 ], [ -158.148752, 21.463183 ], [ -158.14754, 21.463359 ], [ -158.146515, 21.463328 ], [ -158.147547, 21.467601 ], [ -158.147065, 21.468062 ], [ -158.14638, 21.468258 ], [ -158.145886, 21.468837 ], [ -158.144115, 21.469471 ], [ -158.143504, 21.470209 ], [ -158.142163, 21.471356 ], [ -158.141398, 21.471163 ], [ -158.141115, 21.471202 ], [ -158.138897, 21.472536 ], [ -158.138486, 21.473279 ], [ -158.137421, 21.474447 ], [ -158.136504, 21.47512 ], [ -158.135698, 21.475445 ], [ -158.134727, 21.47647 ], [ -158.134157, 21.477208 ], [ -158.133757, 21.478441 ], [ -158.132775, 21.480215 ], [ -158.132092, 21.480507 ], [ -158.131638, 21.481007 ], [ -158.131095, 21.480507 ], [ -158.129856, 21.480112 ], [ -158.129338, 21.479958 ] ], [ [ -158.135139, 21.421024 ], [ -158.135105, 21.421178 ], [ -158.135538, 21.421262 ], [ -158.135572, 21.421109 ], [ -158.135139, 21.421024 ] ] ] } },
{ "type": "Feature", "properties": { "name": "Makua Military Reserve", "tenure": "fee_or_other", "acres": 3691.0 }, "geometry": { "type": "MultiPolygon", "coordinates": [ [ [ [ -158.223601, 21.549647 ], [ -158.222214, 21.551426 ], [ -158.221954, 21.551468 ], [ -158.221086, 21.550966 ], [ -158.21822, 21.548173 ], [ -158.215399, 21.548611 ], [ -158.213869, 21.54868 ], [ -158.213157, 21.549396 ], [ -158.212691, 21.55031 ], [ -158.212456, 21.550426 ], [ -158.21202, 21.550415 ], [ -158.21122, 21.550079 ], [ -158.210401, 21.549214 ], [ -158.209177, 21.548404 ], [ -158.208895, 21.548382 ], [ -158.207882, 21.548878 ], [ -158.207193, 21.548498 ], [ -158.206516, 21.548371 ], [ -158.205951, 21.547694 ], [ -158.205086, 21.547479 ], [ -158.204703, 21.547584 ], [ -158.20402, 21.547242 ], [ -158.203556, 21.546851 ], [ -158.203126, 21.545942 ], [ -158.201743, 21.545017 ], [ -158.20053, 21.543519 ], [ -158.199052, 21.543188 ], [ -158.197804, 21.543227 ], [ -158.19658, 21.543012 ], [ -158.196027, 21.543062 ], [ -158.195037, 21.543558 ], [ -158.194472, 21.544224 ], [ -158.194272, 21.543167 ], [ -158.194308, 21.542732 ], [ -158.193925, 21.54255 ], [ -158.193854, 21.542109 ], [ -158.193295, 21.541724 ], [ -158.193478, 21.541234 ], [ -158.193137, 21.54006 ], [ -158.192224, 21.539102 ], [ -158.192413, 21.538248 ], [ -158.192201, 21.537081 ], [ -158.192201, 21.536404 ], [ -158.191654, 21.535324 ], [ -158.191283, 21.53495 ], [ -158.190088, 21.534663 ], [ -158.188198, 21.535038 ], [ -158.18758, 21.535049 ], [ -158.186956, 21.534443 ], [ -158.186692, 21.534349 ], [ -158.185844, 21.534531 ], [ -158.18472, 21.534019 ], [ -158.18406, 21.534167 ], [ -158.18323, 21.53392 ], [ -158.182783, 21.533639 ], [ -158.182524, 21.533088 ], [ -158.180711, 21.531821 ], [ -158.179793, 21.530797 ], [ -158.179105, 21.530262 ], [ -158.178563, 21.529546 ], [ -158.178063, 21.529298 ], [ -158.17721, 21.528213 ], [ -158.175909, 21.527899 ], [ -158.175909, 21.527365 ], [ -158.176351, 21.525685 ], [ -158.175734, 21.524357 ], [ -158.174898, 21.523344 ], [ -158.174652, 21.521322 ], [ -158.173989, 21.520028 ], [ -158.176821, 21.518691 ], [ -158.177607, 21.517894 ], [ -158.179246, 21.516666 ], [ -158.180022, 21.516478 ], [ -158.18109, 21.516416 ], [ -158.1817, 21.516223 ], [ -158.18253, 21.516235 ], [ -158.183452, 21.515785 ], [ -158.184657, 21.514846 ], [ -158.185654, 21.514304 ], [ -158.18699, 21.514014 ], [ -158.187767, 21.514148 ], [ -158.189675, 21.513246 ], [ -158.190302, 21.512752 ], [ -158.191665, 21.513135 ], [ -158.192105, 21.513169 ], [ -158.192669, 21.513029 ], [ -158.194077, 21.513272 ], [ -158.194412, 21.513222 ], [ -158.194913, 21.512953 ], [ -158.196084, 21.512765 ], [ -158.197561, 21.513101 ], [ -158.198208, 21.513135 ], [ -158.199215, 21.513531 ], [ -158.200186, 21.513669 ], [ -158.202548, 21.513367 ], [ -158.202987, 21.513107 ], [ -158.2038, 21.512997 ], [ -158.20646, 21.51351 ], [ -158.208172, 21.51357 ], [ -158.210034, 21.514377 ], [ -158.211266, 21.515202 ], [ -158.212543, 21.51566 ], [ -158.213793, 21.515922 ], [ -158.21592, 21.516049 ], [ -158.219558, 21.516926 ], [ -158.219403, 21.523406 ], [ -158.220706, 21.531304 ], [ -158.221208, 21.531276 ], [ -158.222296, 21.531845 ], [ -158.222871, 21.531447 ], [ -158.222512, 21.530174 ], [ -158.224572, 21.529945 ], [ -158.22441, 21.529118 ], [ -158.226137, 21.528649 ], [ -158.22595, 21.52812 ], [ -158.225096, 21.528338 ], [ -158.224962, 21.527905 ], [ -158.222574, 21.529038 ], [ -158.222255, 21.52834 ], [ -158.224718, 21.527111 ], [ -158.227206, 21.526868 ], [ -158.22726, 21.526999 ], [ -158.227985, 21.527116 ], [ -158.227918, 21.526783 ], [ -158.228525, 21.526691 ], [ -158.228527, 21.526562 ], [ -158.227827, 21.526613 ], [ -158.227295, 21.523928 ], [ -158.227279, 21.522742 ], [ -158.227721, 21.520711 ], [ -158.227788, 21.519013 ], [ -158.229415, 21.519289 ], [ -158.229348, 21.520072 ], [ -158.229174, 21.520595 ], [ -158.228801, 21.521149 ], [ -158.228916, 21.522478 ], [ -158.228804, 21.523589 ], [ -158.228888, 21.524043 ], [ -158.229414, 21.524329 ], [ -158.229374, 21.524758 ], [ -158.229544, 21.52528 ], [ -158.229553, 21.52587 ], [ -158.229355, 21.526286 ], [ -158.229021, 21.526283 ], [ -158.228657, 21.526657 ], [ -158.228224, 21.526781 ], [ -158.228294, 21.527136 ], [ -158.229206, 21.526936 ], [ -158.229486, 21.527223 ], [ -158.229513, 21.529747 ], [ -158.229259, 21.529535 ], [ -158.22881, 21.52976 ], [ -158.229006, 21.529992 ], [ -158.229124, 21.529914 ], [ -158.229259, 21.529983 ], [ -158.229509, 21.530364 ], [ -158.229716, 21.532545 ], [ -158.229969, 21.533125 ], [ -158.229815, 21.533515 ], [ -158.229591, 21.53365 ], [ -158.229728, 21.534161 ], [ -158.230246, 21.534852 ], [ -158.230669, 21.536072 ], [ -158.231719, 21.536869 ], [ -158.232659, 21.538471 ], [ -158.23433, 21.53985 ], [ -158.234904, 21.540218 ], [ -158.235304, 21.540195 ], [ -158.235657, 21.540742 ], [ -158.236199, 21.540891 ], [ -158.236702, 21.541319 ], [ -158.236942, 21.541835 ], [ -158.237488, 21.542337 ], [ -158.237662, 21.542653 ], [ -158.239292, 21.543967 ], [ -158.239382, 21.544281 ], [ -158.239714, 21.544361 ], [ -158.239644, 21.544672 ], [ -158.239753, 21.544703 ], [ -158.23954, 21.544894 ], [ -158.23863, 21.544185 ], [ -158.236398, 21.541533 ], [ -158.23312, 21.538997 ], [ -158.230126, 21.536278 ], [ -158.225196, 21.537156 ], [ -158.226378, 21.535067 ], [ -158.228519, 21.533859 ], [ -158.225222, 21.535206 ], [ -158.224653, 21.534347 ], [ -158.222424, 21.534491 ], [ -158.226086, 21.532624 ], [ -158.226197, 21.53314 ], [ -158.22827, 21.531941 ], [ -158.224839, 21.53247 ], [ -158.225023, 21.531267 ], [ -158.223552, 21.531536 ], [ -158.223169, 21.532942 ], [ -158.222479, 21.533183 ], [ -158.221397, 21.532781 ], [ -158.221498, 21.532654 ], [ -158.221233, 21.532734 ], [ -158.2206, 21.532208 ], [ -158.220797, 21.533143 ], [ -158.220172, 21.532572 ], [ -158.220385, 21.534009 ], [ -158.222739, 21.540343 ], [ -158.224874, 21.543767 ], [ -158.219389, 21.545955 ], [ -158.219612, 21.546222 ], [ -158.221387, 21.546995 ], [ -158.222418, 21.548498 ], [ -158.223059, 21.54867 ], [ -158.223601, 21.549647 ] ], [ [ -158.22833, 21.531933 ], [ -158.228478, 21.532599 ], [ -158.228623, 21.53254 ], [ -158.228824, 21.533017 ], [ -158.229014, 21.532989 ], [ -158.228815, 21.53186 ], [ -158.22833, 21.531933 ] ], [ [ -158.227846, 21.527604 ], [ -158.228097, 21.528116 ], [ -158.228397, 21.527959 ], [ -158.22832, 21.527461 ], [ -158.227846, 21.527604 ] ] ], [ [ [ -158.2481, 21.55546 ], [ -158.246949, 21.553557 ], [ -158.246242, 21.552681 ], [ -158.243918, 21.550748 ], [ -158.241057, 21.547829 ], [ -158.240643, 21.547171 ], [ -158.240268, 21.545772 ], [ -158.239889, 21.54519 ], [ -158.240313, 21.544968 ], [ -158.239875, 21.545095 ], [ -158.239669, 21.544929 ], [ -158.239684, 21.544781 ], [ -158.239967, 21.544695 ], [ -158.239994, 21.544498 ], [ -158.240075, 21.544501 ], [ -158.240047, 21.544755 ], [ -158.240197, 21.544801 ], [ -158.240187, 21.544545 ], [ -158.240405, 21.544548 ], [ -158.240329, 21.544703 ], [ -158.240739, 21.54511 ], [ -158.240428, 21.545903 ], [ -158.240831, 21.546621 ], [ -158.240964, 21.547336 ], [ -158.243484, 21.549855 ], [ -158.245505, 21.551461 ], [ -158.247318, 21.553663 ], [ -158.247588, 21.5539 ], [ -158.248112, 21.55403 ], [ -158.248789, 21.555191 ], [ -158.248604, 21.555623 ], [ -158.248677, 21.555764 ], [ -158.248871, 21.555851 ], [ -158.249126, 21.555414 ], [ -158.2494, 21.55528 ], [ -158.249593, 21.555513 ], [ -158.249615, 21.555915 ], [ -158.250111, 21.556101 ], [ -158.249866, 21.556407 ], [ -158.248794, 21.556037 ], [ -158.2481, 21.55546 ] ] ], [ [ [ -158.226914, 21.526635 ], [ -158.226909, 21.526814 ], [ -158.224697, 21.526997 ], [ -158.223553, 21.526533 ], [ -158.222444, 21.52515 ], [ -158.222902, 21.524467 ], [ -158.226914, 21.526635 ] ] ] ] } },
{ "type": "Feature", "properties": { "name": "Manana Fire Station", "tenure": "fee_or_other", "acres": 2.0 }, "geometry": { "type": "Polygon", "coordinates": [ [ [ -157.976531, 21.397956 ], [ -157.977168, 21.398544 ], [ -157.976837, 21.399012 ], [ -157.976037, 21.398578 ], [ -157.9764, 21.398082 ], [ -157.976531, 21.397956 ] ] ] } },
{ "type": "Feature", "properties": { "name": "Manana Housing", "tenure": "fee_or_other", "acres": 76.0 }, "geometry": { "type": "Polygon", "coordinates": [ [ [ -157.977168, 21.398544 ], [ -157.978737, 21.399041 ], [ -157.979055, 21.398831 ], [ -157.979582, 21.398996 ], [ -157.97993, 21.398614 ], [ -157.980132, 21.398048 ], [ -157.980472, 21.398215 ], [ -157.980829, 21.398007 ], [ -157.981322, 21.397952 ], [ -157.981911, 21.398202 ], [ -157.982611, 21.399135 ], [ -157.983005, 21.39912 ], [ -157.983439, 21.398915 ], [ -157.983872, 21.398922 ], [ -157.984061, 21.399546 ], [ -157.982728, 21.401383 ], [ -157.981505, 21.402152 ], [ -157.980832, 21.402775 ], [ -157.980323, 21.403774 ], [ -157.979743, 21.403869 ], [ -157.976243, 21.402327 ], [ -157.976576, 21.402098 ], [ -157.977057, 21.401366 ], [ -157.977283, 21.398811 ], [ -157.977071, 21.398695 ], [ -157.977168, 21.398544 ] ] ] } },
{ "type": "Feature", "properties": { "name": "Marine Corp Base Hawaii", "tenure": "fee_or_other", "acres": 3030.0 }, "geometry": { "type": "Polygon", "coordinates": [ [ [ -157.759726, 21.458023 ], [ -157.758831, 21.457933 ], [ -157.7583, 21.457538 ], [ -157.757518, 21.457195 ], [ -157.755559, 21.456678 ], [ -157.754476, 21.456582 ], [ -157.753933, 21.456292 ], [ -157.752998, 21.456321 ], [ -157.752925, 21.456192 ], [ -157.752787, 21.456238 ], [ -157.752502, 21.45583 ], [ -157.75178, 21.455494 ], [ -157.750725, 21.455303 ], [ -157.749148, 21.454491 ], [ -157.747842, 21.454126 ], [ -157.746757, 21.453843 ], [ -157.743755, 21.45368 ], [ -157.742876, 21.453474 ], [ -157.742116, 21.453669 ], [ -157.741803, 21.453642 ], [ -157.739927, 21.454255 ], [ -157.739455, 21.455398 ], [ -157.738942, 21.455855 ], [ -157.737841, 21.455854 ], [ -157.737126, 21.456013 ], [ -157.73575, 21.456616 ], [ -157.73523, 21.457156 ], [ -157.732351, 21.459265 ], [ -157.729904, 21.460266 ], [ -157.729592, 21.460278 ], [ -157.72902, 21.459796 ], [ -157.72856, 21.459606 ], [ -157.7254, 21.459088 ], [ -157.72409, 21.459142 ], [ -157.722855, 21.459362 ], [ -157.722134, 21.458867 ], [ -157.721976, 21.457934 ], [ -157.722046, 21.457258 ], [ -157.722528, 21.455641 ], [ -157.723158, 21.455354 ], [ -157.723215, 21.454751 ], [ -157.723385, 21.454549 ], [ -157.723693, 21.455045 ], [ -157.724019, 21.454989 ], [ -157.724491, 21.454804 ], [ -157.724995, 21.454391 ], [ -157.725207, 21.454005 ], [ -157.725287, 21.453495 ], [ -157.725204, 21.452728 ], [ -157.725499, 21.452167 ], [ -157.725457, 21.45179 ], [ -157.725075, 21.4517 ], [ -157.72503, 21.451554 ], [ -157.725708, 21.451082 ], [ -157.726095, 21.450495 ], [ -157.725691, 21.44996 ], [ -157.725804, 21.4498 ], [ -157.726411, 21.449514 ], [ -157.727187, 21.448729 ], [ -157.727672, 21.448582 ], [ -157.728054, 21.448088 ], [ -157.728898, 21.447453 ], [ -157.728983, 21.447207 ], [ -157.729927, 21.446578 ], [ -157.731542, 21.446304 ], [ -157.732109, 21.446334 ], [ -157.732298, 21.445955 ], [ -157.732498, 21.44585 ], [ -157.732413, 21.445717 ], [ -157.732677, 21.445703 ], [ -157.733192, 21.445934 ], [ -157.733288, 21.446155 ], [ -157.733955, 21.445882 ], [ -157.734341, 21.446037 ], [ -157.735058, 21.445344 ], [ -157.735311, 21.444867 ], [ -157.735703, 21.445012 ], [ -157.736235, 21.44419 ], [ -157.736506, 21.443542 ], [ -157.736469, 21.443037 ], [ -157.736605, 21.442672 ], [ -157.736276, 21.44155 ], [ -157.736444, 21.440853 ], [ -157.736542, 21.440809 ], [ -157.736433, 21.440104 ], [ -157.736632, 21.439515 ], [ -157.736616, 21.438971 ], [ -157.736491, 21.438394 ], [ -157.73599, 21.437353 ], [ -157.735975, 21.436258 ], [ -157.735584, 21.433492 ], [ -157.735993, 21.432964 ], [ -157.736028, 21.431547 ], [ -157.736305, 21.430887 ], [ -157.737066, 21.429861 ], [ -157.737333, 21.428475 ], [ -157.754136, 21.428534 ], [ -157.754624, 21.42746 ], [ -157.755741, 21.427746 ], [ -157.758593, 21.4279 ], [ -157.759489, 21.427857 ], [ -157.760356, 21.427639 ], [ -157.760604, 21.428244 ], [ -157.76051, 21.428311 ], [ -157.760494, 21.43048 ], [ -157.760779, 21.431281 ], [ -157.760845, 21.432417 ], [ -157.760627, 21.432798 ], [ -157.759911, 21.433211 ], [ -157.759851, 21.433765 ], [ -157.758207, 21.434322 ], [ -157.757574, 21.434829 ], [ -157.757596, 21.435192 ], [ -157.757244, 21.435778 ], [ -157.757665, 21.436289 ], [ -157.757818, 21.436287 ], [ -157.758432, 21.436964 ], [ -157.759064, 21.437188 ], [ -157.76006, 21.437201 ], [ -157.76094, 21.437803 ], [ -157.762401, 21.438462 ], [ -157.76252, 21.438764 ], [ -157.762079, 21.439708 ], [ -157.762202, 21.439987 ], [ -157.762499, 21.440021 ], [ -157.763639, 21.438186 ], [ -157.763893, 21.438106 ], [ -157.765008, 21.439268 ], [ -157.772126, 21.442689 ], [ -157.776791, 21.443434 ], [ -157.777072, 21.443677 ], [ -157.778608, 21.446188 ], [ -157.777888, 21.447389 ], [ -157.776776, 21.448358 ], [ -157.776648, 21.448656 ], [ -157.776528, 21.449478 ], [ -157.777615, 21.450454 ], [ -157.777492, 21.451414 ], [ -157.776722, 21.452468 ], [ -157.775729, 21.453073 ], [ -157.774237, 21.453704 ], [ -157.773015, 21.45714 ], [ -157.772761, 21.457418 ], [ -157.772223, 21.457188 ], [ -157.768764, 21.456428 ], [ -157.768085, 21.456498 ], [ -157.767604, 21.458038 ], [ -157.767067, 21.458408 ], [ -157.76638, 21.458633 ], [ -157.766557, 21.45919 ], [ -157.766018, 21.459517 ], [ -157.765824, 21.460667 ], [ -157.765217, 21.461691 ], [ -157.764655, 21.462035 ], [ -157.764501, 21.462302 ], [ -157.763963, 21.462458 ], [ -157.763264, 21.46287 ], [ -157.763081, 21.462759 ], [ -157.762917, 21.462217 ], [ -157.763108, 21.461887 ], [ -157.763557, 21.461626 ], [ -157.763731, 21.461298 ], [ -157.76371, 21.460484 ], [ -157.762892, 21.459377 ], [ -157.760416, 21.458222 ], [ -157.759726, 21.458023 ] ] ] } },
{ "type": "Feature", "properties": { "name": "Marines Waikane Valley", "tenure": "fee_or_other", "acres": 200.0 }, "geometry": { "type": "Polygon", "coordinates": [ [ [ -157.866041, 21.505647 ], [ -157.866431, 21.504163 ], [ -157.866719, 21.50091 ], [ -157.86641, 21.500409 ], [ -157.865097, 21.497108 ], [ -157.864944, 21.496435 ], [ -157.865275, 21.496452 ], [ -157.866073, 21.496825 ], [ -157.866544, 21.497255 ], [ -157.866975, 21.49745 ], [ -157.867202, 21.49816 ], [ -157.867795, 21.498532 ], [ -157.868276, 21.498404 ], [ -157.868594, 21.49818 ], [ -157.8692, 21.498348 ], [ -157.869568, 21.498686 ], [ -157.870478, 21.498811 ], [ -157.870769, 21.499179 ], [ -157.87153, 21.499767 ], [ -157.87199, 21.499741 ], [ -157.872352, 21.500112 ], [ -157.872804, 21.500144 ], [ -157.873442, 21.500438 ], [ -157.873801, 21.500343 ], [ -157.874033, 21.500564 ], [ -157.875046, 21.500918 ], [ -157.874491, 21.502621 ], [ -157.874636, 21.50324 ], [ -157.874256, 21.504549 ], [ -157.872889, 21.507243 ], [ -157.87242, 21.509462 ], [ -157.872459, 21.509964 ], [ -157.872089, 21.509692 ], [ -157.866041, 21.505647 ] ] ] } },
{ "type": "Feature", "properties": { "name": "Mauna Kapu Communication Site", "tenure": "fee_or_other", "acres": 1.0 }, "geometry": { "type": "Polygon", "coordinates": [ [ [ -158.100907, 21.39667 ], [ -158.101289, 21.396087 ], [ -158.101918, 21.396511 ], [ -158.10151, 21.396751 ], [ -158.101391, 21.396952 ], [ -158.100907, 21.39667 ] ] ] } },
{ "type": "Feature", "properties": { "name": "Mauna Kapu Oahu", "tenure": "fee_or_other", "acres": 34.0 }, "geometry": { "type": "Polygon", "coordinates": [ [ [ -158.102815, 21.383939 ], [ -158.103859, 21.383548 ], [ -158.107556, 21.382601 ], [ -158.108798, 21.383483 ], [ -158.106762, 21.385616 ], [ -158.105512, 21.386468 ], [ -158.105009, 21.386229 ], [ -158.102815, 21.383939 ] ] ] } },
{ "type": "Feature", "properties": { "name": "McGrew Point", "tenure": "fee_or_other", "acres": 43.0 }, "geometry": { "type": "Polygon", "coordinates": [ [ [ -157.93791, 21.376826 ], [ -157.93831, 21.376637 ], [ -157.938984, 21.376693 ], [ -157.939519, 21.376505 ], [ -157.940184, 21.375977 ], [ -157.9407, 21.375033 ], [ -157.941192, 21.375457 ], [ -157.942267, 21.375985 ], [ -157.942793, 21.376538 ], [ -157.942669, 21.377464 ], [ -157.942342, 21.37797 ], [ -157.941729, 21.377687 ], [ -157.941402, 21.377883 ], [ -157.940917, 21.378483 ], [ -157.941096, 21.378576 ], [ -157.941032, 21.378691 ], [ -157.9413, 21.378765 ], [ -157.941366, 21.379126 ], [ -157.941608, 21.379463 ], [ -157.941537, 21.379521 ], [ -157.941326, 21.379249 ], [ -157.941183, 21.379666 ], [ -157.938853, 21.379383 ], [ -157.937473, 21.378918 ], [ -157.937541, 21.378849 ], [ -157.936913, 21.378427 ], [ -157.936964, 21.378187 ], [ -157.937325, 21.377849 ], [ -157.937201, 21.377475 ], [ -157.93791, 21.376826 ] ], [ [ -157.94203, 21.377737 ], [ -157.942059, 21.377663 ], [ -157.94193, 21.377597 ], [ -157.941898, 21.377675 ], [ -157.94203, 21.377737 ] ] ] } },
{ "type": "Feature", "properties": { "name": "Mokuleia Army Beach", "tenure": "fee_or_other", "acres": 22.0 }, "geometry": { "type": "MultiPolygon", "coordinates": [ [ [ [ -158.202803, 21.581683 ], [ -158.202944, 21.581187 ], [ -158.207792, 21.581219 ], [ -158.209194, 21.581082 ], [ -158.213474, 21.579834 ], [ -158.213465, 21.580692 ], [ -158.211645, 21.580974 ], [ -158.210285, 21.581437 ], [ -158.209246, 21.58151 ], [ -158.208066, 21.581871 ], [ -158.20685, 21.582026 ], [ -158.202803, 21.581683 ] ] ], [ [ [ -158.195839, 21.581389 ], [ -158.195403, 21.581302 ], [ -158.195456, 21.581118 ], [ -158.197127, 21.581132 ], [ -158.196932, 21.581797 ], [ -158.196333, 21.581823 ], [ -158.195839, 21.581389 ] ] ] ] } },
{ "type": "Feature", "properties": { "name": "Nuuanu Cemetery", "tenure": "fee_or_other", "acres": 3.0 }, "geometry": { "type": "Polygon", "coordinates": [ [ [ -157.850613, 21.325672 ], [ -157.849847, 21.324958 ], [ -157.85053, 21.324328 ], [ -157.851336, 21.32516 ], [ -157.850613, 21.325672 ] ] ] } },
{ "type": "Feature", "properties": { "name": "Pearl City Peninsula", "tenure": "fee_or_other", "acres": 470.0 }, "geometry": { "type": "MultiPolygon", "coordinates": [ [ [ [ -157.974158, 21.388695 ], [ -157.974109, 21.389048 ], [ -157.973506, 21.389024 ], [ -157.972781, 21.389167 ], [ -157.973083, 21.388075 ], [ -157.972904, 21.386681 ], [ -157.972978, 21.384928 ], [ -157.972605, 21.383332 ], [ -157.972863, 21.383215 ], [ -157.972838, 21.383046 ], [ -157.973618, 21.383675 ], [ -157.973822, 21.383482 ], [ -157.973583, 21.383176 ], [ -157.974393, 21.382759 ], [ -157.974372, 21.382064 ], [ -157.974107, 21.381893 ], [ -157.974512, 21.381749 ], [ -157.974398, 21.38154 ], [ -157.974732, 21.381471 ], [ -157.974486, 21.381149 ], [ -157.974397, 21.380777 ], [ -157.972116, 21.381307 ], [ -157.971462, 21.378568 ], [ -157.974701, 21.377891 ], [ -157.974252, 21.376059 ], [ -157.974929, 21.375922 ], [ -157.974887, 21.375707 ], [ -157.975555, 21.375568 ], [ -157.975604, 21.375784 ], [ -157.975124, 21.376397 ], [ -157.975389, 21.37764 ], [ -157.976058, 21.378423 ], [ -157.977099, 21.380323 ], [ -157.977345, 21.381618 ], [ -157.978312, 21.38155 ], [ -157.978585, 21.381187 ], [ -157.979144, 21.380826 ], [ -157.978503, 21.382014 ], [ -157.978274, 21.384334 ], [ -157.981016, 21.384426 ], [ -157.981151, 21.381287 ], [ -157.98085, 21.380906 ], [ -157.983582, 21.379918 ], [ -157.983992, 21.383512 ], [ -157.98508, 21.386008 ], [ -157.986466, 21.387014 ], [ -157.987655, 21.387169 ], [ -157.987616, 21.388272 ], [ -157.977261, 21.389124 ], [ -157.976329, 21.387701 ], [ -157.976143, 21.38686 ], [ -157.976334, 21.386419 ], [ -157.977791, 21.384782 ], [ -157.977383, 21.384701 ], [ -157.976884, 21.385555 ], [ -157.976128, 21.386401 ], [ -157.975921, 21.386986 ], [ -157.976112, 21.387808 ], [ -157.976944, 21.389153 ], [ -157.975874, 21.389222 ], [ -157.974811, 21.389122 ], [ -157.974853, 21.388761 ], [ -157.974158, 21.388695 ] ] ], [ [ [ -157.973165, 21.373973 ], [ -157.973461, 21.374107 ], [ -157.97321, 21.374159 ], [ -157.9732, 21.374119 ], [ -157.973165, 21.373973 ] ] ], [ [ [ -157.97273, 21.373157 ], [ -157.97298, 21.374207 ], [ -157.970543, 21.374718 ], [ -157.970291, 21.37366 ], [ -157.97273, 21.373157 ] ] ], [ [ [ -157.969934, 21.373733 ], [ -157.970187, 21.374792 ], [ -157.96839, 21.375169 ], [ -157.968394, 21.374728 ], [ -157.968726, 21.373979 ], [ -157.969934, 21.373733 ] ] ], [ [ [ -157.974129, 21.37534 ], [ -157.974749, 21.375715 ], [ -157.974244, 21.375821 ], [ -157.974129, 21.37534 ] ] ], [ [ [ -157.973633, 21.37427 ], [ -157.974014, 21.375869 ], [ -157.973158, 21.376048 ], [ -157.972777, 21.374453 ], [ -157.973633, 21.37427 ] ] ], [ [ [ -157.971696, 21.374702 ], [ -157.972546, 21.374524 ], [ -157.972999, 21.376146 ], [ -157.972022, 21.376365 ], [ -157.971798, 21.375523 ], [ -157.971887, 21.375501 ], [ -157.971696, 21.374702 ] ] ], [ [ [ -157.971467, 21.37475 ], [ -157.971842, 21.376323 ], [ -157.97097, 21.376506 ], [ -157.970594, 21.374933 ], [ -157.971467, 21.37475 ] ] ], [ [ [ -157.970238, 21.375007 ], [ -157.970613, 21.37658 ], [ -157.969654, 21.376781 ], [ -157.969279, 21.375208 ], [ -157.970238, 21.375007 ] ] ], [ [ [ -157.974065, 21.376084 ], [ -157.974455, 21.377717 ], [ -157.973598, 21.377896 ], [ -157.973209, 21.376263 ], [ -157.974065, 21.376084 ] ] ], [ [ [ -157.973066, 21.376293 ], [ -157.973447, 21.377895 ], [ -157.973327, 21.378026 ], [ -157.9725, 21.378199 ], [ -157.972043, 21.376461 ], [ -157.972955, 21.376225 ], [ -157.973066, 21.376293 ] ] ], [ [ [ -157.971893, 21.376538 ], [ -157.972283, 21.378171 ], [ -157.971411, 21.378353 ], [ -157.971021, 21.376721 ], [ -157.971893, 21.376538 ] ] ], [ [ [ -157.970665, 21.376795 ], [ -157.971054, 21.378428 ], [ -157.970095, 21.378629 ], [ -157.969705, 21.376996 ], [ -157.970665, 21.376795 ] ] ], [ [ [ -157.971105, 21.378643 ], [ -157.971486, 21.380242 ], [ -157.970496, 21.380451 ], [ -157.970142, 21.378844 ], [ -157.971105, 21.378643 ] ] ], [ [ [ -157.969791, 21.380915 ], [ -157.968554, 21.381171 ], [ -157.967992, 21.380106 ], [ -157.966613, 21.380238 ], [ -157.966236, 21.380111 ], [ -157.96627, 21.37716 ], [ -157.966461, 21.37633 ], [ -157.966813, 21.375266 ], [ -157.967251, 21.375057 ], [ -157.967555, 21.375114 ], [ -157.96763, 21.374694 ], [ -157.967822, 21.37462 ], [ -157.967837, 21.374104 ], [ -157.968044, 21.373524 ], [ -157.967931, 21.372509 ], [ -157.968082, 21.371823 ], [ -157.968627, 21.371391 ], [ -157.968706, 21.371558 ], [ -157.96947, 21.371759 ], [ -157.971509, 21.371626 ], [ -157.972715, 21.372117 ], [ -157.973183, 21.37254 ], [ -157.974316, 21.373149 ], [ -157.974514, 21.373025 ], [ -157.974728, 21.373478 ], [ -157.974389, 21.373595 ], [ -157.974741, 21.374403 ], [ -157.975169, 21.374846 ], [ -157.976036, 21.3753 ], [ -157.975988, 21.375456 ], [ -157.975036, 21.375655 ], [ -157.974137, 21.375158 ], [ -157.973859, 21.374132 ], [ -157.973133, 21.373629 ], [ -157.972909, 21.372894 ], [ -157.968545, 21.373808 ], [ -157.968127, 21.375105 ], [ -157.967948, 21.375235 ], [ -157.968002, 21.375475 ], [ -157.96905, 21.375256 ], [ -157.969425, 21.376829 ], [ -157.968357, 21.377052 ], [ -157.968403, 21.377268 ], [ -157.969476, 21.377044 ], [ -157.970292, 21.38067 ], [ -157.971531, 21.380411 ], [ -157.972121, 21.382161 ], [ -157.970204, 21.382601 ], [ -157.970144, 21.381725 ], [ -157.969791, 21.380915 ] ] ], [ [ [ -157.966079, 21.388979 ], [ -157.966629, 21.387099 ], [ -157.967072, 21.387294 ], [ -157.96773, 21.387171 ], [ -157.968012, 21.387309 ], [ -157.969039, 21.387142 ], [ -157.969745, 21.386005 ], [ -157.972675, 21.385333 ], [ -157.972793, 21.385197 ], [ -157.972699, 21.386599 ], [ -157.97282, 21.387528 ], [ -157.969661, 21.388332 ], [ -157.969812, 21.388676 ], [ -157.96828, 21.389028 ], [ -157.968048, 21.389449 ], [ -157.966093, 21.389527 ], [ -157.966072, 21.389437 ], [ -157.966079, 21.388979 ] ] ] ] } },
{ "type": "Feature", "properties": { "name": "Pililaau Army Recreation Center", "tenure": "fee_or_other", "acres": 12.0 }, "geometry": { "type": "Polygon", "coordinates": [ [ [ -158.189903, 21.446561 ], [ -158.189329, 21.445709 ], [ -158.18881, 21.444247 ], [ -158.18925, 21.444166 ], [ -158.189369, 21.444299 ], [ -158.18955, 21.444835 ], [ -158.190109, 21.445753 ], [ -158.190745, 21.446466 ], [ -158.191806, 21.447163 ], [ -158.192693, 21.447456 ], [ -158.192867, 21.448184 ], [ -158.193074, 21.448396 ], [ -158.192497, 21.448653 ], [ -158.190794, 21.447462 ], [ -158.189903, 21.446561 ] ] ] } },
{ "type": "Feature", "properties": { "name": "Puuloa Range Training Facility", "tenure": "fee_or_other", "acres": 161.0 }, "geometry": { "type": "Polygon", "coordinates": [ [ [ -157.983195, 21.316846 ], [ -157.982023, 21.31701 ], [ -157.981934, 21.315916 ], [ -157.987274, 21.314547 ], [ -157.990493, 21.313993 ], [ -157.992742, 21.322267 ], [ -157.991267, 21.32262 ], [ -157.986487, 21.322065 ], [ -157.987362, 21.320534 ], [ -157.984203, 21.319304 ], [ -157.983043, 21.319159 ], [ -157.983069, 21.318531 ], [ -157.983195, 21.316846 ] ] ] } },
{ "type": "Feature", "properties": { "name": "Red Hill Annex", "tenure": "fee_or_other", "acres": 284.0 }, "geometry": { "type": "Polygon", "coordinates": [ [ [ -157.887354, 21.375128 ], [ -157.88659, 21.375667 ], [ -157.885276, 21.375449 ], [ -157.88641, 21.374583 ], [ -157.887011, 21.374443 ], [ -157.885978, 21.372365 ], [ -157.897274, 21.367745 ], [ -157.898023, 21.369221 ], [ -157.898354, 21.369088 ], [ -157.898548, 21.36916 ], [ -157.898722, 21.369537 ], [ -157.904323, 21.367241 ], [ -157.904884, 21.367937 ], [ -157.905885, 21.368442 ], [ -157.906551, 21.368609 ], [ -157.90794, 21.368688 ], [ -157.90775, 21.369053 ], [ -157.909248, 21.369005 ], [ -157.911308, 21.369729 ], [ -157.911197, 21.369968 ], [ -157.908511, 21.370774 ], [ -157.908632, 21.371175 ], [ -157.908421, 21.371312 ], [ -157.908223, 21.371804 ], [ -157.907839, 21.372077 ], [ -157.90738, 21.372216 ], [ -157.906745, 21.372242 ], [ -157.906225, 21.371414 ], [ -157.904974, 21.370999 ], [ -157.903455, 21.370958 ], [ -157.902893, 21.371206 ], [ -157.900773, 21.371437 ], [ -157.900125, 21.371762 ], [ -157.899403, 21.371889 ], [ -157.898364, 21.373464 ], [ -157.898022, 21.373669 ], [ -157.896833, 21.373908 ], [ -157.896231, 21.373759 ], [ -157.895766, 21.373924 ], [ -157.895544, 21.374127 ], [ -157.895591, 21.374641 ], [ -157.8954, 21.374909 ], [ -157.894597, 21.375048 ], [ -157.893988, 21.374984 ], [ -157.893136, 21.375288 ], [ -157.89123, 21.37566 ], [ -157.890084, 21.376506 ], [ -157.888702, 21.376606 ], [ -157.888327, 21.377214 ], [ -157.887354, 21.375128 ] ] ] } },
{ "type": "Feature", "properties": { "name": "Schofield Barracks", "tenure": "fee_or_other", "acres": 1370.0 }, "geometry": { "type": "MultiPolygon", "coordinates": [ [ [ [ -158.058463, 21.481653 ], [ -158.058089, 21.482281 ], [ -158.057406, 21.479279 ], [ -158.056676, 21.476845 ], [ -158.056919, 21.476018 ], [ -158.056975, 21.475327 ], [ -158.056842, 21.474644 ], [ -158.056513, 21.473963 ], [ -158.058577, 21.473415 ], [ -158.068413, 21.476993 ], [ -158.068939, 21.477048 ], [ -158.071324, 21.47683 ], [ -158.075177, 21.474039 ], [ -158.077981, 21.470318 ], [ -158.078784, 21.471415 ], [ -158.081629, 21.470202 ], [ -158.083225, 21.466633 ], [ -158.083345, 21.469042 ], [ -158.084213, 21.469668 ], [ -158.087006, 21.469805 ], [ -158.08839, 21.466811 ], [ -158.090726, 21.464204 ], [ -158.093031, 21.464795 ], [ -158.092197, 21.467263 ], [ -158.099864, 21.471406 ], [ -158.08543, 21.483902 ], [ -158.084406, 21.485775 ], [ -158.080092, 21.488028 ], [ -158.070252, 21.487536 ], [ -158.069293, 21.487168 ], [ -158.069445, 21.486758 ], [ -158.067554, 21.486001 ], [ -158.067194, 21.485468 ], [ -158.065124, 21.483896 ], [ -158.062634, 21.483392 ], [ -158.061673, 21.48269 ], [ -158.060773, 21.482213 ], [ -158.059543, 21.482017 ], [ -158.058463, 21.481653 ] ] ], [ [ [ -158.073091, 21.490229 ], [ -158.073156, 21.492195 ], [ -158.071481, 21.492214 ], [ -158.071259, 21.491734 ], [ -158.071546, 21.491207 ], [ -158.071493, 21.490918 ], [ -158.071795, 21.490665 ], [ -158.071746, 21.490301 ], [ -158.073091, 21.490229 ] ] ] ] } },
{ "type": "Feature", "properties": { "name": "Schofield East Range", "tenure": "fee_or_other", "acres": 4985.0 }, "geometry": { "type": "MultiPolygon", "coordinates": [ [ [ [ -157.907189, 21.508102 ], [ -157.906636, 21.507832 ], [ -157.905848, 21.506851 ], [ -157.905319, 21.50586 ], [ -157.903572, 21.504268 ], [ -157.903431, 21.50402 ], [ -157.903413, 21.503199 ], [ -157.903249, 21.502957 ], [ -157.901713, 21.501673 ], [ -157.901802, 21.501095 ], [ -157.902026, 21.500913 ], [ -157.903067, 21.501128 ], [ -157.903556, 21.501029 ], [ -157.904091, 21.500721 ], [ -157.904615, 21.500209 ], [ -157.904786, 21.499829 ], [ -157.904798, 21.499229 ], [ -157.905116, 21.498937 ], [ -157.906428, 21.498745 ], [ -157.907552, 21.499081 ], [ -157.90817, 21.499098 ], [ -157.910182, 21.498939 ], [ -157.910883, 21.498736 ], [ -157.911559, 21.499028 ], [ -157.911948, 21.499017 ], [ -157.912689, 21.49851 ], [ -157.913101, 21.498538 ], [ -157.914231, 21.498291 ], [ -157.91612, 21.498495 ], [ -157.916702, 21.498209 ], [ -157.917421, 21.497631 ], [ -157.918109, 21.497394 ], [ -157.920504, 21.497819 ], [ -157.92181, 21.497549 ], [ -157.922911, 21.497715 ], [ -157.923852, 21.497528 ], [ -157.924752, 21.497621 ], [ -157.925606, 21.497363 ], [ -157.926241, 21.497357 ], [ -157.927412, 21.49684 ], [ -157.927999, 21.496172 ], [ -157.928858, 21.495842 ], [ -157.930076, 21.496029 ], [ -157.930594, 21.496178 ], [ -157.931094, 21.496514 ], [ -157.933126, 21.496962 ], [ -157.935256, 21.497078 ], [ -157.936492, 21.496974 ], [ -157.937566, 21.496669 ], [ -157.938478, 21.496807 ], [ -157.939461, 21.496774 ], [ -157.940373, 21.496587 ], [ -157.941203, 21.496676 ], [ -157.941497, 21.496296 ], [ -157.941833, 21.496114 ], [ -157.942662, 21.495327 ], [ -157.94371, 21.495189 ], [ -157.945469, 21.494484 ], [ -157.946411, 21.494892 ], [ -157.947982, 21.49492 ], [ -157.948282, 21.495046 ], [ -157.949218, 21.494958 ], [ -157.949694, 21.494579 ], [ -157.950318, 21.49465 ], [ -157.950954, 21.494518 ], [ -157.951248, 21.49427 ], [ -157.951383, 21.493962 ], [ -157.951919, 21.49372 ], [ -157.952896, 21.494111 ], [ -157.953084, 21.494094 ], [ -157.953784, 21.493615 ], [ -157.954561, 21.493494 ], [ -157.956291, 21.492415 ], [ -157.957621, 21.492112 ], [ -157.958068, 21.491726 ], [ -157.95941, 21.491743 ], [ -157.959763, 21.491413 ], [ -157.960039, 21.490631 ], [ -157.960333, 21.490399 ], [ -157.961246, 21.490256 ], [ -157.961746, 21.490433 ], [ -157.962234, 21.489805 ], [ -157.964388, 21.489695 ], [ -157.965335, 21.488968 ], [ -157.966338, 21.488737 ], [ -157.96683, 21.48813 ], [ -157.967225, 21.488013 ], [ -157.967792, 21.488077 ], [ -157.968419, 21.487289 ], [ -157.968768, 21.487064 ], [ -157.970986, 21.48779 ], [ -157.97147, 21.487647 ], [ -157.972193, 21.48713 ], [ -157.972691, 21.487091 ], [ -157.973514, 21.48769 ], [ -157.975632, 21.488081 ], [ -157.978639, 21.487298 ], [ -157.981208, 21.487855 ], [ -157.984417, 21.487178 ], [ -157.985531, 21.48727 ], [ -157.986566, 21.487774 ], [ -157.988234, 21.487317 ], [ -157.989031, 21.487781 ], [ -157.989922, 21.48807 ], [ -157.991297, 21.48787 ], [ -157.996326, 21.485358 ], [ -157.999516, 21.489307 ], [ -158.007497, 21.48565 ], [ -158.022528, 21.480269 ], [ -158.022668, 21.480654 ], [ -158.023649, 21.480359 ], [ -158.023984, 21.480618 ], [ -158.024672, 21.483124 ], [ -158.025403, 21.487401 ], [ -158.026539, 21.489168 ], [ -158.027929, 21.490264 ], [ -158.028304, 21.490647 ], [ -158.028363, 21.490975 ], [ -158.028336, 21.491524 ], [ -158.027376, 21.491906 ], [ -158.027199, 21.491664 ], [ -158.027202, 21.491438 ], [ -158.027652, 21.490996 ], [ -158.027721, 21.490718 ], [ -158.027608, 21.490385 ], [ -158.027189, 21.490013 ], [ -158.02683, 21.489885 ], [ -158.025971, 21.489873 ], [ -158.025379, 21.48909 ], [ -158.025046, 21.488942 ], [ -158.024894, 21.488959 ], [ -158.024743, 21.489222 ], [ -158.025027, 21.489837 ], [ -158.024743, 21.490023 ], [ -158.024259, 21.489796 ], [ -158.02379, 21.489381 ], [ -158.023092, 21.489144 ], [ -158.02252, 21.488691 ], [ -158.02208, 21.488552 ], [ -158.021838, 21.48886 ], [ -158.021194, 21.489239 ], [ -158.020754, 21.489896 ], [ -158.020532, 21.490789 ], [ -158.020477, 21.492034 ], [ -158.01963, 21.492389 ], [ -158.019345, 21.492216 ], [ -158.019328, 21.492401 ], [ -158.019046, 21.492582 ], [ -158.019007, 21.492416 ], [ -158.018813, 21.49251 ], [ -158.018905, 21.492267 ], [ -158.018735, 21.492377 ], [ -158.018713, 21.49215 ], [ -158.018622, 21.492147 ], [ -158.018352, 21.492674 ], [ -158.018247, 21.492497 ], [ -158.018327, 21.49217 ], [ -158.018002, 21.492415 ], [ -158.017932, 21.492657 ], [ -158.017798, 21.492504 ], [ -158.017806, 21.492638 ], [ -158.017576, 21.492805 ], [ -158.016943, 21.49304 ], [ -158.018155, 21.495572 ], [ -158.018013, 21.49563 ], [ -158.017766, 21.495103 ], [ -158.017026, 21.495385 ], [ -158.017281, 21.49592 ], [ -157.986456, 21.508152 ], [ -157.984622, 21.508157 ], [ -157.982752, 21.507383 ], [ -157.982184, 21.507257 ], [ -157.980525, 21.507583 ], [ -157.979135, 21.507541 ], [ -157.978852, 21.507385 ], [ -157.978331, 21.506744 ], [ -157.975795, 21.506332 ], [ -157.973253, 21.506431 ], [ -157.972487, 21.506178 ], [ -157.971416, 21.506145 ], [ -157.970181, 21.5062 ], [ -157.969616, 21.506442 ], [ -157.968827, 21.506525 ], [ -157.968639, 21.5068 ], [ -157.968645, 21.50718 ], [ -157.968527, 21.507378 ], [ -157.967945, 21.507709 ], [ -157.967668, 21.507681 ], [ -157.966979, 21.508447 ], [ -157.966644, 21.508386 ], [ -157.965967, 21.508623 ], [ -157.96512, 21.508375 ], [ -157.964096, 21.508331 ], [ -157.963984, 21.50772 ], [ -157.963649, 21.507599 ], [ -157.962636, 21.507681 ], [ -157.962254, 21.507896 ], [ -157.962083, 21.507858 ], [ -157.960995, 21.508172 ], [ -157.960665, 21.507979 ], [ -157.959735, 21.507918 ], [ -157.959041, 21.507373 ], [ -157.957452, 21.507516 ], [ -157.956722, 21.507803 ], [ -157.95591, 21.506519 ], [ -157.955722, 21.506415 ], [ -157.955392, 21.506536 ], [ -157.954951, 21.507153 ], [ -157.954327, 21.507736 ], [ -157.953674, 21.507813 ], [ -157.953268, 21.508315 ], [ -157.952832, 21.508469 ], [ -157.951196, 21.507951 ], [ -157.949707, 21.508215 ], [ -157.948577, 21.5081 ], [ -157.947136, 21.50832 ], [ -157.946718, 21.50805 ], [ -157.945835, 21.507907 ], [ -157.945488, 21.507962 ], [ -157.945052, 21.508545 ], [ -157.944817, 21.508672 ], [ -157.943575, 21.508005 ], [ -157.943128, 21.508033 ], [ -157.942728, 21.508303 ], [ -157.941975, 21.50795 ], [ -157.941592, 21.507978 ], [ -157.941374, 21.507878 ], [ -157.940851, 21.507372 ], [ -157.940015, 21.507421 ], [ -157.939091, 21.506991 ], [ -157.938438, 21.507024 ], [ -157.937861, 21.507239 ], [ -157.937843, 21.508016 ], [ -157.93769, 21.508291 ], [ -157.936596, 21.508781 ], [ -157.935919, 21.508946 ], [ -157.935648, 21.509166 ], [ -157.934907, 21.508676 ], [ -157.933777, 21.508791 ], [ -157.932894, 21.509309 ], [ -157.932076, 21.50943 ], [ -157.93094, 21.509826 ], [ -157.930564, 21.509755 ], [ -157.929551, 21.509198 ], [ -157.928169, 21.509495 ], [ -157.927757, 21.509055 ], [ -157.926903, 21.508807 ], [ -157.926291, 21.508939 ], [ -157.925838, 21.509175 ], [ -157.925085, 21.509159 ], [ -157.924373, 21.509335 ], [ -157.923396, 21.509401 ], [ -157.92246, 21.509131 ], [ -157.92113, 21.509422 ], [ -157.919247, 21.508998 ], [ -157.917906, 21.50886 ], [ -157.916546, 21.509008 ], [ -157.91594, 21.509333 ], [ -157.915469, 21.509437 ], [ -157.915257, 21.509431 ], [ -157.913692, 21.508721 ], [ -157.912232, 21.508891 ], [ -157.911338, 21.508814 ], [ -157.910273, 21.508356 ], [ -157.908749, 21.508664 ], [ -157.908107, 21.508543 ], [ -157.907619, 21.508873 ], [ -157.907554, 21.508735 ], [ -157.907189, 21.508102 ] ] ], [ [ [ -158.025548, 21.479886 ], [ -158.02638, 21.479908 ], [ -158.026942, 21.4831 ], [ -158.026081, 21.483434 ], [ -158.025496, 21.484113 ], [ -158.024744, 21.480084 ], [ -158.025548, 21.479886 ] ] ], [ [ [ -158.026955, 21.483518 ], [ -158.027196, 21.484581 ], [ -158.027973, 21.489022 ], [ -158.027344, 21.488521 ], [ -158.02673, 21.487791 ], [ -158.026063, 21.486331 ], [ -158.025749, 21.484754 ], [ -158.025787, 21.484371 ], [ -158.026108, 21.483775 ], [ -158.026723, 21.483377 ], [ -158.026955, 21.483518 ] ] ] ] } },
{ "type": "Feature", "properties": { "name": "Scholfield Barracks", "tenure": "fee_or_other", "acres": 10268.0 }, "geometry": { "type": "MultiPolygon", "coordinates": [ [ [ [ -158.142083, 21.508865 ], [ -158.142113, 21.509427 ], [ -158.141771, 21.510033 ], [ -158.140112, 21.510215 ], [ -158.139247, 21.51043 ], [ -158.138017, 21.511433 ], [ -158.137552, 21.511527 ], [ -158.137105, 21.511819 ], [ -158.136593, 21.511869 ], [ -158.135893, 21.511753 ], [ -158.135298, 21.511907 ], [ -158.132902, 21.512037 ], [ -158.131926, 21.512277 ], [ -158.130908, 21.512327 ], [ -158.130373, 21.512691 ], [ -158.129166, 21.513132 ], [ -158.12766, 21.513501 ], [ -158.126995, 21.513903 ], [ -158.126542, 21.51441 ], [ -158.125283, 21.514438 ], [ -158.124259, 21.514972 ], [ -158.122476, 21.515248 ], [ -158.121522, 21.515842 ], [ -158.119168, 21.515171 ], [ -158.117797, 21.515353 ], [ -158.117291, 21.515843 ], [ -158.11609, 21.515865 ], [ -158.115725, 21.516091 ], [ -158.114495, 21.516444 ], [ -158.113948, 21.516724 ], [ -158.113336, 21.516719 ], [ -158.111782, 21.516312 ], [ -158.11117, 21.516345 ], [ -158.110705, 21.516532 ], [ -158.110181, 21.517077 ], [ -158.094005, 21.521912 ], [ -158.092025, 21.520954 ], [ -158.091501, 21.521274 ], [ -158.090153, 21.521015 ], [ -158.0888, 21.521312 ], [ -158.087246, 21.521213 ], [ -158.08684, 21.52134 ], [ -158.085428, 21.519341 ], [ -158.08418, 21.519798 ], [ -158.082997, 21.518493 ], [ -158.082856, 21.517044 ], [ -158.082273, 21.517193 ], [ -158.081272, 21.518399 ], [ -158.07968, 21.516923 ], [ -158.079737, 21.515392 ], [ -158.079483, 21.514672 ], [ -158.078845, 21.514239 ], [ -158.078337, 21.514123 ], [ -158.077105, 21.511793 ], [ -158.076679, 21.511269 ], [ -158.076206, 21.511014 ], [ -158.075184, 21.510751 ], [ -158.074457, 21.510189 ], [ -158.074408, 21.509877 ], [ -158.074771, 21.508391 ], [ -158.07458, 21.50798 ], [ -158.07369, 21.507818 ], [ -158.072022, 21.507901 ], [ -158.071316, 21.506855 ], [ -158.070974, 21.506646 ], [ -158.070739, 21.506663 ], [ -158.070245, 21.507037 ], [ -158.069603, 21.507786 ], [ -158.069215, 21.507819 ], [ -158.067849, 21.507505 ], [ -158.065719, 21.506486 ], [ -158.065142, 21.506656 ], [ -158.064124, 21.507333 ], [ -158.063594, 21.507889 ], [ -158.062029, 21.508164 ], [ -158.061817, 21.508016 ], [ -158.061894, 21.507349 ], [ -158.061547, 21.506859 ], [ -158.060582, 21.506452 ], [ -158.059234, 21.506161 ], [ -158.058146, 21.505617 ], [ -158.058166, 21.505387 ], [ -158.058879, 21.504828 ], [ -158.059074, 21.504505 ], [ -158.059, 21.504159 ], [ -158.05876, 21.503882 ], [ -158.057274, 21.503411 ], [ -158.05654, 21.503714 ], [ -158.055985, 21.503679 ], [ -158.055585, 21.503351 ], [ -158.054737, 21.503273 ], [ -158.054254, 21.503102 ], [ -158.054019, 21.502778 ], [ -158.053995, 21.502072 ], [ -158.053769, 21.501586 ], [ -158.052658, 21.501181 ], [ -158.052129, 21.500421 ], [ -158.05188, 21.499435 ], [ -158.051621, 21.498951 ], [ -158.050663, 21.495084 ], [ -158.050311, 21.49446 ], [ -158.050361, 21.494239 ], [ -158.050221, 21.494125 ], [ -158.049932, 21.494176 ], [ -158.049248, 21.493638 ], [ -158.04926, 21.493334 ], [ -158.049119, 21.493215 ], [ -158.048945, 21.49331 ], [ -158.048745, 21.493261 ], [ -158.043463, 21.489244 ], [ -158.042408, 21.488743 ], [ -158.041155, 21.487787 ], [ -158.040736, 21.487904 ], [ -158.041505, 21.486816 ], [ -158.042787, 21.485696 ], [ -158.044043, 21.485152 ], [ -158.044462, 21.48508 ], [ -158.044638, 21.485217 ], [ -158.044913, 21.485122 ], [ -158.044997, 21.484879 ], [ -158.046427, 21.484241 ], [ -158.047653, 21.483148 ], [ -158.047931, 21.483125 ], [ -158.048075, 21.482885 ], [ -158.047975, 21.482578 ], [ -158.049144, 21.480509 ], [ -158.049991, 21.478423 ], [ -158.051423, 21.481364 ], [ -158.053687, 21.482269 ], [ -158.05603, 21.482421 ], [ -158.058235, 21.482927 ], [ -158.058089, 21.482281 ], [ -158.058463, 21.481653 ], [ -158.059543, 21.482017 ], [ -158.060773, 21.482213 ], [ -158.061673, 21.48269 ], [ -158.062634, 21.483392 ], [ -158.065124, 21.483896 ], [ -158.067194, 21.485468 ], [ -158.067554, 21.486001 ], [ -158.069445, 21.486758 ], [ -158.069293, 21.487168 ], [ -158.070252, 21.487536 ], [ -158.080092, 21.488028 ], [ -158.084406, 21.485775 ], [ -158.08543, 21.483902 ], [ -158.104211, 21.467681 ], [ -158.105296, 21.46841 ], [ -158.105466, 21.468636 ], [ -158.105496, 21.469209 ], [ -158.105714, 21.469831 ], [ -158.105637, 21.470658 ], [ -158.105761, 21.47106 ], [ -158.106555, 21.471572 ], [ -158.10682, 21.472128 ], [ -158.107326, 21.472425 ], [ -158.107961, 21.473956 ], [ -158.108414, 21.474071 ], [ -158.108826, 21.474011 ], [ -158.109085, 21.473757 ], [ -158.10945, 21.473647 ], [ -158.110697, 21.473867 ], [ -158.11145, 21.473206 ], [ -158.111603, 21.473195 ], [ -158.112598, 21.474142 ], [ -158.113145, 21.474434 ], [ -158.114116, 21.474379 ], [ -158.115604, 21.474593 ], [ -158.116457, 21.474406 ], [ -158.116775, 21.474444 ], [ -158.117169, 21.474846 ], [ -158.118782, 21.47554 ], [ -158.118952, 21.476222 ], [ -158.118905, 21.476674 ], [ -158.11837, 21.478282 ], [ -158.120036, 21.478805 ], [ -158.120653, 21.479515 ], [ -158.121695, 21.480324 ], [ -158.122183, 21.480384 ], [ -158.122589, 21.48012 ], [ -158.123419, 21.479894 ], [ -158.124307, 21.479189 ], [ -158.124807, 21.478963 ], [ -158.125625, 21.47888 ], [ -158.128073, 21.479843 ], [ -158.129338, 21.479958 ], [ -158.130416, 21.480255 ], [ -158.131095, 21.480507 ], [ -158.131638, 21.481007 ], [ -158.132417, 21.485039 ], [ -158.132235, 21.486305 ], [ -158.132506, 21.487522 ], [ -158.132407, 21.489079 ], [ -158.133893, 21.489867 ], [ -158.13513, 21.490242 ], [ -158.136079, 21.491134 ], [ -158.137184, 21.492706 ], [ -158.138321, 21.493437 ], [ -158.140495, 21.494508 ], [ -158.14037, 21.494711 ], [ -158.14057, 21.495729 ], [ -158.141612, 21.496845 ], [ -158.142521, 21.498257 ], [ -158.143563, 21.499375 ], [ -158.143999, 21.500212 ], [ -158.144729, 21.500652 ], [ -158.146465, 21.501252 ], [ -158.14683, 21.501521 ], [ -158.146977, 21.501791 ], [ -158.146671, 21.502849 ], [ -158.147054, 21.504165 ], [ -158.14689, 21.504771 ], [ -158.145937, 21.505895 ], [ -158.144413, 21.506336 ], [ -158.142969, 21.507563 ], [ -158.142731, 21.507542 ], [ -158.142495, 21.507764 ], [ -158.142377, 21.508375 ], [ -158.142083, 21.508865 ] ], [ [ -158.057472, 21.498325 ], [ -158.056892, 21.498336 ], [ -158.056463, 21.498584 ], [ -158.055914, 21.498555 ], [ -158.055814, 21.498948 ], [ -158.05751, 21.499741 ], [ -158.058302, 21.499718 ], [ -158.059042, 21.499048 ], [ -158.0584, 21.497954 ], [ -158.057472, 21.498325 ] ], [ [ -158.071746, 21.490301 ], [ -158.071795, 21.490665 ], [ -158.071493, 21.490918 ], [ -158.071546, 21.491207 ], [ -158.071259, 21.491734 ], [ -158.071481, 21.492214 ], [ -158.073156, 21.492195 ], [ -158.073091, 21.490229 ], [ -158.071746, 21.490301 ] ], [ [ -158.05659, 21.484519 ], [ -158.057138, 21.484588 ], [ -158.057166, 21.484305 ], [ -158.056613, 21.484245 ], [ -158.05659, 21.484519 ] ] ], [ [ [ -158.028257, 21.488663 ], [ -158.026276, 21.477425 ], [ -158.025352, 21.471192 ], [ -158.024831, 21.46952 ], [ -158.024937, 21.469482 ], [ -158.024726, 21.468606 ], [ -158.024107, 21.463053 ], [ -158.02364, 21.461731 ], [ -158.023773, 21.459263 ], [ -158.026165, 21.456663 ], [ -158.028826, 21.451921 ], [ -158.028931, 21.449432 ], [ -158.027674, 21.445633 ], [ -158.028749, 21.444692 ], [ -158.029634, 21.442801 ], [ -158.029293, 21.442114 ], [ -158.02892, 21.440262 ], [ -158.028345, 21.439583 ], [ -158.028123, 21.439136 ], [ -158.028307, 21.438458 ], [ -158.028359, 21.435594 ], [ -158.028781, 21.434875 ], [ -158.029036, 21.433892 ], [ -158.029782, 21.432687 ], [ -158.030293, 21.431029 ], [ -158.030227, 21.430467 ], [ -158.029871, 21.429604 ], [ -158.030046, 21.42864 ], [ -158.029934, 21.428063 ], [ -158.027861, 21.427392 ], [ -158.02701, 21.42682 ], [ -158.026316, 21.425503 ], [ -158.0263, 21.425125 ], [ -158.025932, 21.424757 ], [ -158.025495, 21.424703 ], [ -158.025168, 21.425432 ], [ -158.024749, 21.425251 ], [ -158.024676, 21.424143 ], [ -158.027383, 21.424489 ], [ -158.028156, 21.425104 ], [ -158.029923, 21.426009 ], [ -158.03054, 21.426447 ], [ -158.031032, 21.427007 ], [ -158.031372, 21.427659 ], [ -158.032179, 21.430704 ], [ -158.03204, 21.431715 ], [ -158.030307, 21.434055 ], [ -158.03011, 21.434605 ], [ -158.030087, 21.435185 ], [ -158.030591, 21.437044 ], [ -158.030452, 21.438243 ], [ -158.030563, 21.43873 ], [ -158.030904, 21.439112 ], [ -158.032096, 21.439614 ], [ -158.032758, 21.44014 ], [ -158.033264, 21.44096 ], [ -158.033422, 21.441954 ], [ -158.033302, 21.442312 ], [ -158.033039, 21.442595 ], [ -158.031418, 21.443329 ], [ -158.030933, 21.443818 ], [ -158.03077, 21.444273 ], [ -158.030405, 21.44731 ], [ -158.030864, 21.449091 ], [ -158.030872, 21.45099 ], [ -158.032363, 21.452184 ], [ -158.032457, 21.454499 ], [ -158.033401, 21.458888 ], [ -158.031071, 21.460683 ], [ -158.030952, 21.461718 ], [ -158.033429, 21.464348 ], [ -158.03556, 21.463886 ], [ -158.038717, 21.465407 ], [ -158.03889, 21.466329 ], [ -158.041648, 21.469657 ], [ -158.042601, 21.473942 ], [ -158.046022, 21.475507 ], [ -158.049748, 21.478247 ], [ -158.048749, 21.480641 ], [ -158.04817, 21.481495 ], [ -158.047892, 21.481528 ], [ -158.047748, 21.481768 ], [ -158.047844, 21.482081 ], [ -158.046896, 21.483501 ], [ -158.045958, 21.48415 ], [ -158.042798, 21.48535 ], [ -158.041075, 21.486749 ], [ -158.040746, 21.486729 ], [ -158.040516, 21.486941 ], [ -158.040513, 21.487268 ], [ -158.037749, 21.485183 ], [ -158.037037, 21.488748 ], [ -158.033383, 21.489788 ], [ -158.030938, 21.490114 ], [ -158.030053, 21.489934 ], [ -158.029744, 21.489622 ], [ -158.029392, 21.488979 ], [ -158.029079, 21.488759 ], [ -158.028724, 21.488682 ], [ -158.028257, 21.488663 ] ] ] ] } },
{ "type": "Feature", "properties": { "name": "Training Area Bellows", "tenure": "fee_or_other", "acres": 1093.0 }, "geometry": { "type": "Polygon", "coordinates": [ [ [ -157.709578, 21.364741 ], [ -157.709768, 21.364428 ], [ -157.709446, 21.361691 ], [ -157.709039, 21.359515 ], [ -157.708278, 21.357749 ], [ -157.708333, 21.357315 ], [ -157.708628, 21.35687 ], [ -157.708547, 21.356787 ], [ -157.708176, 21.356928 ], [ -157.707955, 21.356614 ], [ -157.707836, 21.355567 ], [ -157.707679, 21.355412 ], [ -157.706495, 21.351954 ], [ -157.706255, 21.351804 ], [ -157.705796, 21.350904 ], [ -157.70549, 21.351013 ], [ -157.705256, 21.350868 ], [ -157.705256, 21.350751 ], [ -157.711507, 21.351122 ], [ -157.714403, 21.34955 ], [ -157.715836, 21.348488 ], [ -157.712398, 21.348461 ], [ -157.71129, 21.348127 ], [ -157.710931, 21.346595 ], [ -157.711605, 21.346269 ], [ -157.712178, 21.346475 ], [ -157.713287, 21.346653 ], [ -157.716859, 21.34844 ], [ -157.71974, 21.348876 ], [ -157.719859, 21.348197 ], [ -157.722492, 21.348641 ], [ -157.722996, 21.349338 ], [ -157.722758, 21.349524 ], [ -157.72289, 21.349731 ], [ -157.722675, 21.353591 ], [ -157.722734, 21.354968 ], [ -157.722273, 21.35773 ], [ -157.72627, 21.361645 ], [ -157.727059, 21.361017 ], [ -157.728055, 21.361377 ], [ -157.729672, 21.361385 ], [ -157.730769, 21.362658 ], [ -157.731266, 21.36296 ], [ -157.731301, 21.363395 ], [ -157.732335, 21.364063 ], [ -157.732043, 21.364477 ], [ -157.731285, 21.365088 ], [ -157.731506, 21.366556 ], [ -157.731017, 21.367222 ], [ -157.730928, 21.367725 ], [ -157.729639, 21.368896 ], [ -157.729115, 21.369083 ], [ -157.72887, 21.368867 ], [ -157.727834, 21.368827 ], [ -157.727787, 21.368489 ], [ -157.726644, 21.367745 ], [ -157.726279, 21.367907 ], [ -157.725225, 21.367986 ], [ -157.725007, 21.367692 ], [ -157.724708, 21.367597 ], [ -157.724176, 21.367752 ], [ -157.723525, 21.367677 ], [ -157.723206, 21.368164 ], [ -157.722692, 21.36815 ], [ -157.722427, 21.368421 ], [ -157.721624, 21.368526 ], [ -157.721469, 21.368365 ], [ -157.720685, 21.36829 ], [ -157.720309, 21.368623 ], [ -157.719876, 21.3696 ], [ -157.720021, 21.370246 ], [ -157.719889, 21.371141 ], [ -157.720306, 21.371605 ], [ -157.720376, 21.372047 ], [ -157.720278, 21.373088 ], [ -157.719533, 21.37353 ], [ -157.718803, 21.37448 ], [ -157.718919, 21.375102 ], [ -157.719693, 21.375357 ], [ -157.719831, 21.375921 ], [ -157.71961, 21.376252 ], [ -157.719643, 21.37706 ], [ -157.719827, 21.377692 ], [ -157.719695, 21.378212 ], [ -157.719272, 21.378536 ], [ -157.719126, 21.379257 ], [ -157.719534, 21.380322 ], [ -157.719568, 21.380879 ], [ -157.719127, 21.380166 ], [ -157.718635, 21.379667 ], [ -157.717109, 21.378748 ], [ -157.716419, 21.378962 ], [ -157.715115, 21.378763 ], [ -157.714611, 21.378866 ], [ -157.712006, 21.378757 ], [ -157.710727, 21.379465 ], [ -157.709279, 21.379224 ], [ -157.708832, 21.37901 ], [ -157.708677, 21.379126 ], [ -157.708701, 21.378037 ], [ -157.71079, 21.3775 ], [ -157.713568, 21.377521 ], [ -157.713678, 21.376936 ], [ -157.713165, 21.375989 ], [ -157.713824, 21.37209 ], [ -157.714998, 21.368879 ], [ -157.715142, 21.364325 ], [ -157.715954, 21.362802 ], [ -157.714389, 21.363148 ], [ -157.711597, 21.364656 ], [ -157.709738, 21.365176 ], [ -157.709578, 21.364741 ] ], [ [ -157.729558, 21.368741 ], [ -157.729631, 21.368702 ], [ -157.729582, 21.368622 ], [ -157.729509, 21.368661 ], [ -157.729558, 21.368741 ] ] ] } },
{ "type": "Feature", "properties": { "name": "Tripler Army Medical Center", "tenure": "fee_or_other", "acres": 356.0 }, "geometry": { "type": "Polygon", "coordinates": [ [ [ -157.882085, 21.366992 ], [ -157.880662, 21.362704 ], [ -157.88376, 21.360991 ], [ -157.886739, 21.359051 ], [ -157.88794, 21.358614 ], [ -157.891006, 21.355779 ], [ -157.893886, 21.355906 ], [ -157.894994, 21.357278 ], [ -157.896522, 21.357473 ], [ -157.897028, 21.357758 ], [ -157.897294, 21.358217 ], [ -157.897275, 21.35877 ], [ -157.89812, 21.359052 ], [ -157.898138, 21.360292 ], [ -157.89759, 21.362011 ], [ -157.894767, 21.363653 ], [ -157.893852, 21.363976 ], [ -157.893069, 21.365633 ], [ -157.892714, 21.365919 ], [ -157.891176, 21.366457 ], [ -157.890535, 21.366092 ], [ -157.889745, 21.366588 ], [ -157.888626, 21.36752 ], [ -157.886773, 21.367847 ], [ -157.885935, 21.367211 ], [ -157.882085, 21.366992 ] ] ] } },
{ "type": "Feature", "properties": { "name": "Wahiawa Annex", "tenure": "fee_or_other", "acres": 693.0 }, "geometry": { "type": "Polygon", "coordinates": [ [ [ -158.016381, 21.526982 ], [ -158.016258, 21.526335 ], [ -158.015712, 21.526178 ], [ -158.015298, 21.525895 ], [ -158.015135, 21.525246 ], [ -158.014927, 21.524965 ], [ -158.014258, 21.524822 ], [ -158.013528, 21.52483 ], [ -158.013381, 21.52509 ], [ -158.013667, 21.525389 ], [ -158.014406, 21.525666 ], [ -158.014844, 21.526062 ], [ -158.014993, 21.526445 ], [ -158.014888, 21.526639 ], [ -158.014187, 21.526438 ], [ -158.014123, 21.526221 ], [ -158.013765, 21.525965 ], [ -158.012293, 21.526452 ], [ -158.011323, 21.526216 ], [ -158.011904, 21.525716 ], [ -158.012035, 21.525348 ], [ -158.011742, 21.52497 ], [ -158.011076, 21.524785 ], [ -158.010733, 21.524879 ], [ -158.010569, 21.525071 ], [ -158.010623, 21.525954 ], [ -158.010399, 21.526852 ], [ -158.010208, 21.526973 ], [ -158.009917, 21.526933 ], [ -158.009481, 21.526654 ], [ -158.009493, 21.526341 ], [ -158.008968, 21.525602 ], [ -158.009038, 21.52465 ], [ -158.008921, 21.52413 ], [ -158.008554, 21.524284 ], [ -158.00779, 21.525377 ], [ -158.00737, 21.525619 ], [ -158.007231, 21.524647 ], [ -158.00708, 21.524607 ], [ -158.006693, 21.523881 ], [ -158.00634, 21.523515 ], [ -158.005694, 21.523393 ], [ -158.005452, 21.523548 ], [ -158.004811, 21.523134 ], [ -158.004129, 21.52288 ], [ -158.003923, 21.524275 ], [ -158.002747, 21.524323 ], [ -158.002416, 21.52442 ], [ -158.001913, 21.524796 ], [ -158.001634, 21.525334 ], [ -158.001802, 21.525498 ], [ -158.002519, 21.525514 ], [ -158.002373, 21.525669 ], [ -158.002011, 21.525787 ], [ -158.001514, 21.525748 ], [ -158.000537, 21.526353 ], [ -157.999512, 21.525848 ], [ -157.999054, 21.526262 ], [ -157.998068, 21.525717 ], [ -157.99768, 21.524746 ], [ -157.996953, 21.524484 ], [ -157.99579, 21.523162 ], [ -157.995132, 21.523295 ], [ -157.994988, 21.522637 ], [ -157.994312, 21.522283 ], [ -157.99331, 21.522174 ], [ -157.993502, 21.52266 ], [ -157.992469, 21.521927 ], [ -157.99245, 21.521424 ], [ -157.991998, 21.521322 ], [ -157.991627, 21.521531 ], [ -157.9913, 21.520374 ], [ -157.990698, 21.520217 ], [ -157.991398, 21.517169 ], [ -157.993249, 21.515185 ], [ -157.995593, 21.515612 ], [ -157.9962, 21.514629 ], [ -157.997481, 21.513811 ], [ -157.997589, 21.514633 ], [ -157.999201, 21.51457 ], [ -158.000289, 21.513688 ], [ -158.00035, 21.513153 ], [ -158.001215, 21.513513 ], [ -158.002256, 21.513534 ], [ -158.002906, 21.514003 ], [ -158.003269, 21.513469 ], [ -158.004152, 21.514098 ], [ -158.004541, 21.514031 ], [ -158.004792, 21.515601 ], [ -158.005976, 21.515238 ], [ -158.006031, 21.517778 ], [ -158.006599, 21.517919 ], [ -158.007144, 21.518638 ], [ -158.007937, 21.518718 ], [ -158.008316, 21.519157 ], [ -158.008807, 21.519213 ], [ -158.009557, 21.518828 ], [ -158.009831, 21.518808 ], [ -158.010281, 21.519164 ], [ -158.010518, 21.519087 ], [ -158.010806, 21.518774 ], [ -158.011105, 21.518759 ], [ -158.011443, 21.519081 ], [ -158.012499, 21.519402 ], [ -158.012715, 21.519241 ], [ -158.012767, 21.518851 ], [ -158.01312, 21.518388 ], [ -158.013938, 21.518608 ], [ -158.014146, 21.518385 ], [ -158.014006, 21.51794 ], [ -158.014571, 21.517888 ], [ -158.014833, 21.517612 ], [ -158.015252, 21.517615 ], [ -158.015487, 21.517378 ], [ -158.015984, 21.517621 ], [ -158.016179, 21.517481 ], [ -158.017003, 21.517334 ], [ -158.017652, 21.517824 ], [ -158.017616, 21.518086 ], [ -158.018518, 21.518486 ], [ -158.019018, 21.518365 ], [ -158.01938, 21.518435 ], [ -158.019747, 21.518225 ], [ -158.022199, 21.521526 ], [ -158.02169, 21.521721 ], [ -158.021486, 21.522248 ], [ -158.02181, 21.522363 ], [ -158.022528, 21.522174 ], [ -158.022658, 21.522278 ], [ -158.021908, 21.522921 ], [ -158.021714, 21.523465 ], [ -158.02101, 21.52352 ], [ -158.02044, 21.523365 ], [ -158.019676, 21.524021 ], [ -158.0191, 21.52427 ], [ -158.018584, 21.525256 ], [ -158.018625, 21.525635 ], [ -158.018407, 21.526087 ], [ -158.018112, 21.526331 ], [ -158.01758, 21.52645 ], [ -158.017211, 21.527339 ], [ -158.016717, 21.527476 ], [ -158.016381, 21.526982 ] ] ] } },
{ "type": "Feature", "properties": { "name": "Waiawa Cut-off", "tenure": "fee_or_other", "acres": 24.0 }, "geometry": { "type": "Polygon", "coordinates": [ [ [ -157.980855, 21.395638 ], [ -157.980125, 21.395301 ], [ -157.980819, 21.393573 ], [ -157.984231, 21.394936 ], [ -157.985255, 21.394998 ], [ -157.985641, 21.395523 ], [ -157.987052, 21.395074 ], [ -157.987143, 21.395207 ], [ -157.984446, 21.396036 ], [ -157.981649, 21.396262 ], [ -157.980855, 21.395638 ] ] ] } },
{ "type": "Feature", "properties": { "name": "Waipio Peninsula", "tenure": "fee_or_other", "acres": 1492.0 }, "geometry": { "type": "MultiPolygon", "coordinates": [ [ [ [ -157.989477, 21.388237 ], [ -157.991117, 21.38767 ], [ -157.992277, 21.38675 ], [ -157.992468, 21.386317 ], [ -157.992476, 21.38511 ], [ -157.991662, 21.383015 ], [ -157.991434, 21.381879 ], [ -157.991305, 21.380397 ], [ -157.991636, 21.377371 ], [ -157.990663, 21.375101 ], [ -157.989627, 21.374595 ], [ -157.98911, 21.374132 ], [ -157.988613, 21.374112 ], [ -157.988272, 21.372836 ], [ -157.98791, 21.372252 ], [ -157.987618, 21.37093 ], [ -157.987215, 21.370123 ], [ -157.986856, 21.369786 ], [ -157.986545, 21.369243 ], [ -157.986327, 21.369011 ], [ -157.985818, 21.368793 ], [ -157.985396, 21.367841 ], [ -157.98516, 21.367649 ], [ -157.985015, 21.367557 ], [ -157.984494, 21.367589 ], [ -157.983929, 21.367353 ], [ -157.983254, 21.366248 ], [ -157.982717, 21.365937 ], [ -157.982345, 21.365525 ], [ -157.981539, 21.365346 ], [ -157.979624, 21.365639 ], [ -157.978898, 21.366303 ], [ -157.978317, 21.366437 ], [ -157.978164, 21.366515 ], [ -157.978229, 21.366658 ], [ -157.978088, 21.366664 ], [ -157.977539, 21.366076 ], [ -157.975085, 21.365595 ], [ -157.975131, 21.365309 ], [ -157.975407, 21.365247 ], [ -157.975128, 21.364686 ], [ -157.975242, 21.363926 ], [ -157.97509, 21.362864 ], [ -157.97514, 21.362159 ], [ -157.975274, 21.361817 ], [ -157.975824, 21.361248 ], [ -157.975916, 21.360956 ], [ -157.975618, 21.359993 ], [ -157.975099, 21.359566 ], [ -157.975245, 21.359373 ], [ -157.97506, 21.358894 ], [ -157.974526, 21.358929 ], [ -157.974178, 21.358666 ], [ -157.974076, 21.356904 ], [ -157.973838, 21.356481 ], [ -157.973001, 21.355774 ], [ -157.972082, 21.355496 ], [ -157.971485, 21.354794 ], [ -157.971218, 21.354079 ], [ -157.97121, 21.353529 ], [ -157.970924, 21.352885 ], [ -157.970987, 21.35256 ], [ -157.972535, 21.350264 ], [ -157.97286, 21.349481 ], [ -157.972744, 21.348397 ], [ -157.972323, 21.347688 ], [ -157.971851, 21.347321 ], [ -157.971502, 21.34676 ], [ -157.971806, 21.346434 ], [ -157.97184, 21.346131 ], [ -157.971591, 21.345653 ], [ -157.971731, 21.345509 ], [ -157.972136, 21.345409 ], [ -157.972176, 21.345243 ], [ -157.972069, 21.344963 ], [ -157.971428, 21.344877 ], [ -157.971251, 21.344734 ], [ -157.971216, 21.34339 ], [ -157.97131, 21.343352 ], [ -157.971425, 21.341693 ], [ -157.973502, 21.342088 ], [ -157.97466, 21.343334 ], [ -157.97487, 21.344248 ], [ -157.97553, 21.344752 ], [ -157.975909, 21.345318 ], [ -157.975876, 21.345709 ], [ -157.975995, 21.346028 ], [ -157.976218, 21.346027 ], [ -157.976242, 21.346225 ], [ -157.976555, 21.346357 ], [ -157.976843, 21.346427 ], [ -157.976965, 21.346201 ], [ -157.977284, 21.346403 ], [ -157.977328, 21.347064 ], [ -157.977907, 21.347657 ], [ -157.978141, 21.347595 ], [ -157.978401, 21.347815 ], [ -157.978497, 21.3482 ], [ -157.979051, 21.348644 ], [ -157.979803, 21.349596 ], [ -157.980009, 21.349907 ], [ -157.979835, 21.350287 ], [ -157.979889, 21.350463 ], [ -157.980262, 21.35115 ], [ -157.98074, 21.351589 ], [ -157.9817, 21.352031 ], [ -157.982764, 21.352094 ], [ -157.984764, 21.351139 ], [ -157.985698, 21.351015 ], [ -157.986893, 21.351368 ], [ -157.988769, 21.351604 ], [ -157.989106, 21.351938 ], [ -157.98938, 21.352763 ], [ -157.989508, 21.354071 ], [ -157.990145, 21.355024 ], [ -157.990631, 21.355292 ], [ -157.991523, 21.35613 ], [ -157.992934, 21.356745 ], [ -157.992899, 21.356948 ], [ -157.992506, 21.357028 ], [ -157.992317, 21.357208 ], [ -157.991743, 21.357255 ], [ -157.991615, 21.357459 ], [ -157.991187, 21.357466 ], [ -157.990452, 21.35774 ], [ -157.988893, 21.357711 ], [ -157.988317, 21.357808 ], [ -157.987546, 21.359247 ], [ -157.987133, 21.359321 ], [ -157.986899, 21.35959 ], [ -157.987386, 21.360213 ], [ -157.987256, 21.361229 ], [ -157.986947, 21.361608 ], [ -157.9869, 21.361876 ], [ -157.987144, 21.362625 ], [ -157.987288, 21.362684 ], [ -157.988093, 21.362501 ], [ -157.988764, 21.362981 ], [ -157.99132, 21.361058 ], [ -157.990916, 21.360888 ], [ -157.990942, 21.360748 ], [ -157.991511, 21.360672 ], [ -157.991791, 21.360266 ], [ -157.992353, 21.360266 ], [ -157.992598, 21.360041 ], [ -157.992732, 21.359653 ], [ -157.993222, 21.359591 ], [ -157.994301, 21.359849 ], [ -157.995194, 21.359758 ], [ -157.995717, 21.359072 ], [ -157.996672, 21.358672 ], [ -157.996918, 21.358161 ], [ -157.997001, 21.357518 ], [ -157.997486, 21.357212 ], [ -157.998244, 21.357101 ], [ -157.998614, 21.356811 ], [ -157.999149, 21.356706 ], [ -157.999509, 21.356731 ], [ -157.999659, 21.357087 ], [ -158.000073, 21.357083 ], [ -158.000297, 21.35775 ], [ -158.00081, 21.35814 ], [ -158.00074, 21.35895 ], [ -158.000372, 21.359529 ], [ -158.000032, 21.360709 ], [ -158.000393, 21.362114 ], [ -158.000852, 21.362322 ], [ -158.001045, 21.362944 ], [ -158.001671, 21.363679 ], [ -158.002398, 21.364013 ], [ -158.00322, 21.364172 ], [ -158.004168, 21.364784 ], [ -158.004016, 21.365957 ], [ -158.004319, 21.367334 ], [ -158.002361, 21.368385 ], [ -158.001826, 21.36918 ], [ -158.001851, 21.369882 ], [ -158.002184, 21.369993 ], [ -158.00234, 21.37049 ], [ -158.002334, 21.370771 ], [ -158.002098, 21.37105 ], [ -158.002253, 21.371874 ], [ -158.002748, 21.371708 ], [ -158.00331, 21.372735 ], [ -158.005934, 21.371998 ], [ -158.007463, 21.37175 ], [ -158.007629, 21.371888 ], [ -158.007495, 21.372997 ], [ -158.00489, 21.374079 ], [ -158.002777, 21.374704 ], [ -158.000611, 21.375173 ], [ -157.998038, 21.375576 ], [ -157.99749, 21.375423 ], [ -157.997326, 21.377433 ], [ -157.991637, 21.377899 ], [ -157.991893, 21.382151 ], [ -157.992221, 21.383093 ], [ -157.992782, 21.383932 ], [ -157.992541, 21.38456 ], [ -157.992563, 21.385917 ], [ -157.992493, 21.38628 ], [ -157.992414, 21.386508 ], [ -157.992313, 21.386707 ], [ -157.992185, 21.386892 ], [ -157.991816, 21.387248 ], [ -157.991534, 21.387452 ], [ -157.991237, 21.387636 ], [ -157.990439, 21.388002 ], [ -157.9897, 21.388206 ], [ -157.989129, 21.388292 ], [ -157.987616, 21.388272 ], [ -157.989477, 21.388237 ] ] ], [ [ [ -158.009038, 21.372321 ], [ -158.007955, 21.372768 ], [ -158.008269, 21.372209 ], [ -158.008582, 21.371713 ], [ -158.009038, 21.372321 ] ] ] ] } },
{ "type": "Feature", "properties": { "name": "West Loch Annex", "tenure": "fee_or_other", "acres": 3307.0 }, "geometry": { "type": "Polygon", "coordinates": [ [ [ -158.015188, 21.357452 ], [ -158.014431, 21.357642 ], [ -158.013684, 21.356806 ], [ -158.012752, 21.356249 ], [ -158.010242, 21.35561 ], [ -158.009337, 21.355646 ], [ -158.008911, 21.356126 ], [ -158.00887, 21.356479 ], [ -158.00841, 21.35702 ], [ -158.007561, 21.356885 ], [ -158.007089, 21.356473 ], [ -158.006995, 21.356144 ], [ -158.007072, 21.355851 ], [ -158.00689, 21.35554 ], [ -158.007222, 21.355695 ], [ -158.007882, 21.355492 ], [ -158.007567, 21.355315 ], [ -158.007198, 21.354714 ], [ -158.006736, 21.35454 ], [ -158.005847, 21.354763 ], [ -158.004758, 21.354074 ], [ -158.004635, 21.353746 ], [ -158.004365, 21.353475 ], [ -158.003471, 21.353141 ], [ -158.002378, 21.352189 ], [ -158.001078, 21.351834 ], [ -158.000792, 21.351915 ], [ -158.000789, 21.352092 ], [ -158.000585, 21.3522 ], [ -157.996477, 21.353898 ], [ -157.996409, 21.353707 ], [ -157.996079, 21.353629 ], [ -157.995299, 21.353537 ], [ -157.994903, 21.353614 ], [ -157.993834, 21.353345 ], [ -157.993484, 21.353168 ], [ -157.993018, 21.352636 ], [ -157.993216, 21.352379 ], [ -157.993278, 21.351271 ], [ -157.992981, 21.350705 ], [ -157.993036, 21.350439 ], [ -157.992908, 21.350216 ], [ -157.993222, 21.35012 ], [ -157.993347, 21.349854 ], [ -157.992763, 21.349455 ], [ -157.992194, 21.348474 ], [ -157.990865, 21.348465 ], [ -157.990847, 21.348697 ], [ -157.99125, 21.348705 ], [ -157.99125, 21.348791 ], [ -157.987888, 21.348799 ], [ -157.98787, 21.348662 ], [ -157.987485, 21.348885 ], [ -157.986688, 21.349031 ], [ -157.984471, 21.348688 ], [ -157.984219, 21.348799 ], [ -157.983897, 21.348723 ], [ -157.982949, 21.348817 ], [ -157.981869, 21.348345 ], [ -157.981154, 21.347096 ], [ -157.980234, 21.345101 ], [ -157.979614, 21.344374 ], [ -157.978707, 21.343698 ], [ -157.978327, 21.34311 ], [ -157.977567, 21.34256 ], [ -157.976842, 21.340424 ], [ -157.976802, 21.340004 ], [ -157.976114, 21.339726 ], [ -157.975517, 21.339653 ], [ -157.974815, 21.339271 ], [ -157.974361, 21.338381 ], [ -157.974606, 21.337849 ], [ -157.974482, 21.33727 ], [ -157.974175, 21.336891 ], [ -157.973345, 21.336414 ], [ -157.972678, 21.335539 ], [ -157.972591, 21.334942 ], [ -157.973271, 21.334183 ], [ -157.973255, 21.332916 ], [ -157.972965, 21.332225 ], [ -157.973299, 21.331861 ], [ -157.973077, 21.331531 ], [ -157.973394, 21.331214 ], [ -157.972706, 21.329386 ], [ -157.972428, 21.329107 ], [ -157.972548, 21.329161 ], [ -157.972674, 21.328912 ], [ -157.972542, 21.328853 ], [ -157.972417, 21.329097 ], [ -157.970888, 21.327606 ], [ -157.970597, 21.326867 ], [ -157.970513, 21.325615 ], [ -157.970631, 21.324787 ], [ -157.971253, 21.322783 ], [ -157.972523, 21.321183 ], [ -157.973557, 21.320148 ], [ -157.974177, 21.319681 ], [ -157.974435, 21.319325 ], [ -157.975539, 21.318581 ], [ -157.975795, 21.318153 ], [ -157.976096, 21.317195 ], [ -157.976663, 21.316587 ], [ -157.977782, 21.31587 ], [ -157.978846, 21.315545 ], [ -157.979429, 21.315591 ], [ -157.980464, 21.315967 ], [ -157.981934, 21.315916 ], [ -157.982023, 21.31701 ], [ -157.983195, 21.316846 ], [ -157.983069, 21.318531 ], [ -157.981844, 21.318434 ], [ -157.981612, 21.318712 ], [ -157.981612, 21.318941 ], [ -157.983043, 21.319014 ], [ -157.983043, 21.319159 ], [ -157.984203, 21.319304 ], [ -157.987362, 21.320534 ], [ -157.986487, 21.322065 ], [ -157.991267, 21.32262 ], [ -157.992742, 21.322267 ], [ -157.99151, 21.317746 ], [ -157.993039, 21.317402 ], [ -157.994316, 21.318446 ], [ -157.993814, 21.318986 ], [ -157.99824, 21.322607 ], [ -157.994677, 21.326432 ], [ -157.995916, 21.327446 ], [ -157.999161, 21.328364 ], [ -158.000926, 21.329104 ], [ -158.003324, 21.330349 ], [ -158.003836, 21.330387 ], [ -158.003795, 21.330488 ], [ -158.003199, 21.330624 ], [ -158.003389, 21.33209 ], [ -158.003826, 21.332389 ], [ -158.005765, 21.332828 ], [ -158.007789, 21.333481 ], [ -158.010424, 21.334668 ], [ -158.013289, 21.336484 ], [ -158.015683, 21.338571 ], [ -158.016213, 21.339129 ], [ -158.008774, 21.347035 ], [ -158.007128, 21.348338 ], [ -158.004592, 21.349593 ], [ -158.004409, 21.349862 ], [ -158.006759, 21.348827 ], [ -158.008585, 21.347544 ], [ -158.016368, 21.339325 ], [ -158.017909, 21.341256 ], [ -158.018917, 21.34286 ], [ -158.019963, 21.344987 ], [ -158.020728, 21.347178 ], [ -158.021161, 21.349049 ], [ -158.021404, 21.350951 ], [ -158.021456, 21.352866 ], [ -158.021315, 21.354777 ], [ -158.021982, 21.354909 ], [ -158.021716, 21.356278 ], [ -158.021683, 21.357142 ], [ -158.021819, 21.358077 ], [ -158.02213, 21.358975 ], [ -158.021125, 21.358237 ], [ -158.017947, 21.357263 ], [ -158.016359, 21.356952 ], [ -158.015188, 21.357452 ] ], [ [ -157.974038, 21.324682 ], [ -157.97381, 21.324434 ], [ -157.973114, 21.325065 ], [ -157.973242, 21.32519 ], [ -157.972604, 21.326462 ], [ -157.972736, 21.32646 ], [ -157.972981, 21.326722 ], [ -157.973035, 21.326111 ], [ -157.973539, 21.325195 ], [ -157.974038, 21.324682 ] ], [ [ -157.98564, 21.325255 ], [ -157.985937, 21.32486 ], [ -157.985688, 21.324697 ], [ -157.9854, 21.325094 ], [ -157.98564, 21.325255 ] ], [ [ -157.981514, 21.319232 ], [ -157.981389, 21.319719 ], [ -157.979696, 21.319645 ], [ -157.980525, 21.321093 ], [ -157.981476, 21.321937 ], [ -157.983105, 21.321131 ], [ -157.983049, 21.319308 ], [ -157.981514, 21.319232 ] ] ] } },
{ "type": "Feature", "properties": { "name": "Wheeler Army Airfield", "tenure": "fee_or_other", "acres": 83.0 }, "geometry": { "type": "Polygon", "coordinates": [ [ [ -158.046022, 21.475507 ], [ -158.042601, 21.473942 ], [ -158.041648, 21.469657 ], [ -158.04296, 21.469805 ], [ -158.043169, 21.470223 ], [ -158.044037, 21.470049 ], [ -158.044649, 21.470185 ], [ -158.044883, 21.470917 ], [ -158.046599, 21.472702 ], [ -158.046589, 21.473549 ], [ -158.047989, 21.47451 ], [ -158.04986, 21.474541 ], [ -158.051169, 21.474741 ], [ -158.05095, 21.475295 ], [ -158.050833, 21.475254 ], [ -158.049748, 21.478247 ], [ -158.046022, 21.475507 ] ] ] } },
{ "type": "Feature", "properties": { "name": "White Plains Beach", "tenure": "fee_or_other", "acres": 1117.0 }, "geometry": { "type": "MultiPolygon", "coordinates": [ [ [ [ -158.044775, 21.313587 ], [ -158.044568, 21.307845 ], [ -158.052828, 21.306288 ], [ -158.053216, 21.308112 ], [ -158.051367, 21.308311 ], [ -158.050847, 21.310239 ], [ -158.055933, 21.309983 ], [ -158.054891, 21.3154 ], [ -158.054035, 21.315387 ], [ -158.053525, 21.314961 ], [ -158.053146, 21.314832 ], [ -158.048445, 21.314964 ], [ -158.045528, 21.317098 ], [ -158.045528, 21.317527 ], [ -158.046045, 21.317527 ], [ -158.046122, 21.320434 ], [ -158.045016, 21.320434 ], [ -158.045017, 21.324518 ], [ -158.04687, 21.325805 ], [ -158.047047, 21.327343 ], [ -158.038954, 21.328043 ], [ -158.038347, 21.326728 ], [ -158.037525, 21.326219 ], [ -158.033623, 21.31874 ], [ -158.035146, 21.318036 ], [ -158.044775, 21.313587 ] ] ], [ [ [ -158.044552, 21.304523 ], [ -158.045683, 21.30419 ], [ -158.046602, 21.304808 ], [ -158.046406, 21.303866 ], [ -158.046664, 21.303291 ], [ -158.047329, 21.302997 ], [ -158.047653, 21.303632 ], [ -158.048466, 21.303397 ], [ -158.048298, 21.302703 ], [ -158.050304, 21.301422 ], [ -158.050198, 21.301138 ], [ -158.050352, 21.30105 ], [ -158.051682, 21.300902 ], [ -158.05262, 21.301136 ], [ -158.054065, 21.301063 ], [ -158.05751, 21.300669 ], [ -158.060157, 21.300089 ], [ -158.063284, 21.299979 ], [ -158.064406, 21.29983 ], [ -158.065036, 21.299942 ], [ -158.06726, 21.299841 ], [ -158.068503, 21.299424 ], [ -158.068869, 21.299413 ], [ -158.0699, 21.298959 ], [ -158.072257, 21.298332 ], [ -158.073511, 21.298321 ], [ -158.07349, 21.299036 ], [ -158.071918, 21.299347 ], [ -158.067273, 21.300691 ], [ -158.06588, 21.300682 ], [ -158.06391, 21.300164 ], [ -158.063038, 21.300072 ], [ -158.061174, 21.300268 ], [ -158.060254, 21.300479 ], [ -158.058924, 21.301152 ], [ -158.057883, 21.302177 ], [ -158.057289, 21.303286 ], [ -158.056831, 21.30522 ], [ -158.044659, 21.307516 ], [ -158.044552, 21.304523 ] ] ], [ [ [ -158.056324, 21.319875 ], [ -158.057408, 21.321259 ], [ -158.057494, 21.322354 ], [ -158.057642, 21.322803 ], [ -158.05849, 21.323656 ], [ -158.058717, 21.324087 ], [ -158.055525, 21.325214 ], [ -158.055829, 21.323183 ], [ -158.056324, 21.319875 ] ] ], [ [ [ -158.04678, 21.323687 ], [ -158.046869, 21.322735 ], [ -158.047403, 21.321767 ], [ -158.048972, 21.320343 ], [ -158.049865, 21.318292 ], [ -158.0503, 21.317872 ], [ -158.05084, 21.31758 ], [ -158.054087, 21.316618 ], [ -158.054787, 21.316023 ], [ -158.055245, 21.315176 ], [ -158.056093, 21.31547 ], [ -158.05649, 21.315915 ], [ -158.056594, 21.316456 ], [ -158.055274, 21.325295 ], [ -158.050071, 21.327056 ], [ -158.047426, 21.327314 ], [ -158.047334, 21.327244 ], [ -158.04678, 21.323687 ] ], [ [ -158.049311, 21.326069 ], [ -158.049257, 21.326081 ], [ -158.049299, 21.326073 ], [ -158.049311, 21.326069 ] ], [ [ -158.0496, 21.325966 ], [ -158.049548, 21.325989 ], [ -158.049579, 21.325977 ], [ -158.0496, 21.325966 ] ], [ [ -158.04969, 21.32592 ], [ -158.049641, 21.325946 ], [ -158.049667, 21.325933 ], [ -158.04969, 21.32592 ] ], [ [ -158.048141, 21.325897 ], [ -158.048182, 21.325922 ], [ -158.048186, 21.325924 ], [ -158.048141, 21.325897 ] ], [ [ -158.049777, 21.325867 ], [ -158.04973, 21.325897 ], [ -158.049752, 21.325884 ], [ -158.049777, 21.325867 ] ], [ [ -158.04986, 21.325809 ], [ -158.049815, 21.325842 ], [ -158.049833, 21.32583 ], [ -158.04986, 21.325809 ] ] ], [ [ [ -158.055227, 21.32565 ], [ -158.055232, 21.325928 ], [ -158.054925, 21.327999 ], [ -158.052204, 21.328927 ], [ -158.052533, 21.329834 ], [ -158.048793, 21.331062 ], [ -158.047719, 21.329008 ], [ -158.047479, 21.327543 ], [ -158.050236, 21.327248 ], [ -158.055128, 21.325591 ], [ -158.055227, 21.32565 ] ] ], [ [ [ -158.047478, 21.329047 ], [ -158.048515, 21.331202 ], [ -158.047713, 21.331415 ], [ -158.042151, 21.331529 ], [ -158.04162, 21.331389 ], [ -158.041157, 21.330973 ], [ -158.040986, 21.330482 ], [ -158.040976, 21.328099 ], [ -158.0471, 21.32752 ], [ -158.047478, 21.329047 ] ] ] ] } }
]
}
