{
"type": "FeatureCollection",
"name": "slud",
"crs": { "type": "name", "properties": { "name": "urn:ogc:def:crs:OGC:1.3:CRS84" } },
"xy_coordinate_resolution": 1e-06,
"features": [
{ "type": "Feature", "properties": { "ludcode": "A", "acres": 120789.0 }, "geometry": { "type": "MultiPolygon", "coordinates": [ [ [ [ -158.099847, 21.316351 ], [ -158.099512, 21.316349 ], [ -158.09949, 21.31545 ], [ -158.099192, 21.313553 ], [ -158.092961, 21.313705 ], [ -158.090318, 21.318183 ], [ -158.088208, 21.318933 ], [ -158.087744, 21.313626 ], [ -158.111751, 21.313069 ], [ -158.112504, 21.313306 ], [ -158.11311, 21.313876 ], [ -158.114722, 21.317916 ], [ -158.114426, 21.317652 ], [ -158.112979, 21.313995 ], [ -158.112416, 21.313447 ], [ -158.111713, 21.313231 ], [ -158.09969, 21.313535 ], [ -158.099559, 21.313745 ], [ -158.099815, 21.315471 ], [ -158.099847, 21.316351 ] ] ], [ [ [ -158.040152, 21.333542 ], [ -158.038753, 21.334105 ], [ -158.037869, 21.331887 ], [ -158.044671, 21.331762 ], [ -158.04521, 21.332915 ], [ -158.041366, 21.33326 ], [ -158.040152, 21.333542 ] ] ], [ [ [ -158.102043, 21.342833 ], [ -158.101926, 21.34273 ], [ -158.102122, 21.34255 ], [ -158.101777, 21.342261 ], [ -158.102177, 21.342327 ], [ -158.102452, 21.342614 ], [ -158.102709, 21.342635 ], [ -158.102978, 21.343076 ], [ -158.1022, 21.343528 ], [ -158.101799, 21.343148 ], [ -158.101912, 21.342947 ], [ -158.102043, 21.342833 ] ] ], [ [ [ -158.092533, 21.349902 ], [ -158.092131, 21.351455 ], [ -158.092242, 21.352407 ], [ -158.091678, 21.353078 ], [ -158.091616, 21.353662 ], [ -158.091186, 21.354223 ], [ -158.092238, 21.354632 ], [ -158.090804, 21.356594 ], [ -158.090543, 21.356817 ], [ -158.090273, 21.356816 ], [ -158.090024, 21.356589 ], [ -158.08971, 21.354889 ], [ -158.090039, 21.352959 ], [ -158.09057, 21.352249 ], [ -158.090626, 21.351313 ], [ -158.090853, 21.351134 ], [ -158.090966, 21.350445 ], [ -158.090901, 21.350163 ], [ -158.091233, 21.349248 ], [ -158.092009, 21.349425 ], [ -158.092115, 21.349296 ], [ -158.092068, 21.348771 ], [ -158.092198, 21.348086 ], [ -158.093469, 21.347103 ], [ -158.093625, 21.346695 ], [ -158.09353, 21.345921 ], [ -158.094364, 21.346676 ], [ -158.094112, 21.347756 ], [ -158.093186, 21.348477 ], [ -158.09295, 21.349457 ], [ -158.092533, 21.349902 ] ] ], [ [ [ -158.043878, 21.37215 ], [ -158.043632, 21.371841 ], [ -158.044104, 21.371512 ], [ -158.044309, 21.371849 ], [ -158.043878, 21.37215 ] ] ], [ [ [ -158.046217, 21.370988 ], [ -158.047083, 21.372168 ], [ -158.045545, 21.373158 ], [ -158.044378, 21.372572 ], [ -158.044678, 21.372363 ], [ -158.044522, 21.372165 ], [ -158.046217, 21.370988 ] ] ], [ [ [ -158.004158, 21.399202 ], [ -158.004355, 21.39913 ], [ -158.004493, 21.39942 ], [ -158.004281, 21.399499 ], [ -158.004158, 21.399202 ] ] ], [ [ [ -158.005243, 21.401191 ], [ -158.004458, 21.401288 ], [ -158.004384, 21.400753 ], [ -158.005168, 21.400658 ], [ -158.005243, 21.401191 ] ] ], [ [ [ -158.167643, 21.409567 ], [ -158.171796, 21.409502 ], [ -158.173298, 21.415798 ], [ -158.167651, 21.416593 ], [ -158.167643, 21.409567 ] ] ], [ [ [ -158.154224, 21.479296 ], [ -158.153876, 21.478616 ], [ -158.152541, 21.474964 ], [ -158.151541, 21.476275 ], [ -158.151699, 21.476406 ], [ -158.151022, 21.477278 ], [ -158.147472, 21.467686 ], [ -158.14708, 21.468066 ], [ -158.134623, 21.470191 ], [ -158.124258, 21.465663 ], [ -158.122358, 21.463855 ], [ -158.121744, 21.463481 ], [ -158.121434, 21.463134 ], [ -158.121244, 21.462438 ], [ -158.120942, 21.46234 ], [ -158.119193, 21.462934 ], [ -158.118689, 21.464084 ], [ -158.119251, 21.464887 ], [ -158.119235, 21.465294 ], [ -158.119556, 21.466087 ], [ -158.119592, 21.466519 ], [ -158.118941, 21.467185 ], [ -158.118677, 21.467754 ], [ -158.118745, 21.468412 ], [ -158.118623, 21.469444 ], [ -158.111013, 21.467077 ], [ -158.110231, 21.460431 ], [ -158.108454, 21.455289 ], [ -158.109466, 21.433713 ], [ -158.097068, 21.433277 ], [ -158.096581, 21.426227 ], [ -158.105996, 21.423975 ], [ -158.109229, 21.416702 ], [ -158.118842, 21.418037 ], [ -158.128973, 21.414647 ], [ -158.132506, 21.413743 ], [ -158.132217, 21.406233 ], [ -158.13919, 21.409321 ], [ -158.141091, 21.407333 ], [ -158.140877, 21.405315 ], [ -158.140413, 21.405289 ], [ -158.13982, 21.404974 ], [ -158.139126, 21.40386 ], [ -158.138758, 21.400551 ], [ -158.138509, 21.399747 ], [ -158.138152, 21.396973 ], [ -158.139505, 21.393497 ], [ -158.140912, 21.390952 ], [ -158.143788, 21.388869 ], [ -158.144088, 21.388847 ], [ -158.144078, 21.387617 ], [ -158.148333, 21.391287 ], [ -158.143359, 21.392779 ], [ -158.142976, 21.393148 ], [ -158.141759, 21.39509 ], [ -158.14174, 21.39583 ], [ -158.142506, 21.398245 ], [ -158.14295, 21.39898 ], [ -158.142435, 21.406297 ], [ -158.14374, 21.407113 ], [ -158.14443, 21.406635 ], [ -158.145093, 21.405656 ], [ -158.144898, 21.404618 ], [ -158.145107, 21.403805 ], [ -158.144978, 21.403646 ], [ -158.145405, 21.402091 ], [ -158.145999, 21.400317 ], [ -158.146495, 21.399386 ], [ -158.147259, 21.398334 ], [ -158.153145, 21.395076 ], [ -158.157129, 21.398521 ], [ -158.160562, 21.398496 ], [ -158.160401, 21.39827 ], [ -158.160804, 21.398103 ], [ -158.160952, 21.39834 ], [ -158.161483, 21.398123 ], [ -158.162539, 21.399122 ], [ -158.162952, 21.397982 ], [ -158.164438, 21.398455 ], [ -158.164097, 21.399402 ], [ -158.159468, 21.400719 ], [ -158.157439, 21.401406 ], [ -158.155891, 21.401598 ], [ -158.155064, 21.402031 ], [ -158.153405, 21.4032 ], [ -158.152422, 21.404285 ], [ -158.152014, 21.405327 ], [ -158.152195, 21.405583 ], [ -158.153223, 21.405543 ], [ -158.15461, 21.405822 ], [ -158.155339, 21.405836 ], [ -158.156681, 21.40555 ], [ -158.157187, 21.406213 ], [ -158.157393, 21.406253 ], [ -158.158274, 21.405863 ], [ -158.16032, 21.404418 ], [ -158.160818, 21.404277 ], [ -158.161544, 21.404407 ], [ -158.163342, 21.410246 ], [ -158.165035, 21.412056 ], [ -158.16817, 21.418285 ], [ -158.170698, 21.417386 ], [ -158.171892, 21.422534 ], [ -158.174803, 21.42212 ], [ -158.1752, 21.423799 ], [ -158.172289, 21.424206 ], [ -158.172879, 21.426686 ], [ -158.1742, 21.426499 ], [ -158.174685, 21.428513 ], [ -158.173236, 21.42872 ], [ -158.173401, 21.429436 ], [ -158.174798, 21.430457 ], [ -158.174683, 21.430588 ], [ -158.175069, 21.430844 ], [ -158.173476, 21.431947 ], [ -158.172853, 21.432811 ], [ -158.172162, 21.434096 ], [ -158.172334, 21.434228 ], [ -158.171528, 21.435687 ], [ -158.171231, 21.436721 ], [ -158.170984, 21.437876 ], [ -158.170958, 21.438676 ], [ -158.17123, 21.438781 ], [ -158.173116, 21.437493 ], [ -158.173647, 21.436999 ], [ -158.174078, 21.436199 ], [ -158.175167, 21.435304 ], [ -158.175939, 21.43484 ], [ -158.171134, 21.443265 ], [ -158.169766, 21.443767 ], [ -158.168668, 21.444601 ], [ -158.168148, 21.445653 ], [ -158.167561, 21.447923 ], [ -158.166632, 21.449577 ], [ -158.165237, 21.451066 ], [ -158.163761, 21.45222 ], [ -158.162847, 21.453444 ], [ -158.162239, 21.453958 ], [ -158.159132, 21.455608 ], [ -158.158069, 21.455854 ], [ -158.155022, 21.457211 ], [ -158.154299, 21.457821 ], [ -158.153818, 21.459079 ], [ -158.153478, 21.459432 ], [ -158.152311, 21.460179 ], [ -158.150724, 21.460879 ], [ -158.149779, 21.461517 ], [ -158.149319, 21.46206 ], [ -158.149152, 21.462817 ], [ -158.149281, 21.463146 ], [ -158.150513, 21.463548 ], [ -158.151764, 21.463482 ], [ -158.154795, 21.462653 ], [ -158.155417, 21.462625 ], [ -158.157758, 21.463222 ], [ -158.157957, 21.463143 ], [ -158.158066, 21.462919 ], [ -158.158051, 21.461941 ], [ -158.157569, 21.458717 ], [ -158.157825, 21.458133 ], [ -158.158075, 21.457874 ], [ -158.160141, 21.457166 ], [ -158.161054, 21.456134 ], [ -158.16349, 21.454175 ], [ -158.164149, 21.45326 ], [ -158.166022, 21.451901 ], [ -158.166811, 21.451034 ], [ -158.168762, 21.448059 ], [ -158.169168, 21.447716 ], [ -158.170649, 21.446782 ], [ -158.171547, 21.446408 ], [ -158.172501, 21.446193 ], [ -158.174086, 21.446055 ], [ -158.17545, 21.446295 ], [ -158.177006, 21.447286 ], [ -158.177894, 21.447229 ], [ -158.179061, 21.446754 ], [ -158.179481, 21.446955 ], [ -158.179965, 21.446859 ], [ -158.180088, 21.447461 ], [ -158.181534, 21.447358 ], [ -158.18247, 21.447594 ], [ -158.184631, 21.449513 ], [ -158.185375, 21.449905 ], [ -158.186112, 21.450072 ], [ -158.185826, 21.450313 ], [ -158.187717, 21.451748 ], [ -158.187079, 21.452511 ], [ -158.186317, 21.451931 ], [ -158.185326, 21.453569 ], [ -158.19265, 21.458995 ], [ -158.19143, 21.460311 ], [ -158.189198, 21.463673 ], [ -158.179642, 21.472599 ], [ -158.17416, 21.471551 ], [ -158.174792, 21.476272 ], [ -158.170002, 21.477893 ], [ -158.168044, 21.487491 ], [ -158.164111, 21.488199 ], [ -158.161396, 21.486421 ], [ -158.161318, 21.486009 ], [ -158.161018, 21.485614 ], [ -158.160558, 21.485189 ], [ -158.159997, 21.48494 ], [ -158.159529, 21.484329 ], [ -158.158607, 21.48406 ], [ -158.158242, 21.483776 ], [ -158.158103, 21.483568 ], [ -158.157869, 21.481793 ], [ -158.157518, 21.481127 ], [ -158.157096, 21.480658 ], [ -158.156368, 21.480276 ], [ -158.155488, 21.479554 ], [ -158.154379, 21.479385 ], [ -158.154224, 21.479296 ] ] ], [ [ [ -157.995372, 21.441377 ], [ -157.994813, 21.441615 ], [ -157.994437, 21.441432 ], [ -157.994872, 21.439949 ], [ -157.995944, 21.440482 ], [ -157.995372, 21.441377 ] ] ], [ [ [ -157.9988, 21.46409 ], [ -157.998829, 21.463202 ], [ -158.000248, 21.46386 ], [ -157.999082, 21.464658 ], [ -157.99892, 21.464452 ], [ -157.998667, 21.464626 ], [ -157.998509, 21.464424 ], [ -157.998582, 21.464298 ], [ -157.9988, 21.46409 ] ] ], [ [ [ -158.005735, 21.465517 ], [ -158.00608, 21.465648 ], [ -158.00605, 21.465919 ], [ -158.005928, 21.466004 ], [ -158.005636, 21.465823 ], [ -158.005735, 21.465517 ] ] ], [ [ [ -158.010179, 21.469589 ], [ -158.010289, 21.469151 ], [ -158.01101, 21.469703 ], [ -158.011226, 21.469553 ], [ -158.011241, 21.46904 ], [ -158.01106, 21.468693 ], [ -158.011351, 21.468679 ], [ -158.011523, 21.468849 ], [ -158.0117, 21.468503 ], [ -158.011864, 21.468575 ], [ -158.012427, 21.46822 ], [ -158.012729, 21.467729 ], [ -158.0123, 21.467129 ], [ -158.012453, 21.46708 ], [ -158.012701, 21.467362 ], [ -158.012892, 21.467342 ], [ -158.012989, 21.466619 ], [ -158.012917, 21.46621 ], [ -158.013183, 21.466126 ], [ -158.013383, 21.466394 ], [ -158.014147, 21.466253 ], [ -158.014483, 21.465862 ], [ -158.015086, 21.465483 ], [ -158.015348, 21.46489 ], [ -158.015319, 21.464125 ], [ -158.015598, 21.463805 ], [ -158.016504, 21.463377 ], [ -158.016754, 21.463035 ], [ -158.016823, 21.462185 ], [ -158.017026, 21.461791 ], [ -158.017701, 21.461782 ], [ -158.017955, 21.462041 ], [ -158.018134, 21.462682 ], [ -158.019074, 21.462386 ], [ -158.019936, 21.462483 ], [ -158.02128, 21.46191 ], [ -158.021939, 21.461963 ], [ -158.022019, 21.462076 ], [ -158.021352, 21.463181 ], [ -158.020504, 21.463435 ], [ -158.019941, 21.463954 ], [ -158.019445, 21.464636 ], [ -158.019371, 21.465475 ], [ -158.01864, 21.465882 ], [ -158.018218, 21.467163 ], [ -158.017671, 21.467642 ], [ -158.01788, 21.468337 ], [ -158.017427, 21.469294 ], [ -158.016961, 21.469896 ], [ -158.016417, 21.470176 ], [ -158.015258, 21.470418 ], [ -158.015342, 21.470919 ], [ -158.015254, 21.471206 ], [ -158.015013, 21.471602 ], [ -158.014451, 21.472048 ], [ -158.014267, 21.472829 ], [ -158.014636, 21.473357 ], [ -158.014589, 21.473586 ], [ -158.014822, 21.473771 ], [ -158.0143, 21.474621 ], [ -158.010504, 21.472891 ], [ -158.009445, 21.472126 ], [ -158.008667, 21.471371 ], [ -158.008353, 21.471244 ], [ -158.007996, 21.470742 ], [ -158.008937, 21.470377 ], [ -158.00937, 21.470056 ], [ -158.010179, 21.469589 ] ] ], [ [ [ -158.004383, 21.47335 ], [ -158.004413, 21.473007 ], [ -158.00479, 21.473186 ], [ -158.004692, 21.473375 ], [ -158.004383, 21.47335 ] ] ], [ [ [ -158.05847, 21.635428 ], [ -158.058365, 21.635614 ], [ -158.058053, 21.63575 ], [ -158.055725, 21.634985 ], [ -158.054669, 21.633054 ], [ -158.054214, 21.632535 ], [ -158.051958, 21.631134 ], [ -158.050925, 21.630898 ], [ -158.050613, 21.630611 ], [ -158.050496, 21.630026 ], [ -158.0502, 21.629661 ], [ -158.048304, 21.628881 ], [ -158.047923, 21.62847 ], [ -158.047568, 21.627639 ], [ -158.047131, 21.626981 ], [ -158.046659, 21.626645 ], [ -158.046198, 21.626467 ], [ -158.04548, 21.626464 ], [ -158.044322, 21.625742 ], [ -158.04397, 21.625643 ], [ -158.043056, 21.624831 ], [ -158.043001, 21.624453 ], [ -158.041822, 21.623792 ], [ -158.041165, 21.623709 ], [ -158.040468, 21.622896 ], [ -158.040128, 21.622775 ], [ -158.039513, 21.622999 ], [ -158.038951, 21.622494 ], [ -158.038124, 21.622257 ], [ -158.03759, 21.622004 ], [ -158.037218, 21.621644 ], [ -158.036427, 21.62135 ], [ -158.035646, 21.620511 ], [ -158.034527, 21.61876 ], [ -158.034305, 21.618626 ], [ -158.034021, 21.618656 ], [ -158.033238, 21.619266 ], [ -158.032907, 21.619318 ], [ -158.031775, 21.617799 ], [ -158.030847, 21.617482 ], [ -158.030007, 21.616654 ], [ -158.029238, 21.616414 ], [ -158.028501, 21.613671 ], [ -158.027491, 21.613292 ], [ -158.026426, 21.612533 ], [ -158.02599, 21.612055 ], [ -158.024651, 21.609988 ], [ -158.023906, 21.610257 ], [ -158.023719, 21.610079 ], [ -158.023816, 21.609276 ], [ -158.024206, 21.608552 ], [ -158.024109, 21.60707 ], [ -158.023075, 21.606328 ], [ -158.022438, 21.606354 ], [ -158.022155, 21.606222 ], [ -158.021937, 21.604873 ], [ -158.021489, 21.604427 ], [ -158.020965, 21.603637 ], [ -158.02034, 21.603084 ], [ -158.01935, 21.601709 ], [ -158.017725, 21.601428 ], [ -158.016582, 21.600107 ], [ -158.015369, 21.599276 ], [ -158.01541, 21.598036 ], [ -158.014603, 21.597033 ], [ -158.013949, 21.596433 ], [ -158.013807, 21.595967 ], [ -158.011789, 21.596093 ], [ -158.009785, 21.59502 ], [ -158.009956, 21.594964 ], [ -158.010716, 21.595274 ], [ -158.011322, 21.595207 ], [ -158.011981, 21.594904 ], [ -158.012659, 21.595151 ], [ -158.013089, 21.595152 ], [ -158.013624, 21.594963 ], [ -158.014202, 21.595191 ], [ -158.015144, 21.595273 ], [ -158.016028, 21.594914 ], [ -158.016269, 21.594959 ], [ -158.016569, 21.595205 ], [ -158.017628, 21.595023 ], [ -158.018759, 21.594341 ], [ -158.019059, 21.593789 ], [ -158.019135, 21.593311 ], [ -158.01993, 21.592446 ], [ -158.020949, 21.592124 ], [ -158.022357, 21.592205 ], [ -158.022981, 21.591766 ], [ -158.023465, 21.592128 ], [ -158.023753, 21.59218 ], [ -158.024301, 21.591457 ], [ -158.025809, 21.590566 ], [ -158.026426, 21.590682 ], [ -158.026744, 21.591091 ], [ -158.026927, 21.591066 ], [ -158.027193, 21.590797 ], [ -158.027981, 21.590743 ], [ -158.028712, 21.590517 ], [ -158.028811, 21.590759 ], [ -158.028705, 21.591063 ], [ -158.028081, 21.591823 ], [ -158.028122, 21.591916 ], [ -158.02838, 21.591922 ], [ -158.029794, 21.591393 ], [ -158.03036, 21.59103 ], [ -158.031208, 21.590811 ], [ -158.032097, 21.590238 ], [ -158.032951, 21.590189 ], [ -158.033746, 21.589859 ], [ -158.034393, 21.589744 ], [ -158.035372, 21.58895 ], [ -158.035743, 21.58834 ], [ -158.036697, 21.587723 ], [ -158.038081, 21.587529 ], [ -158.03852, 21.587308 ], [ -158.040694, 21.58719 ], [ -158.043191, 21.588342 ], [ -158.044068, 21.588405 ], [ -158.044584, 21.588635 ], [ -158.044675, 21.588901 ], [ -158.045874, 21.589672 ], [ -158.047401, 21.589592 ], [ -158.047824, 21.591402 ], [ -158.047592, 21.591681 ], [ -158.047678, 21.591864 ], [ -158.04838, 21.591766 ], [ -158.049728, 21.591249 ], [ -158.050583, 21.591191 ], [ -158.052594, 21.589804 ], [ -158.053626, 21.589577 ], [ -158.054048, 21.589223 ], [ -158.05477, 21.588183 ], [ -158.055309, 21.588017 ], [ -158.056392, 21.588033 ], [ -158.057467, 21.588318 ], [ -158.057665, 21.588507 ], [ -158.057478, 21.58899 ], [ -158.058303, 21.589014 ], [ -158.058413, 21.589119 ], [ -158.058143, 21.589602 ], [ -158.058278, 21.589652 ], [ -158.059034, 21.589401 ], [ -158.060215, 21.589824 ], [ -158.061227, 21.589773 ], [ -158.062232, 21.589446 ], [ -158.063843, 21.588584 ], [ -158.064396, 21.58854 ], [ -158.066988, 21.589126 ], [ -158.069916, 21.589597 ], [ -158.070895, 21.589523 ], [ -158.071727, 21.589261 ], [ -158.072611, 21.588712 ], [ -158.072976, 21.588711 ], [ -158.073392, 21.588846 ], [ -158.073942, 21.589275 ], [ -158.074618, 21.590003 ], [ -158.07507, 21.590089 ], [ -158.07622, 21.590679 ], [ -158.076695, 21.590721 ], [ -158.077145, 21.590604 ], [ -158.078455, 21.589718 ], [ -158.07935, 21.589782 ], [ -158.07989, 21.589995 ], [ -158.080033, 21.590338 ], [ -158.080965, 21.591382 ], [ -158.081985, 21.591804 ], [ -158.08258, 21.591887 ], [ -158.083237, 21.590868 ], [ -158.083448, 21.589834 ], [ -158.08271, 21.589393 ], [ -158.082484, 21.589131 ], [ -158.082287, 21.588172 ], [ -158.081873, 21.587204 ], [ -158.081633, 21.586965 ], [ -158.0807, 21.586687 ], [ -158.080315, 21.586237 ], [ -158.079199, 21.585483 ], [ -158.078688, 21.585281 ], [ -158.077514, 21.585419 ], [ -158.077214, 21.585537 ], [ -158.077205, 21.585664 ], [ -158.078535, 21.585852 ], [ -158.079209, 21.586134 ], [ -158.079683, 21.586491 ], [ -158.079639, 21.586732 ], [ -158.079036, 21.58687 ], [ -158.077942, 21.586772 ], [ -158.076519, 21.587117 ], [ -158.076013, 21.587047 ], [ -158.075131, 21.586472 ], [ -158.073006, 21.585731 ], [ -158.072188, 21.58563 ], [ -158.069913, 21.585858 ], [ -158.069386, 21.586156 ], [ -158.069102, 21.586175 ], [ -158.06719, 21.585965 ], [ -158.064131, 21.585051 ], [ -158.062887, 21.585238 ], [ -158.061386, 21.58512 ], [ -158.061145, 21.585669 ], [ -158.06052, 21.585762 ], [ -158.059059, 21.585138 ], [ -158.058348, 21.585115 ], [ -158.057242, 21.583761 ], [ -158.055809, 21.582844 ], [ -158.055711, 21.583113 ], [ -158.056229, 21.583756 ], [ -158.056215, 21.584048 ], [ -158.05579, 21.584022 ], [ -158.055119, 21.583499 ], [ -158.054796, 21.583447 ], [ -158.05388, 21.583724 ], [ -158.053403, 21.583693 ], [ -158.053187, 21.58352 ], [ -158.052294, 21.58332 ], [ -158.051819, 21.583051 ], [ -158.051316, 21.582153 ], [ -158.051248, 21.581426 ], [ -158.051343, 21.580177 ], [ -158.05096, 21.579633 ], [ -158.049836, 21.578863 ], [ -158.049518, 21.578915 ], [ -158.049585, 21.579285 ], [ -158.049867, 21.57986 ], [ -158.050502, 21.580566 ], [ -158.050439, 21.580994 ], [ -158.049636, 21.581246 ], [ -158.047539, 21.580593 ], [ -158.046757, 21.580537 ], [ -158.046091, 21.58058 ], [ -158.042004, 21.5817 ], [ -158.041864, 21.581616 ], [ -158.04199, 21.581347 ], [ -158.041909, 21.58128 ], [ -158.040713, 21.581258 ], [ -158.040164, 21.580823 ], [ -158.039227, 21.580843 ], [ -158.038983, 21.580477 ], [ -158.038639, 21.58027 ], [ -158.038291, 21.580245 ], [ -158.037926, 21.580384 ], [ -158.036281, 21.581531 ], [ -158.034971, 21.581806 ], [ -158.034447, 21.581795 ], [ -158.033773, 21.581542 ], [ -158.033265, 21.581173 ], [ -158.031987, 21.579928 ], [ -158.030419, 21.579556 ], [ -158.029325, 21.578796 ], [ -158.02865, 21.578625 ], [ -158.028084, 21.578152 ], [ -158.027337, 21.577946 ], [ -158.026385, 21.576693 ], [ -158.025466, 21.576116 ], [ -158.023942, 21.576009 ], [ -158.023396, 21.575822 ], [ -158.023039, 21.575048 ], [ -158.022034, 21.57415 ], [ -158.020798, 21.57366 ], [ -158.020122, 21.573241 ], [ -158.018472, 21.573653 ], [ -158.01606, 21.574023 ], [ -158.015937, 21.574334 ], [ -158.016692, 21.57517 ], [ -158.016732, 21.575341 ], [ -158.016598, 21.575551 ], [ -158.016138, 21.575248 ], [ -158.015661, 21.574412 ], [ -158.015496, 21.574065 ], [ -158.015431, 21.573326 ], [ -158.015125, 21.572561 ], [ -158.014271, 21.572208 ], [ -158.013711, 21.571796 ], [ -158.013088, 21.571736 ], [ -158.012539, 21.571245 ], [ -158.010827, 21.570657 ], [ -158.010232, 21.570766 ], [ -158.009667, 21.571391 ], [ -158.009301, 21.571081 ], [ -158.009119, 21.570349 ], [ -158.008625, 21.56993 ], [ -158.007181, 21.569501 ], [ -158.005521, 21.569859 ], [ -158.005068, 21.569376 ], [ -158.004285, 21.56926 ], [ -158.00409, 21.569028 ], [ -158.003677, 21.564193 ], [ -158.003478, 21.563472 ], [ -158.003076, 21.562999 ], [ -158.002146, 21.562702 ], [ -158.001492, 21.562278 ], [ -158.001275, 21.561997 ], [ -158.00121, 21.561246 ], [ -158.000803, 21.560917 ], [ -158.000644, 21.56018 ], [ -157.999514, 21.559139 ], [ -157.998548, 21.558654 ], [ -157.998454, 21.55654 ], [ -157.998836, 21.556137 ], [ -157.999348, 21.55525 ], [ -158.000378, 21.554618 ], [ -158.000608, 21.554253 ], [ -158.001596, 21.549864 ], [ -158.001801, 21.549659 ], [ -158.002738, 21.549457 ], [ -158.003303, 21.548774 ], [ -158.003286, 21.548498 ], [ -157.998333, 21.54383 ], [ -157.998292, 21.543616 ], [ -157.998645, 21.543378 ], [ -157.998762, 21.543153 ], [ -157.99868, 21.54248 ], [ -157.995984, 21.539023 ], [ -157.995484, 21.538559 ], [ -157.995142, 21.538422 ], [ -157.994323, 21.538417 ], [ -157.993824, 21.538091 ], [ -157.99317, 21.538157 ], [ -157.992404, 21.537954 ], [ -157.992317, 21.537998 ], [ -157.992487, 21.538242 ], [ -157.993406, 21.53889 ], [ -157.992369, 21.538929 ], [ -157.991869, 21.538714 ], [ -157.991375, 21.537923 ], [ -157.988632, 21.537283 ], [ -157.987796, 21.537388 ], [ -157.98739, 21.536937 ], [ -157.986112, 21.536253 ], [ -157.985712, 21.535703 ], [ -157.984092, 21.535562 ], [ -157.984605, 21.534657 ], [ -157.985123, 21.53317 ], [ -157.985435, 21.531563 ], [ -157.985964, 21.528357 ], [ -157.985799, 21.525916 ], [ -157.987335, 21.525256 ], [ -157.98747, 21.525972 ], [ -157.988012, 21.526326 ], [ -157.987935, 21.526842 ], [ -157.9881, 21.527249 ], [ -157.988571, 21.527124 ], [ -157.988776, 21.527321 ], [ -157.989207, 21.527399 ], [ -157.989878, 21.526863 ], [ -157.990419, 21.526995 ], [ -157.990989, 21.526345 ], [ -157.991402, 21.526175 ], [ -157.992691, 21.526179 ], [ -157.992944, 21.526082 ], [ -157.993397, 21.525547 ], [ -157.99365, 21.525447 ], [ -157.994121, 21.525816 ], [ -157.994333, 21.5264 ], [ -157.995203, 21.526845 ], [ -157.99528, 21.527029 ], [ -157.995152, 21.527518 ], [ -157.995322, 21.527871 ], [ -157.99667, 21.528629 ], [ -157.997964, 21.525595 ], [ -157.997593, 21.524687 ], [ -157.997469, 21.52454 ], [ -157.99677, 21.524296 ], [ -157.99641, 21.523576 ], [ -157.995562, 21.522981 ], [ -157.995263, 21.52304 ], [ -157.995091, 21.522958 ], [ -157.994944, 21.522588 ], [ -157.99465, 21.522337 ], [ -157.993643, 21.522055 ], [ -157.993143, 21.522176 ], [ -157.992708, 21.522078 ], [ -157.992555, 21.521951 ], [ -157.992337, 21.521306 ], [ -157.99183, 21.521109 ], [ -157.991672, 21.520238 ], [ -157.9909, 21.519821 ], [ -157.9916, 21.516972 ], [ -157.992347, 21.515992 ], [ -157.993265, 21.515178 ], [ -157.995372, 21.515272 ], [ -157.996855, 21.514257 ], [ -157.997167, 21.513882 ], [ -157.997873, 21.514334 ], [ -157.999303, 21.514217 ], [ -158.000133, 21.513634 ], [ -158.000521, 21.51305 ], [ -158.000827, 21.513043 ], [ -158.001386, 21.51332 ], [ -158.002305, 21.513281 ], [ -158.002887, 21.513546 ], [ -158.003081, 21.513364 ], [ -158.003328, 21.513347 ], [ -158.004029, 21.513661 ], [ -158.003931, 21.510553 ], [ -158.004258, 21.510505 ], [ -158.004447, 21.510598 ], [ -158.004645, 21.510273 ], [ -158.004934, 21.510382 ], [ -158.005403, 21.509824 ], [ -158.009183, 21.509399 ], [ -158.009585, 21.509727 ], [ -158.010144, 21.509655 ], [ -158.010218, 21.509114 ], [ -158.011467, 21.508218 ], [ -158.013343, 21.508124 ], [ -158.013508, 21.507986 ], [ -158.013488, 21.507529 ], [ -158.013951, 21.506955 ], [ -158.014413, 21.506425 ], [ -158.015048, 21.506164 ], [ -158.015606, 21.506046 ], [ -158.016236, 21.506149 ], [ -158.016801, 21.506103 ], [ -158.017352, 21.505755 ], [ -158.018246, 21.505736 ], [ -158.019237, 21.504972 ], [ -158.01976, 21.50497 ], [ -158.021644, 21.505377 ], [ -158.022084, 21.504951 ], [ -158.022927, 21.504457 ], [ -158.02418, 21.504419 ], [ -158.024518, 21.504152 ], [ -158.024862, 21.503423 ], [ -158.026107, 21.502592 ], [ -158.027288, 21.502707 ], [ -158.027673, 21.502528 ], [ -158.028427, 21.501269 ], [ -158.027652, 21.501047 ], [ -158.028248, 21.500348 ], [ -158.028995, 21.500393 ], [ -158.029475, 21.500089 ], [ -158.029581, 21.500173 ], [ -158.029716, 21.501341 ], [ -158.029815, 21.501387 ], [ -158.03026, 21.501071 ], [ -158.030511, 21.500698 ], [ -158.030484, 21.499839 ], [ -158.0306, 21.499542 ], [ -158.032262, 21.499833 ], [ -158.032483, 21.500673 ], [ -158.031895, 21.501746 ], [ -158.032257, 21.502031 ], [ -158.032416, 21.501471 ], [ -158.032714, 21.501127 ], [ -158.032866, 21.501166 ], [ -158.033298, 21.501539 ], [ -158.033331, 21.501728 ], [ -158.032998, 21.50206 ], [ -158.033037, 21.50222 ], [ -158.03336, 21.502344 ], [ -158.032835, 21.503089 ], [ -158.0335, 21.503078 ], [ -158.03375, 21.502882 ], [ -158.034088, 21.502031 ], [ -158.034867, 21.501856 ], [ -158.035027, 21.501654 ], [ -158.03511, 21.500443 ], [ -158.036176, 21.499913 ], [ -158.038772, 21.496677 ], [ -158.039396, 21.496462 ], [ -158.039956, 21.496493 ], [ -158.040114, 21.496598 ], [ -158.040804, 21.497416 ], [ -158.041354, 21.497636 ], [ -158.041842, 21.49768 ], [ -158.042208, 21.497589 ], [ -158.042892, 21.496821 ], [ -158.043008, 21.496519 ], [ -158.043325, 21.496314 ], [ -158.044265, 21.496097 ], [ -158.04476, 21.496173 ], [ -158.044907, 21.496393 ], [ -158.045048, 21.497284 ], [ -158.046855, 21.498408 ], [ -158.048472, 21.498704 ], [ -158.04905, 21.499056 ], [ -158.049878, 21.500396 ], [ -158.050347, 21.500692 ], [ -158.050966, 21.500494 ], [ -158.051266, 21.500586 ], [ -158.051779, 21.500546 ], [ -158.051559, 21.499525 ], [ -158.051689, 21.499516 ], [ -158.051933, 21.499132 ], [ -158.052313, 21.498915 ], [ -158.053267, 21.498814 ], [ -158.054043, 21.498926 ], [ -158.056592, 21.499984 ], [ -158.057627, 21.500076 ], [ -158.057966, 21.502139 ], [ -158.058875, 21.501844 ], [ -158.059175, 21.501853 ], [ -158.060252, 21.502463 ], [ -158.060455, 21.502806 ], [ -158.060157, 21.503718 ], [ -158.060105, 21.504285 ], [ -158.06054, 21.5049 ], [ -158.060951, 21.504986 ], [ -158.061663, 21.505516 ], [ -158.066853, 21.505123 ], [ -158.069933, 21.501934 ], [ -158.070575, 21.501498 ], [ -158.07177, 21.501531 ], [ -158.072136, 21.501292 ], [ -158.072407, 21.500799 ], [ -158.073072, 21.500122 ], [ -158.073826, 21.500013 ], [ -158.075307, 21.498539 ], [ -158.076142, 21.499219 ], [ -158.076926, 21.498422 ], [ -158.075643, 21.497309 ], [ -158.07616, 21.496746 ], [ -158.077109, 21.49672 ], [ -158.077137, 21.496176 ], [ -158.07762, 21.496154 ], [ -158.078561, 21.494998 ], [ -158.080016, 21.494394 ], [ -158.082143, 21.492729 ], [ -158.082656, 21.491998 ], [ -158.084505, 21.490224 ], [ -158.083812, 21.487093 ], [ -158.084075, 21.48702 ], [ -158.084247, 21.486106 ], [ -158.080442, 21.488064 ], [ -158.070312, 21.487626 ], [ -158.058366, 21.48319 ], [ -158.055489, 21.482448 ], [ -158.056369, 21.481769 ], [ -158.05651, 21.481361 ], [ -158.056498, 21.480925 ], [ -158.056148, 21.480544 ], [ -158.055626, 21.480332 ], [ -158.054937, 21.480357 ], [ -158.053277, 21.479642 ], [ -158.053073, 21.479156 ], [ -158.053045, 21.478332 ], [ -158.053175, 21.477913 ], [ -158.05428, 21.477292 ], [ -158.054505, 21.476912 ], [ -158.05444, 21.475949 ], [ -158.054158, 21.475799 ], [ -158.054217, 21.475171 ], [ -158.053228, 21.475337 ], [ -158.052945, 21.475529 ], [ -158.052563, 21.474791 ], [ -158.052233, 21.474708 ], [ -158.048198, 21.474535 ], [ -158.046651, 21.47357 ], [ -158.046757, 21.472793 ], [ -158.044851, 21.470857 ], [ -158.044698, 21.470261 ], [ -158.044334, 21.470151 ], [ -158.043322, 21.470383 ], [ -158.042728, 21.469787 ], [ -158.04158, 21.469588 ], [ -158.038404, 21.465313 ], [ -158.035629, 21.463942 ], [ -158.033411, 21.464277 ], [ -158.024421, 21.46525 ], [ -158.024246, 21.465309 ], [ -158.024455, 21.467004 ], [ -158.027377, 21.483125 ], [ -158.028833, 21.489792 ], [ -158.029241, 21.490176 ], [ -158.029169, 21.490934 ], [ -158.028852, 21.491341 ], [ -158.027907, 21.491703 ], [ -158.02841, 21.491066 ], [ -158.02838, 21.490492 ], [ -158.027974, 21.490081 ], [ -158.027232, 21.489647 ], [ -158.026638, 21.489466 ], [ -158.026542, 21.489677 ], [ -158.026443, 21.489657 ], [ -158.025958, 21.489127 ], [ -158.025449, 21.488778 ], [ -158.025049, 21.488764 ], [ -158.02487, 21.488967 ], [ -158.024942, 21.489659 ], [ -158.024172, 21.489195 ], [ -158.023166, 21.488879 ], [ -158.022559, 21.488322 ], [ -158.022144, 21.488587 ], [ -158.021949, 21.488558 ], [ -158.021844, 21.48883 ], [ -158.021408, 21.48928 ], [ -158.020719, 21.489702 ], [ -158.020577, 21.490702 ], [ -158.020367, 21.49101 ], [ -158.020016, 21.491099 ], [ -158.019992, 21.49159 ], [ -158.020961, 21.493481 ], [ -158.020164, 21.493635 ], [ -158.02027, 21.493859 ], [ -158.020015, 21.494547 ], [ -158.020103, 21.494827 ], [ -158.000436, 21.502471 ], [ -157.986402, 21.508063 ], [ -157.985326, 21.50802 ], [ -157.981964, 21.507081 ], [ -157.980707, 21.507613 ], [ -157.979991, 21.507549 ], [ -157.979272, 21.507678 ], [ -157.978398, 21.506855 ], [ -157.975749, 21.506462 ], [ -157.97329, 21.506579 ], [ -157.972148, 21.506109 ], [ -157.982507, 21.50148 ], [ -157.987238, 21.500249 ], [ -157.99354, 21.497735 ], [ -157.999201, 21.489594 ], [ -157.991111, 21.488017 ], [ -157.989386, 21.488191 ], [ -157.987956, 21.487455 ], [ -157.986039, 21.487946 ], [ -157.985806, 21.487488 ], [ -157.983829, 21.487276 ], [ -157.984489, 21.483304 ], [ -157.985018, 21.483087 ], [ -157.985898, 21.483934 ], [ -157.986373, 21.484623 ], [ -157.987115, 21.484658 ], [ -157.987624, 21.484549 ], [ -157.988597, 21.483917 ], [ -157.98977, 21.483794 ], [ -157.989996, 21.483882 ], [ -157.990125, 21.484116 ], [ -157.991242, 21.48433 ], [ -157.991545, 21.484246 ], [ -157.991717, 21.484028 ], [ -157.992144, 21.48516 ], [ -157.994324, 21.485825 ], [ -157.994859, 21.485583 ], [ -157.995152, 21.485025 ], [ -157.995304, 21.485028 ], [ -157.995641, 21.485583 ], [ -157.99614, 21.485307 ], [ -157.999413, 21.489346 ], [ -158.00752, 21.485524 ], [ -158.022245, 21.48052 ], [ -158.021757, 21.479001 ], [ -158.021141, 21.478073 ], [ -158.02051, 21.477491 ], [ -158.019422, 21.477015 ], [ -158.018035, 21.477816 ], [ -158.018132, 21.477935 ], [ -158.017511, 21.478507 ], [ -158.016301, 21.478829 ], [ -158.015154, 21.480533 ], [ -158.014958, 21.480944 ], [ -158.014893, 21.481485 ], [ -158.014645, 21.481667 ], [ -158.013432, 21.481841 ], [ -158.013161, 21.482056 ], [ -158.012998, 21.483117 ], [ -158.012699, 21.483426 ], [ -158.01257, 21.483412 ], [ -158.012476, 21.483199 ], [ -158.012315, 21.482063 ], [ -158.012614, 21.481831 ], [ -158.012776, 21.481243 ], [ -158.013452, 21.480954 ], [ -158.014877, 21.478798 ], [ -158.014964, 21.478472 ], [ -158.014688, 21.477971 ], [ -158.016346, 21.477529 ], [ -158.016816, 21.477943 ], [ -158.017615, 21.4777 ], [ -158.018008, 21.477372 ], [ -158.017796, 21.477145 ], [ -158.017971, 21.476581 ], [ -158.017888, 21.475828 ], [ -158.017346, 21.475207 ], [ -158.017969, 21.475096 ], [ -158.018427, 21.474065 ], [ -158.018436, 21.473558 ], [ -158.018204, 21.473212 ], [ -158.017781, 21.473055 ], [ -158.017693, 21.47272 ], [ -158.017988, 21.472236 ], [ -158.018425, 21.471882 ], [ -158.019347, 21.471959 ], [ -158.01956, 21.471844 ], [ -158.020144, 21.470725 ], [ -158.020535, 21.469396 ], [ -158.020446, 21.467718 ], [ -158.020566, 21.467416 ], [ -158.021786, 21.466584 ], [ -158.022785, 21.466111 ], [ -158.023209, 21.465713 ], [ -158.023729, 21.465694 ], [ -158.023327, 21.46234 ], [ -158.023785, 21.462098 ], [ -158.023671, 21.461835 ], [ -158.023729, 21.459539 ], [ -158.023828, 21.459438 ], [ -158.022921, 21.458012 ], [ -158.023203, 21.457873 ], [ -158.023494, 21.456357 ], [ -158.02315, 21.455138 ], [ -158.02255, 21.454821 ], [ -158.022721, 21.454227 ], [ -158.022646, 21.453662 ], [ -158.023772, 21.453292 ], [ -158.023728, 21.451552 ], [ -158.02274, 21.449084 ], [ -158.02279, 21.448025 ], [ -158.022096, 21.448112 ], [ -158.021658, 21.448328 ], [ -158.020779, 21.44921 ], [ -158.020349, 21.447349 ], [ -158.021961, 21.446619 ], [ -158.022853, 21.446376 ], [ -158.023693, 21.445924 ], [ -158.024363, 21.447275 ], [ -158.026733, 21.449346 ], [ -158.028376, 21.451469 ], [ -158.028395, 21.451854 ], [ -158.02884, 21.451925 ], [ -158.028946, 21.449436 ], [ -158.026949, 21.443193 ], [ -158.027411, 21.437951 ], [ -158.026583, 21.433381 ], [ -158.025806, 21.431443 ], [ -158.023212, 21.429851 ], [ -158.023775, 21.431709 ], [ -158.023839, 21.432389 ], [ -158.023632, 21.433425 ], [ -158.02317, 21.434224 ], [ -158.02291, 21.434075 ], [ -158.023187, 21.43362 ], [ -158.023301, 21.433124 ], [ -158.023117, 21.432339 ], [ -158.020427, 21.429144 ], [ -158.017616, 21.428352 ], [ -158.017004, 21.428511 ], [ -158.015874, 21.428928 ], [ -158.015646, 21.429127 ], [ -158.016032, 21.429934 ], [ -158.013412, 21.432278 ], [ -158.013962, 21.434807 ], [ -158.014573, 21.43551 ], [ -158.014313, 21.435703 ], [ -158.013791, 21.435813 ], [ -158.012971, 21.43199 ], [ -158.013167, 21.429713 ], [ -158.012334, 21.427993 ], [ -158.011914, 21.428414 ], [ -158.011387, 21.429046 ], [ -158.010592, 21.430423 ], [ -158.009711, 21.43229 ], [ -158.009902, 21.433707 ], [ -158.009789, 21.43428 ], [ -158.009975, 21.435983 ], [ -158.009426, 21.436631 ], [ -158.008603, 21.436939 ], [ -158.008229, 21.437299 ], [ -158.008326, 21.437342 ], [ -158.007924, 21.438561 ], [ -158.007456, 21.439489 ], [ -158.005754, 21.441703 ], [ -158.005529, 21.443271 ], [ -158.005145, 21.443863 ], [ -158.005013, 21.444325 ], [ -158.004607, 21.444569 ], [ -158.003882, 21.444615 ], [ -158.003369, 21.445591 ], [ -158.002249, 21.445949 ], [ -158.001526, 21.44834 ], [ -158.000329, 21.44894 ], [ -157.999634, 21.453261 ], [ -157.997897, 21.453958 ], [ -157.996712, 21.457472 ], [ -157.996899, 21.457639 ], [ -157.996971, 21.45799 ], [ -157.996831, 21.459028 ], [ -157.995183, 21.461475 ], [ -157.99521, 21.462339 ], [ -157.995032, 21.462502 ], [ -157.99474, 21.462144 ], [ -157.994679, 21.461783 ], [ -157.993765, 21.461449 ], [ -157.993212, 21.462138 ], [ -157.992581, 21.464563 ], [ -157.992269, 21.465011 ], [ -157.991189, 21.465639 ], [ -157.991071, 21.466853 ], [ -157.990576, 21.467843 ], [ -157.989629, 21.469284 ], [ -157.989514, 21.469656 ], [ -157.989557, 21.470502 ], [ -157.98856, 21.472341 ], [ -157.988381, 21.472494 ], [ -157.987877, 21.472355 ], [ -157.98772, 21.472138 ], [ -157.98773, 21.471559 ], [ -157.987524, 21.471586 ], [ -157.987469, 21.472033 ], [ -157.986775, 21.473281 ], [ -157.986206, 21.473287 ], [ -157.985828, 21.473483 ], [ -157.985522, 21.473472 ], [ -157.984965, 21.473038 ], [ -157.984777, 21.473031 ], [ -157.984508, 21.473592 ], [ -157.984174, 21.473677 ], [ -157.983822, 21.473959 ], [ -157.982786, 21.475187 ], [ -157.981993, 21.475694 ], [ -157.981676, 21.476217 ], [ -157.981258, 21.476453 ], [ -157.981428, 21.477214 ], [ -157.981099, 21.478195 ], [ -157.980913, 21.47826 ], [ -157.980339, 21.477925 ], [ -157.979868, 21.476618 ], [ -157.979754, 21.476461 ], [ -157.979297, 21.476333 ], [ -157.978494, 21.477225 ], [ -157.97704, 21.478169 ], [ -157.976893, 21.478646 ], [ -157.976264, 21.479683 ], [ -157.975883, 21.479966 ], [ -157.978023, 21.484109 ], [ -157.977546, 21.484173 ], [ -157.977103, 21.484078 ], [ -157.976365, 21.484225 ], [ -157.970551, 21.481035 ], [ -157.969462, 21.479571 ], [ -157.96905, 21.479306 ], [ -157.968274, 21.47908 ], [ -157.966643, 21.47907 ], [ -157.965973, 21.479405 ], [ -157.965184, 21.479554 ], [ -157.964844, 21.479929 ], [ -157.963502, 21.480578 ], [ -157.962631, 21.480649 ], [ -157.961937, 21.480297 ], [ -157.960366, 21.480958 ], [ -157.959448, 21.481106 ], [ -157.958765, 21.481537 ], [ -157.959671, 21.480242 ], [ -157.960395, 21.479924 ], [ -157.960665, 21.479548 ], [ -157.960667, 21.47925 ], [ -157.956283, 21.47348 ], [ -157.955677, 21.465031 ], [ -157.958096, 21.463957 ], [ -157.957201, 21.461815 ], [ -157.956578, 21.461105 ], [ -157.956384, 21.461099 ], [ -157.95599, 21.461332 ], [ -157.955673, 21.461221 ], [ -157.95512, 21.461376 ], [ -157.953754, 21.461315 ], [ -157.953019, 21.461495 ], [ -157.953866, 21.459751 ], [ -157.947625, 21.456935 ], [ -157.947478, 21.456578 ], [ -157.947213, 21.45633 ], [ -157.946625, 21.456241 ], [ -157.946536, 21.456136 ], [ -157.946619, 21.455956 ], [ -157.947537, 21.455575 ], [ -157.947801, 21.455345 ], [ -157.947891, 21.453929 ], [ -157.948308, 21.45292 ], [ -157.948078, 21.45243 ], [ -157.948102, 21.452117 ], [ -157.948448, 21.451649 ], [ -157.948532, 21.451302 ], [ -157.948343, 21.450714 ], [ -157.947908, 21.450173 ], [ -157.948284, 21.449224 ], [ -157.948185, 21.448698 ], [ -157.947625, 21.447326 ], [ -157.947726, 21.44673 ], [ -157.947044, 21.446168 ], [ -157.944456, 21.446059 ], [ -157.943362, 21.446443 ], [ -157.942509, 21.447149 ], [ -157.941986, 21.447143 ], [ -157.941573, 21.44694 ], [ -157.93491, 21.439982 ], [ -157.933664, 21.437797 ], [ -157.928794, 21.434144 ], [ -157.92929, 21.433977 ], [ -157.930406, 21.433176 ], [ -157.930975, 21.432601 ], [ -157.931653, 21.432346 ], [ -157.932452, 21.431724 ], [ -157.933496, 21.431886 ], [ -157.934167, 21.431739 ], [ -157.934728, 21.431015 ], [ -157.935714, 21.430578 ], [ -157.936703, 21.42989 ], [ -157.938352, 21.430065 ], [ -157.93866, 21.430003 ], [ -157.938665, 21.430302 ], [ -157.939082, 21.430544 ], [ -157.939757, 21.430155 ], [ -157.940081, 21.430229 ], [ -157.940676, 21.430024 ], [ -157.941219, 21.430184 ], [ -157.941713, 21.429897 ], [ -157.942197, 21.430106 ], [ -157.942428, 21.430006 ], [ -157.942643, 21.430127 ], [ -157.943305, 21.429678 ], [ -157.943743, 21.429714 ], [ -157.944595, 21.430069 ], [ -157.944701, 21.430006 ], [ -157.945364, 21.430331 ], [ -157.946115, 21.430215 ], [ -157.946304, 21.430305 ], [ -157.946661, 21.43022 ], [ -157.947388, 21.430313 ], [ -157.948025, 21.430164 ], [ -157.948273, 21.430256 ], [ -157.948603, 21.430637 ], [ -157.948627, 21.431 ], [ -157.950386, 21.430847 ], [ -157.950627, 21.431005 ], [ -157.951179, 21.430923 ], [ -157.952124, 21.431073 ], [ -157.953255, 21.430703 ], [ -157.954166, 21.43023 ], [ -157.954157, 21.430054 ], [ -157.954041, 21.429902 ], [ -157.953711, 21.429838 ], [ -157.95324, 21.429925 ], [ -157.953115, 21.429501 ], [ -157.954298, 21.429106 ], [ -157.95454, 21.428876 ], [ -157.955112, 21.428731 ], [ -157.955578, 21.428367 ], [ -157.955919, 21.428323 ], [ -157.95618, 21.428556 ], [ -157.95627, 21.428243 ], [ -157.958379, 21.427753 ], [ -157.959607, 21.427348 ], [ -157.959863, 21.427045 ], [ -157.960251, 21.426175 ], [ -157.961019, 21.425189 ], [ -157.962205, 21.42438 ], [ -157.962716, 21.424356 ], [ -157.962223, 21.421288 ], [ -157.962772, 21.42116 ], [ -157.964378, 21.419956 ], [ -157.965184, 21.419693 ], [ -157.965327, 21.419425 ], [ -157.965338, 21.418597 ], [ -157.967042, 21.420254 ], [ -157.967968, 21.42026 ], [ -157.969889, 21.419115 ], [ -157.96888, 21.420835 ], [ -157.968258, 21.422373 ], [ -157.967645, 21.422804 ], [ -157.96712, 21.423718 ], [ -157.967108, 21.424765 ], [ -157.967461, 21.42575 ], [ -157.967659, 21.426637 ], [ -157.967626, 21.427018 ], [ -157.967115, 21.428092 ], [ -157.967037, 21.429299 ], [ -157.966074, 21.430035 ], [ -157.965024, 21.431141 ], [ -157.964776, 21.431884 ], [ -157.964792, 21.433288 ], [ -157.968522, 21.43091 ], [ -157.969017, 21.430921 ], [ -157.969254, 21.431055 ], [ -157.969425, 21.431299 ], [ -157.969469, 21.431667 ], [ -157.969301, 21.432028 ], [ -157.968706, 21.432756 ], [ -157.967759, 21.4332 ], [ -157.967059, 21.433738 ], [ -157.966776, 21.434151 ], [ -157.96679, 21.434542 ], [ -157.966897, 21.434804 ], [ -157.967197, 21.43504 ], [ -157.967647, 21.435196 ], [ -157.96881, 21.435178 ], [ -157.969515, 21.4354 ], [ -157.969988, 21.43528 ], [ -157.97035, 21.435405 ], [ -157.970459, 21.435766 ], [ -157.970429, 21.437055 ], [ -157.972412, 21.439074 ], [ -157.973904, 21.437981 ], [ -157.976449, 21.439029 ], [ -157.97844, 21.438135 ], [ -157.980864, 21.436375 ], [ -157.984851, 21.434513 ], [ -157.985248, 21.434185 ], [ -157.985467, 21.433689 ], [ -157.985526, 21.430403 ], [ -157.98839, 21.430471 ], [ -157.991441, 21.42996 ], [ -157.991172, 21.429955 ], [ -157.991046, 21.429788 ], [ -157.991887, 21.429179 ], [ -157.991877, 21.428093 ], [ -157.991648, 21.427937 ], [ -157.99168, 21.427477 ], [ -157.99212, 21.427253 ], [ -157.992318, 21.426828 ], [ -157.992811, 21.426401 ], [ -157.993397, 21.425596 ], [ -157.989527, 21.42581 ], [ -157.984449, 21.422149 ], [ -157.987941, 21.417648 ], [ -157.988512, 21.416479 ], [ -157.988676, 21.415655 ], [ -157.988666, 21.415061 ], [ -157.988508, 21.41453 ], [ -157.988321, 21.414087 ], [ -157.987923, 21.413688 ], [ -157.985722, 21.412049 ], [ -157.985763, 21.409812 ], [ -157.984704, 21.409779 ], [ -157.984671, 21.410325 ], [ -157.983893, 21.410066 ], [ -157.982415, 21.40992 ], [ -157.981402, 21.410084 ], [ -157.980311, 21.410481 ], [ -157.97792, 21.411773 ], [ -157.978636, 21.410455 ], [ -157.978815, 21.40969 ], [ -157.979384, 21.408756 ], [ -157.979342, 21.408305 ], [ -157.979478, 21.407734 ], [ -157.978852, 21.407323 ], [ -157.978798, 21.406501 ], [ -157.979225, 21.406144 ], [ -157.978903, 21.405799 ], [ -157.978872, 21.405104 ], [ -157.981538, 21.403895 ], [ -157.982372, 21.403151 ], [ -157.984551, 21.399929 ], [ -157.984685, 21.399322 ], [ -157.984527, 21.398694 ], [ -157.984582, 21.398222 ], [ -157.986008, 21.398155 ], [ -157.986553, 21.39793 ], [ -157.989114, 21.397815 ], [ -157.990916, 21.39804 ], [ -157.992087, 21.398555 ], [ -157.992959, 21.399605 ], [ -157.992947, 21.399886 ], [ -157.991052, 21.404035 ], [ -157.990986, 21.405259 ], [ -157.991345, 21.405978 ], [ -157.991119, 21.4091 ], [ -157.991288, 21.409796 ], [ -157.991957, 21.409975 ], [ -157.991981, 21.410284 ], [ -157.992809, 21.409456 ], [ -157.992934, 21.409592 ], [ -157.992292, 21.410459 ], [ -157.991582, 21.410781 ], [ -157.9913, 21.411046 ], [ -157.990919, 21.412332 ], [ -157.991118, 21.415301 ], [ -157.992727, 21.41746 ], [ -157.993428, 21.420508 ], [ -157.993162, 21.420701 ], [ -157.992817, 21.421308 ], [ -157.992618, 21.42204 ], [ -157.992699, 21.422726 ], [ -157.992964, 21.423023 ], [ -157.993348, 21.423071 ], [ -157.994282, 21.422528 ], [ -157.995384, 21.425898 ], [ -157.994189, 21.42736 ], [ -157.993885, 21.428138 ], [ -157.99394, 21.428979 ], [ -157.994771, 21.430064 ], [ -157.995756, 21.430682 ], [ -157.99675, 21.430953 ], [ -157.996911, 21.430547 ], [ -157.996833, 21.430235 ], [ -157.996153, 21.429076 ], [ -157.996182, 21.428811 ], [ -157.996828, 21.428561 ], [ -157.998405, 21.428662 ], [ -158.000575, 21.427889 ], [ -158.001486, 21.427299 ], [ -158.002198, 21.426344 ], [ -158.002643, 21.42603 ], [ -158.002304, 21.426746 ], [ -158.001732, 21.427513 ], [ -158.00057, 21.428178 ], [ -157.999048, 21.428619 ], [ -157.999224, 21.429669 ], [ -157.999111, 21.430262 ], [ -157.998825, 21.430699 ], [ -157.99759, 21.431965 ], [ -157.996797, 21.433832 ], [ -157.995556, 21.436177 ], [ -157.995206, 21.437174 ], [ -157.994657, 21.440319 ], [ -157.994387, 21.441233 ], [ -157.991488, 21.446626 ], [ -157.990698, 21.450441 ], [ -157.990421, 21.453176 ], [ -157.99045, 21.453946 ], [ -157.991194, 21.454141 ], [ -157.992828, 21.454031 ], [ -157.993226, 21.453627 ], [ -157.993116, 21.453045 ], [ -157.993497, 21.45247 ], [ -157.993532, 21.45205 ], [ -157.993544, 21.452141 ], [ -157.994585, 21.450182 ], [ -157.9938, 21.44922 ], [ -157.995131, 21.448161 ], [ -157.997083, 21.447064 ], [ -157.997704, 21.446489 ], [ -157.998258, 21.446306 ], [ -157.999482, 21.444151 ], [ -158.001525, 21.442522 ], [ -158.00214, 21.439016 ], [ -158.003083, 21.4394 ], [ -158.003476, 21.438997 ], [ -158.004248, 21.438799 ], [ -158.00451, 21.43859 ], [ -158.004782, 21.436863 ], [ -158.006464, 21.434587 ], [ -158.006661, 21.433607 ], [ -158.006454, 21.432561 ], [ -158.007315, 21.430624 ], [ -158.007745, 21.429987 ], [ -158.008184, 21.428511 ], [ -158.007692, 21.426363 ], [ -158.007936, 21.426073 ], [ -158.007935, 21.425341 ], [ -158.007588, 21.424567 ], [ -158.007384, 21.422822 ], [ -158.006826, 21.421673 ], [ -158.006911, 21.421623 ], [ -157.99829, 21.408476 ], [ -157.999224, 21.408281 ], [ -157.99949, 21.408391 ], [ -157.999848, 21.408792 ], [ -158.000078, 21.409459 ], [ -158.000269, 21.40954 ], [ -158.000638, 21.40915 ], [ -158.002013, 21.408279 ], [ -158.003595, 21.4084 ], [ -158.0043, 21.408313 ], [ -158.005272, 21.40919 ], [ -158.005176, 21.409729 ], [ -158.004533, 21.410212 ], [ -158.004623, 21.410477 ], [ -158.005741, 21.410222 ], [ -158.006231, 21.409714 ], [ -158.006539, 21.409909 ], [ -158.006564, 21.410083 ], [ -158.008095, 21.410221 ], [ -158.008396, 21.40933 ], [ -158.009213, 21.408485 ], [ -158.010256, 21.40871 ], [ -158.010559, 21.40901 ], [ -158.010882, 21.409627 ], [ -158.011223, 21.409007 ], [ -158.012192, 21.40865 ], [ -158.012197, 21.40754 ], [ -158.011742, 21.406072 ], [ -158.011899, 21.405511 ], [ -158.012346, 21.405005 ], [ -158.013042, 21.40215 ], [ -158.013362, 21.401495 ], [ -158.01439, 21.400561 ], [ -158.014778, 21.4005 ], [ -158.014427, 21.398854 ], [ -158.014399, 21.397501 ], [ -158.01516, 21.396412 ], [ -158.015693, 21.396149 ], [ -158.016594, 21.395388 ], [ -158.016252, 21.394415 ], [ -158.01644, 21.393455 ], [ -158.016458, 21.391846 ], [ -158.016928, 21.391465 ], [ -158.018891, 21.390826 ], [ -158.019374, 21.39094 ], [ -158.019538, 21.393826 ], [ -158.020162, 21.395642 ], [ -158.020197, 21.396101 ], [ -158.020041, 21.396673 ], [ -158.01978, 21.397078 ], [ -158.018284, 21.398279 ], [ -158.017884, 21.398942 ], [ -158.018189, 21.40116 ], [ -158.018506, 21.401587 ], [ -158.01927, 21.401769 ], [ -158.019891, 21.402095 ], [ -158.020053, 21.402449 ], [ -158.018955, 21.402824 ], [ -158.018853, 21.403383 ], [ -158.019395, 21.403479 ], [ -158.020037, 21.404011 ], [ -158.020087, 21.404335 ], [ -158.020549, 21.404818 ], [ -158.020889, 21.40552 ], [ -158.020882, 21.407308 ], [ -158.020685, 21.407654 ], [ -158.020813, 21.408061 ], [ -158.021839, 21.408607 ], [ -158.022612, 21.408404 ], [ -158.022863, 21.408534 ], [ -158.023321, 21.408986 ], [ -158.023864, 21.409973 ], [ -158.024315, 21.411221 ], [ -158.025065, 21.411479 ], [ -158.025939, 21.41196 ], [ -158.026475, 21.412436 ], [ -158.027236, 21.413684 ], [ -158.027223, 21.413946 ], [ -158.026181, 21.416372 ], [ -158.02692, 21.418003 ], [ -158.027559, 21.41874 ], [ -158.027903, 21.418909 ], [ -158.029007, 21.419191 ], [ -158.029713, 21.419175 ], [ -158.031347, 21.419774 ], [ -158.031394, 21.420055 ], [ -158.031152, 21.420254 ], [ -158.030691, 21.420389 ], [ -158.029638, 21.420209 ], [ -158.029082, 21.420387 ], [ -158.028391, 21.420396 ], [ -158.02795, 21.420595 ], [ -158.027737, 21.421065 ], [ -158.02779, 21.421179 ], [ -158.028166, 21.421429 ], [ -158.029415, 21.421678 ], [ -158.029345, 21.421954 ], [ -158.028273, 21.422006 ], [ -158.028304, 21.422254 ], [ -158.028525, 21.422534 ], [ -158.028532, 21.422983 ], [ -158.028727, 21.423544 ], [ -158.028982, 21.423765 ], [ -158.029163, 21.423518 ], [ -158.029404, 21.423526 ], [ -158.037033, 21.418829 ], [ -158.034706, 21.415751 ], [ -158.034929, 21.413524 ], [ -158.036303, 21.412528 ], [ -158.043737, 21.409465 ], [ -158.039038, 21.399162 ], [ -158.03858, 21.399331 ], [ -158.038265, 21.398439 ], [ -158.038595, 21.39832 ], [ -158.033007, 21.385254 ], [ -158.032764, 21.385392 ], [ -158.032534, 21.385038 ], [ -158.032767, 21.38488 ], [ -158.031028, 21.382964 ], [ -158.030327, 21.381907 ], [ -158.028311, 21.379484 ], [ -158.026936, 21.378027 ], [ -158.02638, 21.377146 ], [ -158.025702, 21.376859 ], [ -158.024958, 21.376877 ], [ -158.024927, 21.376765 ], [ -158.025586, 21.376281 ], [ -158.025879, 21.375629 ], [ -158.025599, 21.374069 ], [ -158.025556, 21.372368 ], [ -158.025773, 21.369969 ], [ -158.025697, 21.369714 ], [ -158.025784, 21.369699 ], [ -158.025823, 21.369583 ], [ -158.025728, 21.369669 ], [ -158.024623, 21.36966 ], [ -158.024736, 21.369252 ], [ -158.025219, 21.368935 ], [ -158.025272, 21.368014 ], [ -158.025159, 21.367618 ], [ -158.02508, 21.367486 ], [ -158.024994, 21.367664 ], [ -158.024731, 21.367549 ], [ -158.024802, 21.367196 ], [ -158.023877, 21.366914 ], [ -158.023074, 21.366159 ], [ -158.021743, 21.366338 ], [ -158.021572, 21.366469 ], [ -158.021402, 21.366369 ], [ -158.020879, 21.36667 ], [ -158.019765, 21.36645 ], [ -158.019595, 21.365825 ], [ -158.019971, 21.365759 ], [ -158.020506, 21.365451 ], [ -158.021206, 21.365337 ], [ -158.021458, 21.365117 ], [ -158.021734, 21.364563 ], [ -158.021687, 21.36441 ], [ -158.021294, 21.364136 ], [ -158.021264, 21.36382 ], [ -158.020999, 21.36366 ], [ -158.021129, 21.363544 ], [ -158.022254, 21.363415 ], [ -158.022612, 21.363254 ], [ -158.023271, 21.362431 ], [ -158.023325, 21.362142 ], [ -158.022989, 21.362204 ], [ -158.023089, 21.361296 ], [ -158.022573, 21.360038 ], [ -158.022174, 21.359669 ], [ -158.022067, 21.359163 ], [ -158.02175, 21.358556 ], [ -158.021203, 21.358218 ], [ -158.020132, 21.357955 ], [ -158.018846, 21.357292 ], [ -158.018386, 21.35729 ], [ -158.017417, 21.356904 ], [ -158.016605, 21.356832 ], [ -158.015394, 21.357728 ], [ -158.014866, 21.357825 ], [ -158.014125, 21.357518 ], [ -158.012766, 21.356204 ], [ -158.012425, 21.356017 ], [ -158.010321, 21.355558 ], [ -158.009581, 21.355522 ], [ -158.009246, 21.355835 ], [ -158.003978, 21.350432 ], [ -158.004606, 21.349598 ], [ -158.006457, 21.348744 ], [ -158.001686, 21.340844 ], [ -157.994866, 21.335905 ], [ -158.005724, 21.32421 ], [ -158.006507, 21.324412 ], [ -158.008215, 21.324506 ], [ -158.011269, 21.324133 ], [ -158.013235, 21.323591 ], [ -158.016835, 21.3234 ], [ -158.01636, 21.322611 ], [ -158.016597, 21.322473 ], [ -158.021634, 21.330423 ], [ -158.023134, 21.333408 ], [ -158.023753, 21.333328 ], [ -158.035036, 21.329131 ], [ -158.035146, 21.329391 ], [ -158.036217, 21.329598 ], [ -158.035683, 21.330381 ], [ -158.035381, 21.331946 ], [ -158.035214, 21.331945 ], [ -158.03543, 21.330951 ], [ -158.035387, 21.330499 ], [ -158.035012, 21.32939 ], [ -158.023277, 21.333801 ], [ -158.028606, 21.353485 ], [ -158.026837, 21.353813 ], [ -158.025383, 21.35341 ], [ -158.024762, 21.352764 ], [ -158.024464, 21.351691 ], [ -158.024037, 21.350746 ], [ -158.023228, 21.351861 ], [ -158.022512, 21.353407 ], [ -158.021971, 21.355825 ], [ -158.021825, 21.357004 ], [ -158.023359, 21.357974 ], [ -158.024946, 21.35959 ], [ -158.025641, 21.361411 ], [ -158.025972, 21.361634 ], [ -158.027252, 21.363122 ], [ -158.028718, 21.360914 ], [ -158.029153, 21.359651 ], [ -158.029322, 21.358557 ], [ -158.029288, 21.358001 ], [ -158.028667, 21.355458 ], [ -158.029117, 21.355355 ], [ -158.029731, 21.357803 ], [ -158.029802, 21.358578 ], [ -158.029651, 21.360384 ], [ -158.030794, 21.360382 ], [ -158.031073, 21.360455 ], [ -158.031719, 21.360915 ], [ -158.031891, 21.360822 ], [ -158.032494, 21.361855 ], [ -158.033532, 21.364156 ], [ -158.033508, 21.364667 ], [ -158.032964, 21.366252 ], [ -158.032867, 21.367954 ], [ -158.031949, 21.369704 ], [ -158.032009, 21.370615 ], [ -158.033134, 21.3725 ], [ -158.034716, 21.372786 ], [ -158.035041, 21.373076 ], [ -158.035384, 21.373719 ], [ -158.036107, 21.373704 ], [ -158.036121, 21.374255 ], [ -158.039873, 21.374172 ], [ -158.040892, 21.373976 ], [ -158.041818, 21.373622 ], [ -158.051225, 21.367468 ], [ -158.051994, 21.366823 ], [ -158.052671, 21.36598 ], [ -158.053788, 21.363858 ], [ -158.054874, 21.362391 ], [ -158.052215, 21.360017 ], [ -158.050974, 21.358615 ], [ -158.049811, 21.356691 ], [ -158.049019, 21.354455 ], [ -158.049866, 21.354229 ], [ -158.050603, 21.356333 ], [ -158.051698, 21.358144 ], [ -158.052748, 21.359351 ], [ -158.055442, 21.361812 ], [ -158.05735, 21.35994 ], [ -158.05958, 21.358343 ], [ -158.060519, 21.35745 ], [ -158.061113, 21.356515 ], [ -158.062298, 21.353601 ], [ -158.064169, 21.349941 ], [ -158.066264, 21.347598 ], [ -158.068644, 21.345196 ], [ -158.071346, 21.342932 ], [ -158.073644, 21.341247 ], [ -158.074871, 21.340615 ], [ -158.075638, 21.340021 ], [ -158.074571, 21.338574 ], [ -158.073006, 21.337189 ], [ -158.072562, 21.336383 ], [ -158.072459, 21.335214 ], [ -158.072907, 21.333249 ], [ -158.072919, 21.33212 ], [ -158.072662, 21.33139 ], [ -158.070865, 21.328271 ], [ -158.068019, 21.325191 ], [ -158.048629, 21.331813 ], [ -158.052611, 21.339377 ], [ -158.05176, 21.33971 ], [ -158.05074, 21.338124 ], [ -158.049943, 21.337672 ], [ -158.049201, 21.337446 ], [ -158.048309, 21.337345 ], [ -158.046169, 21.337363 ], [ -158.043718, 21.337085 ], [ -158.042083, 21.336752 ], [ -158.040571, 21.336248 ], [ -158.04015, 21.33575 ], [ -158.041462, 21.334527 ], [ -158.043402, 21.335823 ], [ -158.044099, 21.335852 ], [ -158.043607, 21.334866 ], [ -158.04696, 21.333318 ], [ -158.046551, 21.332519 ], [ -158.045952, 21.332716 ], [ -158.045499, 21.331748 ], [ -158.047585, 21.331709 ], [ -158.072147, 21.323368 ], [ -158.073307, 21.323059 ], [ -158.075876, 21.322831 ], [ -158.078026, 21.323056 ], [ -158.088671, 21.32581 ], [ -158.088724, 21.326111 ], [ -158.096135, 21.328019 ], [ -158.096481, 21.326828 ], [ -158.097481, 21.327082 ], [ -158.097137, 21.328278 ], [ -158.11287, 21.332329 ], [ -158.114115, 21.332801 ], [ -158.116049, 21.334041 ], [ -158.127138, 21.344778 ], [ -158.128227, 21.346371 ], [ -158.129398, 21.349541 ], [ -158.129605, 21.349471 ], [ -158.129805, 21.349583 ], [ -158.130064, 21.349914 ], [ -158.130129, 21.350335 ], [ -158.130369, 21.35077 ], [ -158.130369, 21.351542 ], [ -158.130775, 21.351892 ], [ -158.130528, 21.352252 ], [ -158.130864, 21.353334 ], [ -158.130453, 21.353793 ], [ -158.130428, 21.353975 ], [ -158.129488, 21.353716 ], [ -158.129513, 21.351877 ], [ -158.129354, 21.350984 ], [ -158.127892, 21.351602 ], [ -158.127957, 21.35195 ], [ -158.127506, 21.351872 ], [ -158.126813, 21.351976 ], [ -158.125565, 21.35168 ], [ -158.123888, 21.353034 ], [ -158.123596, 21.35294 ], [ -158.123156, 21.353542 ], [ -158.122616, 21.353751 ], [ -158.121991, 21.354372 ], [ -158.121268, 21.355755 ], [ -158.120518, 21.356536 ], [ -158.120283, 21.356956 ], [ -158.120284, 21.357544 ], [ -158.119927, 21.35825 ], [ -158.11966, 21.358441 ], [ -158.119766, 21.359021 ], [ -158.119694, 21.359326 ], [ -158.119459, 21.359684 ], [ -158.118812, 21.360131 ], [ -158.118499, 21.36059 ], [ -158.121495, 21.364655 ], [ -158.122814, 21.367548 ], [ -158.129691, 21.368194 ], [ -158.132655, 21.365944 ], [ -158.134716, 21.365264 ], [ -158.134977, 21.365566 ], [ -158.135036, 21.366099 ], [ -158.135907, 21.367703 ], [ -158.13596, 21.368173 ], [ -158.135901, 21.368732 ], [ -158.135027, 21.369568 ], [ -158.138942, 21.376122 ], [ -158.139155, 21.376148 ], [ -158.139205, 21.375859 ], [ -158.139449, 21.375682 ], [ -158.140138, 21.376867 ], [ -158.140545, 21.3773 ], [ -158.139606, 21.378875 ], [ -158.139039, 21.378928 ], [ -158.138906, 21.379187 ], [ -158.138404, 21.379357 ], [ -158.138337, 21.379718 ], [ -158.1377, 21.380203 ], [ -158.137531, 21.381068 ], [ -158.13712, 21.381621 ], [ -158.13607, 21.382455 ], [ -158.135865, 21.382877 ], [ -158.135605, 21.382901 ], [ -158.135436, 21.383308 ], [ -158.134924, 21.383869 ], [ -158.133274, 21.382632 ], [ -158.132228, 21.383659 ], [ -158.130566, 21.383435 ], [ -158.129891, 21.383848 ], [ -158.129606, 21.384372 ], [ -158.130763, 21.386016 ], [ -158.130794, 21.387179 ], [ -158.130026, 21.388132 ], [ -158.129256, 21.387389 ], [ -158.128896, 21.387399 ], [ -158.128547, 21.387586 ], [ -158.128397, 21.387988 ], [ -158.128428, 21.388644 ], [ -158.128113, 21.388936 ], [ -158.127588, 21.389094 ], [ -158.127237, 21.389765 ], [ -158.127924, 21.389817 ], [ -158.128271, 21.389967 ], [ -158.128679, 21.390791 ], [ -158.129328, 21.391337 ], [ -158.130043, 21.391521 ], [ -158.130233, 21.391776 ], [ -158.130083, 21.39187 ], [ -158.130202, 21.39199 ], [ -158.130565, 21.391876 ], [ -158.13073, 21.392025 ], [ -158.133539, 21.3909 ], [ -158.133978, 21.391539 ], [ -158.137064, 21.39055 ], [ -158.137585, 21.390634 ], [ -158.131176, 21.394553 ], [ -158.127831, 21.399813 ], [ -158.126555, 21.407304 ], [ -158.118257, 21.411343 ], [ -158.10932, 21.41077 ], [ -158.10794, 21.406501 ], [ -158.111174, 21.405318 ], [ -158.114554, 21.398994 ], [ -158.119045, 21.393096 ], [ -158.111037, 21.392305 ], [ -158.108755, 21.389816 ], [ -158.112105, 21.385647 ], [ -158.117273, 21.381784 ], [ -158.107406, 21.375675 ], [ -158.105295, 21.375741 ], [ -158.105013, 21.375906 ], [ -158.104749, 21.375593 ], [ -158.102738, 21.377152 ], [ -158.100099, 21.381333 ], [ -158.098605, 21.381101 ], [ -158.093973, 21.382487 ], [ -158.092872, 21.381808 ], [ -158.08947, 21.381985 ], [ -158.08767, 21.385082 ], [ -158.087596, 21.386124 ], [ -158.087746, 21.387084 ], [ -158.084537, 21.390271 ], [ -158.083602, 21.392611 ], [ -158.079943, 21.396791 ], [ -158.081693, 21.400691 ], [ -158.085161, 21.400768 ], [ -158.082216, 21.413927 ], [ -158.079476, 21.413662 ], [ -158.077716, 21.422586 ], [ -158.07771, 21.427018 ], [ -158.080309, 21.42717 ], [ -158.078407, 21.432804 ], [ -158.080563, 21.441886 ], [ -158.078365, 21.447 ], [ -158.077958, 21.451825 ], [ -158.076535, 21.454194 ], [ -158.073761, 21.456539 ], [ -158.075836, 21.459118 ], [ -158.073367, 21.461289 ], [ -158.075541, 21.466191 ], [ -158.075648, 21.469209 ], [ -158.077193, 21.469224 ], [ -158.078798, 21.471419 ], [ -158.081644, 21.470206 ], [ -158.083239, 21.466637 ], [ -158.08336, 21.469045 ], [ -158.084228, 21.469672 ], [ -158.08702, 21.469808 ], [ -158.088404, 21.466815 ], [ -158.090741, 21.464207 ], [ -158.093045, 21.464798 ], [ -158.091896, 21.468365 ], [ -158.089719, 21.471971 ], [ -158.09242, 21.47221 ], [ -158.091866, 21.472958 ], [ -158.095532, 21.475393 ], [ -158.107006, 21.486795 ], [ -158.109343, 21.485499 ], [ -158.109566, 21.485455 ], [ -158.110407, 21.485666 ], [ -158.111349, 21.485269 ], [ -158.112361, 21.485003 ], [ -158.112667, 21.484729 ], [ -158.113437, 21.484675 ], [ -158.115356, 21.485649 ], [ -158.115897, 21.48637 ], [ -158.117439, 21.487249 ], [ -158.118421, 21.487223 ], [ -158.118999, 21.487337 ], [ -158.11961, 21.487173 ], [ -158.12001, 21.487421 ], [ -158.120052, 21.487794 ], [ -158.119805, 21.488427 ], [ -158.120411, 21.489833 ], [ -158.121088, 21.490624 ], [ -158.121882, 21.49116 ], [ -158.121929, 21.491368 ], [ -158.12153, 21.491941 ], [ -158.12143, 21.492304 ], [ -158.121506, 21.49258 ], [ -158.122966, 21.493631 ], [ -158.123695, 21.493862 ], [ -158.123807, 21.494143 ], [ -158.123348, 21.494419 ], [ -158.122272, 21.494379 ], [ -158.121919, 21.495437 ], [ -158.121601, 21.495613 ], [ -158.121583, 21.496758 ], [ -158.120797, 21.497293 ], [ -158.121145, 21.497872 ], [ -158.120898, 21.49937 ], [ -158.121033, 21.499601 ], [ -158.12148, 21.499849 ], [ -158.121551, 21.500274 ], [ -158.121204, 21.500394 ], [ -158.120192, 21.500148 ], [ -158.119504, 21.500417 ], [ -158.118103, 21.502035 ], [ -158.118092, 21.502494 ], [ -158.118586, 21.503093 ], [ -158.118992, 21.503226 ], [ -158.119144, 21.503611 ], [ -158.118957, 21.503996 ], [ -158.117962, 21.50437 ], [ -158.117798, 21.505692 ], [ -158.117892, 21.506061 ], [ -158.11748, 21.506321 ], [ -158.117397, 21.507284 ], [ -158.117574, 21.50788 ], [ -158.117363, 21.508088 ], [ -158.116886, 21.508165 ], [ -158.116321, 21.507973 ], [ -158.116227, 21.508446 ], [ -158.115968, 21.508749 ], [ -158.115361, 21.50894 ], [ -158.115126, 21.509294 ], [ -158.114597, 21.509481 ], [ -158.11435, 21.509827 ], [ -158.114026, 21.510031 ], [ -158.113884, 21.51029 ], [ -158.114014, 21.510649 ], [ -158.113933, 21.510945 ], [ -158.113373, 21.511211 ], [ -158.112748, 21.511293 ], [ -158.11219, 21.512031 ], [ -158.111926, 21.511948 ], [ -158.111754, 21.510791 ], [ -158.11123, 21.510407 ], [ -158.11066, 21.510716 ], [ -158.109989, 21.510897 ], [ -158.109753, 21.511358 ], [ -158.109601, 21.511387 ], [ -158.109336, 21.511094 ], [ -158.108953, 21.5112 ], [ -158.108494, 21.510611 ], [ -158.108153, 21.510842 ], [ -158.107924, 21.510793 ], [ -158.107518, 21.510116 ], [ -158.107217, 21.510254 ], [ -158.106788, 21.510683 ], [ -158.106146, 21.51038 ], [ -158.105881, 21.510518 ], [ -158.104833, 21.510336 ], [ -158.104222, 21.510672 ], [ -158.103698, 21.510368 ], [ -158.103008, 21.510315 ], [ -158.102491, 21.510429 ], [ -158.103432, 21.510764 ], [ -158.104004, 21.511101 ], [ -158.106164, 21.511592 ], [ -158.107282, 21.51217 ], [ -158.107917, 21.51272 ], [ -158.110696, 21.51418 ], [ -158.111525, 21.515532 ], [ -158.112409, 21.516046 ], [ -158.112886, 21.51698 ], [ -158.121748, 21.530582 ], [ -158.129581, 21.532468 ], [ -158.129091, 21.534004 ], [ -158.154343, 21.540154 ], [ -158.153424, 21.534684 ], [ -158.160535, 21.534791 ], [ -158.157781, 21.540991 ], [ -158.169736, 21.543899 ], [ -158.17882, 21.545914 ], [ -158.214275, 21.554432 ], [ -158.214626, 21.556192 ], [ -158.220199, 21.555293 ], [ -158.222275, 21.554289 ], [ -158.223922, 21.557184 ], [ -158.228435, 21.559781 ], [ -158.234182, 21.56357 ], [ -158.235698, 21.562715 ], [ -158.235838, 21.559391 ], [ -158.236248, 21.559361 ], [ -158.236348, 21.559515 ], [ -158.236181, 21.559755 ], [ -158.237982, 21.564703 ], [ -158.24162, 21.566174 ], [ -158.241636, 21.564396 ], [ -158.239677, 21.563574 ], [ -158.239759, 21.56219 ], [ -158.24387, 21.563883 ], [ -158.245063, 21.56223 ], [ -158.24533, 21.562347 ], [ -158.245791, 21.562928 ], [ -158.24628, 21.563177 ], [ -158.248106, 21.562075 ], [ -158.248513, 21.562116 ], [ -158.24895, 21.56245 ], [ -158.249229, 21.562418 ], [ -158.249974, 21.561992 ], [ -158.25034, 21.561984 ], [ -158.250854, 21.562189 ], [ -158.251752, 21.5631 ], [ -158.25277, 21.563809 ], [ -158.253249, 21.564814 ], [ -158.253687, 21.564818 ], [ -158.256356, 21.565585 ], [ -158.256776, 21.565996 ], [ -158.257631, 21.566313 ], [ -158.258162, 21.566729 ], [ -158.258992, 21.56706 ], [ -158.258939, 21.567555 ], [ -158.261729, 21.56815 ], [ -158.261858, 21.568221 ], [ -158.261288, 21.56901 ], [ -158.263744, 21.570529 ], [ -158.263985, 21.570216 ], [ -158.264258, 21.570459 ], [ -158.26502, 21.570615 ], [ -158.265902, 21.571508 ], [ -158.26665, 21.571731 ], [ -158.267444, 21.572207 ], [ -158.267476, 21.572788 ], [ -158.26609, 21.572747 ], [ -158.265809, 21.572073 ], [ -158.26508, 21.571878 ], [ -158.264317, 21.572125 ], [ -158.264081, 21.57253 ], [ -158.26353, 21.572675 ], [ -158.263426, 21.572797 ], [ -158.262212, 21.573016 ], [ -158.262058, 21.572968 ], [ -158.262137, 21.57277 ], [ -158.262442, 21.572689 ], [ -158.262779, 21.572378 ], [ -158.262507, 21.572277 ], [ -158.262443, 21.571911 ], [ -158.262263, 21.571672 ], [ -158.261558, 21.572148 ], [ -158.261342, 21.572244 ], [ -158.261029, 21.572204 ], [ -158.260487, 21.57254 ], [ -158.259764, 21.572528 ], [ -158.259609, 21.572404 ], [ -158.260331, 21.571874 ], [ -158.260147, 21.571394 ], [ -158.259843, 21.571124 ], [ -158.25912, 21.571144 ], [ -158.258795, 21.571434 ], [ -158.258209, 21.571546 ], [ -158.257905, 21.571254 ], [ -158.258165, 21.57096 ], [ -158.257946, 21.570442 ], [ -158.257637, 21.570249 ], [ -158.256828, 21.570819 ], [ -158.25661, 21.570789 ], [ -158.25641, 21.570364 ], [ -158.256096, 21.570242 ], [ -158.256218, 21.570547 ], [ -158.256152, 21.571266 ], [ -158.256566, 21.571815 ], [ -158.25707, 21.572937 ], [ -158.256795, 21.573444 ], [ -158.256406, 21.573395 ], [ -158.255916, 21.572815 ], [ -158.255501, 21.572618 ], [ -158.255066, 21.572218 ], [ -158.254889, 21.572204 ], [ -158.254585, 21.572323 ], [ -158.254598, 21.572827 ], [ -158.254283, 21.573352 ], [ -158.254113, 21.573404 ], [ -158.25409, 21.573048 ], [ -158.253843, 21.572645 ], [ -158.253499, 21.572442 ], [ -158.252785, 21.572714 ], [ -158.252622, 21.572021 ], [ -158.252117, 21.571655 ], [ -158.252077, 21.572943 ], [ -158.251576, 21.57324 ], [ -158.251484, 21.573411 ], [ -158.251135, 21.573312 ], [ -158.251042, 21.572957 ], [ -158.250013, 21.571721 ], [ -158.250012, 21.571239 ], [ -158.248494, 21.569532 ], [ -158.248348, 21.569589 ], [ -158.248202, 21.570144 ], [ -158.247886, 21.570669 ], [ -158.247186, 21.570174 ], [ -158.246934, 21.569832 ], [ -158.246105, 21.569421 ], [ -158.245641, 21.569016 ], [ -158.245452, 21.569364 ], [ -158.245091, 21.569593 ], [ -158.244165, 21.569819 ], [ -158.243863, 21.569686 ], [ -158.243094, 21.568934 ], [ -158.243001, 21.569012 ], [ -158.243481, 21.569702 ], [ -158.24391, 21.570053 ], [ -158.244665, 21.570295 ], [ -158.245551, 21.570179 ], [ -158.246103, 21.570501 ], [ -158.246178, 21.570818 ], [ -158.247012, 21.571635 ], [ -158.247167, 21.57217 ], [ -158.247589, 21.57211 ], [ -158.24767, 21.571983 ], [ -158.247747, 21.572064 ], [ -158.247869, 21.57272 ], [ -158.248223, 21.573241 ], [ -158.248135, 21.573631 ], [ -158.247421, 21.573471 ], [ -158.246881, 21.573544 ], [ -158.246446, 21.573977 ], [ -158.245977, 21.574082 ], [ -158.245509, 21.57383 ], [ -158.244619, 21.574061 ], [ -158.243497, 21.573687 ], [ -158.243074, 21.573687 ], [ -158.242328, 21.574146 ], [ -158.241987, 21.57415 ], [ -158.241667, 21.574412 ], [ -158.24144, 21.574124 ], [ -158.241199, 21.574144 ], [ -158.240614, 21.574732 ], [ -158.239876, 21.57455 ], [ -158.239684, 21.574284 ], [ -158.238838, 21.574268 ], [ -158.238481, 21.573966 ], [ -158.238489, 21.574513 ], [ -158.238345, 21.574718 ], [ -158.238399, 21.575205 ], [ -158.238134, 21.574814 ], [ -158.237927, 21.574729 ], [ -158.237266, 21.57494 ], [ -158.237058, 21.574806 ], [ -158.23702, 21.574571 ], [ -158.23658, 21.574264 ], [ -158.23628, 21.57423 ], [ -158.236119, 21.574484 ], [ -158.235627, 21.574627 ], [ -158.235214, 21.574496 ], [ -158.234784, 21.574052 ], [ -158.234602, 21.574016 ], [ -158.233932, 21.574463 ], [ -158.233344, 21.574427 ], [ -158.233017, 21.574217 ], [ -158.232961, 21.573961 ], [ -158.232469, 21.573726 ], [ -158.232088, 21.573331 ], [ -158.231649, 21.573473 ], [ -158.231517, 21.573738 ], [ -158.230586, 21.573975 ], [ -158.230402, 21.573857 ], [ -158.229914, 21.573847 ], [ -158.229692, 21.573554 ], [ -158.229338, 21.573432 ], [ -158.22917, 21.573237 ], [ -158.228843, 21.573329 ], [ -158.22869, 21.572958 ], [ -158.228231, 21.572471 ], [ -158.227134, 21.571844 ], [ -158.226919, 21.571606 ], [ -158.226385, 21.572468 ], [ -158.226011, 21.572664 ], [ -158.22543, 21.572705 ], [ -158.225344, 21.572865 ], [ -158.224976, 21.573006 ], [ -158.224488, 21.573029 ], [ -158.224299, 21.572516 ], [ -158.22322, 21.571028 ], [ -158.223337, 21.570599 ], [ -158.222722, 21.569911 ], [ -158.222699, 21.570772 ], [ -158.222495, 21.570884 ], [ -158.222493, 21.571592 ], [ -158.222019, 21.572579 ], [ -158.220896, 21.572999 ], [ -158.220408, 21.572961 ], [ -158.220131, 21.572516 ], [ -158.219843, 21.572947 ], [ -158.219404, 21.573073 ], [ -158.21879, 21.572867 ], [ -158.218686, 21.572638 ], [ -158.218492, 21.572641 ], [ -158.218284, 21.572441 ], [ -158.218167, 21.571653 ], [ -158.217775, 21.570973 ], [ -158.217396, 21.570731 ], [ -158.217616, 21.568365 ], [ -158.217483, 21.567704 ], [ -158.217113, 21.567319 ], [ -158.216957, 21.568807 ], [ -158.216087, 21.570052 ], [ -158.215939, 21.569999 ], [ -158.215794, 21.57011 ], [ -158.21579, 21.570664 ], [ -158.215632, 21.570749 ], [ -158.215563, 21.571254 ], [ -158.215407, 21.571415 ], [ -158.214879, 21.571498 ], [ -158.214709, 21.571982 ], [ -158.209722, 21.57139 ], [ -158.208983, 21.573972 ], [ -158.209467, 21.574096 ], [ -158.209386, 21.574373 ], [ -158.209713, 21.574721 ], [ -158.210009, 21.575955 ], [ -158.210696, 21.57671 ], [ -158.210556, 21.57689 ], [ -158.210377, 21.576822 ], [ -158.210283, 21.577016 ], [ -158.211143, 21.577365 ], [ -158.211724, 21.578549 ], [ -158.212861, 21.580047 ], [ -158.208652, 21.581143 ], [ -158.203038, 21.581173 ], [ -158.203046, 21.581764 ], [ -158.202641, 21.581882 ], [ -158.200962, 21.582805 ], [ -158.200309, 21.582856 ], [ -158.199173, 21.582684 ], [ -158.198633, 21.582429 ], [ -158.198949, 21.581178 ], [ -158.190743, 21.581141 ], [ -158.190427, 21.582825 ], [ -158.189929, 21.582955 ], [ -158.18977, 21.582832 ], [ -158.188851, 21.582652 ], [ -158.18821, 21.582784 ], [ -158.187068, 21.582476 ], [ -158.18582, 21.581874 ], [ -158.184919, 21.581878 ], [ -158.184524, 21.581759 ], [ -158.183553, 21.581804 ], [ -158.182882, 21.581642 ], [ -158.182666, 21.581515 ], [ -158.182929, 21.580552 ], [ -158.174554, 21.579091 ], [ -158.17382, 21.581753 ], [ -158.17332, 21.581645 ], [ -158.17262, 21.581289 ], [ -158.170871, 21.580155 ], [ -158.169358, 21.579651 ], [ -158.168505, 21.579077 ], [ -158.167851, 21.578934 ], [ -158.167157, 21.579183 ], [ -158.166591, 21.579623 ], [ -158.165443, 21.579784 ], [ -158.16456, 21.58039 ], [ -158.162946, 21.580847 ], [ -158.161862, 21.580687 ], [ -158.159614, 21.580037 ], [ -158.15972, 21.579471 ], [ -158.155908, 21.579783 ], [ -158.155851, 21.579961 ], [ -158.152367, 21.580203 ], [ -158.150998, 21.580468 ], [ -158.150786, 21.579595 ], [ -158.150362, 21.57965 ], [ -158.150534, 21.580518 ], [ -158.144481, 21.581686 ], [ -158.130251, 21.581313 ], [ -158.130086, 21.581284 ], [ -158.130035, 21.581124 ], [ -158.130298, 21.580729 ], [ -158.1306, 21.580545 ], [ -158.130869, 21.580123 ], [ -158.131302, 21.579846 ], [ -158.13031, 21.578967 ], [ -158.128805, 21.577957 ], [ -158.128415, 21.577546 ], [ -158.128185, 21.576987 ], [ -158.127118, 21.575926 ], [ -158.127641, 21.575407 ], [ -158.127759, 21.574753 ], [ -158.127679, 21.574389 ], [ -158.124912, 21.571978 ], [ -158.124506, 21.571419 ], [ -158.122999, 21.568249 ], [ -158.122964, 21.567588 ], [ -158.13387, 21.569266 ], [ -158.12795, 21.567727 ], [ -158.128638, 21.564769 ], [ -158.125452, 21.564146 ], [ -158.125744, 21.56379 ], [ -158.126012, 21.564091 ], [ -158.126551, 21.563798 ], [ -158.126758, 21.562467 ], [ -158.125767, 21.561956 ], [ -158.125132, 21.560772 ], [ -158.124966, 21.560876 ], [ -158.124962, 21.561255 ], [ -158.123532, 21.562399 ], [ -158.123247, 21.563289 ], [ -158.124297, 21.564366 ], [ -158.124352, 21.566091 ], [ -158.123873, 21.566775 ], [ -158.121301, 21.565987 ], [ -158.121118, 21.565424 ], [ -158.120983, 21.565346 ], [ -158.120657, 21.565667 ], [ -158.120123, 21.565437 ], [ -158.118931, 21.565735 ], [ -158.118383, 21.56567 ], [ -158.117771, 21.565797 ], [ -158.117537, 21.566235 ], [ -158.117416, 21.56711 ], [ -158.118621, 21.569136 ], [ -158.118798, 21.569744 ], [ -158.118808, 21.57057 ], [ -158.120191, 21.570687 ], [ -158.120835, 21.571067 ], [ -158.121525, 21.572109 ], [ -158.120427, 21.574197 ], [ -158.122612, 21.574745 ], [ -158.122258, 21.576219 ], [ -158.122867, 21.576989 ], [ -158.122659, 21.577334 ], [ -158.124494, 21.57989 ], [ -158.124362, 21.580192 ], [ -158.124339, 21.581299 ], [ -158.120483, 21.581653 ], [ -158.120391, 21.581482 ], [ -158.119325, 21.581974 ], [ -158.119065, 21.5818 ], [ -158.118935, 21.581146 ], [ -158.118222, 21.581113 ], [ -158.115939, 21.57976 ], [ -158.113928, 21.583676 ], [ -158.11304, 21.583459 ], [ -158.113078, 21.583883 ], [ -158.111316, 21.58699 ], [ -158.110465, 21.586641 ], [ -158.110018, 21.586671 ], [ -158.109936, 21.587166 ], [ -158.109383, 21.587155 ], [ -158.109334, 21.587326 ], [ -158.109068, 21.587401 ], [ -158.109023, 21.58778 ], [ -158.109185, 21.588084 ], [ -158.106515, 21.589466 ], [ -158.106559, 21.589786 ], [ -158.107177, 21.589862 ], [ -158.107267, 21.590309 ], [ -158.106983, 21.590433 ], [ -158.106927, 21.590846 ], [ -158.10669, 21.590888 ], [ -158.106616, 21.591256 ], [ -158.105617, 21.591628 ], [ -158.105703, 21.591932 ], [ -158.105384, 21.592006 ], [ -158.105117, 21.591447 ], [ -158.104156, 21.591593 ], [ -158.104148, 21.591268 ], [ -158.104009, 21.591051 ], [ -158.104153, 21.590695 ], [ -158.104902, 21.590663 ], [ -158.104748, 21.590193 ], [ -158.104894, 21.589628 ], [ -158.105202, 21.58947 ], [ -158.105206, 21.589129 ], [ -158.104795, 21.588905 ], [ -158.104793, 21.587963 ], [ -158.104294, 21.587706 ], [ -158.104262, 21.586818 ], [ -158.104947, 21.586665 ], [ -158.105408, 21.587115 ], [ -158.105705, 21.586908 ], [ -158.10588, 21.587058 ], [ -158.106081, 21.586977 ], [ -158.105866, 21.586667 ], [ -158.10599, 21.586007 ], [ -158.103769, 21.585442 ], [ -158.10372, 21.585635 ], [ -158.103201, 21.585378 ], [ -158.10308, 21.585688 ], [ -158.102686, 21.585174 ], [ -158.102479, 21.585529 ], [ -158.102334, 21.586182 ], [ -158.1021, 21.588661 ], [ -158.101799, 21.589914 ], [ -158.101685, 21.590889 ], [ -158.101817, 21.591351 ], [ -158.101489, 21.591367 ], [ -158.100359, 21.591812 ], [ -158.100129, 21.591475 ], [ -158.098447, 21.592087 ], [ -158.098313, 21.592839 ], [ -158.09838, 21.593171 ], [ -158.098722, 21.592746 ], [ -158.099233, 21.592621 ], [ -158.100647, 21.592639 ], [ -158.101268, 21.592808 ], [ -158.101009, 21.593521 ], [ -158.10158, 21.593665 ], [ -158.101528, 21.593919 ], [ -158.102069, 21.593944 ], [ -158.102396, 21.594202 ], [ -158.102918, 21.594964 ], [ -158.103227, 21.595002 ], [ -158.103193, 21.595633 ], [ -158.102062, 21.596108 ], [ -158.1022, 21.596511 ], [ -158.102376, 21.596551 ], [ -158.102427, 21.597362 ], [ -158.102132, 21.598014 ], [ -158.102579, 21.598095 ], [ -158.102372, 21.598732 ], [ -158.102642, 21.598906 ], [ -158.100502, 21.602648 ], [ -158.098743, 21.605409 ], [ -158.097285, 21.606999 ], [ -158.083532, 21.620575 ], [ -158.074649, 21.626634 ], [ -158.0733, 21.628651 ], [ -158.07097, 21.627318 ], [ -158.070508, 21.629746 ], [ -158.070621, 21.631174 ], [ -158.071299, 21.631498 ], [ -158.070426, 21.632744 ], [ -158.067749, 21.632013 ], [ -158.067446, 21.633522 ], [ -158.069537, 21.63413 ], [ -158.067443, 21.637029 ], [ -158.066124, 21.636721 ], [ -158.065774, 21.637146 ], [ -158.065386, 21.637318 ], [ -158.064319, 21.637266 ], [ -158.062597, 21.638166 ], [ -158.061892, 21.638387 ], [ -158.060773, 21.637764 ], [ -158.059466, 21.636221 ], [ -158.059076, 21.635111 ], [ -158.058382, 21.634831 ], [ -158.05847, 21.635428 ] ], [ [ -158.122574, 21.346906 ], [ -158.122827, 21.347085 ], [ -158.123123, 21.347029 ], [ -158.123801, 21.346522 ], [ -158.121701, 21.345553 ], [ -158.122292, 21.346446 ], [ -158.122574, 21.346906 ] ], [ [ -158.128522, 21.56615 ], [ -158.128183, 21.567526 ], [ -158.128998, 21.567723 ], [ -158.129375, 21.566343 ], [ -158.128522, 21.56615 ] ], [ [ -158.120833, 21.563334 ], [ -158.121578, 21.561699 ], [ -158.120779, 21.561559 ], [ -158.12045, 21.562152 ], [ -158.119752, 21.564993 ], [ -158.120178, 21.565206 ], [ -158.120785, 21.564617 ], [ -158.120895, 21.564248 ], [ -158.120833, 21.563334 ] ], [ [ -158.11009, 21.564061 ], [ -158.110153, 21.564308 ], [ -158.111036, 21.564349 ], [ -158.111325, 21.564253 ], [ -158.11184, 21.563387 ], [ -158.111434, 21.563306 ], [ -158.111147, 21.562693 ], [ -158.110843, 21.56242 ], [ -158.109813, 21.562317 ], [ -158.109163, 21.563193 ], [ -158.1092, 21.563584 ], [ -158.11009, 21.564061 ] ], [ [ -158.084936, 21.334661 ], [ -158.086675, 21.334343 ], [ -158.089475, 21.333556 ], [ -158.089541, 21.333431 ], [ -158.089189, 21.332394 ], [ -158.088195, 21.332522 ], [ -158.086694, 21.333055 ], [ -158.086053, 21.333432 ], [ -158.08489, 21.334475 ], [ -158.084936, 21.334661 ] ], [ [ -158.026292, 21.348444 ], [ -158.026259, 21.348324 ], [ -158.026502, 21.348104 ], [ -158.026532, 21.347766 ], [ -158.025017, 21.349575 ], [ -158.025226, 21.349725 ], [ -158.025761, 21.351689 ], [ -158.027519, 21.351274 ], [ -158.026706, 21.348406 ], [ -158.026512, 21.348315 ], [ -158.026292, 21.348444 ] ], [ [ -158.027748, 21.375936 ], [ -158.027425, 21.376516 ], [ -158.027494, 21.376935 ], [ -158.028682, 21.378961 ], [ -158.029867, 21.378228 ], [ -158.030221, 21.377474 ], [ -158.029741, 21.375846 ], [ -158.029701, 21.375326 ], [ -158.029809, 21.374921 ], [ -158.029008, 21.375218 ], [ -158.027748, 21.375936 ] ], [ [ -158.028872, 21.373852 ], [ -158.028121, 21.373113 ], [ -158.02845, 21.372819 ], [ -158.027853, 21.372173 ], [ -158.027793, 21.371625 ], [ -158.027965, 21.371144 ], [ -158.027523, 21.369953 ], [ -158.027246, 21.369929 ], [ -158.027214, 21.369705 ], [ -158.026299, 21.369618 ], [ -158.02619, 21.371265 ], [ -158.026434, 21.373442 ], [ -158.027013, 21.373865 ], [ -158.028739, 21.374751 ], [ -158.029804, 21.37452 ], [ -158.029624, 21.373908 ], [ -158.029248, 21.373946 ], [ -158.028872, 21.373852 ] ], [ [ -158.091062, 21.486872 ], [ -158.090363, 21.487123 ], [ -158.090263, 21.488137 ], [ -158.090768, 21.488602 ], [ -158.092223, 21.488576 ], [ -158.095669, 21.488792 ], [ -158.095741, 21.48734 ], [ -158.095149, 21.48695 ], [ -158.094166, 21.486822 ], [ -158.093443, 21.486934 ], [ -158.092821, 21.486587 ], [ -158.092344, 21.486592 ], [ -158.091675, 21.486381 ], [ -158.091062, 21.486872 ] ], [ [ -158.078101, 21.340851 ], [ -158.078277, 21.341224 ], [ -158.080243, 21.339206 ], [ -158.080873, 21.338324 ], [ -158.083244, 21.335694 ], [ -158.080545, 21.336963 ], [ -158.076264, 21.340107 ], [ -158.076736, 21.340793 ], [ -158.076975, 21.340612 ], [ -158.077194, 21.34086 ], [ -158.077711, 21.340674 ], [ -158.078101, 21.340851 ] ], [ [ -157.984871, 21.406129 ], [ -157.987594, 21.403532 ], [ -157.987272, 21.401547 ], [ -157.98758, 21.401499 ], [ -157.987477, 21.400729 ], [ -157.987202, 21.400752 ], [ -157.987117, 21.400222 ], [ -157.98075, 21.406505 ], [ -157.981104, 21.407661 ], [ -157.982794, 21.407533 ], [ -157.984438, 21.407758 ], [ -157.985404, 21.406829 ], [ -157.984871, 21.406129 ] ], [ [ -158.081006, 21.504203 ], [ -158.081028, 21.500299 ], [ -158.07732, 21.500232 ], [ -158.076904, 21.500614 ], [ -158.076485, 21.501998 ], [ -158.076425, 21.502735 ], [ -158.076136, 21.502733 ], [ -158.076066, 21.50563 ], [ -158.080492, 21.505636 ], [ -158.081104, 21.505113 ], [ -158.081194, 21.50491 ], [ -158.081006, 21.504203 ] ], [ [ -158.03035, 21.370561 ], [ -158.030366, 21.370288 ], [ -158.030479, 21.37027 ], [ -158.03059, 21.370483 ], [ -158.03098, 21.370386 ], [ -158.030937, 21.370117 ], [ -158.030799, 21.370164 ], [ -158.030694, 21.369867 ], [ -158.031024, 21.369786 ], [ -158.031454, 21.369876 ], [ -158.031473, 21.370204 ], [ -158.031773, 21.370118 ], [ -158.031893, 21.369448 ], [ -158.03275, 21.367801 ], [ -158.032837, 21.366154 ], [ -158.033403, 21.364426 ], [ -158.03334, 21.364013 ], [ -158.032055, 21.361373 ], [ -158.030772, 21.360574 ], [ -158.02994, 21.360562 ], [ -158.029743, 21.361189 ], [ -158.029319, 21.361478 ], [ -158.029148, 21.361784 ], [ -158.030265, 21.362811 ], [ -158.030114, 21.363515 ], [ -158.030397, 21.363425 ], [ -158.031606, 21.363754 ], [ -158.029183, 21.365699 ], [ -158.028663, 21.367057 ], [ -158.028367, 21.367198 ], [ -158.02808, 21.367601 ], [ -158.028405, 21.367933 ], [ -158.027887, 21.369025 ], [ -158.027994, 21.369429 ], [ -158.028418, 21.369247 ], [ -158.028343, 21.368916 ], [ -158.02861, 21.368855 ], [ -158.028677, 21.369138 ], [ -158.029087, 21.368968 ], [ -158.028936, 21.36845 ], [ -158.029326, 21.368377 ], [ -158.029505, 21.368686 ], [ -158.030302, 21.36835 ], [ -158.02991, 21.369076 ], [ -158.029496, 21.369201 ], [ -158.029493, 21.36933 ], [ -158.029228, 21.369452 ], [ -158.029245, 21.369656 ], [ -158.029581, 21.369775 ], [ -158.029648, 21.369482 ], [ -158.030043, 21.369626 ], [ -158.030093, 21.369516 ], [ -158.029952, 21.370039 ], [ -158.029958, 21.370127 ], [ -158.030115, 21.370108 ], [ -158.03035, 21.370561 ] ], [ [ -158.093057, 21.33359 ], [ -158.092312, 21.333273 ], [ -158.091442, 21.333319 ], [ -158.090317, 21.333632 ], [ -158.090189, 21.333762 ], [ -158.091948, 21.3381 ], [ -158.092401, 21.338588 ], [ -158.096373, 21.339429 ], [ -158.100107, 21.340743 ], [ -158.103793, 21.341169 ], [ -158.096121, 21.336721 ], [ -158.09541, 21.336223 ], [ -158.094816, 21.335624 ], [ -158.09487, 21.335566 ], [ -158.093942, 21.334469 ], [ -158.093057, 21.33359 ] ], [ [ -158.11116, 21.580605 ], [ -158.111352, 21.578359 ], [ -158.11172, 21.578209 ], [ -158.111409, 21.577501 ], [ -158.111078, 21.577602 ], [ -158.110876, 21.577204 ], [ -158.110498, 21.577228 ], [ -158.110134, 21.576608 ], [ -158.110173, 21.576086 ], [ -158.11229, 21.575922 ], [ -158.10799, 21.571885 ], [ -158.10666, 21.575234 ], [ -158.106593, 21.575536 ], [ -158.107041, 21.576156 ], [ -158.106231, 21.576387 ], [ -158.105917, 21.577783 ], [ -158.10571, 21.57782 ], [ -158.105242, 21.576378 ], [ -158.104841, 21.576386 ], [ -158.104884, 21.576783 ], [ -158.104392, 21.577753 ], [ -158.104655, 21.57857 ], [ -158.104172, 21.579189 ], [ -158.105493, 21.579646 ], [ -158.105382, 21.580142 ], [ -158.104299, 21.580021 ], [ -158.10386, 21.579841 ], [ -158.103622, 21.579988 ], [ -158.103752, 21.581768 ], [ -158.104621, 21.582101 ], [ -158.104687, 21.581931 ], [ -158.105475, 21.581938 ], [ -158.105826, 21.581704 ], [ -158.106162, 21.582203 ], [ -158.106836, 21.582087 ], [ -158.106574, 21.581639 ], [ -158.10667, 21.581507 ], [ -158.106451, 21.580988 ], [ -158.107247, 21.580317 ], [ -158.107483, 21.580297 ], [ -158.107623, 21.579798 ], [ -158.108302, 21.579572 ], [ -158.108615, 21.580186 ], [ -158.109996, 21.579818 ], [ -158.110134, 21.580161 ], [ -158.110569, 21.580302 ], [ -158.110643, 21.580501 ], [ -158.11116, 21.580605 ] ], [ [ -158.116577, 21.578378 ], [ -158.118336, 21.580288 ], [ -158.118836, 21.580385 ], [ -158.119168, 21.580179 ], [ -158.119538, 21.579577 ], [ -158.120196, 21.577396 ], [ -158.120134, 21.576226 ], [ -158.119987, 21.575809 ], [ -158.118804, 21.575702 ], [ -158.116764, 21.575892 ], [ -158.116733, 21.575411 ], [ -158.115501, 21.575479 ], [ -158.115196, 21.573694 ], [ -158.115612, 21.573602 ], [ -158.11516, 21.572642 ], [ -158.114981, 21.572749 ], [ -158.114878, 21.572144 ], [ -158.114319, 21.572263 ], [ -158.114172, 21.571268 ], [ -158.114448, 21.571128 ], [ -158.114623, 21.570329 ], [ -158.113833, 21.570465 ], [ -158.113698, 21.570155 ], [ -158.113218, 21.57019 ], [ -158.112777, 21.569529 ], [ -158.112683, 21.569544 ], [ -158.112274, 21.568312 ], [ -158.111914, 21.568465 ], [ -158.111829, 21.568625 ], [ -158.110089, 21.568825 ], [ -158.110726, 21.567729 ], [ -158.11026, 21.567374 ], [ -158.110138, 21.566983 ], [ -158.109971, 21.566912 ], [ -158.108584, 21.570846 ], [ -158.110181, 21.572085 ], [ -158.109777, 21.572534 ], [ -158.111601, 21.573951 ], [ -158.112553, 21.574491 ], [ -158.11276, 21.574847 ], [ -158.112324, 21.575044 ], [ -158.112933, 21.57586 ], [ -158.113307, 21.575788 ], [ -158.113538, 21.576491 ], [ -158.116959, 21.577158 ], [ -158.116625, 21.578218 ], [ -158.116577, 21.578378 ] ], [ [ -158.023638, 21.510136 ], [ -158.02348, 21.509518 ], [ -158.02177, 21.509885 ], [ -158.021351, 21.509254 ], [ -158.021836, 21.508911 ], [ -158.022436, 21.508683 ], [ -158.022487, 21.508242 ], [ -158.022331, 21.507808 ], [ -158.021512, 21.507304 ], [ -158.020622, 21.507136 ], [ -158.019899, 21.5072 ], [ -158.019229, 21.507406 ], [ -158.018662, 21.507963 ], [ -158.01786, 21.509144 ], [ -158.01754, 21.509828 ], [ -158.017293, 21.511227 ], [ -158.01743, 21.511618 ], [ -158.017224, 21.5117 ], [ -158.017952, 21.514026 ], [ -158.018517, 21.514113 ], [ -158.019323, 21.514027 ], [ -158.020094, 21.514157 ], [ -158.020647, 21.514073 ], [ -158.022042, 21.514332 ], [ -158.022733, 21.514683 ], [ -158.023256, 21.514693 ], [ -158.024904, 21.515254 ], [ -158.025294, 21.515197 ], [ -158.025768, 21.514915 ], [ -158.026296, 21.515053 ], [ -158.026886, 21.514859 ], [ -158.028192, 21.514921 ], [ -158.026648, 21.509503 ], [ -158.023638, 21.510136 ] ], [ [ -158.022639, 21.333984 ], [ -158.021717, 21.33439 ], [ -158.02005, 21.335514 ], [ -158.016383, 21.339327 ], [ -158.017943, 21.341282 ], [ -158.018742, 21.342535 ], [ -158.01981, 21.344601 ], [ -158.020633, 21.346812 ], [ -158.024146, 21.350349 ], [ -158.026475, 21.347571 ], [ -158.022782, 21.334032 ], [ -158.022639, 21.333984 ] ], [ [ -158.02164, 21.331338 ], [ -158.020127, 21.328815 ], [ -158.01936, 21.329224 ], [ -158.019181, 21.328929 ], [ -158.018726, 21.329069 ], [ -158.017264, 21.329153 ], [ -158.015664, 21.329722 ], [ -158.014037, 21.329516 ], [ -158.012469, 21.330295 ], [ -158.011937, 21.330439 ], [ -158.010865, 21.33041 ], [ -158.009647, 21.330059 ], [ -158.0091, 21.330101 ], [ -158.008572, 21.330401 ], [ -158.006162, 21.332939 ], [ -158.008677, 21.333832 ], [ -158.011342, 21.335173 ], [ -158.014055, 21.337067 ], [ -158.016227, 21.339132 ], [ -158.019899, 21.335312 ], [ -158.020954, 21.334531 ], [ -158.022483, 21.333771 ], [ -158.022599, 21.333452 ], [ -158.02164, 21.331338 ] ], [ [ -158.086646, 21.332374 ], [ -158.088386, 21.331701 ], [ -158.089039, 21.331136 ], [ -158.089547, 21.329847 ], [ -158.089906, 21.328028 ], [ -158.090582, 21.326712 ], [ -158.078686, 21.323635 ], [ -158.076557, 21.323248 ], [ -158.074537, 21.323252 ], [ -158.073331, 21.323431 ], [ -158.068367, 21.325071 ], [ -158.071148, 21.328072 ], [ -158.072911, 21.331157 ], [ -158.07325, 21.332075 ], [ -158.073338, 21.332805 ], [ -158.072973, 21.334728 ], [ -158.073204, 21.334528 ], [ -158.075117, 21.333904 ], [ -158.075526, 21.333973 ], [ -158.076202, 21.334506 ], [ -158.07573, 21.335348 ], [ -158.075576, 21.33775 ], [ -158.07526, 21.337876 ], [ -158.075379, 21.338181 ], [ -158.07471, 21.337951 ], [ -158.07432, 21.337971 ], [ -158.075938, 21.33976 ], [ -158.076138, 21.339748 ], [ -158.077114, 21.339044 ], [ -158.077223, 21.339175 ], [ -158.083519, 21.334684 ], [ -158.085448, 21.333091 ], [ -158.086646, 21.332374 ] ], [ [ -158.04184, 21.378111 ], [ -158.045765, 21.376611 ], [ -158.048946, 21.375246 ], [ -158.051182, 21.374038 ], [ -158.059155, 21.366946 ], [ -158.060107, 21.365888 ], [ -158.061824, 21.364279 ], [ -158.062576, 21.362991 ], [ -158.063722, 21.358003 ], [ -158.063563, 21.357519 ], [ -158.063631, 21.357244 ], [ -158.06397, 21.356873 ], [ -158.062274, 21.356234 ], [ -158.061881, 21.355512 ], [ -158.061701, 21.355444 ], [ -158.061007, 21.357186 ], [ -158.060585, 21.357763 ], [ -158.05745, 21.360087 ], [ -158.054753, 21.362788 ], [ -158.053832, 21.364105 ], [ -158.052891, 21.365975 ], [ -158.052084, 21.367087 ], [ -158.045249, 21.371512 ], [ -158.041427, 21.374167 ], [ -158.040936, 21.374305 ], [ -158.037195, 21.374425 ], [ -158.036415, 21.374592 ], [ -158.035858, 21.374453 ], [ -158.031867, 21.374564 ], [ -158.02997, 21.374887 ], [ -158.029863, 21.375726 ], [ -158.030327, 21.377091 ], [ -158.030318, 21.377721 ], [ -158.02988, 21.378395 ], [ -158.028759, 21.379067 ], [ -158.031513, 21.382559 ], [ -158.03206, 21.38281 ], [ -158.035195, 21.381606 ], [ -158.039364, 21.379392 ], [ -158.04184, 21.378111 ] ], [ [ -158.093747, 21.333724 ], [ -158.095514, 21.335756 ], [ -158.096559, 21.336552 ], [ -158.103601, 21.340585 ], [ -158.104514, 21.34101 ], [ -158.106499, 21.341459 ], [ -158.109491, 21.341828 ], [ -158.110743, 21.342322 ], [ -158.112851, 21.34361 ], [ -158.113463, 21.343765 ], [ -158.118016, 21.343932 ], [ -158.119889, 21.344156 ], [ -158.120653, 21.344448 ], [ -158.126649, 21.347481 ], [ -158.128706, 21.348732 ], [ -158.129284, 21.349558 ], [ -158.12827, 21.346804 ], [ -158.127337, 21.345224 ], [ -158.116058, 21.334213 ], [ -158.115478, 21.333746 ], [ -158.115252, 21.334018 ], [ -158.114816, 21.334102 ], [ -158.115093, 21.33348 ], [ -158.1137, 21.33272 ], [ -158.111225, 21.331998 ], [ -158.090922, 21.326783 ], [ -158.090314, 21.327856 ], [ -158.090086, 21.328564 ], [ -158.089736, 21.331388 ], [ -158.092833, 21.332935 ], [ -158.093747, 21.333724 ] ], [ [ -158.080235, 21.362743 ], [ -158.08018, 21.362149 ], [ -158.079855, 21.361949 ], [ -158.080133, 21.360541 ], [ -158.079949, 21.359881 ], [ -158.079668, 21.359762 ], [ -158.079173, 21.360378 ], [ -158.078832, 21.361257 ], [ -158.07857, 21.361223 ], [ -158.078433, 21.360979 ], [ -158.078199, 21.36096 ], [ -158.078005, 21.360529 ], [ -158.078034, 21.360006 ], [ -158.077879, 21.359965 ], [ -158.077378, 21.360349 ], [ -158.077385, 21.361629 ], [ -158.07753, 21.362582 ], [ -158.077033, 21.3633 ], [ -158.075869, 21.364534 ], [ -158.074548, 21.364801 ], [ -158.072558, 21.36471 ], [ -158.071852, 21.366499 ], [ -158.071655, 21.366551 ], [ -158.071462, 21.366952 ], [ -158.071793, 21.367407 ], [ -158.072761, 21.367988 ], [ -158.074026, 21.367491 ], [ -158.074665, 21.367411 ], [ -158.075817, 21.367814 ], [ -158.076175, 21.367597 ], [ -158.077617, 21.367166 ], [ -158.078547, 21.367244 ], [ -158.07933, 21.367733 ], [ -158.080043, 21.36799 ], [ -158.080408, 21.367712 ], [ -158.080546, 21.367218 ], [ -158.081686, 21.36808 ], [ -158.082074, 21.368714 ], [ -158.081921, 21.370619 ], [ -158.082037, 21.371523 ], [ -158.082818, 21.372634 ], [ -158.08361, 21.373332 ], [ -158.084214, 21.373548 ], [ -158.085879, 21.373168 ], [ -158.086722, 21.373217 ], [ -158.08747, 21.373472 ], [ -158.091106, 21.374021 ], [ -158.092037, 21.373855 ], [ -158.092715, 21.373521 ], [ -158.093129, 21.372859 ], [ -158.093287, 21.372181 ], [ -158.093058, 21.371831 ], [ -158.093069, 21.3716 ], [ -158.092272, 21.371096 ], [ -158.093004, 21.369779 ], [ -158.093287, 21.369584 ], [ -158.094309, 21.369975 ], [ -158.093789, 21.366642 ], [ -158.09478, 21.365006 ], [ -158.094647, 21.364435 ], [ -158.093483, 21.362277 ], [ -158.093672, 21.36104 ], [ -158.093245, 21.360646 ], [ -158.092745, 21.35811 ], [ -158.092941, 21.356982 ], [ -158.093785, 21.35519 ], [ -158.094985, 21.355631 ], [ -158.093194, 21.357492 ], [ -158.093284, 21.358551 ], [ -158.094006, 21.359357 ], [ -158.094145, 21.359918 ], [ -158.094686, 21.360951 ], [ -158.094372, 21.36256 ], [ -158.094872, 21.363811 ], [ -158.095258, 21.36438 ], [ -158.095125, 21.365405 ], [ -158.094202, 21.366615 ], [ -158.094176, 21.369038 ], [ -158.094954, 21.369679 ], [ -158.09513, 21.369348 ], [ -158.094944, 21.368809 ], [ -158.09498, 21.368506 ], [ -158.095512, 21.367736 ], [ -158.096315, 21.367582 ], [ -158.096939, 21.367703 ], [ -158.097795, 21.367365 ], [ -158.098748, 21.367327 ], [ -158.100106, 21.368054 ], [ -158.100342, 21.368027 ], [ -158.100685, 21.367662 ], [ -158.101059, 21.367622 ], [ -158.101251, 21.367806 ], [ -158.101279, 21.368431 ], [ -158.101392, 21.368592 ], [ -158.102609, 21.368856 ], [ -158.102782, 21.369267 ], [ -158.102905, 21.369291 ], [ -158.103059, 21.369255 ], [ -158.104222, 21.368017 ], [ -158.104511, 21.367928 ], [ -158.105931, 21.368021 ], [ -158.106228, 21.368262 ], [ -158.106139, 21.368656 ], [ -158.106307, 21.368933 ], [ -158.106806, 21.369069 ], [ -158.107242, 21.368942 ], [ -158.107641, 21.368643 ], [ -158.107556, 21.368566 ], [ -158.107989, 21.367558 ], [ -158.108092, 21.36761 ], [ -158.108476, 21.367181 ], [ -158.108773, 21.367043 ], [ -158.109467, 21.367223 ], [ -158.109783, 21.367784 ], [ -158.109825, 21.36741 ], [ -158.109952, 21.367411 ], [ -158.109949, 21.367621 ], [ -158.109832, 21.367619 ], [ -158.109793, 21.367789 ], [ -158.110238, 21.368236 ], [ -158.110442, 21.36828 ], [ -158.110825, 21.368135 ], [ -158.110629, 21.367846 ], [ -158.110711, 21.367383 ], [ -158.110865, 21.367404 ], [ -158.110831, 21.36707 ], [ -158.111172, 21.365755 ], [ -158.110725, 21.365023 ], [ -158.110632, 21.365041 ], [ -158.110451, 21.364477 ], [ -158.11088, 21.363843 ], [ -158.111121, 21.362687 ], [ -158.111664, 21.361999 ], [ -158.115478, 21.359896 ], [ -158.11622, 21.357682 ], [ -158.11614, 21.357469 ], [ -158.116249, 21.357485 ], [ -158.120268, 21.349931 ], [ -158.122975, 21.347418 ], [ -158.121647, 21.346795 ], [ -158.121278, 21.34537 ], [ -158.119146, 21.344406 ], [ -158.113934, 21.344193 ], [ -158.112415, 21.343987 ], [ -158.111632, 21.343633 ], [ -158.110327, 21.342598 ], [ -158.109104, 21.342178 ], [ -158.105728, 21.341742 ], [ -158.104421, 21.341392 ], [ -158.099865, 21.340831 ], [ -158.096716, 21.339688 ], [ -158.096444, 21.340311 ], [ -158.096411, 21.341377 ], [ -158.096025, 21.341886 ], [ -158.095541, 21.34194 ], [ -158.09533, 21.341487 ], [ -158.095718, 21.341099 ], [ -158.095233, 21.340556 ], [ -158.095399, 21.339371 ], [ -158.09239, 21.338742 ], [ -158.091912, 21.338321 ], [ -158.091525, 21.337462 ], [ -158.090671, 21.340606 ], [ -158.090895, 21.340693 ], [ -158.090404, 21.341765 ], [ -158.088772, 21.34344 ], [ -158.086719, 21.341865 ], [ -158.085871, 21.342107 ], [ -158.086076, 21.34101 ], [ -158.086059, 21.340446 ], [ -158.085853, 21.340293 ], [ -158.085049, 21.338999 ], [ -158.08489, 21.33854 ], [ -158.087749, 21.33662 ], [ -158.088147, 21.336127 ], [ -158.087978, 21.335723 ], [ -158.088888, 21.335598 ], [ -158.090267, 21.335094 ], [ -158.090333, 21.334857 ], [ -158.090138, 21.334385 ], [ -158.089551, 21.333998 ], [ -158.088815, 21.333939 ], [ -158.084924, 21.335037 ], [ -158.084944, 21.335118 ], [ -158.084177, 21.335392 ], [ -158.0816, 21.338705 ], [ -158.080821, 21.339358 ], [ -158.080603, 21.339707 ], [ -158.078944, 21.341331 ], [ -158.078972, 21.341428 ], [ -158.078738, 21.341526 ], [ -158.078175, 21.342223 ], [ -158.078966, 21.343206 ], [ -158.078696, 21.343602 ], [ -158.077947, 21.344133 ], [ -158.078173, 21.344424 ], [ -158.077423, 21.344498 ], [ -158.077018, 21.344751 ], [ -158.076842, 21.345255 ], [ -158.076859, 21.34622 ], [ -158.076708, 21.346408 ], [ -158.076433, 21.346518 ], [ -158.075659, 21.346145 ], [ -158.075197, 21.346086 ], [ -158.074634, 21.34563 ], [ -158.07412, 21.344865 ], [ -158.076648, 21.342511 ], [ -158.076765, 21.342281 ], [ -158.076391, 21.342225 ], [ -158.076456, 21.341843 ], [ -158.076687, 21.341781 ], [ -158.076678, 21.341538 ], [ -158.076339, 21.341002 ], [ -158.076216, 21.34109 ], [ -158.076007, 21.340818 ], [ -158.076247, 21.340647 ], [ -158.075915, 21.340346 ], [ -158.07363, 21.341472 ], [ -158.071546, 21.342998 ], [ -158.068736, 21.345405 ], [ -158.065762, 21.348442 ], [ -158.067302, 21.349781 ], [ -158.067431, 21.349778 ], [ -158.067784, 21.348939 ], [ -158.068506, 21.349431 ], [ -158.068245, 21.350234 ], [ -158.067515, 21.350025 ], [ -158.067487, 21.35022 ], [ -158.068068, 21.350606 ], [ -158.07019, 21.348643 ], [ -158.070891, 21.347602 ], [ -158.072131, 21.348087 ], [ -158.075294, 21.350843 ], [ -158.075458, 21.350908 ], [ -158.077475, 21.350292 ], [ -158.078343, 21.351886 ], [ -158.079015, 21.354077 ], [ -158.079395, 21.355994 ], [ -158.079308, 21.357637 ], [ -158.079804, 21.358785 ], [ -158.080324, 21.35926 ], [ -158.080647, 21.359769 ], [ -158.080562, 21.362767 ], [ -158.080966, 21.36401 ], [ -158.080235, 21.362743 ] ] ], [ [ [ -158.011055, 21.479311 ], [ -158.012685, 21.478681 ], [ -158.012458, 21.480084 ], [ -158.011031, 21.48158 ], [ -158.010682, 21.482603 ], [ -158.01004, 21.48264 ], [ -158.010375, 21.480967 ], [ -158.010934, 21.480478 ], [ -158.011106, 21.479801 ], [ -158.011055, 21.479311 ] ] ], [ [ [ -158.225036, 21.500476 ], [ -158.224707, 21.497797 ], [ -158.226416, 21.495836 ], [ -158.225555, 21.490659 ], [ -158.225703, 21.490297 ], [ -158.227497, 21.48808 ], [ -158.227921, 21.487104 ], [ -158.228072, 21.486425 ], [ -158.22807, 21.485713 ], [ -158.227931, 21.485043 ], [ -158.227562, 21.48422 ], [ -158.228806, 21.483787 ], [ -158.229206, 21.485068 ], [ -158.229335, 21.48677 ], [ -158.228477, 21.49297 ], [ -158.229636, 21.500815 ], [ -158.228236, 21.511162 ], [ -158.227684, 21.513669 ], [ -158.227626, 21.516089 ], [ -158.226509, 21.51672 ], [ -158.203388, 21.507758 ], [ -158.200657, 21.505485 ], [ -158.201021, 21.500579 ], [ -158.203857, 21.498398 ], [ -158.208297, 21.498049 ], [ -158.21237, 21.50015 ], [ -158.222685, 21.503322 ], [ -158.225036, 21.500476 ] ] ], [ [ [ -158.217338, 21.578436 ], [ -158.216413, 21.578706 ], [ -158.21625, 21.578093 ], [ -158.215335, 21.578636 ], [ -158.214541, 21.576263 ], [ -158.216624, 21.575772 ], [ -158.217338, 21.578436 ] ] ], [ [ [ -157.782052, 21.319279 ], [ -157.782043, 21.31892 ], [ -157.782294, 21.318614 ], [ -157.781368, 21.317866 ], [ -157.781022, 21.317936 ], [ -157.780963, 21.317551 ], [ -157.780657, 21.317309 ], [ -157.779677, 21.317204 ], [ -157.779174, 21.316806 ], [ -157.779052, 21.316029 ], [ -157.780523, 21.314583 ], [ -157.780568, 21.314883 ], [ -157.781078, 21.314604 ], [ -157.781771, 21.314528 ], [ -157.782381, 21.314177 ], [ -157.783409, 21.312622 ], [ -157.783887, 21.31251 ], [ -157.784062, 21.31232 ], [ -157.784357, 21.312365 ], [ -157.784848, 21.311745 ], [ -157.785319, 21.311649 ], [ -157.785165, 21.310874 ], [ -157.785257, 21.310334 ], [ -157.785346, 21.310323 ], [ -157.785569, 21.310902 ], [ -157.785572, 21.311259 ], [ -157.785791, 21.311626 ], [ -157.785738, 21.311891 ], [ -157.7847, 21.312708 ], [ -157.784843, 21.312852 ], [ -157.784815, 21.313007 ], [ -157.785495, 21.313067 ], [ -157.785345, 21.313458 ], [ -157.785863, 21.313682 ], [ -157.786242, 21.313594 ], [ -157.786411, 21.313671 ], [ -157.786268, 21.31386 ], [ -157.786962, 21.31416 ], [ -157.784759, 21.316973 ], [ -157.783953, 21.322317 ], [ -157.781611, 21.321606 ], [ -157.7826, 21.319739 ], [ -157.782052, 21.319279 ] ] ], [ [ [ -157.730981, 21.357844 ], [ -157.730784, 21.357529 ], [ -157.73021, 21.355318 ], [ -157.729524, 21.35446 ], [ -157.729419, 21.353689 ], [ -157.729547, 21.352534 ], [ -157.729083, 21.349058 ], [ -157.728464, 21.347216 ], [ -157.727388, 21.345859 ], [ -157.725817, 21.344801 ], [ -157.726506, 21.344008 ], [ -157.725979, 21.34368 ], [ -157.725657, 21.344194 ], [ -157.725459, 21.344006 ], [ -157.725194, 21.344153 ], [ -157.725333, 21.344346 ], [ -157.724991, 21.344597 ], [ -157.7037, 21.337331 ], [ -157.703613, 21.337074 ], [ -157.700835, 21.333643 ], [ -157.700288, 21.333252 ], [ -157.699762, 21.332342 ], [ -157.698797, 21.332147 ], [ -157.698509, 21.330532 ], [ -157.699238, 21.329768 ], [ -157.698958, 21.328803 ], [ -157.69901, 21.327034 ], [ -157.699988, 21.32547 ], [ -157.700816, 21.324531 ], [ -157.701201, 21.323543 ], [ -157.704093, 21.32412 ], [ -157.707956, 21.32283 ], [ -157.710913, 21.322882 ], [ -157.71467, 21.321855 ], [ -157.717421, 21.324134 ], [ -157.717935, 21.327063 ], [ -157.715762, 21.329028 ], [ -157.715663, 21.329254 ], [ -157.717502, 21.329602 ], [ -157.718959, 21.331203 ], [ -157.719589, 21.331601 ], [ -157.720999, 21.33204 ], [ -157.729521, 21.328076 ], [ -157.731495, 21.32817 ], [ -157.73897, 21.328883 ], [ -157.752725, 21.338029 ], [ -157.751934, 21.340492 ], [ -157.750824, 21.340885 ], [ -157.746027, 21.343264 ], [ -157.745359, 21.342883 ], [ -157.744888, 21.342969 ], [ -157.744359, 21.342693 ], [ -157.743959, 21.34312 ], [ -157.743635, 21.343234 ], [ -157.743701, 21.34351 ], [ -157.743956, 21.343689 ], [ -157.745279, 21.344216 ], [ -157.745323, 21.344381 ], [ -157.744954, 21.344343 ], [ -157.745116, 21.344838 ], [ -157.744215, 21.344726 ], [ -157.743834, 21.345104 ], [ -157.743927, 21.345483 ], [ -157.742537, 21.345518 ], [ -157.742247, 21.345672 ], [ -157.742035, 21.346495 ], [ -157.742374, 21.34726 ], [ -157.741766, 21.347153 ], [ -157.741336, 21.347984 ], [ -157.741922, 21.348058 ], [ -157.742019, 21.348213 ], [ -157.741581, 21.348425 ], [ -157.741573, 21.348967 ], [ -157.740761, 21.348758 ], [ -157.740365, 21.348988 ], [ -157.740118, 21.34899 ], [ -157.739093, 21.349654 ], [ -157.739007, 21.349915 ], [ -157.739092, 21.350113 ], [ -157.7396, 21.350197 ], [ -157.74043, 21.35075 ], [ -157.739617, 21.351362 ], [ -157.739424, 21.35171 ], [ -157.739401, 21.352043 ], [ -157.739128, 21.352203 ], [ -157.7387, 21.352214 ], [ -157.738591, 21.352442 ], [ -157.738462, 21.352435 ], [ -157.737515, 21.351912 ], [ -157.737146, 21.351847 ], [ -157.737152, 21.352192 ], [ -157.737508, 21.352711 ], [ -157.73742, 21.353076 ], [ -157.737908, 21.353685 ], [ -157.737696, 21.354109 ], [ -157.737478, 21.35416 ], [ -157.736819, 21.353932 ], [ -157.736435, 21.354129 ], [ -157.735903, 21.354017 ], [ -157.735954, 21.3534 ], [ -157.735658, 21.353221 ], [ -157.735557, 21.352946 ], [ -157.735173, 21.352765 ], [ -157.734586, 21.3521 ], [ -157.73369, 21.352022 ], [ -157.733588, 21.351813 ], [ -157.733641, 21.351441 ], [ -157.733021, 21.350946 ], [ -157.732525, 21.350829 ], [ -157.732213, 21.350879 ], [ -157.731501, 21.351405 ], [ -157.731479, 21.352072 ], [ -157.731825, 21.352756 ], [ -157.73185, 21.353407 ], [ -157.732231, 21.353746 ], [ -157.732682, 21.354497 ], [ -157.733465, 21.355411 ], [ -157.733739, 21.355535 ], [ -157.734278, 21.356447 ], [ -157.734315, 21.356589 ], [ -157.733883, 21.356773 ], [ -157.733829, 21.357071 ], [ -157.73407, 21.357164 ], [ -157.734625, 21.357119 ], [ -157.734569, 21.357872 ], [ -157.734246, 21.358482 ], [ -157.734369, 21.358838 ], [ -157.734623, 21.358125 ], [ -157.735406, 21.357493 ], [ -157.735318, 21.35701 ], [ -157.735443, 21.356602 ], [ -157.73583, 21.356271 ], [ -157.736481, 21.355301 ], [ -157.736791, 21.355092 ], [ -157.737397, 21.355159 ], [ -157.738121, 21.355436 ], [ -157.738506, 21.35526 ], [ -157.739396, 21.355141 ], [ -157.740184, 21.354532 ], [ -157.74151, 21.354826 ], [ -157.743025, 21.35417 ], [ -157.738857, 21.358929 ], [ -157.73743, 21.35988 ], [ -157.736725, 21.359165 ], [ -157.736472, 21.359063 ], [ -157.734749, 21.359741 ], [ -157.734158, 21.359851 ], [ -157.733816, 21.359696 ], [ -157.733941, 21.35962 ], [ -157.732436, 21.357792 ], [ -157.730981, 21.357844 ] ] ], [ [ [ -157.758774, 21.377266 ], [ -157.759229, 21.377277 ], [ -157.759409, 21.376555 ], [ -157.75908, 21.376422 ], [ -157.758946, 21.37615 ], [ -157.758748, 21.376212 ], [ -157.758721, 21.375681 ], [ -157.757664, 21.37513 ], [ -157.757488, 21.375138 ], [ -157.757069, 21.374758 ], [ -157.755828, 21.374551 ], [ -157.755608, 21.37432 ], [ -157.754871, 21.37425 ], [ -157.754219, 21.373721 ], [ -157.753811, 21.373805 ], [ -157.752588, 21.375841 ], [ -157.751616, 21.375309 ], [ -157.750808, 21.37806 ], [ -157.748702, 21.376826 ], [ -157.746428, 21.375168 ], [ -157.746776, 21.374819 ], [ -157.746045, 21.374184 ], [ -157.746073, 21.373544 ], [ -157.746681, 21.373307 ], [ -157.74671, 21.372962 ], [ -157.746485, 21.372013 ], [ -157.746736, 21.371333 ], [ -157.74706, 21.37085 ], [ -157.74709, 21.370484 ], [ -157.748077, 21.370011 ], [ -157.748419, 21.369529 ], [ -157.749382, 21.369417 ], [ -157.749959, 21.368944 ], [ -157.750247, 21.36886 ], [ -157.750933, 21.36887 ], [ -157.751006, 21.36909 ], [ -157.750919, 21.369379 ], [ -157.7511, 21.369824 ], [ -157.751025, 21.370064 ], [ -157.75041, 21.370756 ], [ -157.751594, 21.370067 ], [ -157.752777, 21.37092 ], [ -157.752859, 21.371655 ], [ -157.753054, 21.371925 ], [ -157.753947, 21.372518 ], [ -157.754071, 21.372886 ], [ -157.754268, 21.372982 ], [ -157.75448, 21.372936 ], [ -157.754572, 21.372729 ], [ -157.754167, 21.372001 ], [ -157.754314, 21.371577 ], [ -157.754893, 21.372044 ], [ -157.755134, 21.372037 ], [ -157.755381, 21.371603 ], [ -157.755673, 21.3717 ], [ -157.756005, 21.370386 ], [ -157.756418, 21.370572 ], [ -157.756502, 21.370453 ], [ -157.756934, 21.370827 ], [ -157.757835, 21.37003 ], [ -157.7613, 21.367674 ], [ -157.75926, 21.366012 ], [ -157.758867, 21.365385 ], [ -157.75859, 21.363394 ], [ -157.757456, 21.345835 ], [ -157.762249, 21.345544 ], [ -157.764041, 21.350609 ], [ -157.765281, 21.352231 ], [ -157.766303, 21.353166 ], [ -157.770378, 21.352728 ], [ -157.772301, 21.353597 ], [ -157.775299, 21.35436 ], [ -157.776366, 21.359243 ], [ -157.780992, 21.363534 ], [ -157.78141, 21.363567 ], [ -157.781183, 21.364576 ], [ -157.780751, 21.364525 ], [ -157.780421, 21.364623 ], [ -157.779941, 21.36524 ], [ -157.780043, 21.365847 ], [ -157.781616, 21.367931 ], [ -157.780766, 21.368752 ], [ -157.779867, 21.369035 ], [ -157.77923, 21.369444 ], [ -157.778555, 21.369701 ], [ -157.777906, 21.369444 ], [ -157.777458, 21.369524 ], [ -157.776476, 21.370224 ], [ -157.775849, 21.370252 ], [ -157.775055, 21.369809 ], [ -157.77477, 21.36942 ], [ -157.772805, 21.369552 ], [ -157.771025, 21.369942 ], [ -157.770845, 21.369509 ], [ -157.770708, 21.369469 ], [ -157.770262, 21.369461 ], [ -157.76988, 21.369667 ], [ -157.769452, 21.369568 ], [ -157.771057, 21.36863 ], [ -157.772174, 21.367516 ], [ -157.772679, 21.367554 ], [ -157.772819, 21.366999 ], [ -157.772453, 21.36666 ], [ -157.772482, 21.366004 ], [ -157.771646, 21.364338 ], [ -157.771081, 21.364471 ], [ -157.770013, 21.365597 ], [ -157.769004, 21.364759 ], [ -157.767873, 21.365048 ], [ -157.768057, 21.364746 ], [ -157.767954, 21.364432 ], [ -157.768293, 21.363917 ], [ -157.768815, 21.363993 ], [ -157.768982, 21.363751 ], [ -157.769193, 21.362433 ], [ -157.768851, 21.362589 ], [ -157.767886, 21.362714 ], [ -157.767712, 21.362471 ], [ -157.767407, 21.362392 ], [ -157.76796, 21.36168 ], [ -157.772887, 21.359146 ], [ -157.769055, 21.354353 ], [ -157.768781, 21.354814 ], [ -157.768415, 21.355085 ], [ -157.768046, 21.355584 ], [ -157.767792, 21.356357 ], [ -157.767074, 21.35731 ], [ -157.765792, 21.357955 ], [ -157.765382, 21.357941 ], [ -157.764443, 21.358435 ], [ -157.764506, 21.358678 ], [ -157.763664, 21.35882 ], [ -157.763169, 21.359074 ], [ -157.763597, 21.359914 ], [ -157.764122, 21.360314 ], [ -157.764661, 21.360539 ], [ -157.764607, 21.361264 ], [ -157.764855, 21.361872 ], [ -157.76549, 21.362531 ], [ -157.764521, 21.362469 ], [ -157.764355, 21.363287 ], [ -157.764539, 21.363817 ], [ -157.765677, 21.364167 ], [ -157.765873, 21.364449 ], [ -157.765916, 21.364961 ], [ -157.765536, 21.365415 ], [ -157.764687, 21.365838 ], [ -157.764133, 21.368057 ], [ -157.763852, 21.368666 ], [ -157.764459, 21.369165 ], [ -157.764825, 21.36968 ], [ -157.764687, 21.370042 ], [ -157.764164, 21.369966 ], [ -157.763447, 21.370721 ], [ -157.763668, 21.371669 ], [ -157.7639, 21.371912 ], [ -157.763856, 21.37227 ], [ -157.763622, 21.372284 ], [ -157.763102, 21.372646 ], [ -157.763129, 21.372992 ], [ -157.762912, 21.37355 ], [ -157.763084, 21.373813 ], [ -157.762861, 21.374354 ], [ -157.762972, 21.374887 ], [ -157.762885, 21.374942 ], [ -157.763274, 21.375606 ], [ -157.763708, 21.375702 ], [ -157.763544, 21.376248 ], [ -157.763266, 21.376603 ], [ -157.763105, 21.377223 ], [ -157.760722, 21.377774 ], [ -157.758368, 21.378987 ], [ -157.758104, 21.378645 ], [ -157.758333, 21.37836 ], [ -157.758409, 21.377912 ], [ -157.758269, 21.377674 ], [ -157.758774, 21.377266 ] ] ], [ [ [ -157.991651, 21.383172 ], [ -157.991398, 21.381798 ], [ -157.991304, 21.380528 ], [ -157.991367, 21.379286 ], [ -157.991174, 21.377483 ], [ -157.989522, 21.37619 ], [ -157.988586, 21.374667 ], [ -157.98798, 21.374532 ], [ -157.988287, 21.373965 ], [ -157.988299, 21.373671 ], [ -157.98788, 21.372242 ], [ -157.987886, 21.371831 ], [ -157.987455, 21.370871 ], [ -157.986607, 21.369628 ], [ -157.986208, 21.369169 ], [ -157.985631, 21.368877 ], [ -157.985126, 21.368119 ], [ -157.983792, 21.367122 ], [ -157.983202, 21.366107 ], [ -157.982185, 21.36536 ], [ -157.981539, 21.365239 ], [ -157.980116, 21.365452 ], [ -157.979493, 21.365624 ], [ -157.978847, 21.366198 ], [ -157.978343, 21.366379 ], [ -157.975258, 21.363841 ], [ -157.975079, 21.362323 ], [ -157.975231, 21.361768 ], [ -157.975649, 21.361369 ], [ -157.975931, 21.36082 ], [ -157.975613, 21.36042 ], [ -157.975425, 21.359773 ], [ -157.975126, 21.359564 ], [ -157.975172, 21.359189 ], [ -157.975038, 21.358922 ], [ -157.974578, 21.358865 ], [ -157.974173, 21.3586 ], [ -157.974003, 21.357588 ], [ -157.974026, 21.356897 ], [ -157.973856, 21.356521 ], [ -157.97332, 21.355939 ], [ -157.973003, 21.355739 ], [ -157.972168, 21.35553 ], [ -157.971522, 21.355007 ], [ -157.971145, 21.354011 ], [ -157.970887, 21.352763 ], [ -157.970975, 21.352425 ], [ -157.972638, 21.349707 ], [ -157.972726, 21.349314 ], [ -157.972668, 21.3486 ], [ -157.972108, 21.347653 ], [ -157.973893, 21.34673 ], [ -157.97645, 21.348855 ], [ -157.978245, 21.351605 ], [ -157.979876, 21.350745 ], [ -157.980486, 21.351488 ], [ -157.981474, 21.352041 ], [ -157.981968, 21.352107 ], [ -157.982749, 21.352071 ], [ -157.983943, 21.351558 ], [ -157.984631, 21.351106 ], [ -157.985137, 21.350974 ], [ -157.9858, 21.351036 ], [ -157.986383, 21.351311 ], [ -157.987129, 21.351455 ], [ -157.988357, 21.351458 ], [ -157.98861, 21.351514 ], [ -157.988916, 21.351778 ], [ -157.989227, 21.352764 ], [ -157.989363, 21.353695 ], [ -157.989798, 21.35457 ], [ -157.991268, 21.35592 ], [ -157.992296, 21.3564 ], [ -157.992314, 21.356586 ], [ -157.992555, 21.35665 ], [ -157.992732, 21.356854 ], [ -157.992232, 21.357217 ], [ -157.989605, 21.357807 ], [ -157.989588, 21.358051 ], [ -157.989217, 21.358157 ], [ -157.988864, 21.357717 ], [ -157.988365, 21.357782 ], [ -157.987935, 21.359017 ], [ -157.988023, 21.35974 ], [ -157.988259, 21.360392 ], [ -157.988171, 21.360558 ], [ -157.987489, 21.361011 ], [ -157.987218, 21.362147 ], [ -157.987318, 21.362328 ], [ -157.988751, 21.362089 ], [ -157.989288, 21.361703 ], [ -157.989534, 21.361145 ], [ -157.990228, 21.360557 ], [ -157.990498, 21.360477 ], [ -157.991033, 21.360562 ], [ -157.992926, 21.359502 ], [ -157.99335, 21.359428 ], [ -157.995119, 21.359502 ], [ -157.996048, 21.358708 ], [ -157.996447, 21.358629 ], [ -157.997047, 21.357535 ], [ -157.997588, 21.35724 ], [ -157.997923, 21.356871 ], [ -157.997987, 21.356605 ], [ -157.999198, 21.356414 ], [ -158.00005, 21.357033 ], [ -158.00082, 21.357909 ], [ -158.001015, 21.358367 ], [ -158.001086, 21.358905 ], [ -158.000304, 21.360124 ], [ -158.000316, 21.36115 ], [ -158.000452, 21.361692 ], [ -158.000916, 21.362215 ], [ -158.00135, 21.36299 ], [ -158.001933, 21.363526 ], [ -158.00429, 21.364615 ], [ -158.004432, 21.365068 ], [ -158.004532, 21.367363 ], [ -158.003519, 21.368288 ], [ -158.002829, 21.368427 ], [ -158.002215, 21.368963 ], [ -158.001948, 21.36959 ], [ -158.001876, 21.371627 ], [ -158.001973, 21.371976 ], [ -158.002813, 21.373181 ], [ -158.003036, 21.373039 ], [ -158.003375, 21.373454 ], [ -158.00359, 21.373546 ], [ -158.00357, 21.373654 ], [ -158.003846, 21.373674 ], [ -158.004153, 21.374664 ], [ -158.004646, 21.374679 ], [ -158.004904, 21.374988 ], [ -158.005146, 21.374942 ], [ -158.005828, 21.374563 ], [ -158.006251, 21.374165 ], [ -158.006684, 21.374565 ], [ -158.005884, 21.375296 ], [ -158.004911, 21.375411 ], [ -158.004126, 21.375242 ], [ -158.004332, 21.378961 ], [ -158.004429, 21.379529 ], [ -158.004833, 21.380344 ], [ -157.998337, 21.381727 ], [ -157.997268, 21.382002 ], [ -157.996139, 21.382511 ], [ -157.994996, 21.383091 ], [ -157.994389, 21.38355 ], [ -157.993374, 21.384876 ], [ -157.993233, 21.384879 ], [ -157.992946, 21.385402 ], [ -157.992832, 21.386055 ], [ -157.992505, 21.385935 ], [ -157.992515, 21.385314 ], [ -157.992198, 21.384535 ], [ -157.991651, 21.383172 ] ] ], [ [ [ -157.765692, 21.377281 ], [ -157.765976, 21.376625 ], [ -157.76629, 21.375265 ], [ -157.766214, 21.3749 ], [ -157.766491, 21.374489 ], [ -157.768806, 21.374957 ], [ -157.769063, 21.375144 ], [ -157.769483, 21.375223 ], [ -157.769562, 21.375091 ], [ -157.77156, 21.37538 ], [ -157.771156, 21.374028 ], [ -157.772262, 21.374711 ], [ -157.77289, 21.374783 ], [ -157.773445, 21.375057 ], [ -157.771207, 21.378633 ], [ -157.766948, 21.377521 ], [ -157.765692, 21.377281 ] ] ], [ [ [ -157.942198, 21.383087 ], [ -157.942709, 21.382052 ], [ -157.944987, 21.383101 ], [ -157.944684, 21.383692 ], [ -157.943708, 21.384266 ], [ -157.943044, 21.383792 ], [ -157.942779, 21.38413 ], [ -157.941948, 21.384063 ], [ -157.94155, 21.383381 ], [ -157.942198, 21.383087 ] ] ], [ [ [ -157.975575, 21.389354 ], [ -157.976383, 21.390028 ], [ -157.977067, 21.390287 ], [ -157.977429, 21.389943 ], [ -157.977331, 21.389574 ], [ -157.976965, 21.389149 ], [ -157.983947, 21.388602 ], [ -157.984403, 21.388035 ], [ -157.98536, 21.38799 ], [ -157.986218, 21.388153 ], [ -157.986742, 21.387967 ], [ -157.987146, 21.388147 ], [ -157.986934, 21.389347 ], [ -157.987039, 21.389446 ], [ -157.985277, 21.390887 ], [ -157.982516, 21.391943 ], [ -157.981958, 21.391852 ], [ -157.981244, 21.391371 ], [ -157.980569, 21.391221 ], [ -157.98025, 21.390708 ], [ -157.979638, 21.391102 ], [ -157.979469, 21.390654 ], [ -157.978984, 21.390818 ], [ -157.979034, 21.390907 ], [ -157.978827, 21.391016 ], [ -157.979062, 21.391517 ], [ -157.978924, 21.391577 ], [ -157.978349, 21.390489 ], [ -157.978006, 21.390625 ], [ -157.978038, 21.390795 ], [ -157.977679, 21.390929 ], [ -157.977735, 21.391674 ], [ -157.977326, 21.391679 ], [ -157.977298, 21.391405 ], [ -157.97691, 21.391454 ], [ -157.976888, 21.391034 ], [ -157.976584, 21.391054 ], [ -157.976536, 21.391266 ], [ -157.975963, 21.39141 ], [ -157.976218, 21.391696 ], [ -157.97581, 21.392025 ], [ -157.974645, 21.391101 ], [ -157.974228, 21.390178 ], [ -157.974241, 21.389816 ], [ -157.974588, 21.389225 ], [ -157.975054, 21.389316 ], [ -157.975575, 21.389354 ] ] ], [ [ [ -157.927771, 21.400163 ], [ -157.927617, 21.399046 ], [ -157.928001, 21.398845 ], [ -157.929554, 21.398604 ], [ -157.930578, 21.398046 ], [ -157.931457, 21.399209 ], [ -157.931164, 21.399331 ], [ -157.929613, 21.399387 ], [ -157.928219, 21.40022 ], [ -157.927771, 21.400163 ] ] ], [ [ [ -157.841023, 21.448698 ], [ -157.842617, 21.44877 ], [ -157.842598, 21.447751 ], [ -157.843235, 21.447732 ], [ -157.84361, 21.448063 ], [ -157.843944, 21.44887 ], [ -157.842368, 21.449446 ], [ -157.842338, 21.449556 ], [ -157.841904, 21.449304 ], [ -157.840912, 21.449093 ], [ -157.840996, 21.448902 ], [ -157.841023, 21.448698 ] ] ], [ [ [ -157.990096, 21.471433 ], [ -157.990302, 21.471643 ], [ -157.990183, 21.471839 ], [ -157.989972, 21.471899 ], [ -157.989792, 21.471776 ], [ -157.989787, 21.47155 ], [ -157.990096, 21.471433 ] ] ], [ [ [ -157.983226, 21.478771 ], [ -157.983316, 21.478487 ], [ -157.983778, 21.478213 ], [ -157.984328, 21.47909 ], [ -157.983883, 21.479346 ], [ -157.983527, 21.47926 ], [ -157.983226, 21.478771 ] ] ], [ [ [ -157.855984, 21.482604 ], [ -157.856188, 21.482586 ], [ -157.856327, 21.482861 ], [ -157.856014, 21.482894 ], [ -157.855984, 21.482604 ] ] ], [ [ [ -157.848658, 21.548351 ], [ -157.848276, 21.548289 ], [ -157.848255, 21.547831 ], [ -157.847917, 21.546647 ], [ -157.848299, 21.546599 ], [ -157.848443, 21.54622 ], [ -157.847843, 21.546173 ], [ -157.847352, 21.544888 ], [ -157.847623, 21.54484 ], [ -157.847613, 21.544536 ], [ -157.847354, 21.544486 ], [ -157.84734, 21.544151 ], [ -157.846929, 21.543988 ], [ -157.846846, 21.544097 ], [ -157.846671, 21.544019 ], [ -157.846678, 21.543662 ], [ -157.846532, 21.543627 ], [ -157.846342, 21.54404 ], [ -157.846491, 21.544436 ], [ -157.846191, 21.544429 ], [ -157.845948, 21.544653 ], [ -157.844236, 21.543096 ], [ -157.844423, 21.542541 ], [ -157.843192, 21.541956 ], [ -157.842997, 21.542109 ], [ -157.842803, 21.542014 ], [ -157.842822, 21.541816 ], [ -157.842238, 21.540431 ], [ -157.842062, 21.540392 ], [ -157.841964, 21.540121 ], [ -157.841693, 21.540159 ], [ -157.841607, 21.539833 ], [ -157.842043, 21.539737 ], [ -157.841519, 21.538187 ], [ -157.84113, 21.538196 ], [ -157.841056, 21.537892 ], [ -157.84141, 21.537757 ], [ -157.841353, 21.537548 ], [ -157.841706, 21.537467 ], [ -157.841769, 21.537611 ], [ -157.841987, 21.537579 ], [ -157.84182, 21.537083 ], [ -157.841869, 21.53688 ], [ -157.841705, 21.536642 ], [ -157.84147, 21.536734 ], [ -157.8413, 21.536602 ], [ -157.840669, 21.536834 ], [ -157.839937, 21.535575 ], [ -157.838498, 21.534426 ], [ -157.837719, 21.532347 ], [ -157.835812, 21.529171 ], [ -157.834945, 21.526326 ], [ -157.8352, 21.523455 ], [ -157.835914, 21.518787 ], [ -157.836254, 21.518091 ], [ -157.835845, 21.517753 ], [ -157.835645, 21.517811 ], [ -157.835486, 21.513568 ], [ -157.834533, 21.509768 ], [ -157.834717, 21.509155 ], [ -157.835081, 21.508882 ], [ -157.837059, 21.508426 ], [ -157.838924, 21.508448 ], [ -157.840047, 21.508768 ], [ -157.842684, 21.50791 ], [ -157.843278, 21.507878 ], [ -157.845826, 21.507245 ], [ -157.84699, 21.506585 ], [ -157.847656, 21.506368 ], [ -157.849143, 21.506518 ], [ -157.848693, 21.506786 ], [ -157.848692, 21.507093 ], [ -157.848915, 21.507312 ], [ -157.851288, 21.507554 ], [ -157.851458, 21.507031 ], [ -157.851187, 21.506338 ], [ -157.851187, 21.505959 ], [ -157.851522, 21.505437 ], [ -157.852347, 21.504829 ], [ -157.852412, 21.503335 ], [ -157.854802, 21.50268 ], [ -157.853592, 21.500748 ], [ -157.850547, 21.493679 ], [ -157.850459, 21.492104 ], [ -157.849901, 21.492041 ], [ -157.849639, 21.492197 ], [ -157.849619, 21.492418 ], [ -157.849234, 21.492543 ], [ -157.849194, 21.493005 ], [ -157.849413, 21.493192 ], [ -157.848186, 21.492906 ], [ -157.847064, 21.492235 ], [ -157.847712, 21.490885 ], [ -157.8486, 21.48992 ], [ -157.849042, 21.489015 ], [ -157.849071, 21.488712 ], [ -157.848918, 21.488522 ], [ -157.849271, 21.488068 ], [ -157.849306, 21.487725 ], [ -157.848818, 21.48652 ], [ -157.848076, 21.485765 ], [ -157.847682, 21.485627 ], [ -157.846552, 21.484824 ], [ -157.844976, 21.483982 ], [ -157.84354, 21.484094 ], [ -157.843111, 21.484416 ], [ -157.842687, 21.484083 ], [ -157.842527, 21.484322 ], [ -157.841805, 21.483409 ], [ -157.841669, 21.483051 ], [ -157.841839, 21.482307 ], [ -157.841823, 21.481769 ], [ -157.841415, 21.480434 ], [ -157.841545, 21.47964 ], [ -157.841475, 21.478628 ], [ -157.841769, 21.47783 ], [ -157.841951, 21.476332 ], [ -157.842229, 21.475342 ], [ -157.842939, 21.475613 ], [ -157.843013, 21.475767 ], [ -157.842702, 21.476053 ], [ -157.842719, 21.476306 ], [ -157.842915, 21.476755 ], [ -157.843294, 21.477169 ], [ -157.843316, 21.477391 ], [ -157.843046, 21.47747 ], [ -157.843703, 21.47783 ], [ -157.843773, 21.478222 ], [ -157.845029, 21.477937 ], [ -157.845419, 21.478084 ], [ -157.845416, 21.477866 ], [ -157.846314, 21.477848 ], [ -157.848357, 21.478177 ], [ -157.848263, 21.478432 ], [ -157.849907, 21.479114 ], [ -157.851928, 21.47964 ], [ -157.853942, 21.479348 ], [ -157.854038, 21.479895 ], [ -157.854224, 21.479868 ], [ -157.854472, 21.479526 ], [ -157.855347, 21.479364 ], [ -157.856279, 21.479559 ], [ -157.856442, 21.47885 ], [ -157.858801, 21.478784 ], [ -157.858743, 21.479666 ], [ -157.859983, 21.478817 ], [ -157.859894, 21.478224 ], [ -157.860545, 21.477932 ], [ -157.861863, 21.475034 ], [ -157.864255, 21.476035 ], [ -157.867233, 21.475143 ], [ -157.866619, 21.475889 ], [ -157.86722, 21.4766 ], [ -157.866967, 21.476749 ], [ -157.866871, 21.477025 ], [ -157.867336, 21.477968 ], [ -157.867712, 21.479508 ], [ -157.868877, 21.482157 ], [ -157.869458, 21.482125 ], [ -157.873533, 21.480422 ], [ -157.872404, 21.483072 ], [ -157.871994, 21.48458 ], [ -157.871744, 21.48754 ], [ -157.870951, 21.486755 ], [ -157.869538, 21.486256 ], [ -157.868547, 21.486402 ], [ -157.865936, 21.485902 ], [ -157.864409, 21.485128 ], [ -157.863917, 21.485292 ], [ -157.864959, 21.496439 ], [ -157.865401, 21.4965 ], [ -157.866279, 21.496982 ], [ -157.866412, 21.496876 ], [ -157.866392, 21.496354 ], [ -157.866967, 21.496612 ], [ -157.867292, 21.496584 ], [ -157.867578, 21.496775 ], [ -157.867471, 21.497584 ], [ -157.867714, 21.497627 ], [ -157.867092, 21.497762 ], [ -157.867208, 21.498157 ], [ -157.867808, 21.498538 ], [ -157.868287, 21.498408 ], [ -157.86861, 21.498185 ], [ -157.869217, 21.498351 ], [ -157.869579, 21.49869 ], [ -157.870492, 21.498814 ], [ -157.870783, 21.499183 ], [ -157.871544, 21.49977 ], [ -157.872004, 21.499744 ], [ -157.872367, 21.500116 ], [ -157.872819, 21.500147 ], [ -157.873456, 21.500441 ], [ -157.873816, 21.500347 ], [ -157.874047, 21.500568 ], [ -157.875061, 21.500921 ], [ -157.874795, 21.5018 ], [ -157.866287, 21.500045 ], [ -157.86082, 21.498605 ], [ -157.857191, 21.498913 ], [ -157.856184, 21.500488 ], [ -157.861146, 21.506426 ], [ -157.862267, 21.508068 ], [ -157.863891, 21.5112 ], [ -157.861703, 21.513421 ], [ -157.855407, 21.515171 ], [ -157.845867, 21.517485 ], [ -157.839853, 21.524401 ], [ -157.839199, 21.534247 ], [ -157.839347, 21.534467 ], [ -157.839876, 21.534764 ], [ -157.840747, 21.535089 ], [ -157.841189, 21.535106 ], [ -157.852094, 21.525388 ], [ -157.863088, 21.51884 ], [ -157.86257, 21.527131 ], [ -157.854962, 21.534441 ], [ -157.849159, 21.540606 ], [ -157.849229, 21.540756 ], [ -157.850813, 21.541851 ], [ -157.85166, 21.543196 ], [ -157.852396, 21.543637 ], [ -157.85312, 21.544301 ], [ -157.852814, 21.544604 ], [ -157.852838, 21.545166 ], [ -157.852679, 21.545508 ], [ -157.850895, 21.547319 ], [ -157.850642, 21.547986 ], [ -157.850743, 21.54819 ], [ -157.851131, 21.548316 ], [ -157.850696, 21.549103 ], [ -157.850761, 21.549384 ], [ -157.851036, 21.549628 ], [ -157.851055, 21.550012 ], [ -157.853405, 21.552105 ], [ -157.851494, 21.553233 ], [ -157.849687, 21.550927 ], [ -157.850011, 21.550753 ], [ -157.849667, 21.550404 ], [ -157.849146, 21.550798 ], [ -157.848855, 21.549508 ], [ -157.848658, 21.548351 ] ], [ [ -157.85526, 21.480931 ], [ -157.854958, 21.480882 ], [ -157.854913, 21.481174 ], [ -157.855212, 21.481218 ], [ -157.85526, 21.480931 ] ], [ [ -157.855278, 21.481507 ], [ -157.855582, 21.481446 ], [ -157.855513, 21.481158 ], [ -157.855218, 21.481218 ], [ -157.855278, 21.481507 ] ], [ [ -157.837053, 21.509736 ], [ -157.836861, 21.509328 ], [ -157.836774, 21.509339 ], [ -157.836853, 21.509724 ], [ -157.837157, 21.51009 ], [ -157.837796, 21.51022 ], [ -157.838508, 21.510136 ], [ -157.838797, 21.509257 ], [ -157.838685, 21.509098 ], [ -157.838051, 21.50911 ], [ -157.837856, 21.509214 ], [ -157.837765, 21.509576 ], [ -157.837389, 21.509739 ], [ -157.837053, 21.509736 ] ], [ [ -157.854991, 21.482852 ], [ -157.856405, 21.482915 ], [ -157.856326, 21.482121 ], [ -157.856021, 21.481733 ], [ -157.855696, 21.481918 ], [ -157.85455, 21.482174 ], [ -157.854151, 21.48247 ], [ -157.853892, 21.48238 ], [ -157.853844, 21.481855 ], [ -157.853489, 21.482063 ], [ -157.851996, 21.482138 ], [ -157.851971, 21.482335 ], [ -157.84982, 21.482176 ], [ -157.849404, 21.481988 ], [ -157.848995, 21.481602 ], [ -157.848566, 21.481936 ], [ -157.848371, 21.481964 ], [ -157.847912, 21.481909 ], [ -157.847454, 21.481688 ], [ -157.847065, 21.482161 ], [ -157.845846, 21.482065 ], [ -157.844855, 21.481715 ], [ -157.844995, 21.482461 ], [ -157.84506, 21.482352 ], [ -157.845657, 21.482214 ], [ -157.846188, 21.482256 ], [ -157.845999, 21.482472 ], [ -157.846523, 21.482823 ], [ -157.846698, 21.482608 ], [ -157.847545, 21.483054 ], [ -157.849266, 21.483544 ], [ -157.850952, 21.483607 ], [ -157.851727, 21.484199 ], [ -157.852863, 21.483848 ], [ -157.85287, 21.483925 ], [ -157.854214, 21.483909 ], [ -157.854134, 21.483374 ], [ -157.854533, 21.483187 ], [ -157.854991, 21.482852 ] ], [ [ -157.845102, 21.507875 ], [ -157.846809, 21.511715 ], [ -157.847573, 21.51138 ], [ -157.848292, 21.510879 ], [ -157.84888, 21.510729 ], [ -157.849669, 21.510122 ], [ -157.850569, 21.509937 ], [ -157.850922, 21.509524 ], [ -157.85128, 21.508778 ], [ -157.851234, 21.507942 ], [ -157.851069, 21.507754 ], [ -157.850716, 21.507645 ], [ -157.847579, 21.507418 ], [ -157.845714, 21.507722 ], [ -157.845102, 21.507875 ] ], [ [ -157.843872, 21.514246 ], [ -157.844413, 21.513862 ], [ -157.845168, 21.51363 ], [ -157.845514, 21.5133 ], [ -157.845673, 21.512655 ], [ -157.845885, 21.512371 ], [ -157.846585, 21.511831 ], [ -157.844825, 21.507848 ], [ -157.843442, 21.508004 ], [ -157.842018, 21.508558 ], [ -157.841307, 21.508916 ], [ -157.840895, 21.509589 ], [ -157.841065, 21.510035 ], [ -157.841848, 21.510784 ], [ -157.842348, 21.51162 ], [ -157.842495, 21.51227 ], [ -157.842412, 21.512997 ], [ -157.842566, 21.513603 ], [ -157.843137, 21.513988 ], [ -157.843213, 21.514192 ], [ -157.843489, 21.514111 ], [ -157.843872, 21.514246 ] ] ], [ [ [ -157.903997, 21.605053 ], [ -157.901951, 21.604046 ], [ -157.902314, 21.603693 ], [ -157.901126, 21.602171 ], [ -157.900702, 21.602415 ], [ -157.899963, 21.601371 ], [ -157.899957, 21.60114 ], [ -157.899709, 21.601124 ], [ -157.89952, 21.600859 ], [ -157.899625, 21.600744 ], [ -157.899425, 21.600667 ], [ -157.898267, 21.601144 ], [ -157.897582, 21.598856 ], [ -157.898152, 21.598452 ], [ -157.897531, 21.597903 ], [ -157.897273, 21.598086 ], [ -157.896858, 21.597157 ], [ -157.89634, 21.596406 ], [ -157.896036, 21.595088 ], [ -157.895802, 21.594707 ], [ -157.896052, 21.594406 ], [ -157.89523, 21.593312 ], [ -157.895129, 21.593444 ], [ -157.894601, 21.593253 ], [ -157.894808, 21.593095 ], [ -157.89448, 21.592834 ], [ -157.894314, 21.592245 ], [ -157.893907, 21.592363 ], [ -157.893858, 21.592539 ], [ -157.893588, 21.592477 ], [ -157.893638, 21.592158 ], [ -157.893256, 21.592106 ], [ -157.893166, 21.592359 ], [ -157.892831, 21.592209 ], [ -157.892839, 21.591933 ], [ -157.892599, 21.591778 ], [ -157.892457, 21.59192 ], [ -157.892071, 21.591571 ], [ -157.892153, 21.591478 ], [ -157.891853, 21.590788 ], [ -157.890322, 21.58915 ], [ -157.889944, 21.58852 ], [ -157.890546, 21.588166 ], [ -157.890022, 21.587359 ], [ -157.890153, 21.587228 ], [ -157.88989, 21.586874 ], [ -157.889749, 21.586935 ], [ -157.889138, 21.585952 ], [ -157.890088, 21.585528 ], [ -157.88998, 21.584899 ], [ -157.890157, 21.584801 ], [ -157.889954, 21.584497 ], [ -157.887741, 21.585541 ], [ -157.887565, 21.585315 ], [ -157.887957, 21.584932 ], [ -157.887917, 21.584661 ], [ -157.88777, 21.584633 ], [ -157.887697, 21.584116 ], [ -157.887868, 21.583979 ], [ -157.88787, 21.583781 ], [ -157.887675, 21.58383 ], [ -157.887619, 21.58357 ], [ -157.887875, 21.582988 ], [ -157.887144, 21.582467 ], [ -157.887343, 21.582386 ], [ -157.887264, 21.581928 ], [ -157.887094, 21.581905 ], [ -157.886978, 21.581486 ], [ -157.88725, 21.581333 ], [ -157.887049, 21.580645 ], [ -157.886796, 21.580643 ], [ -157.88671, 21.580395 ], [ -157.886853, 21.580115 ], [ -157.885978, 21.578008 ], [ -157.885507, 21.578192 ], [ -157.88542, 21.578076 ], [ -157.885101, 21.578146 ], [ -157.88478, 21.578732 ], [ -157.884499, 21.57856 ], [ -157.884677, 21.57827 ], [ -157.884741, 21.577555 ], [ -157.884129, 21.577656 ], [ -157.883717, 21.576629 ], [ -157.883286, 21.576914 ], [ -157.883406, 21.577437 ], [ -157.881893, 21.576668 ], [ -157.881943, 21.576267 ], [ -157.880673, 21.575566 ], [ -157.880336, 21.575756 ], [ -157.879936, 21.575578 ], [ -157.880172, 21.57547 ], [ -157.880141, 21.575007 ], [ -157.88037, 21.57497 ], [ -157.880473, 21.574602 ], [ -157.880956, 21.574473 ], [ -157.880957, 21.574362 ], [ -157.881139, 21.574287 ], [ -157.880584, 21.572886 ], [ -157.879398, 21.572499 ], [ -157.878373, 21.571904 ], [ -157.877274, 21.570907 ], [ -157.876698, 21.570017 ], [ -157.876462, 21.56924 ], [ -157.87605, 21.569183 ], [ -157.876062, 21.568373 ], [ -157.875623, 21.56732 ], [ -157.875306, 21.564942 ], [ -157.875057, 21.564344 ], [ -157.877615, 21.563925 ], [ -157.877753, 21.566144 ], [ -157.880505, 21.568841 ], [ -157.885899, 21.570457 ], [ -157.894406, 21.56485 ], [ -157.895326, 21.565574 ], [ -157.903854, 21.567734 ], [ -157.90252, 21.574579 ], [ -157.895429, 21.578307 ], [ -157.895815, 21.58122 ], [ -157.900449, 21.586931 ], [ -157.903097, 21.585052 ], [ -157.902906, 21.58415 ], [ -157.903563, 21.583609 ], [ -157.904189, 21.584048 ], [ -157.904987, 21.583336 ], [ -157.90594, 21.583295 ], [ -157.91131, 21.585389 ], [ -157.913287, 21.592155 ], [ -157.915096, 21.593397 ], [ -157.914311, 21.594498 ], [ -157.913622, 21.595176 ], [ -157.913263, 21.595986 ], [ -157.912786, 21.59648 ], [ -157.912067, 21.597636 ], [ -157.908589, 21.601959 ], [ -157.907855, 21.602675 ], [ -157.906978, 21.604701 ], [ -157.906573, 21.605406 ], [ -157.906247, 21.60563 ], [ -157.906199, 21.606034 ], [ -157.905361, 21.606839 ], [ -157.905345, 21.607181 ], [ -157.904865, 21.606799 ], [ -157.904807, 21.606246 ], [ -157.904405, 21.605663 ], [ -157.90414, 21.605691 ], [ -157.903879, 21.605269 ], [ -157.903997, 21.605053 ] ] ], [ [ [ -157.915623, 21.617454 ], [ -157.914723, 21.617184 ], [ -157.914488, 21.617382 ], [ -157.914025, 21.616874 ], [ -157.913686, 21.616996 ], [ -157.913547, 21.61672 ], [ -157.916666, 21.616229 ], [ -157.918112, 21.61576 ], [ -157.918296, 21.615231 ], [ -157.91847, 21.613935 ], [ -157.919992, 21.616734 ], [ -157.919111, 21.617438 ], [ -157.919064, 21.617378 ], [ -157.918245, 21.617927 ], [ -157.918164, 21.617825 ], [ -157.917314, 21.618404 ], [ -157.916365, 21.617177 ], [ -157.915972, 21.617374 ], [ -157.915623, 21.617454 ] ] ], [ [ [ -157.974214, 21.709618 ], [ -157.972548, 21.709333 ], [ -157.971477, 21.70938 ], [ -157.970537, 21.709107 ], [ -157.969407, 21.708403 ], [ -157.969077, 21.708309 ], [ -157.967265, 21.708649 ], [ -157.966754, 21.708444 ], [ -157.965613, 21.70704 ], [ -157.964651, 21.706425 ], [ -157.964499, 21.706207 ], [ -157.964214, 21.704733 ], [ -157.963614, 21.703832 ], [ -157.961366, 21.702697 ], [ -157.959785, 21.702134 ], [ -157.958556, 21.701153 ], [ -157.958083, 21.700522 ], [ -157.957351, 21.698978 ], [ -157.955776, 21.696928 ], [ -157.954743, 21.696234 ], [ -157.954172, 21.695405 ], [ -157.953435, 21.694758 ], [ -157.952467, 21.694163 ], [ -157.952046, 21.69372 ], [ -157.951055, 21.693054 ], [ -157.950654, 21.692419 ], [ -157.949631, 21.691318 ], [ -157.949237, 21.690303 ], [ -157.948754, 21.689546 ], [ -157.947825, 21.688757 ], [ -157.945721, 21.687809 ], [ -157.945328, 21.687467 ], [ -157.94508, 21.687048 ], [ -157.945086, 21.686809 ], [ -157.945335, 21.686441 ], [ -157.945363, 21.686131 ], [ -157.945205, 21.685021 ], [ -157.945474, 21.684965 ], [ -157.945101, 21.684038 ], [ -157.947512, 21.682922 ], [ -157.946324, 21.681354 ], [ -157.947405, 21.680091 ], [ -157.947916, 21.68125 ], [ -157.949391, 21.682048 ], [ -157.949974, 21.682944 ], [ -157.950298, 21.683053 ], [ -157.951025, 21.682873 ], [ -157.951357, 21.682013 ], [ -157.951251, 21.68153 ], [ -157.953998, 21.678608 ], [ -157.953008, 21.677975 ], [ -157.952373, 21.677797 ], [ -157.952414, 21.677517 ], [ -157.955025, 21.677065 ], [ -157.954891, 21.676711 ], [ -157.956857, 21.677221 ], [ -157.956455, 21.676325 ], [ -157.958318, 21.675889 ], [ -157.957593, 21.672745 ], [ -157.956714, 21.672112 ], [ -157.956022, 21.671997 ], [ -157.95181, 21.673429 ], [ -157.951473, 21.673042 ], [ -157.94999, 21.673143 ], [ -157.948793, 21.673006 ], [ -157.947457, 21.673601 ], [ -157.946054, 21.673661 ], [ -157.945648, 21.674752 ], [ -157.94343, 21.673365 ], [ -157.943625, 21.673051 ], [ -157.94234, 21.672254 ], [ -157.941698, 21.67227 ], [ -157.941366, 21.672742 ], [ -157.939936, 21.671685 ], [ -157.939156, 21.670552 ], [ -157.938126, 21.667919 ], [ -157.937456, 21.666572 ], [ -157.936255, 21.664481 ], [ -157.934724, 21.662298 ], [ -157.931697, 21.661168 ], [ -157.931318, 21.660614 ], [ -157.931002, 21.661441 ], [ -157.929147, 21.660783 ], [ -157.928854, 21.660368 ], [ -157.928533, 21.660651 ], [ -157.928143, 21.659929 ], [ -157.928311, 21.659096 ], [ -157.92865, 21.658311 ], [ -157.929262, 21.657624 ], [ -157.930687, 21.656544 ], [ -157.930186, 21.654765 ], [ -157.93124, 21.654706 ], [ -157.931249, 21.65447 ], [ -157.93201, 21.654116 ], [ -157.93236, 21.653751 ], [ -157.932334, 21.653437 ], [ -157.932131, 21.653224 ], [ -157.930792, 21.653021 ], [ -157.930502, 21.652836 ], [ -157.930179, 21.652861 ], [ -157.92996, 21.652335 ], [ -157.9311, 21.652039 ], [ -157.931303, 21.652378 ], [ -157.933523, 21.652359 ], [ -157.933595, 21.651841 ], [ -157.933835, 21.65175 ], [ -157.933722, 21.650965 ], [ -157.932949, 21.650911 ], [ -157.932473, 21.649837 ], [ -157.932155, 21.649762 ], [ -157.932532, 21.649269 ], [ -157.932342, 21.649145 ], [ -157.932394, 21.64905 ], [ -157.932736, 21.649075 ], [ -157.932744, 21.648657 ], [ -157.931982, 21.648399 ], [ -157.931916, 21.648229 ], [ -157.931573, 21.648276 ], [ -157.931518, 21.648596 ], [ -157.93123, 21.648593 ], [ -157.930864, 21.64765 ], [ -157.931171, 21.647577 ], [ -157.930921, 21.6467 ], [ -157.929605, 21.647015 ], [ -157.929167, 21.645567 ], [ -157.929588, 21.645447 ], [ -157.929018, 21.643712 ], [ -157.928652, 21.643816 ], [ -157.928513, 21.643379 ], [ -157.928921, 21.642869 ], [ -157.928371, 21.642705 ], [ -157.928331, 21.64253 ], [ -157.928247, 21.642565 ], [ -157.927876, 21.641081 ], [ -157.927439, 21.640335 ], [ -157.927627, 21.639015 ], [ -157.921888, 21.638355 ], [ -157.922051, 21.636657 ], [ -157.919765, 21.637158 ], [ -157.919822, 21.636402 ], [ -157.919677, 21.635193 ], [ -157.919928, 21.634403 ], [ -157.921063, 21.633188 ], [ -157.921505, 21.633751 ], [ -157.921256, 21.634199 ], [ -157.92164, 21.634829 ], [ -157.922159, 21.634913 ], [ -157.923284, 21.634413 ], [ -157.923289, 21.634297 ], [ -157.922747, 21.63428 ], [ -157.922726, 21.634005 ], [ -157.923604, 21.634075 ], [ -157.925164, 21.631634 ], [ -157.924651, 21.631055 ], [ -157.924212, 21.631345 ], [ -157.923988, 21.630824 ], [ -157.923959, 21.629674 ], [ -157.923517, 21.629645 ], [ -157.923329, 21.629139 ], [ -157.922136, 21.62921 ], [ -157.921792, 21.626082 ], [ -157.922252, 21.625654 ], [ -157.922548, 21.625751 ], [ -157.922723, 21.625579 ], [ -157.922659, 21.625095 ], [ -157.922393, 21.624932 ], [ -157.922042, 21.625243 ], [ -157.922, 21.625651 ], [ -157.921642, 21.62578 ], [ -157.920358, 21.624603 ], [ -157.920724, 21.624137 ], [ -157.917651, 21.621818 ], [ -157.921426, 21.619105 ], [ -157.925412, 21.624295 ], [ -157.926729, 21.628169 ], [ -157.929198, 21.631907 ], [ -157.933861, 21.630094 ], [ -157.934014, 21.636548 ], [ -157.936577, 21.640082 ], [ -157.936784, 21.639634 ], [ -157.936868, 21.638659 ], [ -157.937064, 21.638222 ], [ -157.937965, 21.637667 ], [ -157.937765, 21.636994 ], [ -157.938089, 21.636527 ], [ -157.938389, 21.635652 ], [ -157.938495, 21.635531 ], [ -157.938961, 21.635471 ], [ -157.939373, 21.634441 ], [ -157.940198, 21.634247 ], [ -157.940363, 21.634093 ], [ -157.940045, 21.633328 ], [ -157.940233, 21.633073 ], [ -157.940498, 21.632965 ], [ -157.940528, 21.632662 ], [ -157.940363, 21.632259 ], [ -157.94067, 21.631797 ], [ -157.940746, 21.631241 ], [ -157.9417, 21.630779 ], [ -157.941918, 21.630525 ], [ -157.941877, 21.630233 ], [ -157.94127, 21.629714 ], [ -157.94133, 21.629412 ], [ -157.941888, 21.629054 ], [ -157.941625, 21.628036 ], [ -157.941843, 21.627964 ], [ -157.942141, 21.628151 ], [ -157.942425, 21.628135 ], [ -157.942366, 21.627544 ], [ -157.942961, 21.626983 ], [ -157.943056, 21.62651 ], [ -157.943297, 21.626462 ], [ -157.943544, 21.626186 ], [ -157.943938, 21.626466 ], [ -157.94381, 21.62579 ], [ -157.944385, 21.625794 ], [ -157.944551, 21.625101 ], [ -157.944716, 21.624912 ], [ -157.94557, 21.624722 ], [ -157.945795, 21.624561 ], [ -157.946761, 21.623245 ], [ -157.946713, 21.623123 ], [ -157.946307, 21.623037 ], [ -157.946271, 21.622892 ], [ -157.947078, 21.622529 ], [ -157.947467, 21.621836 ], [ -157.947451, 21.621275 ], [ -157.94984, 21.622673 ], [ -157.950311, 21.622739 ], [ -157.956018, 21.628907 ], [ -157.959873, 21.632839 ], [ -157.960306, 21.633091 ], [ -157.966331, 21.639094 ], [ -157.966797, 21.639194 ], [ -157.973582, 21.645648 ], [ -157.974802, 21.647911 ], [ -157.975156, 21.649222 ], [ -157.975986, 21.65104 ], [ -157.978384, 21.654757 ], [ -157.978897, 21.655922 ], [ -157.982349, 21.657487 ], [ -157.985506, 21.657878 ], [ -157.991156, 21.660476 ], [ -157.995504, 21.663493 ], [ -157.998197, 21.665123 ], [ -157.999551, 21.664879 ], [ -158.002998, 21.660143 ], [ -158.002377, 21.656718 ], [ -158.002, 21.655374 ], [ -158.008038, 21.650907 ], [ -158.008779, 21.65139 ], [ -158.009399, 21.652162 ], [ -158.009829, 21.653529 ], [ -158.010948, 21.654007 ], [ -158.011384, 21.654545 ], [ -158.011484, 21.65507 ], [ -158.012139, 21.655459 ], [ -158.017186, 21.650975 ], [ -158.023827, 21.651088 ], [ -158.024334, 21.6504 ], [ -158.026927, 21.65061 ], [ -158.028232, 21.649305 ], [ -158.028569, 21.649351 ], [ -158.030699, 21.646475 ], [ -158.03123, 21.643091 ], [ -158.029338, 21.642715 ], [ -158.028744, 21.642935 ], [ -158.028291, 21.643666 ], [ -158.027815, 21.644005 ], [ -158.027102, 21.643959 ], [ -158.025503, 21.642957 ], [ -158.025575, 21.642791 ], [ -158.02401, 21.641088 ], [ -158.024327, 21.640752 ], [ -158.025728, 21.641596 ], [ -158.025875, 21.642112 ], [ -158.026812, 21.642063 ], [ -158.028256, 21.641288 ], [ -158.028456, 21.640946 ], [ -158.028751, 21.640754 ], [ -158.030659, 21.640454 ], [ -158.030867, 21.639971 ], [ -158.031885, 21.64014 ], [ -158.03234, 21.639908 ], [ -158.032968, 21.638715 ], [ -158.033218, 21.638722 ], [ -158.033735, 21.638983 ], [ -158.033999, 21.638747 ], [ -158.034252, 21.638755 ], [ -158.034537, 21.638523 ], [ -158.034408, 21.638391 ], [ -158.035733, 21.637324 ], [ -158.035848, 21.63745 ], [ -158.036271, 21.637123 ], [ -158.037507, 21.637123 ], [ -158.039562, 21.63682 ], [ -158.041427, 21.638063 ], [ -158.042977, 21.637999 ], [ -158.044064, 21.638128 ], [ -158.045644, 21.638934 ], [ -158.046246, 21.638979 ], [ -158.046909, 21.639277 ], [ -158.047481, 21.640192 ], [ -158.048457, 21.641115 ], [ -158.049116, 21.641386 ], [ -158.04943, 21.638747 ], [ -158.051296, 21.63897 ], [ -158.057558, 21.638708 ], [ -158.058728, 21.640542 ], [ -158.057758, 21.642319 ], [ -158.058686, 21.64274 ], [ -158.05948, 21.642697 ], [ -158.059908, 21.642485 ], [ -158.06184, 21.642938 ], [ -158.062308, 21.643165 ], [ -158.062549, 21.643808 ], [ -158.062477, 21.64451 ], [ -158.061397, 21.64713 ], [ -158.061167, 21.647098 ], [ -158.061027, 21.647916 ], [ -158.061177, 21.647938 ], [ -158.06106, 21.648605 ], [ -158.061257, 21.648635 ], [ -158.06099, 21.649501 ], [ -158.061571, 21.649656 ], [ -158.061541, 21.649772 ], [ -158.061042, 21.650933 ], [ -158.059081, 21.654475 ], [ -158.059214, 21.65454 ], [ -158.058749, 21.655369 ], [ -158.05861, 21.655301 ], [ -158.057743, 21.656854 ], [ -158.058381, 21.657162 ], [ -158.057686, 21.658226 ], [ -158.057096, 21.657843 ], [ -158.055656, 21.659295 ], [ -158.056064, 21.659712 ], [ -158.053279, 21.662218 ], [ -158.05257, 21.661507 ], [ -158.051856, 21.662168 ], [ -158.051264, 21.661566 ], [ -158.048606, 21.66396 ], [ -158.050008, 21.665153 ], [ -158.040436, 21.673796 ], [ -158.035666, 21.678653 ], [ -158.034206, 21.677032 ], [ -158.03344, 21.677571 ], [ -158.033202, 21.67803 ], [ -158.031355, 21.679379 ], [ -158.028603, 21.681877 ], [ -158.031267, 21.684886 ], [ -158.030812, 21.685777 ], [ -158.029775, 21.686737 ], [ -158.027806, 21.687778 ], [ -158.025077, 21.68886 ], [ -158.022819, 21.690808 ], [ -158.021767, 21.691158 ], [ -158.02179, 21.691547 ], [ -158.021284, 21.692474 ], [ -158.019928, 21.693044 ], [ -158.019158, 21.693767 ], [ -158.017661, 21.694522 ], [ -158.01746, 21.694236 ], [ -158.01595, 21.695125 ], [ -158.01503, 21.695513 ], [ -158.013623, 21.695659 ], [ -158.01099, 21.695083 ], [ -158.009628, 21.694964 ], [ -158.00581, 21.69588 ], [ -158.002494, 21.69645 ], [ -157.997943, 21.696145 ], [ -157.991439, 21.697734 ], [ -157.988629, 21.698255 ], [ -157.984054, 21.697137 ], [ -157.983126, 21.696094 ], [ -157.982754, 21.695832 ], [ -157.982649, 21.696171 ], [ -157.98236, 21.696093 ], [ -157.982215, 21.696231 ], [ -157.981927, 21.695998 ], [ -157.98182, 21.696106 ], [ -157.981602, 21.696036 ], [ -157.981538, 21.695699 ], [ -157.981393, 21.695688 ], [ -157.981452, 21.695339 ], [ -157.98168, 21.695495 ], [ -157.981894, 21.695249 ], [ -157.979864, 21.6939 ], [ -157.976385, 21.692687 ], [ -157.975684, 21.696568 ], [ -157.975013, 21.698341 ], [ -157.974343, 21.699513 ], [ -157.974406, 21.704396 ], [ -157.977497, 21.708782 ], [ -157.976521, 21.708888 ], [ -157.975899, 21.709075 ], [ -157.975431, 21.709381 ], [ -157.974214, 21.709618 ] ], [ [ -157.930564, 21.645012 ], [ -157.931492, 21.645013 ], [ -157.931348, 21.644279 ], [ -157.931437, 21.6436 ], [ -157.931692, 21.642729 ], [ -157.93197, 21.642321 ], [ -157.931232, 21.642598 ], [ -157.930636, 21.642533 ], [ -157.930564, 21.644086 ], [ -157.930564, 21.645012 ] ] ], [ [ [ -157.977915, 21.699206 ], [ -157.977526, 21.69747 ], [ -157.97821, 21.697074 ], [ -157.979448, 21.69714 ], [ -157.981168, 21.69779 ], [ -157.98165, 21.697647 ], [ -157.982351, 21.697647 ], [ -157.983346, 21.698133 ], [ -157.983643, 21.698422 ], [ -157.983851, 21.699069 ], [ -157.983663, 21.699704 ], [ -157.981629, 21.704674 ], [ -157.981374, 21.704479 ], [ -157.981272, 21.704215 ], [ -157.981484, 21.703712 ], [ -157.981483, 21.703079 ], [ -157.981227, 21.702735 ], [ -157.981241, 21.702449 ], [ -157.981879, 21.702102 ], [ -157.981742, 21.701421 ], [ -157.980814, 21.700996 ], [ -157.980377, 21.700371 ], [ -157.979298, 21.700272 ], [ -157.978756, 21.699688 ], [ -157.977915, 21.699206 ] ] ], [ [ [ -157.976885, 21.705563 ], [ -157.976675, 21.705487 ], [ -157.976629, 21.705967 ], [ -157.976132, 21.706379 ], [ -157.975417, 21.705827 ], [ -157.975375, 21.705597 ], [ -157.975602, 21.705264 ], [ -157.97652, 21.704999 ], [ -157.976638, 21.705094 ], [ -157.977014, 21.705038 ], [ -157.977105, 21.705176 ], [ -157.976885, 21.705563 ] ] ] ] } },
{ "type": "Feature", "properties": { "ludcode": "C", "acres": 158668.0 }, "geometry": { "type": "MultiPolygon", "coordinates": [ [ [ [ -157.940352, 21.31576 ], [ -157.939806, 21.315594 ], [ -157.939765, 21.315417 ], [ -157.93963, 21.315416 ], [ -157.939254, 21.315789 ], [ -157.937807, 21.315649 ], [ -157.936791, 21.315245 ], [ -157.935674, 21.314339 ], [ -157.934775, 21.31403 ], [ -157.933494, 21.313837 ], [ -157.93269, 21.313972 ], [ -157.932513, 21.313799 ], [ -157.931003, 21.31322 ], [ -157.929727, 21.3123 ], [ -157.929075, 21.310299 ], [ -157.928912, 21.310113 ], [ -157.945196, 21.310189 ], [ -157.945942, 21.316197 ], [ -157.942563, 21.315887 ], [ -157.940352, 21.31576 ] ] ], [ [ [ -157.973219, 21.325355 ], [ -157.973583, 21.324806 ], [ -157.975246, 21.323908 ], [ -157.975933, 21.323311 ], [ -157.976938, 21.32296 ], [ -157.977379, 21.322525 ], [ -157.978191, 21.320931 ], [ -157.97859, 21.320739 ], [ -157.979083, 21.320828 ], [ -157.979413, 21.32158 ], [ -157.979219, 21.322125 ], [ -157.978055, 21.322967 ], [ -157.977038, 21.323399 ], [ -157.97648, 21.32462 ], [ -157.975987, 21.325015 ], [ -157.975576, 21.325911 ], [ -157.975088, 21.326139 ], [ -157.974301, 21.326997 ], [ -157.973119, 21.327731 ], [ -157.972138, 21.329039 ], [ -157.971805, 21.328461 ], [ -157.972007, 21.328478 ], [ -157.973048, 21.327179 ], [ -157.973219, 21.325355 ] ] ], [ [ [ -157.976183, 21.339508 ], [ -157.975635, 21.339524 ], [ -157.975335, 21.339457 ], [ -157.974977, 21.339193 ], [ -157.974689, 21.338565 ], [ -157.974889, 21.338461 ], [ -157.976205, 21.338704 ], [ -157.976183, 21.339508 ] ] ], [ [ [ -158.007546, 21.355261 ], [ -158.007893, 21.355485 ], [ -158.007321, 21.355635 ], [ -158.006623, 21.35456 ], [ -158.006999, 21.354572 ], [ -158.007346, 21.354736 ], [ -158.00754, 21.354977 ], [ -158.007546, 21.355261 ] ] ], [ [ [ -157.934543, 21.356828 ], [ -157.935028, 21.357276 ], [ -157.935085, 21.357607 ], [ -157.934964, 21.358228 ], [ -157.934692, 21.358656 ], [ -157.934238, 21.359006 ], [ -157.934201, 21.359188 ], [ -157.934604, 21.360758 ], [ -157.934179, 21.361135 ], [ -157.933741, 21.361794 ], [ -157.933602, 21.362563 ], [ -157.932107, 21.362935 ], [ -157.931524, 21.363201 ], [ -157.931887, 21.363622 ], [ -157.932104, 21.363645 ], [ -157.932113, 21.364008 ], [ -157.93068, 21.363885 ], [ -157.929356, 21.363213 ], [ -157.93027, 21.360301 ], [ -157.9305, 21.360203 ], [ -157.930101, 21.357888 ], [ -157.929065, 21.357156 ], [ -157.930974, 21.354932 ], [ -157.931315, 21.354851 ], [ -157.932339, 21.355903 ], [ -157.933287, 21.356419 ], [ -157.934543, 21.356828 ] ] ], [ [ [ -158.014078, 21.365121 ], [ -158.013567, 21.36494 ], [ -158.013079, 21.365287 ], [ -158.012991, 21.364834 ], [ -158.013096, 21.364797 ], [ -158.013155, 21.363996 ], [ -158.013394, 21.363851 ], [ -158.014387, 21.363661 ], [ -158.014852, 21.363878 ], [ -158.015136, 21.36442 ], [ -158.014856, 21.364663 ], [ -158.015263, 21.365258 ], [ -158.015322, 21.365787 ], [ -158.015107, 21.36602 ], [ -158.014984, 21.365984 ], [ -158.01449, 21.365439 ], [ -158.014225, 21.365359 ], [ -158.014078, 21.365121 ] ] ], [ [ [ -158.020625, 21.374134 ], [ -158.02112, 21.373684 ], [ -158.021189, 21.373891 ], [ -158.02102, 21.374154 ], [ -158.020797, 21.374197 ], [ -158.020625, 21.374134 ] ] ], [ [ [ -158.007632, 21.379698 ], [ -158.004833, 21.380344 ], [ -158.004429, 21.379529 ], [ -158.004126, 21.375242 ], [ -158.004911, 21.375411 ], [ -158.005884, 21.375296 ], [ -158.006684, 21.374565 ], [ -158.006251, 21.374165 ], [ -158.005828, 21.374563 ], [ -158.005146, 21.374942 ], [ -158.004904, 21.374988 ], [ -158.004646, 21.374679 ], [ -158.004153, 21.374664 ], [ -158.003846, 21.373674 ], [ -158.00357, 21.373654 ], [ -158.00359, 21.373546 ], [ -158.003375, 21.373454 ], [ -158.003036, 21.373039 ], [ -158.002813, 21.373181 ], [ -158.001973, 21.371976 ], [ -158.001863, 21.370924 ], [ -158.001948, 21.36959 ], [ -158.002215, 21.368963 ], [ -158.002829, 21.368427 ], [ -158.003519, 21.368288 ], [ -158.003587, 21.368721 ], [ -158.003311, 21.368729 ], [ -158.003199, 21.368995 ], [ -158.002898, 21.369237 ], [ -158.003316, 21.369506 ], [ -158.002875, 21.370153 ], [ -158.003099, 21.37034 ], [ -158.003986, 21.370368 ], [ -158.004181, 21.370021 ], [ -158.004498, 21.369996 ], [ -158.005122, 21.370605 ], [ -158.005298, 21.370954 ], [ -158.005192, 21.371287 ], [ -158.004545, 21.371699 ], [ -158.004629, 21.37188 ], [ -158.005013, 21.372316 ], [ -158.005888, 21.372159 ], [ -158.006366, 21.37246 ], [ -158.006482, 21.373029 ], [ -158.006407, 21.373517 ], [ -158.006853, 21.372824 ], [ -158.007547, 21.372616 ], [ -158.007582, 21.372236 ], [ -158.007383, 21.371824 ], [ -158.007103, 21.371809 ], [ -158.006991, 21.371452 ], [ -158.007156, 21.371163 ], [ -158.00772, 21.370769 ], [ -158.008027, 21.370893 ], [ -158.008738, 21.371792 ], [ -158.008752, 21.372004 ], [ -158.008382, 21.372431 ], [ -158.008305, 21.373492 ], [ -158.009029, 21.374192 ], [ -158.009482, 21.373052 ], [ -158.009734, 21.373166 ], [ -158.010364, 21.373098 ], [ -158.010457, 21.373197 ], [ -158.010581, 21.373054 ], [ -158.010933, 21.373937 ], [ -158.01128, 21.373451 ], [ -158.011404, 21.373862 ], [ -158.011675, 21.373711 ], [ -158.011739, 21.373901 ], [ -158.012396, 21.374338 ], [ -158.011808, 21.374804 ], [ -158.011173, 21.375797 ], [ -158.010709, 21.37882 ], [ -158.008776, 21.379064 ], [ -158.008073, 21.379409 ], [ -158.007632, 21.379698 ] ] ], [ [ [ -157.941931, 21.37786 ], [ -157.94215, 21.378256 ], [ -157.942308, 21.378867 ], [ -157.942079, 21.379335 ], [ -157.941761, 21.37927 ], [ -157.941367, 21.37808 ], [ -157.941761, 21.377789 ], [ -157.941931, 21.37786 ] ] ], [ [ [ -158.011839, 21.379303 ], [ -158.011682, 21.379135 ], [ -158.012916, 21.379159 ], [ -158.013126, 21.37932 ], [ -158.012908, 21.379534 ], [ -158.012524, 21.379476 ], [ -158.011839, 21.379303 ] ] ], [ [ [ -157.9427, 21.379386 ], [ -157.943237, 21.379851 ], [ -157.942279, 21.37972 ], [ -157.942662, 21.379374 ], [ -157.9427, 21.379386 ] ] ], [ [ [ -158.154239, 21.402535 ], [ -158.155891, 21.401598 ], [ -158.157439, 21.401406 ], [ -158.159468, 21.400719 ], [ -158.165838, 21.398893 ], [ -158.167395, 21.399047 ], [ -158.167649, 21.399352 ], [ -158.169086, 21.399556 ], [ -158.169337, 21.399929 ], [ -158.170725, 21.399785 ], [ -158.17122, 21.399242 ], [ -158.171485, 21.399349 ], [ -158.171875, 21.398651 ], [ -158.173152, 21.399401 ], [ -158.175649, 21.401513 ], [ -158.176268, 21.402414 ], [ -158.17673, 21.403843 ], [ -158.170746, 21.405065 ], [ -158.170421, 21.403696 ], [ -158.166309, 21.402783 ], [ -158.165253, 21.402272 ], [ -158.164304, 21.401573 ], [ -158.16336, 21.40171 ], [ -158.161792, 21.401507 ], [ -158.161238, 21.401676 ], [ -158.159734, 21.40271 ], [ -158.158023, 21.404733 ], [ -158.156681, 21.40555 ], [ -158.155339, 21.405836 ], [ -158.15461, 21.405822 ], [ -158.153223, 21.405543 ], [ -158.152195, 21.405583 ], [ -158.152014, 21.405327 ], [ -158.152422, 21.404285 ], [ -158.153405, 21.4032 ], [ -158.154239, 21.402535 ] ] ], [ [ [ -158.181171, 21.43193 ], [ -158.18182, 21.431663 ], [ -158.181974, 21.431988 ], [ -158.181852, 21.432603 ], [ -158.181597, 21.433104 ], [ -158.17992, 21.433949 ], [ -158.178287, 21.43401 ], [ -158.176906, 21.43437 ], [ -158.175939, 21.43484 ], [ -158.175167, 21.435304 ], [ -158.174078, 21.436199 ], [ -158.173647, 21.436999 ], [ -158.173116, 21.437493 ], [ -158.17123, 21.438781 ], [ -158.170958, 21.438676 ], [ -158.170984, 21.437876 ], [ -158.171528, 21.435687 ], [ -158.172334, 21.434228 ], [ -158.172162, 21.434096 ], [ -158.172853, 21.432811 ], [ -158.173476, 21.431947 ], [ -158.175069, 21.430844 ], [ -158.176025, 21.431555 ], [ -158.176823, 21.430673 ], [ -158.178744, 21.430464 ], [ -158.178768, 21.430783 ], [ -158.181171, 21.43193 ] ] ], [ [ [ -158.152997, 21.459787 ], [ -158.153818, 21.459079 ], [ -158.154299, 21.457821 ], [ -158.155022, 21.457211 ], [ -158.158069, 21.455854 ], [ -158.159132, 21.455608 ], [ -158.162239, 21.453958 ], [ -158.162847, 21.453444 ], [ -158.163761, 21.45222 ], [ -158.165237, 21.451066 ], [ -158.166632, 21.449577 ], [ -158.167561, 21.447923 ], [ -158.168148, 21.445653 ], [ -158.168457, 21.444923 ], [ -158.168957, 21.44431 ], [ -158.169766, 21.443767 ], [ -158.171061, 21.44328 ], [ -158.172906, 21.442854 ], [ -158.17414, 21.442789 ], [ -158.175896, 21.443033 ], [ -158.177121, 21.443044 ], [ -158.179587, 21.442843 ], [ -158.180816, 21.442539 ], [ -158.182441, 21.442884 ], [ -158.182451, 21.44409 ], [ -158.180694, 21.444927 ], [ -158.180159, 21.445413 ], [ -158.179316, 21.446564 ], [ -158.178261, 21.447111 ], [ -158.177722, 21.447264 ], [ -158.177006, 21.447286 ], [ -158.17545, 21.446295 ], [ -158.174086, 21.446055 ], [ -158.172501, 21.446193 ], [ -158.171547, 21.446408 ], [ -158.170649, 21.446782 ], [ -158.169168, 21.447716 ], [ -158.168762, 21.448059 ], [ -158.166811, 21.451034 ], [ -158.166022, 21.451901 ], [ -158.164149, 21.45326 ], [ -158.16349, 21.454175 ], [ -158.161054, 21.456134 ], [ -158.160141, 21.457166 ], [ -158.158075, 21.457874 ], [ -158.157825, 21.458133 ], [ -158.157569, 21.458717 ], [ -158.158051, 21.461941 ], [ -158.158066, 21.462919 ], [ -158.157957, 21.463143 ], [ -158.157758, 21.463222 ], [ -158.155417, 21.462625 ], [ -158.154795, 21.462653 ], [ -158.151764, 21.463482 ], [ -158.150513, 21.463548 ], [ -158.149281, 21.463146 ], [ -158.149152, 21.462817 ], [ -158.149319, 21.46206 ], [ -158.149779, 21.461517 ], [ -158.150724, 21.460879 ], [ -158.152311, 21.460179 ], [ -158.152997, 21.459787 ] ] ], [ [ [ -158.213315, 21.460671 ], [ -158.21205, 21.460654 ], [ -158.211769, 21.460372 ], [ -158.211717, 21.46008 ], [ -158.212001, 21.459922 ], [ -158.214018, 21.459942 ], [ -158.214146, 21.460113 ], [ -158.214039, 21.46035 ], [ -158.213739, 21.460551 ], [ -158.213315, 21.460671 ] ] ], [ [ [ -158.203046, 21.581764 ], [ -158.203038, 21.581173 ], [ -158.208652, 21.581143 ], [ -158.212861, 21.580047 ], [ -158.211724, 21.578549 ], [ -158.211143, 21.577365 ], [ -158.210283, 21.577016 ], [ -158.210377, 21.576822 ], [ -158.210556, 21.57689 ], [ -158.210696, 21.57671 ], [ -158.210009, 21.575955 ], [ -158.209713, 21.574721 ], [ -158.209386, 21.574373 ], [ -158.209467, 21.574096 ], [ -158.208983, 21.573972 ], [ -158.209722, 21.57139 ], [ -158.214709, 21.571982 ], [ -158.214879, 21.571498 ], [ -158.215407, 21.571415 ], [ -158.215563, 21.571254 ], [ -158.215632, 21.570749 ], [ -158.21579, 21.570664 ], [ -158.215794, 21.57011 ], [ -158.215939, 21.569999 ], [ -158.216087, 21.570052 ], [ -158.216957, 21.568807 ], [ -158.217113, 21.567319 ], [ -158.217483, 21.567704 ], [ -158.217616, 21.568365 ], [ -158.217396, 21.570731 ], [ -158.217775, 21.570973 ], [ -158.218167, 21.571653 ], [ -158.218284, 21.572441 ], [ -158.218492, 21.572641 ], [ -158.218686, 21.572638 ], [ -158.21879, 21.572867 ], [ -158.219404, 21.573073 ], [ -158.219843, 21.572947 ], [ -158.220131, 21.572516 ], [ -158.220408, 21.572961 ], [ -158.220896, 21.572999 ], [ -158.222019, 21.572579 ], [ -158.222493, 21.571592 ], [ -158.222495, 21.570884 ], [ -158.222699, 21.570772 ], [ -158.222722, 21.569911 ], [ -158.223337, 21.570599 ], [ -158.22322, 21.571028 ], [ -158.224299, 21.572516 ], [ -158.224488, 21.573029 ], [ -158.224976, 21.573006 ], [ -158.225344, 21.572865 ], [ -158.22543, 21.572705 ], [ -158.226011, 21.572664 ], [ -158.226385, 21.572468 ], [ -158.226919, 21.571606 ], [ -158.227134, 21.571844 ], [ -158.228231, 21.572471 ], [ -158.22869, 21.572958 ], [ -158.228843, 21.573329 ], [ -158.22917, 21.573237 ], [ -158.229338, 21.573432 ], [ -158.229692, 21.573554 ], [ -158.229914, 21.573847 ], [ -158.230402, 21.573857 ], [ -158.230586, 21.573975 ], [ -158.231517, 21.573738 ], [ -158.231649, 21.573473 ], [ -158.232088, 21.573331 ], [ -158.232469, 21.573726 ], [ -158.232961, 21.573961 ], [ -158.233017, 21.574217 ], [ -158.233344, 21.574427 ], [ -158.233932, 21.574463 ], [ -158.234602, 21.574016 ], [ -158.234784, 21.574052 ], [ -158.235214, 21.574496 ], [ -158.235627, 21.574627 ], [ -158.236119, 21.574484 ], [ -158.23628, 21.57423 ], [ -158.23658, 21.574264 ], [ -158.23702, 21.574571 ], [ -158.237058, 21.574806 ], [ -158.237266, 21.57494 ], [ -158.237927, 21.574729 ], [ -158.238134, 21.574814 ], [ -158.238399, 21.575205 ], [ -158.238345, 21.574718 ], [ -158.238489, 21.574513 ], [ -158.238481, 21.573966 ], [ -158.238838, 21.574268 ], [ -158.239684, 21.574284 ], [ -158.239876, 21.57455 ], [ -158.240614, 21.574732 ], [ -158.241199, 21.574144 ], [ -158.24144, 21.574124 ], [ -158.241667, 21.574412 ], [ -158.241987, 21.57415 ], [ -158.242328, 21.574146 ], [ -158.243074, 21.573687 ], [ -158.243497, 21.573687 ], [ -158.244619, 21.574061 ], [ -158.245509, 21.57383 ], [ -158.245977, 21.574082 ], [ -158.246446, 21.573977 ], [ -158.246881, 21.573544 ], [ -158.247421, 21.573471 ], [ -158.248135, 21.573631 ], [ -158.248223, 21.573241 ], [ -158.247869, 21.57272 ], [ -158.247747, 21.572064 ], [ -158.24767, 21.571983 ], [ -158.247589, 21.57211 ], [ -158.247167, 21.57217 ], [ -158.247012, 21.571635 ], [ -158.246178, 21.570818 ], [ -158.246103, 21.570501 ], [ -158.245551, 21.570179 ], [ -158.244665, 21.570295 ], [ -158.24391, 21.570053 ], [ -158.243481, 21.569702 ], [ -158.243001, 21.569012 ], [ -158.243094, 21.568934 ], [ -158.243863, 21.569686 ], [ -158.244165, 21.569819 ], [ -158.245091, 21.569593 ], [ -158.245452, 21.569364 ], [ -158.245641, 21.569016 ], [ -158.246105, 21.569421 ], [ -158.246934, 21.569832 ], [ -158.247186, 21.570174 ], [ -158.247886, 21.570669 ], [ -158.248202, 21.570144 ], [ -158.248348, 21.569589 ], [ -158.248494, 21.569532 ], [ -158.250012, 21.571239 ], [ -158.250013, 21.571721 ], [ -158.251042, 21.572957 ], [ -158.251135, 21.573312 ], [ -158.251484, 21.573411 ], [ -158.251576, 21.57324 ], [ -158.252077, 21.572943 ], [ -158.252117, 21.571655 ], [ -158.252622, 21.572021 ], [ -158.252785, 21.572714 ], [ -158.253499, 21.572442 ], [ -158.253843, 21.572645 ], [ -158.25409, 21.573048 ], [ -158.254113, 21.573404 ], [ -158.254283, 21.573352 ], [ -158.254598, 21.572827 ], [ -158.254585, 21.572323 ], [ -158.254889, 21.572204 ], [ -158.255066, 21.572218 ], [ -158.255501, 21.572618 ], [ -158.255916, 21.572815 ], [ -158.256406, 21.573395 ], [ -158.256795, 21.573444 ], [ -158.25707, 21.572937 ], [ -158.256566, 21.571815 ], [ -158.256152, 21.571266 ], [ -158.256218, 21.570547 ], [ -158.256096, 21.570242 ], [ -158.25641, 21.570364 ], [ -158.25661, 21.570789 ], [ -158.256828, 21.570819 ], [ -158.257637, 21.570249 ], [ -158.257946, 21.570442 ], [ -158.258165, 21.57096 ], [ -158.257905, 21.571254 ], [ -158.258209, 21.571546 ], [ -158.258795, 21.571434 ], [ -158.25912, 21.571144 ], [ -158.259843, 21.571124 ], [ -158.260147, 21.571394 ], [ -158.260331, 21.571874 ], [ -158.259609, 21.572404 ], [ -158.259764, 21.572528 ], [ -158.260487, 21.57254 ], [ -158.261029, 21.572204 ], [ -158.261342, 21.572244 ], [ -158.261558, 21.572148 ], [ -158.262263, 21.571672 ], [ -158.262443, 21.571911 ], [ -158.262507, 21.572277 ], [ -158.262779, 21.572378 ], [ -158.262442, 21.572689 ], [ -158.262137, 21.57277 ], [ -158.262058, 21.572968 ], [ -158.262212, 21.573016 ], [ -158.263426, 21.572797 ], [ -158.26353, 21.572675 ], [ -158.264081, 21.57253 ], [ -158.264317, 21.572125 ], [ -158.26508, 21.571878 ], [ -158.265809, 21.572073 ], [ -158.26609, 21.572747 ], [ -158.267476, 21.572788 ], [ -158.267444, 21.572207 ], [ -158.26665, 21.571731 ], [ -158.265902, 21.571508 ], [ -158.26502, 21.570615 ], [ -158.264258, 21.570459 ], [ -158.263985, 21.570216 ], [ -158.263744, 21.570529 ], [ -158.261288, 21.56901 ], [ -158.261858, 21.568221 ], [ -158.261729, 21.56815 ], [ -158.258939, 21.567555 ], [ -158.258992, 21.56706 ], [ -158.258162, 21.566729 ], [ -158.257631, 21.566313 ], [ -158.256776, 21.565996 ], [ -158.256356, 21.565585 ], [ -158.253687, 21.564818 ], [ -158.253249, 21.564814 ], [ -158.25277, 21.563809 ], [ -158.251752, 21.5631 ], [ -158.250854, 21.562189 ], [ -158.25034, 21.561984 ], [ -158.249974, 21.561992 ], [ -158.249229, 21.562418 ], [ -158.24895, 21.56245 ], [ -158.248513, 21.562116 ], [ -158.248106, 21.562075 ], [ -158.24628, 21.563177 ], [ -158.245791, 21.562928 ], [ -158.24533, 21.562347 ], [ -158.245063, 21.56223 ], [ -158.24387, 21.563883 ], [ -158.239759, 21.56219 ], [ -158.239677, 21.563574 ], [ -158.241636, 21.564396 ], [ -158.24162, 21.566174 ], [ -158.237982, 21.564703 ], [ -158.236181, 21.559755 ], [ -158.236348, 21.559515 ], [ -158.236248, 21.559361 ], [ -158.235838, 21.559391 ], [ -158.235698, 21.562715 ], [ -158.234182, 21.56357 ], [ -158.228435, 21.559781 ], [ -158.223922, 21.557184 ], [ -158.222275, 21.554289 ], [ -158.220199, 21.555293 ], [ -158.214626, 21.556192 ], [ -158.214275, 21.554432 ], [ -158.17882, 21.545914 ], [ -158.169736, 21.543899 ], [ -158.157781, 21.540991 ], [ -158.160535, 21.534791 ], [ -158.153424, 21.534684 ], [ -158.154343, 21.540154 ], [ -158.129091, 21.534004 ], [ -158.129581, 21.532468 ], [ -158.121748, 21.530582 ], [ -158.112886, 21.51698 ], [ -158.112409, 21.516046 ], [ -158.111525, 21.515532 ], [ -158.110696, 21.51418 ], [ -158.107917, 21.51272 ], [ -158.107282, 21.51217 ], [ -158.106164, 21.511592 ], [ -158.104004, 21.511101 ], [ -158.103432, 21.510764 ], [ -158.102491, 21.510429 ], [ -158.103008, 21.510315 ], [ -158.103698, 21.510368 ], [ -158.104222, 21.510672 ], [ -158.104833, 21.510336 ], [ -158.105881, 21.510518 ], [ -158.106146, 21.51038 ], [ -158.106788, 21.510683 ], [ -158.107217, 21.510254 ], [ -158.107518, 21.510116 ], [ -158.107924, 21.510793 ], [ -158.108153, 21.510842 ], [ -158.108494, 21.510611 ], [ -158.108953, 21.5112 ], [ -158.109336, 21.511094 ], [ -158.109601, 21.511387 ], [ -158.109753, 21.511358 ], [ -158.109989, 21.510897 ], [ -158.11066, 21.510716 ], [ -158.11123, 21.510407 ], [ -158.111754, 21.510791 ], [ -158.111926, 21.511948 ], [ -158.11219, 21.512031 ], [ -158.112748, 21.511293 ], [ -158.113373, 21.511211 ], [ -158.113933, 21.510945 ], [ -158.114014, 21.510649 ], [ -158.113884, 21.51029 ], [ -158.114026, 21.510031 ], [ -158.11435, 21.509827 ], [ -158.114597, 21.509481 ], [ -158.115126, 21.509294 ], [ -158.115361, 21.50894 ], [ -158.115968, 21.508749 ], [ -158.116227, 21.508446 ], [ -158.116321, 21.507973 ], [ -158.116886, 21.508165 ], [ -158.117363, 21.508088 ], [ -158.117574, 21.50788 ], [ -158.117397, 21.507284 ], [ -158.11748, 21.506321 ], [ -158.117892, 21.506061 ], [ -158.117798, 21.505692 ], [ -158.117962, 21.50437 ], [ -158.118957, 21.503996 ], [ -158.119144, 21.503611 ], [ -158.118992, 21.503226 ], [ -158.118586, 21.503093 ], [ -158.118092, 21.502494 ], [ -158.118103, 21.502035 ], [ -158.119504, 21.500417 ], [ -158.120192, 21.500148 ], [ -158.121204, 21.500394 ], [ -158.121551, 21.500274 ], [ -158.12148, 21.499849 ], [ -158.121033, 21.499601 ], [ -158.120898, 21.49937 ], [ -158.121145, 21.497872 ], [ -158.120797, 21.497293 ], [ -158.121583, 21.496758 ], [ -158.121601, 21.495613 ], [ -158.121919, 21.495437 ], [ -158.122272, 21.494379 ], [ -158.123348, 21.494419 ], [ -158.123807, 21.494143 ], [ -158.123695, 21.493862 ], [ -158.122966, 21.493631 ], [ -158.121506, 21.49258 ], [ -158.12143, 21.492304 ], [ -158.12153, 21.491941 ], [ -158.121929, 21.491368 ], [ -158.121882, 21.49116 ], [ -158.121088, 21.490624 ], [ -158.120411, 21.489833 ], [ -158.119805, 21.488427 ], [ -158.120052, 21.487794 ], [ -158.12001, 21.487421 ], [ -158.11961, 21.487173 ], [ -158.118999, 21.487337 ], [ -158.118421, 21.487223 ], [ -158.117439, 21.487249 ], [ -158.115897, 21.48637 ], [ -158.115356, 21.485649 ], [ -158.113437, 21.484675 ], [ -158.112667, 21.484729 ], [ -158.112361, 21.485003 ], [ -158.111349, 21.485269 ], [ -158.110407, 21.485666 ], [ -158.109566, 21.485455 ], [ -158.109343, 21.485499 ], [ -158.107006, 21.486795 ], [ -158.095532, 21.475393 ], [ -158.091866, 21.472958 ], [ -158.09242, 21.47221 ], [ -158.089719, 21.471971 ], [ -158.091896, 21.468365 ], [ -158.093045, 21.464798 ], [ -158.090741, 21.464207 ], [ -158.088404, 21.466815 ], [ -158.08702, 21.469808 ], [ -158.084228, 21.469672 ], [ -158.08336, 21.469045 ], [ -158.083239, 21.466637 ], [ -158.081644, 21.470206 ], [ -158.078798, 21.471419 ], [ -158.077193, 21.469224 ], [ -158.075648, 21.469209 ], [ -158.075541, 21.466191 ], [ -158.073367, 21.461289 ], [ -158.075836, 21.459118 ], [ -158.073761, 21.456539 ], [ -158.076535, 21.454194 ], [ -158.077958, 21.451825 ], [ -158.078365, 21.447 ], [ -158.080563, 21.441886 ], [ -158.078407, 21.432804 ], [ -158.080309, 21.42717 ], [ -158.07771, 21.427018 ], [ -158.077716, 21.422586 ], [ -158.079476, 21.413662 ], [ -158.082216, 21.413927 ], [ -158.085161, 21.400768 ], [ -158.081693, 21.400691 ], [ -158.079943, 21.396791 ], [ -158.083602, 21.392611 ], [ -158.084537, 21.390271 ], [ -158.087746, 21.387084 ], [ -158.087596, 21.386124 ], [ -158.08767, 21.385082 ], [ -158.08947, 21.381985 ], [ -158.092872, 21.381808 ], [ -158.093973, 21.382487 ], [ -158.098605, 21.381101 ], [ -158.100099, 21.381333 ], [ -158.102738, 21.377152 ], [ -158.104749, 21.375593 ], [ -158.105013, 21.375906 ], [ -158.105295, 21.375741 ], [ -158.107406, 21.375675 ], [ -158.117273, 21.381784 ], [ -158.112105, 21.385647 ], [ -158.108755, 21.389816 ], [ -158.111037, 21.392305 ], [ -158.119045, 21.393096 ], [ -158.114554, 21.398994 ], [ -158.111174, 21.405318 ], [ -158.10794, 21.406501 ], [ -158.10932, 21.41077 ], [ -158.118257, 21.411343 ], [ -158.126555, 21.407304 ], [ -158.127831, 21.399813 ], [ -158.131176, 21.394553 ], [ -158.139816, 21.389263 ], [ -158.14274, 21.387148 ], [ -158.144491, 21.387137 ], [ -158.144078, 21.387617 ], [ -158.144088, 21.388847 ], [ -158.143788, 21.388869 ], [ -158.140912, 21.390952 ], [ -158.139505, 21.393497 ], [ -158.138152, 21.396973 ], [ -158.138509, 21.399747 ], [ -158.138758, 21.400551 ], [ -158.139126, 21.40386 ], [ -158.13982, 21.404974 ], [ -158.140413, 21.405289 ], [ -158.140877, 21.405315 ], [ -158.141091, 21.407333 ], [ -158.13919, 21.409321 ], [ -158.132217, 21.406233 ], [ -158.132506, 21.413743 ], [ -158.128973, 21.414647 ], [ -158.118842, 21.418037 ], [ -158.109229, 21.416702 ], [ -158.105996, 21.423975 ], [ -158.096581, 21.426227 ], [ -158.097068, 21.433277 ], [ -158.109466, 21.433713 ], [ -158.108454, 21.455289 ], [ -158.110231, 21.460431 ], [ -158.111013, 21.467077 ], [ -158.118623, 21.469444 ], [ -158.118745, 21.468412 ], [ -158.118677, 21.467754 ], [ -158.118941, 21.467185 ], [ -158.119592, 21.466519 ], [ -158.119556, 21.466087 ], [ -158.119235, 21.465294 ], [ -158.119251, 21.464887 ], [ -158.118689, 21.464084 ], [ -158.119193, 21.462934 ], [ -158.120942, 21.46234 ], [ -158.121244, 21.462438 ], [ -158.121434, 21.463134 ], [ -158.121744, 21.463481 ], [ -158.122358, 21.463855 ], [ -158.124258, 21.465663 ], [ -158.134623, 21.470191 ], [ -158.14708, 21.468066 ], [ -158.147472, 21.467686 ], [ -158.151022, 21.477278 ], [ -158.151699, 21.476406 ], [ -158.151541, 21.476275 ], [ -158.152541, 21.474964 ], [ -158.153876, 21.478616 ], [ -158.154224, 21.479296 ], [ -158.15472, 21.479474 ], [ -158.155488, 21.479554 ], [ -158.156368, 21.480276 ], [ -158.157096, 21.480658 ], [ -158.157518, 21.481127 ], [ -158.157869, 21.481793 ], [ -158.158103, 21.483568 ], [ -158.158242, 21.483776 ], [ -158.158607, 21.48406 ], [ -158.159529, 21.484329 ], [ -158.159997, 21.48494 ], [ -158.160558, 21.485189 ], [ -158.161018, 21.485614 ], [ -158.161318, 21.486009 ], [ -158.161396, 21.486421 ], [ -158.164111, 21.488199 ], [ -158.168044, 21.487491 ], [ -158.170002, 21.477893 ], [ -158.174792, 21.476272 ], [ -158.17416, 21.471551 ], [ -158.179642, 21.472599 ], [ -158.189198, 21.463673 ], [ -158.19143, 21.460311 ], [ -158.192361, 21.460411 ], [ -158.194295, 21.460987 ], [ -158.19505, 21.461444 ], [ -158.196888, 21.461838 ], [ -158.197672, 21.461621 ], [ -158.197958, 21.460142 ], [ -158.197832, 21.460003 ], [ -158.199197, 21.460428 ], [ -158.199047, 21.460827 ], [ -158.199353, 21.462133 ], [ -158.199496, 21.462198 ], [ -158.198083, 21.462435 ], [ -158.197584, 21.463149 ], [ -158.19617, 21.464184 ], [ -158.194225, 21.468435 ], [ -158.189047, 21.472335 ], [ -158.189694, 21.476886 ], [ -158.1859, 21.48093 ], [ -158.183022, 21.48293 ], [ -158.179816, 21.487001 ], [ -158.179972, 21.489834 ], [ -158.182564, 21.495312 ], [ -158.18526, 21.493871 ], [ -158.18667, 21.492629 ], [ -158.187308, 21.491572 ], [ -158.188499, 21.490516 ], [ -158.189951, 21.490997 ], [ -158.203017, 21.484549 ], [ -158.203151, 21.483775 ], [ -158.208657, 21.480386 ], [ -158.2164, 21.482855 ], [ -158.221262, 21.480275 ], [ -158.221348, 21.480475 ], [ -158.222554, 21.480034 ], [ -158.222382, 21.479638 ], [ -158.222527, 21.479561 ], [ -158.223999, 21.47981 ], [ -158.22747, 21.482576 ], [ -158.228224, 21.483977 ], [ -158.227562, 21.48422 ], [ -158.227931, 21.485043 ], [ -158.228088, 21.485964 ], [ -158.227986, 21.486866 ], [ -158.227754, 21.48753 ], [ -158.2273, 21.488365 ], [ -158.225703, 21.490297 ], [ -158.225555, 21.490659 ], [ -158.226416, 21.495836 ], [ -158.224707, 21.497797 ], [ -158.225036, 21.500476 ], [ -158.222685, 21.503322 ], [ -158.21237, 21.50015 ], [ -158.208297, 21.498049 ], [ -158.203857, 21.498398 ], [ -158.201021, 21.500579 ], [ -158.200657, 21.505485 ], [ -158.203388, 21.507758 ], [ -158.226509, 21.51672 ], [ -158.227626, 21.516089 ], [ -158.227684, 21.513669 ], [ -158.228236, 21.511162 ], [ -158.229636, 21.500815 ], [ -158.228477, 21.49297 ], [ -158.229335, 21.48677 ], [ -158.229206, 21.485068 ], [ -158.228806, 21.483787 ], [ -158.230988, 21.483097 ], [ -158.231012, 21.483987 ], [ -158.230605, 21.48479 ], [ -158.230695, 21.485075 ], [ -158.23043, 21.486862 ], [ -158.230366, 21.488452 ], [ -158.229948, 21.48897 ], [ -158.230513, 21.490987 ], [ -158.230477, 21.491597 ], [ -158.229954, 21.493266 ], [ -158.229912, 21.494603 ], [ -158.230001, 21.495651 ], [ -158.230207, 21.496285 ], [ -158.230014, 21.498127 ], [ -158.230145, 21.498864 ], [ -158.230433, 21.499263 ], [ -158.230662, 21.500257 ], [ -158.230592, 21.500519 ], [ -158.230227, 21.500784 ], [ -158.230222, 21.50339 ], [ -158.229598, 21.505651 ], [ -158.229634, 21.50823 ], [ -158.229258, 21.508716 ], [ -158.229369, 21.510036 ], [ -158.229716, 21.510751 ], [ -158.229057, 21.511742 ], [ -158.228716, 21.512924 ], [ -158.228828, 21.513268 ], [ -158.228756, 21.514171 ], [ -158.229104, 21.514683 ], [ -158.229852, 21.515174 ], [ -158.230147, 21.516278 ], [ -158.229569, 21.516655 ], [ -158.229646, 21.516967 ], [ -158.229476, 21.517147 ], [ -158.229452, 21.517616 ], [ -158.229229, 21.517886 ], [ -158.228953, 21.519412 ], [ -158.228734, 21.519628 ], [ -158.228675, 21.5204 ], [ -158.228427, 21.520706 ], [ -158.228605, 21.520951 ], [ -158.228605, 21.521199 ], [ -158.228411, 21.521804 ], [ -158.228575, 21.522035 ], [ -158.228605, 21.522582 ], [ -158.228505, 21.522708 ], [ -158.228818, 21.523016 ], [ -158.228805, 21.523752 ], [ -158.229481, 21.524085 ], [ -158.229664, 21.525116 ], [ -158.22976, 21.525207 ], [ -158.230359, 21.525228 ], [ -158.229818, 21.525614 ], [ -158.229671, 21.526385 ], [ -158.229401, 21.526872 ], [ -158.229024, 21.526947 ], [ -158.229406, 21.527409 ], [ -158.229336, 21.528236 ], [ -158.229454, 21.528982 ], [ -158.229342, 21.529722 ], [ -158.229518, 21.529922 ], [ -158.229606, 21.53148 ], [ -158.229865, 21.532746 ], [ -158.230172, 21.533461 ], [ -158.230114, 21.533832 ], [ -158.230373, 21.533928 ], [ -158.230654, 21.534945 ], [ -158.231166, 21.53595 ], [ -158.231502, 21.536359 ], [ -158.23162, 21.536883 ], [ -158.232538, 21.538197 ], [ -158.233269, 21.538833 ], [ -158.233916, 21.539681 ], [ -158.23411, 21.539713 ], [ -158.234305, 21.540003 ], [ -158.234517, 21.539909 ], [ -158.234723, 21.54029 ], [ -158.235111, 21.540319 ], [ -158.235582, 21.540908 ], [ -158.235924, 21.541095 ], [ -158.236206, 21.541029 ], [ -158.236382, 21.541151 ], [ -158.236966, 21.542008 ], [ -158.238226, 21.543423 ], [ -158.238449, 21.543392 ], [ -158.238685, 21.543579 ], [ -158.238827, 21.543963 ], [ -158.238984, 21.543987 ], [ -158.238938, 21.544334 ], [ -158.23925, 21.544336 ], [ -158.23928, 21.544607 ], [ -158.239645, 21.544735 ], [ -158.239879, 21.544546 ], [ -158.23995, 21.544718 ], [ -158.240057, 21.544592 ], [ -158.240304, 21.544842 ], [ -158.240345, 21.545054 ], [ -158.240492, 21.54501 ], [ -158.240687, 21.545128 ], [ -158.240475, 21.545484 ], [ -158.240469, 21.545913 ], [ -158.241941, 21.548062 ], [ -158.243129, 21.549237 ], [ -158.244753, 21.550442 ], [ -158.246284, 21.551841 ], [ -158.246661, 21.552312 ], [ -158.246931, 21.552941 ], [ -158.248156, 21.554054 ], [ -158.24862, 21.554693 ], [ -158.248527, 21.555641 ], [ -158.249297, 21.555211 ], [ -158.249469, 21.555876 ], [ -158.249881, 21.555963 ], [ -158.25001, 21.556267 ], [ -158.25064, 21.556287 ], [ -158.250746, 21.556564 ], [ -158.25114, 21.55647 ], [ -158.251694, 21.556513 ], [ -158.251953, 21.556862 ], [ -158.252801, 21.55692 ], [ -158.253038, 21.557314 ], [ -158.253338, 21.557185 ], [ -158.253561, 21.557235 ], [ -158.253378, 21.557524 ], [ -158.253679, 21.557647 ], [ -158.253796, 21.557909 ], [ -158.254474, 21.557935 ], [ -158.254721, 21.558135 ], [ -158.255103, 21.558227 ], [ -158.255186, 21.558403 ], [ -158.255427, 21.558404 ], [ -158.255521, 21.558572 ], [ -158.256034, 21.558764 ], [ -158.256358, 21.558688 ], [ -158.256664, 21.558762 ], [ -158.256982, 21.559012 ], [ -158.256794, 21.559576 ], [ -158.257195, 21.559812 ], [ -158.257153, 21.560146 ], [ -158.257347, 21.560224 ], [ -158.257595, 21.560053 ], [ -158.257777, 21.560438 ], [ -158.258202, 21.560273 ], [ -158.25872, 21.560682 ], [ -158.259026, 21.560773 ], [ -158.259256, 21.561172 ], [ -158.259532, 21.561309 ], [ -158.259798, 21.562123 ], [ -158.259968, 21.562228 ], [ -158.260186, 21.562698 ], [ -158.261005, 21.562584 ], [ -158.261005, 21.563108 ], [ -158.261524, 21.56307 ], [ -158.261889, 21.563406 ], [ -158.262112, 21.563325 ], [ -158.262301, 21.563444 ], [ -158.262418, 21.563575 ], [ -158.262212, 21.56389 ], [ -158.26233, 21.564212 ], [ -158.262701, 21.564286 ], [ -158.262731, 21.564453 ], [ -158.263072, 21.564567 ], [ -158.263278, 21.56492 ], [ -158.263638, 21.564908 ], [ -158.264256, 21.565566 ], [ -158.265139, 21.565628 ], [ -158.265116, 21.565954 ], [ -158.265363, 21.566027 ], [ -158.26544, 21.566231 ], [ -158.265711, 21.56639 ], [ -158.265835, 21.566738 ], [ -158.266276, 21.566708 ], [ -158.266383, 21.567021 ], [ -158.26673, 21.567316 ], [ -158.267496, 21.567445 ], [ -158.267667, 21.567871 ], [ -158.268309, 21.568049 ], [ -158.268362, 21.568289 ], [ -158.268798, 21.568734 ], [ -158.269482, 21.569233 ], [ -158.269888, 21.569312 ], [ -158.270058, 21.569597 ], [ -158.270901, 21.570143 ], [ -158.271849, 21.570508 ], [ -158.272439, 21.570899 ], [ -158.272821, 21.570796 ], [ -158.273322, 21.571105 ], [ -158.273504, 21.571608 ], [ -158.273788, 21.571473 ], [ -158.273981, 21.571618 ], [ -158.274505, 21.571629 ], [ -158.274564, 21.57191 ], [ -158.274723, 21.571996 ], [ -158.275005, 21.571785 ], [ -158.275406, 21.572346 ], [ -158.275577, 21.572094 ], [ -158.275724, 21.572113 ], [ -158.275829, 21.572407 ], [ -158.27616, 21.572286 ], [ -158.276294, 21.572851 ], [ -158.276871, 21.572578 ], [ -158.277007, 21.572809 ], [ -158.27719, 21.572651 ], [ -158.277496, 21.572806 ], [ -158.277726, 21.572522 ], [ -158.277926, 21.572762 ], [ -158.279074, 21.573367 ], [ -158.279316, 21.57307 ], [ -158.279403, 21.573278 ], [ -158.279644, 21.573351 ], [ -158.279821, 21.573763 ], [ -158.280616, 21.573761 ], [ -158.280716, 21.574227 ], [ -158.280327, 21.574027 ], [ -158.280222, 21.574306 ], [ -158.280368, 21.574533 ], [ -158.280669, 21.574516 ], [ -158.280964, 21.574693 ], [ -158.280745, 21.57504 ], [ -158.280175, 21.574857 ], [ -158.279938, 21.575082 ], [ -158.279556, 21.575144 ], [ -158.278984, 21.575485 ], [ -158.278737, 21.575466 ], [ -158.278596, 21.575705 ], [ -158.278625, 21.575967 ], [ -158.27833, 21.576214 ], [ -158.278218, 21.576132 ], [ -158.278271, 21.575866 ], [ -158.277641, 21.576058 ], [ -158.277465, 21.575895 ], [ -158.277152, 21.575835 ], [ -158.276529, 21.575923 ], [ -158.276347, 21.575592 ], [ -158.276199, 21.575578 ], [ -158.276116, 21.575795 ], [ -158.275787, 21.575482 ], [ -158.275656, 21.575919 ], [ -158.275256, 21.575877 ], [ -158.275015, 21.57561 ], [ -158.274879, 21.575763 ], [ -158.274392, 21.575377 ], [ -158.274103, 21.575403 ], [ -158.273938, 21.575651 ], [ -158.273736, 21.575433 ], [ -158.273519, 21.575415 ], [ -158.273319, 21.5755 ], [ -158.273283, 21.575829 ], [ -158.273025, 21.576013 ], [ -158.272765, 21.575805 ], [ -158.272577, 21.57584 ], [ -158.272547, 21.575984 ], [ -158.272329, 21.575785 ], [ -158.271975, 21.575756 ], [ -158.271209, 21.576024 ], [ -158.270424, 21.576012 ], [ -158.26977, 21.576371 ], [ -158.268446, 21.576844 ], [ -158.268351, 21.577011 ], [ -158.268122, 21.577077 ], [ -158.267021, 21.577073 ], [ -158.266562, 21.576872 ], [ -158.265372, 21.577536 ], [ -158.264523, 21.577307 ], [ -158.264252, 21.577414 ], [ -158.264017, 21.577128 ], [ -158.263569, 21.577199 ], [ -158.263328, 21.577315 ], [ -158.263346, 21.577663 ], [ -158.263056, 21.577955 ], [ -158.262762, 21.577774 ], [ -158.261408, 21.577569 ], [ -158.261095, 21.577247 ], [ -158.260907, 21.577301 ], [ -158.260754, 21.577585 ], [ -158.260448, 21.577552 ], [ -158.260306, 21.578165 ], [ -158.260194, 21.578237 ], [ -158.259075, 21.577957 ], [ -158.258297, 21.578076 ], [ -158.25785, 21.57792 ], [ -158.257279, 21.578126 ], [ -158.256825, 21.577848 ], [ -158.256606, 21.578073 ], [ -158.255689, 21.578521 ], [ -158.254981, 21.578279 ], [ -158.254734, 21.578838 ], [ -158.253503, 21.579347 ], [ -158.252949, 21.579436 ], [ -158.252714, 21.579353 ], [ -158.252331, 21.579523 ], [ -158.252102, 21.579852 ], [ -158.251719, 21.579399 ], [ -158.251094, 21.579283 ], [ -158.249839, 21.579558 ], [ -158.24869, 21.57949 ], [ -158.247908, 21.579654 ], [ -158.246818, 21.579505 ], [ -158.246082, 21.579172 ], [ -158.245022, 21.579 ], [ -158.244445, 21.579354 ], [ -158.243321, 21.579475 ], [ -158.242456, 21.579878 ], [ -158.241183, 21.579601 ], [ -158.238699, 21.579559 ], [ -158.237198, 21.579832 ], [ -158.236409, 21.579706 ], [ -158.23423, 21.579891 ], [ -158.232611, 21.579653 ], [ -158.230998, 21.579239 ], [ -158.228943, 21.578982 ], [ -158.226851, 21.579455 ], [ -158.225468, 21.579214 ], [ -158.223855, 21.579482 ], [ -158.223473, 21.579408 ], [ -158.222784, 21.579044 ], [ -158.219499, 21.578491 ], [ -158.218374, 21.578649 ], [ -158.215807, 21.57931 ], [ -158.215124, 21.579659 ], [ -158.214564, 21.580221 ], [ -158.213669, 21.580718 ], [ -158.211314, 21.581137 ], [ -158.210495, 21.581621 ], [ -158.209525, 21.581585 ], [ -158.208659, 21.581861 ], [ -158.206503, 21.582158 ], [ -158.205626, 21.581964 ], [ -158.204679, 21.581964 ], [ -158.203211, 21.581735 ], [ -158.203046, 21.581764 ] ], [ [ -158.217338, 21.578436 ], [ -158.216624, 21.575772 ], [ -158.214541, 21.576263 ], [ -158.215335, 21.578636 ], [ -158.21625, 21.578093 ], [ -158.216413, 21.578706 ], [ -158.217338, 21.578436 ] ] ], [ [ [ -158.04905, 21.499056 ], [ -158.048472, 21.498704 ], [ -158.046855, 21.498408 ], [ -158.045048, 21.497284 ], [ -158.044907, 21.496393 ], [ -158.04476, 21.496173 ], [ -158.044265, 21.496097 ], [ -158.043325, 21.496314 ], [ -158.043008, 21.496519 ], [ -158.042892, 21.496821 ], [ -158.042208, 21.497589 ], [ -158.041842, 21.49768 ], [ -158.041354, 21.497636 ], [ -158.040804, 21.497416 ], [ -158.040114, 21.496598 ], [ -158.039956, 21.496493 ], [ -158.039396, 21.496462 ], [ -158.038772, 21.496677 ], [ -158.036176, 21.499913 ], [ -158.03511, 21.500443 ], [ -158.035027, 21.501654 ], [ -158.034867, 21.501856 ], [ -158.034088, 21.502031 ], [ -158.03375, 21.502882 ], [ -158.0335, 21.503078 ], [ -158.032928, 21.503133 ], [ -158.032835, 21.503089 ], [ -158.03336, 21.502344 ], [ -158.033037, 21.50222 ], [ -158.032998, 21.50206 ], [ -158.033331, 21.501728 ], [ -158.033298, 21.501539 ], [ -158.032714, 21.501127 ], [ -158.032416, 21.501471 ], [ -158.032257, 21.502031 ], [ -158.031895, 21.501746 ], [ -158.032483, 21.500673 ], [ -158.032262, 21.499833 ], [ -158.0306, 21.499542 ], [ -158.030484, 21.499839 ], [ -158.030511, 21.500698 ], [ -158.03026, 21.501071 ], [ -158.029815, 21.501387 ], [ -158.029716, 21.501341 ], [ -158.029586, 21.500735 ], [ -158.029581, 21.500173 ], [ -158.029315, 21.500126 ], [ -158.029281, 21.499409 ], [ -158.029393, 21.49891 ], [ -158.03375, 21.499285 ], [ -158.033772, 21.500073 ], [ -158.033564, 21.500352 ], [ -158.034072, 21.500616 ], [ -158.033974, 21.499959 ], [ -158.034391, 21.499396 ], [ -158.035769, 21.498737 ], [ -158.036479, 21.497828 ], [ -158.03744, 21.496864 ], [ -158.038418, 21.495539 ], [ -158.03988, 21.494165 ], [ -158.040585, 21.494063 ], [ -158.04102, 21.494244 ], [ -158.041281, 21.494611 ], [ -158.041233, 21.495232 ], [ -158.041667, 21.495688 ], [ -158.04218, 21.4958 ], [ -158.042184, 21.495575 ], [ -158.042871, 21.495296 ], [ -158.043293, 21.49492 ], [ -158.044834, 21.494512 ], [ -158.044891, 21.493842 ], [ -158.044477, 21.493767 ], [ -158.043484, 21.493841 ], [ -158.042237, 21.493378 ], [ -158.042126, 21.493099 ], [ -158.04176, 21.492948 ], [ -158.041623, 21.492711 ], [ -158.041364, 21.49197 ], [ -158.041305, 21.4914 ], [ -158.040286, 21.490857 ], [ -158.03978, 21.490971 ], [ -158.039924, 21.490761 ], [ -158.039666, 21.490598 ], [ -158.039448, 21.490766 ], [ -158.039194, 21.490779 ], [ -158.038789, 21.491178 ], [ -158.038302, 21.49143 ], [ -158.038221, 21.491692 ], [ -158.037651, 21.492389 ], [ -158.036597, 21.492399 ], [ -158.034991, 21.49297 ], [ -158.034903, 21.49267 ], [ -158.034758, 21.49262 ], [ -158.034067, 21.492811 ], [ -158.033641, 21.492724 ], [ -158.033766, 21.493274 ], [ -158.033054, 21.493563 ], [ -158.033147, 21.492701 ], [ -158.032559, 21.492102 ], [ -158.032077, 21.492393 ], [ -158.031257, 21.492424 ], [ -158.031094, 21.492545 ], [ -158.030905, 21.492257 ], [ -158.030275, 21.491838 ], [ -158.029649, 21.4917 ], [ -158.028155, 21.492561 ], [ -158.027793, 21.492488 ], [ -158.027386, 21.491927 ], [ -158.020103, 21.494827 ], [ -158.020015, 21.494547 ], [ -158.02027, 21.493859 ], [ -158.020164, 21.493635 ], [ -158.020961, 21.493481 ], [ -158.019992, 21.49159 ], [ -158.020016, 21.491099 ], [ -158.020367, 21.49101 ], [ -158.020577, 21.490702 ], [ -158.020719, 21.489702 ], [ -158.021408, 21.48928 ], [ -158.021844, 21.48883 ], [ -158.021949, 21.488558 ], [ -158.022144, 21.488587 ], [ -158.022559, 21.488322 ], [ -158.023166, 21.488879 ], [ -158.024172, 21.489195 ], [ -158.024942, 21.489659 ], [ -158.02487, 21.488967 ], [ -158.025049, 21.488764 ], [ -158.025449, 21.488778 ], [ -158.025958, 21.489127 ], [ -158.026443, 21.489657 ], [ -158.026542, 21.489677 ], [ -158.026638, 21.489466 ], [ -158.027232, 21.489647 ], [ -158.027974, 21.490081 ], [ -158.02838, 21.490492 ], [ -158.028424, 21.490736 ], [ -158.02841, 21.491066 ], [ -158.027907, 21.491703 ], [ -158.028078, 21.491996 ], [ -158.029602, 21.491285 ], [ -158.030168, 21.491277 ], [ -158.031546, 21.491696 ], [ -158.03128, 21.490998 ], [ -158.031448, 21.490773 ], [ -158.031716, 21.490677 ], [ -158.03275, 21.490897 ], [ -158.033574, 21.490457 ], [ -158.034235, 21.490404 ], [ -158.034334, 21.490446 ], [ -158.034532, 21.491192 ], [ -158.03432, 21.49152 ], [ -158.034418, 21.491849 ], [ -158.034763, 21.491905 ], [ -158.035388, 21.491581 ], [ -158.03562, 21.491665 ], [ -158.036389, 21.491439 ], [ -158.03663, 21.49158 ], [ -158.036897, 21.490659 ], [ -158.036499, 21.490027 ], [ -158.036575, 21.489595 ], [ -158.036781, 21.489315 ], [ -158.037727, 21.489212 ], [ -158.038021, 21.489057 ], [ -158.038478, 21.489415 ], [ -158.038955, 21.489443 ], [ -158.039251, 21.489663 ], [ -158.039534, 21.489502 ], [ -158.039376, 21.48905 ], [ -158.039784, 21.488399 ], [ -158.042582, 21.488647 ], [ -158.0427, 21.489087 ], [ -158.043057, 21.489589 ], [ -158.043064, 21.489986 ], [ -158.043403, 21.490032 ], [ -158.043507, 21.490796 ], [ -158.043377, 21.49111 ], [ -158.043734, 21.492043 ], [ -158.046523, 21.492787 ], [ -158.047053, 21.493241 ], [ -158.047243, 21.49348 ], [ -158.04725, 21.493722 ], [ -158.047439, 21.493872 ], [ -158.047721, 21.493602 ], [ -158.04846, 21.493639 ], [ -158.049859, 21.494697 ], [ -158.050195, 21.495584 ], [ -158.05004, 21.497765 ], [ -158.050323, 21.497746 ], [ -158.050355, 21.498588 ], [ -158.050655, 21.498679 ], [ -158.050768, 21.49965 ], [ -158.051559, 21.499525 ], [ -158.051779, 21.500546 ], [ -158.051266, 21.500586 ], [ -158.050966, 21.500494 ], [ -158.050347, 21.500692 ], [ -158.049878, 21.500396 ], [ -158.04905, 21.499056 ] ] ], [ [ [ -158.196294, 21.582051 ], [ -158.195558, 21.581587 ], [ -158.195198, 21.581554 ], [ -158.193303, 21.582132 ], [ -158.192225, 21.582872 ], [ -158.19067, 21.582923 ], [ -158.190427, 21.582825 ], [ -158.190743, 21.581141 ], [ -158.198949, 21.581178 ], [ -158.198633, 21.582429 ], [ -158.197889, 21.582127 ], [ -158.196648, 21.582112 ], [ -158.196294, 21.582051 ] ] ], [ [ [ -157.914992, 21.659707 ], [ -157.914868, 21.659568 ], [ -157.915487, 21.659403 ], [ -157.915799, 21.659514 ], [ -157.915628, 21.659707 ], [ -157.914992, 21.659707 ] ] ], [ [ [ -157.922414, 21.66166 ], [ -157.922625, 21.661495 ], [ -157.922938, 21.661587 ], [ -157.923168, 21.662002 ], [ -157.923592, 21.662011 ], [ -157.923957, 21.661886 ], [ -157.924553, 21.661358 ], [ -157.924847, 21.661347 ], [ -157.924971, 21.661474 ], [ -157.924611, 21.661953 ], [ -157.923451, 21.662519 ], [ -157.923268, 21.662872 ], [ -157.923291, 21.663324 ], [ -157.923998, 21.663527 ], [ -157.923939, 21.663665 ], [ -157.92295, 21.663538 ], [ -157.922001, 21.664 ], [ -157.921094, 21.664071 ], [ -157.921025, 21.66314 ], [ -157.921577, 21.662954 ], [ -157.921889, 21.662694 ], [ -157.922414, 21.66166 ] ] ], [ [ [ -157.923671, 21.6727 ], [ -157.92343, 21.672529 ], [ -157.923984, 21.672363 ], [ -157.924514, 21.672557 ], [ -157.923671, 21.6727 ] ] ], [ [ [ -157.977476, 21.709189 ], [ -157.976297, 21.709355 ], [ -157.975498, 21.709806 ], [ -157.974729, 21.709991 ], [ -157.974556, 21.710179 ], [ -157.974606, 21.710346 ], [ -157.973923, 21.710027 ], [ -157.972953, 21.70979 ], [ -157.971658, 21.709894 ], [ -157.97094, 21.709746 ], [ -157.969887, 21.709447 ], [ -157.969233, 21.709082 ], [ -157.968843, 21.709209 ], [ -157.968744, 21.709043 ], [ -157.968383, 21.709185 ], [ -157.96777, 21.709113 ], [ -157.967457, 21.709414 ], [ -157.967876, 21.709654 ], [ -157.96777, 21.709762 ], [ -157.967173, 21.709605 ], [ -157.967016, 21.709052 ], [ -157.96644, 21.708729 ], [ -157.96631, 21.708748 ], [ -157.96637, 21.708896 ], [ -157.966271, 21.708943 ], [ -157.966109, 21.70877 ], [ -157.965676, 21.708672 ], [ -157.965673, 21.708475 ], [ -157.965886, 21.708259 ], [ -157.965766, 21.707961 ], [ -157.96528, 21.707629 ], [ -157.965099, 21.707194 ], [ -157.964129, 21.706711 ], [ -157.96403, 21.706159 ], [ -157.963853, 21.706029 ], [ -157.96393, 21.705698 ], [ -157.963772, 21.70537 ], [ -157.963787, 21.704789 ], [ -157.963299, 21.704138 ], [ -157.962974, 21.703895 ], [ -157.960553, 21.702781 ], [ -157.960353, 21.702822 ], [ -157.960335, 21.702698 ], [ -157.960122, 21.702616 ], [ -157.959899, 21.702732 ], [ -157.959159, 21.702422 ], [ -157.958001, 21.701449 ], [ -157.957833, 21.701234 ], [ -157.957808, 21.70054 ], [ -157.9576, 21.700503 ], [ -157.95701, 21.699167 ], [ -157.95572, 21.697416 ], [ -157.952861, 21.694977 ], [ -157.95106, 21.693746 ], [ -157.950057, 21.692678 ], [ -157.94991, 21.692302 ], [ -157.94958, 21.692296 ], [ -157.948844, 21.691135 ], [ -157.948596, 21.690067 ], [ -157.947725, 21.689249 ], [ -157.945646, 21.688288 ], [ -157.945245, 21.688049 ], [ -157.944614, 21.687419 ], [ -157.94456, 21.686739 ], [ -157.944947, 21.686268 ], [ -157.944773, 21.685117 ], [ -157.945205, 21.685021 ], [ -157.945363, 21.686131 ], [ -157.94508, 21.687048 ], [ -157.945527, 21.68768 ], [ -157.947825, 21.688757 ], [ -157.948754, 21.689546 ], [ -157.949237, 21.690303 ], [ -157.949631, 21.691318 ], [ -157.950654, 21.692419 ], [ -157.951055, 21.693054 ], [ -157.952046, 21.69372 ], [ -157.952467, 21.694163 ], [ -157.953435, 21.694758 ], [ -157.954172, 21.695405 ], [ -157.954743, 21.696234 ], [ -157.955776, 21.696928 ], [ -157.957351, 21.698978 ], [ -157.958083, 21.700522 ], [ -157.958556, 21.701153 ], [ -157.959785, 21.702134 ], [ -157.961366, 21.702697 ], [ -157.963614, 21.703832 ], [ -157.964214, 21.704733 ], [ -157.964499, 21.706207 ], [ -157.964651, 21.706425 ], [ -157.965613, 21.70704 ], [ -157.966754, 21.708444 ], [ -157.967265, 21.708649 ], [ -157.969077, 21.708309 ], [ -157.970955, 21.709288 ], [ -157.971477, 21.70938 ], [ -157.972548, 21.709333 ], [ -157.974214, 21.709618 ], [ -157.975431, 21.709381 ], [ -157.975899, 21.709075 ], [ -157.976521, 21.708888 ], [ -157.977497, 21.708782 ], [ -157.979153, 21.70895 ], [ -157.980177, 21.709187 ], [ -157.980205, 21.709672 ], [ -157.979341, 21.709325 ], [ -157.978535, 21.709287 ], [ -157.977476, 21.709189 ] ] ], [ [ [ -157.799398, 21.267065 ], [ -157.797812, 21.265477 ], [ -157.797019, 21.26398 ], [ -157.798616, 21.263319 ], [ -157.798832, 21.26376 ], [ -157.799188, 21.263831 ], [ -157.798693, 21.261761 ], [ -157.799734, 21.260481 ], [ -157.799074, 21.259901 ], [ -157.799931, 21.258921 ], [ -157.801543, 21.257957 ], [ -157.801815, 21.257504 ], [ -157.803684, 21.256802 ], [ -157.80342, 21.256065 ], [ -157.802715, 21.256138 ], [ -157.802711, 21.255983 ], [ -157.80465, 21.25556 ], [ -157.805837, 21.254959 ], [ -157.807189, 21.254751 ], [ -157.808111, 21.254853 ], [ -157.809844, 21.25524 ], [ -157.811938, 21.25599 ], [ -157.811936, 21.256111 ], [ -157.811775, 21.256145 ], [ -157.811751, 21.256457 ], [ -157.81286, 21.256364 ], [ -157.813202, 21.256455 ], [ -157.81474, 21.25745 ], [ -157.813996, 21.258541 ], [ -157.814583, 21.258802 ], [ -157.814913, 21.25857 ], [ -157.815325, 21.258523 ], [ -157.815758, 21.258224 ], [ -157.816726, 21.258732 ], [ -157.815851, 21.25913 ], [ -157.816172, 21.260084 ], [ -157.81368, 21.264402 ], [ -157.811814, 21.266166 ], [ -157.810116, 21.267976 ], [ -157.80888, 21.268551 ], [ -157.808686, 21.267882 ], [ -157.807901, 21.268163 ], [ -157.807886, 21.268073 ], [ -157.806229, 21.26815 ], [ -157.806015, 21.268472 ], [ -157.80565, 21.268432 ], [ -157.802965, 21.268795 ], [ -157.802044, 21.268466 ], [ -157.801784, 21.268793 ], [ -157.800985, 21.268333 ], [ -157.80033, 21.267784 ], [ -157.799398, 21.267065 ] ] ], [ [ [ -157.80285, 21.268923 ], [ -157.802806, 21.268985 ], [ -157.802641, 21.268849 ], [ -157.802689, 21.268792 ], [ -157.80285, 21.268923 ] ] ], [ [ [ -157.802325, 21.269177 ], [ -157.802184, 21.269033 ], [ -157.802251, 21.268977 ], [ -157.802389, 21.269128 ], [ -157.802325, 21.269177 ] ] ], [ [ [ -157.838434, 21.28239 ], [ -157.839119, 21.282133 ], [ -157.839634, 21.281729 ], [ -157.83996, 21.281728 ], [ -157.840203, 21.281978 ], [ -157.840166, 21.282374 ], [ -157.839668, 21.282627 ], [ -157.839568, 21.283016 ], [ -157.839365, 21.28317 ], [ -157.838645, 21.283014 ], [ -157.838448, 21.282711 ], [ -157.838434, 21.28239 ] ] ], [ [ [ -157.890036, 21.302462 ], [ -157.890962, 21.302712 ], [ -157.89186, 21.302729 ], [ -157.892799, 21.302642 ], [ -157.894562, 21.302134 ], [ -157.894985, 21.302222 ], [ -157.895212, 21.302496 ], [ -157.895305, 21.302857 ], [ -157.895231, 21.303563 ], [ -157.894841, 21.304779 ], [ -157.892176, 21.30968 ], [ -157.891952, 21.30971 ], [ -157.88959, 21.30435 ], [ -157.888938, 21.303454 ], [ -157.888623, 21.302654 ], [ -157.88889, 21.302403 ], [ -157.890036, 21.302462 ] ] ], [ [ [ -157.896205, 21.306262 ], [ -157.896588, 21.30633 ], [ -157.896909, 21.306646 ], [ -157.897162, 21.30721 ], [ -157.89705, 21.308126 ], [ -157.896681, 21.309176 ], [ -157.895448, 21.310158 ], [ -157.895031, 21.31025 ], [ -157.894338, 21.310186 ], [ -157.894231, 21.310094 ], [ -157.894321, 21.30979 ], [ -157.895238, 21.307985 ], [ -157.895716, 21.306663 ], [ -157.896205, 21.306262 ] ] ], [ [ [ -157.841987, 21.315725 ], [ -157.841858, 21.315718 ], [ -157.841976, 21.314405 ], [ -157.842235, 21.313839 ], [ -157.842418, 21.31281 ], [ -157.843259, 21.311072 ], [ -157.845577, 21.309817 ], [ -157.84612, 21.309294 ], [ -157.846481, 21.309163 ], [ -157.846762, 21.308887 ], [ -157.848656, 21.309582 ], [ -157.849075, 21.309861 ], [ -157.84912, 21.310202 ], [ -157.849518, 21.309989 ], [ -157.850263, 21.311716 ], [ -157.850079, 21.31368 ], [ -157.849934, 21.314183 ], [ -157.849503, 21.313768 ], [ -157.849047, 21.314779 ], [ -157.848163, 21.315476 ], [ -157.847519, 21.315801 ], [ -157.846869, 21.315814 ], [ -157.843927, 21.315197 ], [ -157.842989, 21.314569 ], [ -157.843024, 21.314009 ], [ -157.842445, 21.313907 ], [ -157.842138, 21.314439 ], [ -157.841987, 21.315725 ] ] ], [ [ [ -157.907011, 21.363487 ], [ -157.906799, 21.363388 ], [ -157.904873, 21.363097 ], [ -157.903553, 21.361636 ], [ -157.903044, 21.361232 ], [ -157.901795, 21.360817 ], [ -157.901405, 21.360221 ], [ -157.901088, 21.360093 ], [ -157.90265, 21.357036 ], [ -157.904283, 21.355412 ], [ -157.90427, 21.355228 ], [ -157.904053, 21.354991 ], [ -157.90292, 21.354141 ], [ -157.902386, 21.353428 ], [ -157.901453, 21.351889 ], [ -157.900817, 21.350498 ], [ -157.900848, 21.350001 ], [ -157.901043, 21.3496 ], [ -157.901588, 21.349172 ], [ -157.901915, 21.349199 ], [ -157.902702, 21.349532 ], [ -157.903619, 21.349435 ], [ -157.904624, 21.349668 ], [ -157.904855, 21.349599 ], [ -157.904816, 21.349419 ], [ -157.904264, 21.348808 ], [ -157.904167, 21.348371 ], [ -157.904222, 21.347989 ], [ -157.904705, 21.347173 ], [ -157.902997, 21.346271 ], [ -157.903157, 21.346008 ], [ -157.905183, 21.347039 ], [ -157.905746, 21.346468 ], [ -157.906808, 21.346563 ], [ -157.908115, 21.34633 ], [ -157.90855, 21.346458 ], [ -157.910402, 21.348543 ], [ -157.910558, 21.348847 ], [ -157.91053, 21.34923 ], [ -157.910138, 21.350136 ], [ -157.910197, 21.350607 ], [ -157.910435, 21.351134 ], [ -157.910301, 21.352532 ], [ -157.912639, 21.352699 ], [ -157.914922, 21.35311 ], [ -157.916545, 21.353027 ], [ -157.9199, 21.353648 ], [ -157.920575, 21.354667 ], [ -157.920222, 21.355149 ], [ -157.920278, 21.355642 ], [ -157.921062, 21.356723 ], [ -157.920816, 21.356979 ], [ -157.920014, 21.356601 ], [ -157.916856, 21.35599 ], [ -157.915989, 21.356502 ], [ -157.915173, 21.356591 ], [ -157.913912, 21.356089 ], [ -157.911992, 21.355925 ], [ -157.910892, 21.356068 ], [ -157.910197, 21.356394 ], [ -157.909258, 21.357314 ], [ -157.907613, 21.357288 ], [ -157.905294, 21.357997 ], [ -157.905032, 21.358793 ], [ -157.904546, 21.359649 ], [ -157.904889, 21.361132 ], [ -157.905304, 21.361607 ], [ -157.907346, 21.362212 ], [ -157.909131, 21.362294 ], [ -157.911363, 21.363715 ], [ -157.912341, 21.364171 ], [ -157.913414, 21.364442 ], [ -157.914732, 21.364261 ], [ -157.915504, 21.36393 ], [ -157.916542, 21.364211 ], [ -157.917095, 21.36407 ], [ -157.917513, 21.363792 ], [ -157.91855, 21.363528 ], [ -157.918783, 21.363964 ], [ -157.918534, 21.364128 ], [ -157.914582, 21.364965 ], [ -157.912139, 21.364704 ], [ -157.911212, 21.36427 ], [ -157.909013, 21.363647 ], [ -157.908001, 21.363928 ], [ -157.907103, 21.363747 ], [ -157.907011, 21.363487 ] ] ], [ [ [ -157.809337, 21.434999 ], [ -157.810296, 21.436203 ], [ -157.810583, 21.437014 ], [ -157.811019, 21.437026 ], [ -157.811166, 21.437167 ], [ -157.810531, 21.438644 ], [ -157.809643, 21.439762 ], [ -157.808318, 21.439918 ], [ -157.807113, 21.438954 ], [ -157.805748, 21.437176 ], [ -157.805073, 21.434913 ], [ -157.805032, 21.434682 ], [ -157.805232, 21.433949 ], [ -157.806362, 21.431578 ], [ -157.807209, 21.431962 ], [ -157.807862, 21.432563 ], [ -157.809337, 21.434999 ] ] ], [ [ [ -157.83011, 21.457841 ], [ -157.829833, 21.457803 ], [ -157.829786, 21.457351 ], [ -157.83018, 21.457345 ], [ -157.830303, 21.457483 ], [ -157.830291, 21.457732 ], [ -157.83011, 21.457841 ] ] ], [ [ [ -157.836127, 21.461006 ], [ -157.834837, 21.46105 ], [ -157.83418, 21.460555 ], [ -157.833987, 21.459925 ], [ -157.834257, 21.458857 ], [ -157.834252, 21.458179 ], [ -157.834563, 21.45777 ], [ -157.834869, 21.457587 ], [ -157.836592, 21.45769 ], [ -157.837304, 21.458137 ], [ -157.837704, 21.458556 ], [ -157.837922, 21.459113 ], [ -157.837874, 21.459763 ], [ -157.83751, 21.460463 ], [ -157.836856, 21.460853 ], [ -157.836127, 21.461006 ] ] ], [ [ [ -157.808696, 21.46374 ], [ -157.808484, 21.463801 ], [ -157.807096, 21.463514 ], [ -157.805443, 21.46362 ], [ -157.805001, 21.463388 ], [ -157.805037, 21.463266 ], [ -157.805319, 21.463223 ], [ -157.808013, 21.463322 ], [ -157.808696, 21.46374 ] ] ], [ [ [ -157.966797, 21.639194 ], [ -157.966331, 21.639094 ], [ -157.960306, 21.633091 ], [ -157.959873, 21.632839 ], [ -157.956018, 21.628907 ], [ -157.950311, 21.622739 ], [ -157.94984, 21.622673 ], [ -157.947451, 21.621275 ], [ -157.947467, 21.621836 ], [ -157.947078, 21.622529 ], [ -157.946271, 21.622892 ], [ -157.946307, 21.623037 ], [ -157.946713, 21.623123 ], [ -157.946761, 21.623245 ], [ -157.945795, 21.624561 ], [ -157.94557, 21.624722 ], [ -157.944716, 21.624912 ], [ -157.944551, 21.625101 ], [ -157.944385, 21.625794 ], [ -157.94381, 21.62579 ], [ -157.943938, 21.626466 ], [ -157.943544, 21.626186 ], [ -157.943297, 21.626462 ], [ -157.943056, 21.62651 ], [ -157.942961, 21.626983 ], [ -157.942366, 21.627544 ], [ -157.942425, 21.628135 ], [ -157.942141, 21.628151 ], [ -157.941843, 21.627964 ], [ -157.941625, 21.628036 ], [ -157.941888, 21.629054 ], [ -157.94133, 21.629412 ], [ -157.94127, 21.629714 ], [ -157.941877, 21.630233 ], [ -157.941918, 21.630525 ], [ -157.9417, 21.630779 ], [ -157.940746, 21.631241 ], [ -157.94067, 21.631797 ], [ -157.940363, 21.632259 ], [ -157.940528, 21.632662 ], [ -157.940498, 21.632965 ], [ -157.940233, 21.633073 ], [ -157.940045, 21.633328 ], [ -157.940363, 21.634093 ], [ -157.940198, 21.634247 ], [ -157.939373, 21.634441 ], [ -157.938961, 21.635471 ], [ -157.938495, 21.635531 ], [ -157.938389, 21.635652 ], [ -157.938089, 21.636527 ], [ -157.937765, 21.636994 ], [ -157.937965, 21.637667 ], [ -157.937064, 21.638222 ], [ -157.936868, 21.638659 ], [ -157.936784, 21.639634 ], [ -157.936577, 21.640082 ], [ -157.934014, 21.636548 ], [ -157.933861, 21.630094 ], [ -157.929198, 21.631907 ], [ -157.926729, 21.628169 ], [ -157.925412, 21.624295 ], [ -157.921426, 21.619105 ], [ -157.919992, 21.616734 ], [ -157.917673, 21.612306 ], [ -157.916578, 21.611808 ], [ -157.915982, 21.611405 ], [ -157.915926, 21.61108 ], [ -157.916118, 21.610492 ], [ -157.916883, 21.609173 ], [ -157.915777, 21.608414 ], [ -157.914443, 21.605514 ], [ -157.913339, 21.604851 ], [ -157.913229, 21.603703 ], [ -157.911081, 21.602355 ], [ -157.909941, 21.602817 ], [ -157.908589, 21.601959 ], [ -157.912067, 21.597636 ], [ -157.912786, 21.59648 ], [ -157.913263, 21.595986 ], [ -157.913622, 21.595176 ], [ -157.914311, 21.594498 ], [ -157.915096, 21.593397 ], [ -157.913287, 21.592155 ], [ -157.91131, 21.585389 ], [ -157.90594, 21.583295 ], [ -157.904987, 21.583336 ], [ -157.904189, 21.584048 ], [ -157.903563, 21.583609 ], [ -157.902906, 21.58415 ], [ -157.903097, 21.585052 ], [ -157.900449, 21.586931 ], [ -157.895815, 21.58122 ], [ -157.895429, 21.578307 ], [ -157.90252, 21.574579 ], [ -157.903854, 21.567734 ], [ -157.895326, 21.565574 ], [ -157.894406, 21.56485 ], [ -157.885899, 21.570457 ], [ -157.880505, 21.568841 ], [ -157.877753, 21.566144 ], [ -157.877615, 21.563925 ], [ -157.874775, 21.564383 ], [ -157.874615, 21.562986 ], [ -157.875363, 21.56197 ], [ -157.875456, 21.561397 ], [ -157.875339, 21.560376 ], [ -157.875862, 21.559706 ], [ -157.875792, 21.559087 ], [ -157.876021, 21.558506 ], [ -157.876401, 21.558463 ], [ -157.876542, 21.558315 ], [ -157.876494, 21.557886 ], [ -157.876144, 21.557197 ], [ -157.874743, 21.556166 ], [ -157.873407, 21.555674 ], [ -157.872071, 21.555507 ], [ -157.871511, 21.555544 ], [ -157.869569, 21.55619 ], [ -157.86891, 21.55628 ], [ -157.869146, 21.557194 ], [ -157.868898, 21.557102 ], [ -157.86874, 21.556676 ], [ -157.868445, 21.557027 ], [ -157.867686, 21.557157 ], [ -157.867096, 21.55779 ], [ -157.867355, 21.558117 ], [ -157.867626, 21.558114 ], [ -157.868686, 21.557796 ], [ -157.869087, 21.557478 ], [ -157.869216, 21.557673 ], [ -157.869134, 21.557921 ], [ -157.868745, 21.55818 ], [ -157.867591, 21.55857 ], [ -157.86602, 21.558681 ], [ -157.865089, 21.559569 ], [ -157.864884, 21.560204 ], [ -157.86416, 21.560619 ], [ -157.8634, 21.560442 ], [ -157.859562, 21.558672 ], [ -157.856106, 21.557718 ], [ -157.855555, 21.557727 ], [ -157.855719, 21.557108 ], [ -157.859044, 21.557989 ], [ -157.863855, 21.560071 ], [ -157.863703, 21.558593 ], [ -157.862542, 21.557013 ], [ -157.856402, 21.554911 ], [ -157.855854, 21.55438 ], [ -157.855947, 21.554029 ], [ -157.855369, 21.553437 ], [ -157.854786, 21.553484 ], [ -157.851055, 21.550012 ], [ -157.851036, 21.549628 ], [ -157.850761, 21.549384 ], [ -157.850696, 21.549103 ], [ -157.851131, 21.548316 ], [ -157.850679, 21.548139 ], [ -157.85069, 21.547775 ], [ -157.851149, 21.547018 ], [ -157.852614, 21.545601 ], [ -157.852838, 21.545166 ], [ -157.852814, 21.544604 ], [ -157.85312, 21.544301 ], [ -157.852396, 21.543637 ], [ -157.85166, 21.543196 ], [ -157.850813, 21.541851 ], [ -157.849229, 21.540756 ], [ -157.849159, 21.540606 ], [ -157.854962, 21.534441 ], [ -157.86257, 21.527131 ], [ -157.863088, 21.51884 ], [ -157.852094, 21.525388 ], [ -157.841272, 21.535067 ], [ -157.840747, 21.535089 ], [ -157.839717, 21.534693 ], [ -157.839253, 21.534385 ], [ -157.839211, 21.533769 ], [ -157.839853, 21.524401 ], [ -157.845867, 21.517485 ], [ -157.855407, 21.515171 ], [ -157.861703, 21.513421 ], [ -157.863891, 21.5112 ], [ -157.862267, 21.508068 ], [ -157.861146, 21.506426 ], [ -157.856184, 21.500488 ], [ -157.857191, 21.498913 ], [ -157.86082, 21.498605 ], [ -157.866287, 21.500045 ], [ -157.874795, 21.5018 ], [ -157.875061, 21.500921 ], [ -157.874047, 21.500568 ], [ -157.873816, 21.500347 ], [ -157.873456, 21.500441 ], [ -157.872819, 21.500147 ], [ -157.872367, 21.500116 ], [ -157.872004, 21.499744 ], [ -157.871544, 21.49977 ], [ -157.870783, 21.499183 ], [ -157.870492, 21.498814 ], [ -157.869579, 21.49869 ], [ -157.869217, 21.498351 ], [ -157.86861, 21.498185 ], [ -157.868287, 21.498408 ], [ -157.867808, 21.498538 ], [ -157.867208, 21.498157 ], [ -157.867092, 21.497762 ], [ -157.867714, 21.497627 ], [ -157.867471, 21.497584 ], [ -157.867578, 21.496775 ], [ -157.867292, 21.496584 ], [ -157.866967, 21.496612 ], [ -157.866392, 21.496354 ], [ -157.866412, 21.496876 ], [ -157.866279, 21.496982 ], [ -157.865401, 21.4965 ], [ -157.864959, 21.496439 ], [ -157.863917, 21.485292 ], [ -157.864409, 21.485128 ], [ -157.865936, 21.485902 ], [ -157.868547, 21.486402 ], [ -157.869538, 21.486256 ], [ -157.870951, 21.486755 ], [ -157.871744, 21.48754 ], [ -157.871994, 21.48458 ], [ -157.872404, 21.483072 ], [ -157.873533, 21.480422 ], [ -157.869458, 21.482125 ], [ -157.868877, 21.482157 ], [ -157.867712, 21.479508 ], [ -157.867336, 21.477968 ], [ -157.866871, 21.477025 ], [ -157.866967, 21.476749 ], [ -157.86722, 21.4766 ], [ -157.866619, 21.475889 ], [ -157.867233, 21.475143 ], [ -157.864255, 21.476035 ], [ -157.861863, 21.475034 ], [ -157.860545, 21.477932 ], [ -157.859894, 21.478224 ], [ -157.859983, 21.478817 ], [ -157.858743, 21.479666 ], [ -157.858801, 21.478784 ], [ -157.856442, 21.47885 ], [ -157.856279, 21.479559 ], [ -157.855347, 21.479364 ], [ -157.854472, 21.479526 ], [ -157.854224, 21.479868 ], [ -157.854038, 21.479895 ], [ -157.853942, 21.479348 ], [ -157.851928, 21.47964 ], [ -157.849907, 21.479114 ], [ -157.848263, 21.478432 ], [ -157.848357, 21.478177 ], [ -157.846314, 21.477848 ], [ -157.845416, 21.477866 ], [ -157.845419, 21.478084 ], [ -157.845029, 21.477937 ], [ -157.843773, 21.478222 ], [ -157.843703, 21.47783 ], [ -157.843046, 21.47747 ], [ -157.843316, 21.477391 ], [ -157.843294, 21.477169 ], [ -157.842915, 21.476755 ], [ -157.842719, 21.476306 ], [ -157.842702, 21.476053 ], [ -157.843013, 21.475767 ], [ -157.842939, 21.475613 ], [ -157.843544, 21.475934 ], [ -157.844572, 21.475596 ], [ -157.845102, 21.475844 ], [ -157.845399, 21.475841 ], [ -157.845885, 21.47534 ], [ -157.846467, 21.474355 ], [ -157.84667, 21.474446 ], [ -157.847054, 21.473426 ], [ -157.846305, 21.472497 ], [ -157.847117, 21.472396 ], [ -157.849803, 21.472563 ], [ -157.84959, 21.471739 ], [ -157.84943, 21.469994 ], [ -157.848754, 21.468973 ], [ -157.849131, 21.468737 ], [ -157.85064, 21.469647 ], [ -157.851181, 21.469576 ], [ -157.852009, 21.470022 ], [ -157.853245, 21.470179 ], [ -157.853804, 21.4704 ], [ -157.854739, 21.471153 ], [ -157.855451, 21.470306 ], [ -157.856272, 21.469893 ], [ -157.856245, 21.469508 ], [ -157.856734, 21.469272 ], [ -157.85886, 21.469935 ], [ -157.858655, 21.469018 ], [ -157.858864, 21.468855 ], [ -157.85915, 21.468965 ], [ -157.85975, 21.468672 ], [ -157.859221, 21.468203 ], [ -157.859126, 21.467901 ], [ -157.858506, 21.467595 ], [ -157.858051, 21.467532 ], [ -157.857378, 21.467198 ], [ -157.856899, 21.467098 ], [ -157.856646, 21.466899 ], [ -157.85683, 21.466708 ], [ -157.857517, 21.466639 ], [ -157.857293, 21.466092 ], [ -157.858062, 21.465961 ], [ -157.859054, 21.466019 ], [ -157.86032, 21.46655 ], [ -157.86139, 21.466667 ], [ -157.861581, 21.466542 ], [ -157.861581, 21.466293 ], [ -157.861891, 21.466204 ], [ -157.86285, 21.466333 ], [ -157.863183, 21.464001 ], [ -157.862115, 21.463594 ], [ -157.86029, 21.463657 ], [ -157.859997, 21.463482 ], [ -157.859679, 21.463504 ], [ -157.859523, 21.463106 ], [ -157.86013, 21.462036 ], [ -157.859704, 21.461448 ], [ -157.859859, 21.461242 ], [ -157.861247, 21.461451 ], [ -157.862447, 21.460813 ], [ -157.861473, 21.459342 ], [ -157.861361, 21.459355 ], [ -157.861405, 21.459238 ], [ -157.860607, 21.458032 ], [ -157.86047, 21.458061 ], [ -157.859524, 21.459237 ], [ -157.858117, 21.459535 ], [ -157.857514, 21.45943 ], [ -157.856384, 21.460014 ], [ -157.856009, 21.460401 ], [ -157.855596, 21.460392 ], [ -157.855391, 21.460044 ], [ -157.854755, 21.46037 ], [ -157.854427, 21.459738 ], [ -157.853812, 21.45975 ], [ -157.853504, 21.459478 ], [ -157.853648, 21.459129 ], [ -157.854114, 21.45884 ], [ -157.854581, 21.458319 ], [ -157.856541, 21.458084 ], [ -157.856868, 21.456855 ], [ -157.856272, 21.456553 ], [ -157.855972, 21.45609 ], [ -157.855771, 21.455003 ], [ -157.855261, 21.454849 ], [ -157.854403, 21.455382 ], [ -157.85392, 21.455051 ], [ -157.853759, 21.454249 ], [ -157.854278, 21.453397 ], [ -157.855754, 21.452783 ], [ -157.856129, 21.453049 ], [ -157.856657, 21.454273 ], [ -157.858124, 21.454274 ], [ -157.860396, 21.4511 ], [ -157.859684, 21.449472 ], [ -157.859089, 21.449713 ], [ -157.857903, 21.448353 ], [ -157.857991, 21.447807 ], [ -157.857004, 21.445547 ], [ -157.850857, 21.446317 ], [ -157.851086, 21.44697 ], [ -157.851953, 21.448046 ], [ -157.851577, 21.449202 ], [ -157.85015, 21.448913 ], [ -157.849828, 21.448589 ], [ -157.849319, 21.44853 ], [ -157.848828, 21.448737 ], [ -157.848364, 21.448771 ], [ -157.847898, 21.449164 ], [ -157.847726, 21.449138 ], [ -157.847668, 21.448097 ], [ -157.847828, 21.447596 ], [ -157.848356, 21.447029 ], [ -157.848199, 21.446487 ], [ -157.848251, 21.446117 ], [ -157.848012, 21.446025 ], [ -157.847019, 21.446029 ], [ -157.847139, 21.445565 ], [ -157.846443, 21.445405 ], [ -157.846352, 21.445296 ], [ -157.846558, 21.444662 ], [ -157.846306, 21.444936 ], [ -157.845694, 21.444975 ], [ -157.845651, 21.444888 ], [ -157.846236, 21.444795 ], [ -157.846331, 21.444477 ], [ -157.846521, 21.444353 ], [ -157.846598, 21.443771 ], [ -157.847043, 21.443726 ], [ -157.84749, 21.443393 ], [ -157.847546, 21.443191 ], [ -157.846385, 21.442874 ], [ -157.847288, 21.44268 ], [ -157.846967, 21.442592 ], [ -157.846975, 21.442239 ], [ -157.846843, 21.442127 ], [ -157.847186, 21.442062 ], [ -157.848009, 21.441502 ], [ -157.847325, 21.441138 ], [ -157.846272, 21.441044 ], [ -157.845803, 21.441226 ], [ -157.843921, 21.442423 ], [ -157.844647, 21.441056 ], [ -157.845138, 21.440422 ], [ -157.846046, 21.440069 ], [ -157.846179, 21.440657 ], [ -157.847127, 21.440274 ], [ -157.847042, 21.43998 ], [ -157.847378, 21.439978 ], [ -157.847099, 21.438299 ], [ -157.848389, 21.437908 ], [ -157.849265, 21.439904 ], [ -157.849792, 21.439728 ], [ -157.851373, 21.440184 ], [ -157.852022, 21.438873 ], [ -157.850582, 21.438385 ], [ -157.850648, 21.437979 ], [ -157.850863, 21.437984 ], [ -157.852019, 21.437477 ], [ -157.853038, 21.436596 ], [ -157.85246, 21.435623 ], [ -157.851502, 21.436028 ], [ -157.84834, 21.435995 ], [ -157.847724, 21.434343 ], [ -157.847814, 21.433141 ], [ -157.8468, 21.432731 ], [ -157.846536, 21.433219 ], [ -157.846254, 21.433156 ], [ -157.845808, 21.43348 ], [ -157.84582, 21.433011 ], [ -157.84475, 21.433049 ], [ -157.844649, 21.432793 ], [ -157.844386, 21.432896 ], [ -157.844074, 21.433933 ], [ -157.843855, 21.434093 ], [ -157.843137, 21.43387 ], [ -157.843091, 21.434955 ], [ -157.843524, 21.43562 ], [ -157.842633, 21.437158 ], [ -157.841645, 21.437508 ], [ -157.840321, 21.437777 ], [ -157.839953, 21.437415 ], [ -157.839667, 21.436456 ], [ -157.839322, 21.436287 ], [ -157.838963, 21.435264 ], [ -157.839445, 21.434235 ], [ -157.839242, 21.433109 ], [ -157.840261, 21.431985 ], [ -157.841086, 21.431321 ], [ -157.841491, 21.430273 ], [ -157.842555, 21.429051 ], [ -157.841651, 21.42853 ], [ -157.83969, 21.429554 ], [ -157.838688, 21.429899 ], [ -157.837761, 21.430603 ], [ -157.837004, 21.430646 ], [ -157.83647, 21.430289 ], [ -157.836264, 21.42975 ], [ -157.836332, 21.427796 ], [ -157.836243, 21.426036 ], [ -157.836538, 21.425602 ], [ -157.835689, 21.425115 ], [ -157.835214, 21.42585 ], [ -157.834453, 21.426427 ], [ -157.83392, 21.426542 ], [ -157.833391, 21.42636 ], [ -157.832826, 21.426343 ], [ -157.832265, 21.426531 ], [ -157.831808, 21.426424 ], [ -157.831297, 21.425431 ], [ -157.830715, 21.425433 ], [ -157.83023, 21.425127 ], [ -157.829044, 21.425234 ], [ -157.828287, 21.425089 ], [ -157.828069, 21.425413 ], [ -157.828361, 21.425545 ], [ -157.828586, 21.42586 ], [ -157.828364, 21.426184 ], [ -157.828451, 21.426375 ], [ -157.829106, 21.426484 ], [ -157.829248, 21.426734 ], [ -157.828927, 21.427132 ], [ -157.828971, 21.42729 ], [ -157.829541, 21.427213 ], [ -157.829548, 21.428298 ], [ -157.83034, 21.428933 ], [ -157.830412, 21.429284 ], [ -157.830179, 21.429641 ], [ -157.8301, 21.430034 ], [ -157.829967, 21.430185 ], [ -157.829245, 21.430316 ], [ -157.827699, 21.430931 ], [ -157.827275, 21.430999 ], [ -157.827142, 21.431317 ], [ -157.827146, 21.432066 ], [ -157.826608, 21.432451 ], [ -157.826208, 21.432536 ], [ -157.825723, 21.433477 ], [ -157.825366, 21.433264 ], [ -157.825202, 21.433322 ], [ -157.825051, 21.432873 ], [ -157.824677, 21.432764 ], [ -157.824408, 21.433134 ], [ -157.823777, 21.433097 ], [ -157.823618, 21.433364 ], [ -157.82385, 21.433938 ], [ -157.823262, 21.434523 ], [ -157.822764, 21.436473 ], [ -157.822595, 21.436856 ], [ -157.8221, 21.437372 ], [ -157.822193, 21.438346 ], [ -157.822501, 21.438671 ], [ -157.823333, 21.438506 ], [ -157.823524, 21.438628 ], [ -157.822996, 21.438975 ], [ -157.822648, 21.4395 ], [ -157.823419, 21.439645 ], [ -157.823367, 21.440532 ], [ -157.823161, 21.44079 ], [ -157.82312, 21.441072 ], [ -157.823276, 21.441455 ], [ -157.823757, 21.441407 ], [ -157.82478, 21.440736 ], [ -157.82532, 21.439667 ], [ -157.825836, 21.43925 ], [ -157.826113, 21.439249 ], [ -157.826381, 21.43996 ], [ -157.826819, 21.439781 ], [ -157.827308, 21.439253 ], [ -157.827772, 21.439178 ], [ -157.82882, 21.438628 ], [ -157.82993, 21.439306 ], [ -157.829623, 21.439822 ], [ -157.829472, 21.439795 ], [ -157.829228, 21.439465 ], [ -157.828945, 21.439403 ], [ -157.827066, 21.44054 ], [ -157.826279, 21.441331 ], [ -157.825162, 21.441473 ], [ -157.824384, 21.44215 ], [ -157.82417, 21.442712 ], [ -157.826147, 21.444186 ], [ -157.829473, 21.44514 ], [ -157.829458, 21.446116 ], [ -157.830095, 21.446896 ], [ -157.83042, 21.448009 ], [ -157.832127, 21.450581 ], [ -157.83215, 21.451374 ], [ -157.832593, 21.452191 ], [ -157.835153, 21.45553 ], [ -157.835017, 21.456017 ], [ -157.832573, 21.455735 ], [ -157.832182, 21.455401 ], [ -157.828534, 21.454272 ], [ -157.82878, 21.453435 ], [ -157.828756, 21.45235 ], [ -157.827477, 21.450998 ], [ -157.827053, 21.451519 ], [ -157.826474, 21.451475 ], [ -157.826367, 21.451703 ], [ -157.826009, 21.451705 ], [ -157.824072, 21.450454 ], [ -157.822049, 21.450632 ], [ -157.818627, 21.451433 ], [ -157.81885, 21.451907 ], [ -157.818487, 21.451992 ], [ -157.818652, 21.452511 ], [ -157.818168, 21.452758 ], [ -157.818065, 21.452644 ], [ -157.816767, 21.453309 ], [ -157.815749, 21.451505 ], [ -157.815409, 21.450272 ], [ -157.815685, 21.44944 ], [ -157.816747, 21.449232 ], [ -157.81698, 21.448632 ], [ -157.817545, 21.447789 ], [ -157.817356, 21.447253 ], [ -157.816468, 21.445739 ], [ -157.816455, 21.444874 ], [ -157.816611, 21.443918 ], [ -157.816495, 21.442691 ], [ -157.816551, 21.442353 ], [ -157.817598, 21.441975 ], [ -157.817926, 21.441627 ], [ -157.817705, 21.441036 ], [ -157.81712, 21.440139 ], [ -157.816445, 21.439948 ], [ -157.814709, 21.440544 ], [ -157.813728, 21.440657 ], [ -157.811417, 21.440592 ], [ -157.810398, 21.441362 ], [ -157.810235, 21.441238 ], [ -157.810151, 21.44086 ], [ -157.810731, 21.440187 ], [ -157.810902, 21.439402 ], [ -157.811962, 21.438301 ], [ -157.812728, 21.438346 ], [ -157.813406, 21.438139 ], [ -157.814116, 21.438252 ], [ -157.815456, 21.438138 ], [ -157.816831, 21.438226 ], [ -157.817063, 21.438106 ], [ -157.816762, 21.436751 ], [ -157.816761, 21.43539 ], [ -157.817054, 21.435004 ], [ -157.817567, 21.434801 ], [ -157.818515, 21.43481 ], [ -157.818936, 21.434382 ], [ -157.81939, 21.433613 ], [ -157.819579, 21.432381 ], [ -157.819815, 21.432079 ], [ -157.820631, 21.431759 ], [ -157.821155, 21.431396 ], [ -157.821536, 21.430854 ], [ -157.821646, 21.429717 ], [ -157.817479, 21.423242 ], [ -157.818247, 21.423084 ], [ -157.818057, 21.422464 ], [ -157.819459, 21.422745 ], [ -157.820644, 21.423593 ], [ -157.821144, 21.423037 ], [ -157.821724, 21.42318 ], [ -157.822241, 21.423109 ], [ -157.822881, 21.422513 ], [ -157.824383, 21.421728 ], [ -157.826425, 21.420883 ], [ -157.82692, 21.421154 ], [ -157.827443, 21.420813 ], [ -157.827343, 21.420572 ], [ -157.827454, 21.420289 ], [ -157.82677, 21.419929 ], [ -157.826673, 21.419346 ], [ -157.825698, 21.418919 ], [ -157.825788, 21.415556 ], [ -157.825897, 21.415102 ], [ -157.823826, 21.414137 ], [ -157.822162, 21.412474 ], [ -157.823932, 21.410068 ], [ -157.821551, 21.407095 ], [ -157.8191, 21.403757 ], [ -157.816177, 21.402523 ], [ -157.813642, 21.404169 ], [ -157.812842, 21.403106 ], [ -157.813249, 21.402704 ], [ -157.81326, 21.402505 ], [ -157.811908, 21.403068 ], [ -157.811513, 21.402771 ], [ -157.81279, 21.401929 ], [ -157.81436, 21.401229 ], [ -157.812813, 21.399863 ], [ -157.813006, 21.398623 ], [ -157.809783, 21.399006 ], [ -157.809374, 21.398325 ], [ -157.809492, 21.398096 ], [ -157.809083, 21.397939 ], [ -157.805816, 21.393733 ], [ -157.804621, 21.392688 ], [ -157.804635, 21.392356 ], [ -157.804448, 21.391998 ], [ -157.802931, 21.391188 ], [ -157.802743, 21.390944 ], [ -157.802602, 21.390636 ], [ -157.80262, 21.390065 ], [ -157.802791, 21.389738 ], [ -157.803255, 21.38932 ], [ -157.802932, 21.389051 ], [ -157.802249, 21.388798 ], [ -157.802115, 21.388621 ], [ -157.802526, 21.388065 ], [ -157.80302, 21.387735 ], [ -157.803073, 21.387365 ], [ -157.803021, 21.38726 ], [ -157.802038, 21.38708 ], [ -157.802043, 21.38633 ], [ -157.801794, 21.385882 ], [ -157.798704, 21.386581 ], [ -157.798664, 21.386416 ], [ -157.798315, 21.386353 ], [ -157.798392, 21.38665 ], [ -157.798295, 21.386669 ], [ -157.79282, 21.386627 ], [ -157.792502, 21.386314 ], [ -157.789548, 21.386298 ], [ -157.788641, 21.388178 ], [ -157.786684, 21.387013 ], [ -157.786138, 21.387529 ], [ -157.785295, 21.3874 ], [ -157.784465, 21.387755 ], [ -157.784093, 21.388189 ], [ -157.783933, 21.388748 ], [ -157.784002, 21.389209 ], [ -157.784584, 21.39018 ], [ -157.784982, 21.39059 ], [ -157.785684, 21.390978 ], [ -157.785853, 21.391271 ], [ -157.786384, 21.391528 ], [ -157.787056, 21.392507 ], [ -157.788018, 21.392928 ], [ -157.788581, 21.393407 ], [ -157.788958, 21.394002 ], [ -157.789118, 21.3948 ], [ -157.789099, 21.39513 ], [ -157.78864, 21.39497 ], [ -157.788298, 21.395174 ], [ -157.788034, 21.395608 ], [ -157.788138, 21.395885 ], [ -157.787682, 21.396398 ], [ -157.787518, 21.39644 ], [ -157.787003, 21.396021 ], [ -157.786813, 21.395626 ], [ -157.786407, 21.395406 ], [ -157.786101, 21.395901 ], [ -157.785957, 21.395836 ], [ -157.785734, 21.396286 ], [ -157.786193, 21.396668 ], [ -157.786271, 21.397321 ], [ -157.785629, 21.39742 ], [ -157.784914, 21.397698 ], [ -157.784728, 21.39792 ], [ -157.784747, 21.398223 ], [ -157.784566, 21.398523 ], [ -157.784531, 21.39967 ], [ -157.782626, 21.399653 ], [ -157.782373, 21.400596 ], [ -157.782522, 21.400896 ], [ -157.782414, 21.401578 ], [ -157.781674, 21.401572 ], [ -157.781657, 21.402694 ], [ -157.783463, 21.402569 ], [ -157.782909, 21.403717 ], [ -157.783217, 21.404542 ], [ -157.783673, 21.404647 ], [ -157.783743, 21.405009 ], [ -157.783625, 21.40511 ], [ -157.78252, 21.405158 ], [ -157.781526, 21.405663 ], [ -157.780797, 21.405659 ], [ -157.780682, 21.405941 ], [ -157.781083, 21.406383 ], [ -157.780235, 21.407495 ], [ -157.779909, 21.407285 ], [ -157.77953, 21.407258 ], [ -157.779273, 21.407405 ], [ -157.779346, 21.407883 ], [ -157.778933, 21.408017 ], [ -157.778279, 21.408562 ], [ -157.778111, 21.407463 ], [ -157.778056, 21.40528 ], [ -157.776666, 21.40533 ], [ -157.776129, 21.406089 ], [ -157.775537, 21.405805 ], [ -157.775459, 21.406509 ], [ -157.776289, 21.407174 ], [ -157.776548, 21.407636 ], [ -157.776311, 21.407723 ], [ -157.77637, 21.407874 ], [ -157.7762, 21.407936 ], [ -157.775995, 21.408477 ], [ -157.774473, 21.408606 ], [ -157.774497, 21.407884 ], [ -157.774209, 21.407634 ], [ -157.773618, 21.407538 ], [ -157.773451, 21.406988 ], [ -157.774311, 21.406402 ], [ -157.774181, 21.406129 ], [ -157.773693, 21.40588 ], [ -157.773063, 21.405341 ], [ -157.772769, 21.40538 ], [ -157.772259, 21.406104 ], [ -157.772256, 21.40694 ], [ -157.771402, 21.406739 ], [ -157.771405, 21.406441 ], [ -157.770911, 21.406446 ], [ -157.770985, 21.407287 ], [ -157.770806, 21.407657 ], [ -157.770508, 21.407809 ], [ -157.769655, 21.407684 ], [ -157.769421, 21.407175 ], [ -157.769169, 21.407876 ], [ -157.768831, 21.408127 ], [ -157.768589, 21.408085 ], [ -157.768374, 21.407707 ], [ -157.76789, 21.407563 ], [ -157.767469, 21.407655 ], [ -157.767231, 21.408009 ], [ -157.767288, 21.408405 ], [ -157.767045, 21.408759 ], [ -157.767119, 21.409127 ], [ -157.767257, 21.409472 ], [ -157.767794, 21.409595 ], [ -157.767745, 21.40998 ], [ -157.767859, 21.410182 ], [ -157.768448, 21.410397 ], [ -157.768412, 21.410734 ], [ -157.768608, 21.411079 ], [ -157.768792, 21.411159 ], [ -157.768903, 21.411726 ], [ -157.768624, 21.412063 ], [ -157.76611, 21.411074 ], [ -157.764467, 21.411869 ], [ -157.764233, 21.41251 ], [ -157.763927, 21.412446 ], [ -157.763729, 21.412102 ], [ -157.763417, 21.412022 ], [ -157.763243, 21.412277 ], [ -157.76324, 21.413135 ], [ -157.76295, 21.413441 ], [ -157.761522, 21.413486 ], [ -157.761265, 21.41427 ], [ -157.762104, 21.415198 ], [ -157.762499, 21.415976 ], [ -157.761916, 21.416879 ], [ -157.761169, 21.416797 ], [ -157.760416, 21.417403 ], [ -157.760378, 21.417751 ], [ -157.761617, 21.418208 ], [ -157.762226, 21.418016 ], [ -157.763276, 21.418369 ], [ -157.76336, 21.418621 ], [ -157.762762, 21.419292 ], [ -157.762608, 21.419668 ], [ -157.762635, 21.42007 ], [ -157.762317, 21.420513 ], [ -157.76238, 21.421008 ], [ -157.762644, 21.420934 ], [ -157.761908, 21.42197 ], [ -157.760622, 21.422096 ], [ -157.760548, 21.422362 ], [ -157.761389, 21.422932 ], [ -157.76167, 21.423441 ], [ -157.760995, 21.425203 ], [ -157.761015, 21.426689 ], [ -157.759675, 21.427196 ], [ -157.758265, 21.427164 ], [ -157.757825, 21.426766 ], [ -157.75777, 21.426536 ], [ -157.757936, 21.42611 ], [ -157.754367, 21.425426 ], [ -157.753163, 21.424243 ], [ -157.752832, 21.42347 ], [ -157.752885, 21.422936 ], [ -157.752782, 21.422667 ], [ -157.752962, 21.422368 ], [ -157.753618, 21.422208 ], [ -157.753763, 21.422059 ], [ -157.75362, 21.421773 ], [ -157.752287, 21.421367 ], [ -157.751926, 21.421084 ], [ -157.751811, 21.420727 ], [ -157.752413, 21.419901 ], [ -157.752927, 21.419452 ], [ -157.753348, 21.419288 ], [ -157.753794, 21.419262 ], [ -157.75441, 21.419785 ], [ -157.754911, 21.41983 ], [ -157.755285, 21.419694 ], [ -157.755634, 21.419323 ], [ -157.755258, 21.418242 ], [ -157.754615, 21.417994 ], [ -157.754514, 21.416675 ], [ -157.75368, 21.41562 ], [ -157.753624, 21.41529 ], [ -157.754217, 21.414652 ], [ -157.755087, 21.414704 ], [ -157.755309, 21.41446 ], [ -157.756064, 21.414157 ], [ -157.75695, 21.412404 ], [ -157.756507, 21.411632 ], [ -157.756879, 21.410561 ], [ -157.757523, 21.409796 ], [ -157.758432, 21.409051 ], [ -157.759793, 21.408202 ], [ -157.760066, 21.407875 ], [ -157.760064, 21.407699 ], [ -157.759692, 21.407503 ], [ -157.759712, 21.407134 ], [ -157.7601, 21.406581 ], [ -157.760917, 21.406023 ], [ -157.763046, 21.405784 ], [ -157.764072, 21.405142 ], [ -157.765161, 21.404957 ], [ -157.767192, 21.404308 ], [ -157.767962, 21.40364 ], [ -157.768011, 21.402713 ], [ -157.768536, 21.402279 ], [ -157.769068, 21.402032 ], [ -157.769964, 21.401138 ], [ -157.770162, 21.400399 ], [ -157.770795, 21.399738 ], [ -157.771659, 21.399691 ], [ -157.772355, 21.401239 ], [ -157.772824, 21.400657 ], [ -157.772934, 21.40007 ], [ -157.7721, 21.399056 ], [ -157.772807, 21.397995 ], [ -157.772773, 21.396458 ], [ -157.772577, 21.396137 ], [ -157.772608, 21.395388 ], [ -157.77282, 21.394888 ], [ -157.772789, 21.394293 ], [ -157.77243, 21.393694 ], [ -157.771563, 21.392692 ], [ -157.771587, 21.392103 ], [ -157.77218, 21.391008 ], [ -157.7722, 21.390622 ], [ -157.772004, 21.390354 ], [ -157.771621, 21.39082 ], [ -157.771036, 21.390594 ], [ -157.770772, 21.390591 ], [ -157.770562, 21.390758 ], [ -157.770515, 21.391975 ], [ -157.769951, 21.392497 ], [ -157.769309, 21.392838 ], [ -157.768575, 21.392928 ], [ -157.76785, 21.39327 ], [ -157.76686, 21.394176 ], [ -157.766121, 21.394315 ], [ -157.765503, 21.394221 ], [ -157.765053, 21.393966 ], [ -157.764429, 21.393046 ], [ -157.763373, 21.389734 ], [ -157.763205, 21.387833 ], [ -157.763584, 21.385662 ], [ -157.765756, 21.380028 ], [ -157.768934, 21.381107 ], [ -157.769752, 21.378266 ], [ -157.771207, 21.378633 ], [ -157.773445, 21.375057 ], [ -157.773676, 21.375075 ], [ -157.773506, 21.374642 ], [ -157.772905, 21.374398 ], [ -157.773649, 21.373721 ], [ -157.773618, 21.373412 ], [ -157.771908, 21.373466 ], [ -157.771739, 21.373286 ], [ -157.771535, 21.37282 ], [ -157.771658, 21.372585 ], [ -157.772125, 21.372274 ], [ -157.771941, 21.371777 ], [ -157.771152, 21.372013 ], [ -157.770227, 21.371818 ], [ -157.770488, 21.371121 ], [ -157.770802, 21.370964 ], [ -157.771288, 21.371067 ], [ -157.77136, 21.370956 ], [ -157.771043, 21.370755 ], [ -157.7712, 21.370357 ], [ -157.771025, 21.369942 ], [ -157.772805, 21.369552 ], [ -157.77477, 21.36942 ], [ -157.775055, 21.369809 ], [ -157.775849, 21.370252 ], [ -157.776476, 21.370224 ], [ -157.777458, 21.369524 ], [ -157.777906, 21.369444 ], [ -157.778555, 21.369701 ], [ -157.77923, 21.369444 ], [ -157.779867, 21.369035 ], [ -157.780766, 21.368752 ], [ -157.781616, 21.367931 ], [ -157.780043, 21.365847 ], [ -157.779941, 21.36524 ], [ -157.780421, 21.364623 ], [ -157.780751, 21.364525 ], [ -157.781183, 21.364576 ], [ -157.78141, 21.363567 ], [ -157.780992, 21.363534 ], [ -157.776366, 21.359243 ], [ -157.775299, 21.35436 ], [ -157.772301, 21.353597 ], [ -157.770378, 21.352728 ], [ -157.766303, 21.353166 ], [ -157.765281, 21.352231 ], [ -157.764041, 21.350609 ], [ -157.762249, 21.345544 ], [ -157.757456, 21.345835 ], [ -157.75859, 21.363394 ], [ -157.758867, 21.365385 ], [ -157.75926, 21.366012 ], [ -157.7613, 21.367674 ], [ -157.757835, 21.37003 ], [ -157.756934, 21.370827 ], [ -157.756502, 21.370453 ], [ -157.756418, 21.370572 ], [ -157.756005, 21.370386 ], [ -157.755673, 21.3717 ], [ -157.755381, 21.371603 ], [ -157.755134, 21.372037 ], [ -157.754893, 21.372044 ], [ -157.754314, 21.371577 ], [ -157.754167, 21.372001 ], [ -157.754572, 21.372729 ], [ -157.75448, 21.372936 ], [ -157.754268, 21.372982 ], [ -157.754071, 21.372886 ], [ -157.753947, 21.372518 ], [ -157.753054, 21.371925 ], [ -157.752859, 21.371655 ], [ -157.752777, 21.37092 ], [ -157.751594, 21.370067 ], [ -157.75041, 21.370756 ], [ -157.751025, 21.370064 ], [ -157.7511, 21.369824 ], [ -157.750919, 21.369379 ], [ -157.751006, 21.36909 ], [ -157.750933, 21.36887 ], [ -157.750247, 21.36886 ], [ -157.749959, 21.368944 ], [ -157.749382, 21.369417 ], [ -157.748419, 21.369529 ], [ -157.748077, 21.370011 ], [ -157.74709, 21.370484 ], [ -157.74706, 21.37085 ], [ -157.746504, 21.371882 ], [ -157.746681, 21.373307 ], [ -157.746073, 21.373544 ], [ -157.746045, 21.374184 ], [ -157.746776, 21.374819 ], [ -157.746697, 21.374884 ], [ -157.745896, 21.374183 ], [ -157.745289, 21.37326 ], [ -157.74504, 21.371758 ], [ -157.74416, 21.370709 ], [ -157.7439, 21.370613 ], [ -157.743118, 21.370798 ], [ -157.742856, 21.370712 ], [ -157.74261, 21.370459 ], [ -157.74233, 21.368741 ], [ -157.742407, 21.368046 ], [ -157.742136, 21.367236 ], [ -157.742325, 21.365825 ], [ -157.742131, 21.365553 ], [ -157.741636, 21.365485 ], [ -157.741273, 21.365205 ], [ -157.741278, 21.364687 ], [ -157.741078, 21.364117 ], [ -157.74137, 21.36307 ], [ -157.740839, 21.36209 ], [ -157.740841, 21.361275 ], [ -157.74054, 21.361097 ], [ -157.73847, 21.360806 ], [ -157.73743, 21.35988 ], [ -157.738857, 21.358929 ], [ -157.743025, 21.35417 ], [ -157.74151, 21.354826 ], [ -157.740184, 21.354532 ], [ -157.739396, 21.355141 ], [ -157.738506, 21.35526 ], [ -157.738121, 21.355436 ], [ -157.737397, 21.355159 ], [ -157.736791, 21.355092 ], [ -157.736481, 21.355301 ], [ -157.73583, 21.356271 ], [ -157.735443, 21.356602 ], [ -157.735318, 21.35701 ], [ -157.735406, 21.357493 ], [ -157.734623, 21.358125 ], [ -157.734369, 21.358838 ], [ -157.734246, 21.358482 ], [ -157.734569, 21.357872 ], [ -157.734625, 21.357119 ], [ -157.73407, 21.357164 ], [ -157.733829, 21.357071 ], [ -157.733883, 21.356773 ], [ -157.734315, 21.356589 ], [ -157.734278, 21.356447 ], [ -157.733739, 21.355535 ], [ -157.733465, 21.355411 ], [ -157.732682, 21.354497 ], [ -157.732231, 21.353746 ], [ -157.731913, 21.353517 ], [ -157.731825, 21.352756 ], [ -157.731529, 21.352232 ], [ -157.731432, 21.351672 ], [ -157.731501, 21.351405 ], [ -157.732213, 21.350879 ], [ -157.732525, 21.350829 ], [ -157.733021, 21.350946 ], [ -157.733641, 21.351441 ], [ -157.733588, 21.351813 ], [ -157.73369, 21.352022 ], [ -157.734586, 21.3521 ], [ -157.735173, 21.352765 ], [ -157.735557, 21.352946 ], [ -157.735658, 21.353221 ], [ -157.735954, 21.3534 ], [ -157.735903, 21.354017 ], [ -157.736435, 21.354129 ], [ -157.736819, 21.353932 ], [ -157.737478, 21.35416 ], [ -157.737696, 21.354109 ], [ -157.737908, 21.353685 ], [ -157.73742, 21.353076 ], [ -157.737508, 21.352711 ], [ -157.737152, 21.352192 ], [ -157.737146, 21.351847 ], [ -157.737515, 21.351912 ], [ -157.738462, 21.352435 ], [ -157.738591, 21.352442 ], [ -157.7387, 21.352214 ], [ -157.739128, 21.352203 ], [ -157.739401, 21.352043 ], [ -157.739424, 21.35171 ], [ -157.739617, 21.351362 ], [ -157.74043, 21.35075 ], [ -157.7396, 21.350197 ], [ -157.739092, 21.350113 ], [ -157.739007, 21.349915 ], [ -157.739093, 21.349654 ], [ -157.740118, 21.34899 ], [ -157.740365, 21.348988 ], [ -157.740761, 21.348758 ], [ -157.741573, 21.348967 ], [ -157.741581, 21.348425 ], [ -157.742019, 21.348213 ], [ -157.741922, 21.348058 ], [ -157.741336, 21.347984 ], [ -157.741766, 21.347153 ], [ -157.742374, 21.34726 ], [ -157.742035, 21.346495 ], [ -157.742247, 21.345672 ], [ -157.742537, 21.345518 ], [ -157.743927, 21.345483 ], [ -157.743834, 21.345104 ], [ -157.744215, 21.344726 ], [ -157.745116, 21.344838 ], [ -157.744954, 21.344343 ], [ -157.745323, 21.344381 ], [ -157.745279, 21.344216 ], [ -157.743956, 21.343689 ], [ -157.743701, 21.34351 ], [ -157.743635, 21.343234 ], [ -157.743959, 21.34312 ], [ -157.744359, 21.342693 ], [ -157.744888, 21.342969 ], [ -157.745359, 21.342883 ], [ -157.746027, 21.343264 ], [ -157.750824, 21.340885 ], [ -157.751934, 21.340492 ], [ -157.752725, 21.338029 ], [ -157.73897, 21.328883 ], [ -157.731495, 21.32817 ], [ -157.729521, 21.328076 ], [ -157.720999, 21.33204 ], [ -157.719589, 21.331601 ], [ -157.718959, 21.331203 ], [ -157.717502, 21.329602 ], [ -157.715663, 21.329254 ], [ -157.715762, 21.329028 ], [ -157.717935, 21.327063 ], [ -157.717421, 21.324134 ], [ -157.71467, 21.321855 ], [ -157.710913, 21.322882 ], [ -157.707956, 21.32283 ], [ -157.704093, 21.32412 ], [ -157.701202, 21.323543 ], [ -157.697521, 21.323355 ], [ -157.690316, 21.324557 ], [ -157.690216, 21.325807 ], [ -157.689827, 21.325914 ], [ -157.688802, 21.325419 ], [ -157.688647, 21.325703 ], [ -157.686236, 21.325871 ], [ -157.686104, 21.326076 ], [ -157.682431, 21.324402 ], [ -157.682125, 21.325009 ], [ -157.676198, 21.322244 ], [ -157.675857, 21.322902 ], [ -157.675084, 21.322639 ], [ -157.673651, 21.321932 ], [ -157.672305, 21.321063 ], [ -157.671846, 21.320314 ], [ -157.67103, 21.319449 ], [ -157.669807, 21.318681 ], [ -157.668322, 21.317043 ], [ -157.667604, 21.31655 ], [ -157.666846, 21.316182 ], [ -157.665877, 21.316102 ], [ -157.66546, 21.316257 ], [ -157.664678, 21.316928 ], [ -157.664549, 21.316719 ], [ -157.664431, 21.316728 ], [ -157.664178, 21.316969 ], [ -157.663885, 21.316682 ], [ -157.663485, 21.316743 ], [ -157.662963, 21.316463 ], [ -157.662874, 21.316214 ], [ -157.662192, 21.315879 ], [ -157.662051, 21.315494 ], [ -157.661563, 21.315661 ], [ -157.661671, 21.315143 ], [ -157.660572, 21.314334 ], [ -157.660435, 21.314031 ], [ -157.660337, 21.313158 ], [ -157.660578, 21.312826 ], [ -157.660337, 21.312616 ], [ -157.660296, 21.312413 ], [ -157.660566, 21.312026 ], [ -157.660561, 21.311841 ], [ -157.660355, 21.311419 ], [ -157.659322, 21.310241 ], [ -157.659068, 21.310172 ], [ -157.658904, 21.31031 ], [ -157.658774, 21.310133 ], [ -157.658305, 21.310093 ], [ -157.658023, 21.310204 ], [ -157.657717, 21.310138 ], [ -157.657493, 21.310304 ], [ -157.657459, 21.310023 ], [ -157.657224, 21.310161 ], [ -157.654931, 21.310459 ], [ -157.654279, 21.310779 ], [ -157.653421, 21.31093 ], [ -157.651946, 21.310602 ], [ -157.651406, 21.310629 ], [ -157.651053, 21.310107 ], [ -157.650741, 21.310073 ], [ -157.649713, 21.311095 ], [ -157.648913, 21.310975 ], [ -157.649062, 21.310466 ], [ -157.648626, 21.309568 ], [ -157.64905, 21.308732 ], [ -157.649062, 21.308181 ], [ -157.649215, 21.308092 ], [ -157.648833, 21.307619 ], [ -157.649021, 21.307489 ], [ -157.64898, 21.306306 ], [ -157.649216, 21.305603 ], [ -157.649117, 21.304848 ], [ -157.648928, 21.304679 ], [ -157.6489, 21.304065 ], [ -157.649446, 21.303563 ], [ -157.649799, 21.303494 ], [ -157.649799, 21.303033 ], [ -157.649958, 21.302578 ], [ -157.649887, 21.302085 ], [ -157.650724, 21.2994 ], [ -157.6525, 21.299999 ], [ -157.652616, 21.300807 ], [ -157.652372, 21.301922 ], [ -157.652453, 21.30306 ], [ -157.655028, 21.307008 ], [ -157.656327, 21.309224 ], [ -157.656778, 21.309161 ], [ -157.657364, 21.308851 ], [ -157.657221, 21.308394 ], [ -157.657077, 21.306128 ], [ -157.656593, 21.303877 ], [ -157.656914, 21.303854 ], [ -157.657523, 21.304095 ], [ -157.657894, 21.304449 ], [ -157.658874, 21.306566 ], [ -157.660103, 21.308194 ], [ -157.66035, 21.308124 ], [ -157.661675, 21.309494 ], [ -157.662619, 21.309704 ], [ -157.662869, 21.309569 ], [ -157.663038, 21.309619 ], [ -157.663217, 21.309786 ], [ -157.663308, 21.310271 ], [ -157.663891, 21.310369 ], [ -157.663077, 21.306653 ], [ -157.662871, 21.304702 ], [ -157.662973, 21.301765 ], [ -157.663137, 21.301475 ], [ -157.663381, 21.301412 ], [ -157.663607, 21.302208 ], [ -157.664139, 21.303137 ], [ -157.664279, 21.303892 ], [ -157.663924, 21.305962 ], [ -157.664008, 21.307268 ], [ -157.664316, 21.308862 ], [ -157.666173, 21.311391 ], [ -157.666811, 21.311392 ], [ -157.667719, 21.309632 ], [ -157.667803, 21.306523 ], [ -157.666964, 21.304673 ], [ -157.667061, 21.303244 ], [ -157.667346, 21.301549 ], [ -157.667281, 21.299981 ], [ -157.66741, 21.29808 ], [ -157.667731, 21.297175 ], [ -157.668427, 21.296727 ], [ -157.669055, 21.297651 ], [ -157.669347, 21.29775 ], [ -157.669265, 21.298504 ], [ -157.67046, 21.305081 ], [ -157.670808, 21.308215 ], [ -157.671356, 21.310673 ], [ -157.671909, 21.312439 ], [ -157.672617, 21.313562 ], [ -157.673365, 21.313919 ], [ -157.674065, 21.313837 ], [ -157.674522, 21.313252 ], [ -157.674764, 21.312599 ], [ -157.674801, 21.311719 ], [ -157.674367, 21.308359 ], [ -157.674162, 21.308236 ], [ -157.674365, 21.306632 ], [ -157.676053, 21.299662 ], [ -157.676401, 21.298938 ], [ -157.67622, 21.298556 ], [ -157.676571, 21.298492 ], [ -157.677021, 21.298656 ], [ -157.677093, 21.298177 ], [ -157.676789, 21.29714 ], [ -157.677716, 21.295799 ], [ -157.678257, 21.295325 ], [ -157.677673, 21.294748 ], [ -157.679439, 21.294126 ], [ -157.679378, 21.294805 ], [ -157.679128, 21.295174 ], [ -157.678206, 21.298403 ], [ -157.678587, 21.299795 ], [ -157.678753, 21.301038 ], [ -157.678405, 21.301084 ], [ -157.678038, 21.301895 ], [ -157.678147, 21.303051 ], [ -157.677788, 21.303756 ], [ -157.677845, 21.30472 ], [ -157.678189, 21.305312 ], [ -157.678327, 21.30665 ], [ -157.678588, 21.307501 ], [ -157.677894, 21.308116 ], [ -157.677389, 21.308957 ], [ -157.677534, 21.309902 ], [ -157.677985, 21.311452 ], [ -157.678268, 21.311486 ], [ -157.679293, 21.309088 ], [ -157.679401, 21.307041 ], [ -157.679806, 21.306334 ], [ -157.679551, 21.305836 ], [ -157.679602, 21.304696 ], [ -157.680324, 21.304281 ], [ -157.680383, 21.303237 ], [ -157.681044, 21.302131 ], [ -157.681196, 21.30126 ], [ -157.681424, 21.30078 ], [ -157.681534, 21.299745 ], [ -157.682366, 21.297683 ], [ -157.68171, 21.296955 ], [ -157.681694, 21.296561 ], [ -157.682368, 21.295566 ], [ -157.683253, 21.294565 ], [ -157.683471, 21.296387 ], [ -157.683533, 21.296485 ], [ -157.683652, 21.296442 ], [ -157.683725, 21.29703 ], [ -157.683479, 21.298962 ], [ -157.683618, 21.300369 ], [ -157.683126, 21.303032 ], [ -157.683051, 21.304331 ], [ -157.682901, 21.304654 ], [ -157.682821, 21.305543 ], [ -157.682335, 21.306544 ], [ -157.682184, 21.306483 ], [ -157.682017, 21.306587 ], [ -157.681389, 21.313593 ], [ -157.682241, 21.314382 ], [ -157.683458, 21.314575 ], [ -157.684258, 21.314054 ], [ -157.686563, 21.306967 ], [ -157.686402, 21.306863 ], [ -157.68808, 21.302491 ], [ -157.687687, 21.302229 ], [ -157.688141, 21.301853 ], [ -157.688352, 21.301488 ], [ -157.689013, 21.299376 ], [ -157.689933, 21.299043 ], [ -157.690086, 21.299418 ], [ -157.690076, 21.30219 ], [ -157.690256, 21.304314 ], [ -157.688139, 21.308726 ], [ -157.688122, 21.309099 ], [ -157.688516, 21.309582 ], [ -157.688928, 21.309679 ], [ -157.689313, 21.309535 ], [ -157.689972, 21.309033 ], [ -157.692085, 21.303547 ], [ -157.692488, 21.301416 ], [ -157.692928, 21.301411 ], [ -157.692662, 21.305113 ], [ -157.692198, 21.306842 ], [ -157.692406, 21.307582 ], [ -157.692267, 21.308419 ], [ -157.691877, 21.30936 ], [ -157.691399, 21.309543 ], [ -157.691077, 21.312862 ], [ -157.691173, 21.313236 ], [ -157.691638, 21.313827 ], [ -157.692872, 21.31433 ], [ -157.693313, 21.314307 ], [ -157.69397, 21.314085 ], [ -157.694529, 21.313663 ], [ -157.69634, 21.311625 ], [ -157.697422, 21.311567 ], [ -157.698394, 21.311201 ], [ -157.699505, 21.310536 ], [ -157.697472, 21.3048 ], [ -157.697807, 21.302635 ], [ -157.698324, 21.302445 ], [ -157.698267, 21.298155 ], [ -157.698139, 21.298074 ], [ -157.69911, 21.294393 ], [ -157.699663, 21.294447 ], [ -157.701003, 21.293735 ], [ -157.701712, 21.291767 ], [ -157.701865, 21.291962 ], [ -157.702501, 21.291998 ], [ -157.702291, 21.292879 ], [ -157.701993, 21.292782 ], [ -157.701804, 21.293819 ], [ -157.701912, 21.294626 ], [ -157.702148, 21.295143 ], [ -157.702054, 21.295605 ], [ -157.702547, 21.29733 ], [ -157.702815, 21.297671 ], [ -157.702557, 21.297843 ], [ -157.701706, 21.300207 ], [ -157.70039, 21.300241 ], [ -157.70031, 21.30347 ], [ -157.700425, 21.304379 ], [ -157.700808, 21.304921 ], [ -157.701745, 21.305837 ], [ -157.702332, 21.305962 ], [ -157.703328, 21.305503 ], [ -157.703821, 21.304951 ], [ -157.70422, 21.303669 ], [ -157.704701, 21.302952 ], [ -157.704846, 21.302443 ], [ -157.704824, 21.300691 ], [ -157.705078, 21.299837 ], [ -157.704136, 21.299327 ], [ -157.704759, 21.298848 ], [ -157.705034, 21.298244 ], [ -157.704796, 21.297352 ], [ -157.704366, 21.297008 ], [ -157.704545, 21.296304 ], [ -157.704089, 21.295508 ], [ -157.705099, 21.294143 ], [ -157.705141, 21.293627 ], [ -157.705322, 21.293358 ], [ -157.705111, 21.292569 ], [ -157.705168, 21.290927 ], [ -157.704173, 21.290549 ], [ -157.705851, 21.290384 ], [ -157.705941, 21.291492 ], [ -157.706111, 21.291413 ], [ -157.706455, 21.292961 ], [ -157.706756, 21.2952 ], [ -157.707494, 21.297484 ], [ -157.707707, 21.297408 ], [ -157.707969, 21.298384 ], [ -157.707851, 21.300883 ], [ -157.707549, 21.301512 ], [ -157.707546, 21.302128 ], [ -157.707165, 21.302837 ], [ -157.707329, 21.303843 ], [ -157.707186, 21.305277 ], [ -157.707774, 21.306474 ], [ -157.707773, 21.306936 ], [ -157.707561, 21.307405 ], [ -157.708037, 21.308139 ], [ -157.708974, 21.309071 ], [ -157.709255, 21.309597 ], [ -157.709294, 21.310035 ], [ -157.709736, 21.310072 ], [ -157.710512, 21.310609 ], [ -157.711019, 21.310518 ], [ -157.712392, 21.310662 ], [ -157.712693, 21.310221 ], [ -157.71342, 21.310451 ], [ -157.713706, 21.30986 ], [ -157.713164, 21.309364 ], [ -157.713319, 21.308312 ], [ -157.712724, 21.306602 ], [ -157.711751, 21.305077 ], [ -157.711324, 21.30415 ], [ -157.711098, 21.30236 ], [ -157.71204, 21.298171 ], [ -157.711967, 21.297946 ], [ -157.712092, 21.297468 ], [ -157.711911, 21.295527 ], [ -157.712138, 21.294683 ], [ -157.711833, 21.293709 ], [ -157.711962, 21.29366 ], [ -157.712107, 21.293247 ], [ -157.711406, 21.293141 ], [ -157.712752, 21.289958 ], [ -157.713981, 21.289165 ], [ -157.714172, 21.289451 ], [ -157.714368, 21.291979 ], [ -157.714083, 21.293498 ], [ -157.714098, 21.296502 ], [ -157.713803, 21.298596 ], [ -157.713602, 21.301533 ], [ -157.713896, 21.302289 ], [ -157.715711, 21.305479 ], [ -157.716062, 21.305827 ], [ -157.716552, 21.30594 ], [ -157.716861, 21.305763 ], [ -157.716876, 21.305399 ], [ -157.716351, 21.304229 ], [ -157.714824, 21.301499 ], [ -157.714667, 21.300672 ], [ -157.714818, 21.299495 ], [ -157.715469, 21.296953 ], [ -157.715925, 21.297116 ], [ -157.717459, 21.29287 ], [ -157.71888, 21.290504 ], [ -157.719605, 21.288283 ], [ -157.719852, 21.288354 ], [ -157.71979, 21.287546 ], [ -157.720558, 21.288153 ], [ -157.720778, 21.288774 ], [ -157.721167, 21.288744 ], [ -157.721657, 21.289772 ], [ -157.722311, 21.290726 ], [ -157.72181, 21.290755 ], [ -157.721917, 21.291411 ], [ -157.722629, 21.292981 ], [ -157.723115, 21.292945 ], [ -157.72369, 21.294294 ], [ -157.723271, 21.295569 ], [ -157.722929, 21.297517 ], [ -157.723114, 21.298537 ], [ -157.723166, 21.300127 ], [ -157.723049, 21.301331 ], [ -157.723168, 21.302537 ], [ -157.723527, 21.303823 ], [ -157.72405, 21.304791 ], [ -157.725511, 21.304473 ], [ -157.7254, 21.302705 ], [ -157.726561, 21.298495 ], [ -157.726991, 21.297494 ], [ -157.726633, 21.29149 ], [ -157.726656, 21.288593 ], [ -157.726768, 21.285881 ], [ -157.727151, 21.285913 ], [ -157.727125, 21.285198 ], [ -157.728876, 21.284283 ], [ -157.729307, 21.285022 ], [ -157.729409, 21.28503 ], [ -157.729646, 21.284872 ], [ -157.730124, 21.28413 ], [ -157.730453, 21.284117 ], [ -157.730583, 21.283768 ], [ -157.730769, 21.284085 ], [ -157.731238, 21.283953 ], [ -157.731249, 21.284224 ], [ -157.732277, 21.284188 ], [ -157.732816, 21.285836 ], [ -157.732561, 21.286306 ], [ -157.732791, 21.286428 ], [ -157.732179, 21.287891 ], [ -157.732126, 21.289515 ], [ -157.732494, 21.291125 ], [ -157.732528, 21.291984 ], [ -157.732128, 21.293967 ], [ -157.732395, 21.294525 ], [ -157.73344, 21.294445 ], [ -157.73374, 21.293083 ], [ -157.734243, 21.292014 ], [ -157.73439, 21.290284 ], [ -157.734562, 21.289582 ], [ -157.734773, 21.289163 ], [ -157.735546, 21.288278 ], [ -157.736565, 21.286615 ], [ -157.736976, 21.286586 ], [ -157.736946, 21.286684 ], [ -157.737039, 21.286676 ], [ -157.738133, 21.28975 ], [ -157.739743, 21.292601 ], [ -157.74094, 21.291947 ], [ -157.740358, 21.290852 ], [ -157.740136, 21.288876 ], [ -157.741767, 21.285758 ], [ -157.741878, 21.283818 ], [ -157.742439, 21.283637 ], [ -157.742696, 21.283071 ], [ -157.742452, 21.282922 ], [ -157.742548, 21.282102 ], [ -157.743015, 21.281308 ], [ -157.743424, 21.281025 ], [ -157.743653, 21.28117 ], [ -157.743696, 21.280931 ], [ -157.744503, 21.280718 ], [ -157.744789, 21.281558 ], [ -157.744562, 21.281918 ], [ -157.743894, 21.282234 ], [ -157.743695, 21.282475 ], [ -157.744051, 21.284042 ], [ -157.743596, 21.284853 ], [ -157.743647, 21.285482 ], [ -157.744053, 21.286183 ], [ -157.744342, 21.287038 ], [ -157.743638, 21.28693 ], [ -157.743214, 21.287073 ], [ -157.742883, 21.287436 ], [ -157.742481, 21.289618 ], [ -157.743023, 21.290296 ], [ -157.743214, 21.291137 ], [ -157.744151, 21.292093 ], [ -157.744098, 21.292627 ], [ -157.744663, 21.294377 ], [ -157.745247, 21.294819 ], [ -157.745407, 21.295263 ], [ -157.745504, 21.297262 ], [ -157.745668, 21.297539 ], [ -157.746134, 21.297692 ], [ -157.746246, 21.295955 ], [ -157.749307, 21.293235 ], [ -157.749188, 21.292964 ], [ -157.749312, 21.291178 ], [ -157.749505, 21.290724 ], [ -157.749829, 21.287637 ], [ -157.749672, 21.287483 ], [ -157.748084, 21.288118 ], [ -157.74778, 21.287404 ], [ -157.748231, 21.286204 ], [ -157.748099, 21.285674 ], [ -157.747846, 21.285268 ], [ -157.747825, 21.284483 ], [ -157.747487, 21.28354 ], [ -157.747013, 21.283143 ], [ -157.74689, 21.282791 ], [ -157.747, 21.281826 ], [ -157.747206, 21.281126 ], [ -157.747445, 21.280714 ], [ -157.747305, 21.281001 ], [ -157.747349, 21.281913 ], [ -157.748366, 21.283102 ], [ -157.748466, 21.283074 ], [ -157.748823, 21.283833 ], [ -157.749008, 21.283794 ], [ -157.749083, 21.284073 ], [ -157.749341, 21.284118 ], [ -157.749522, 21.284443 ], [ -157.749737, 21.284458 ], [ -157.74992, 21.284649 ], [ -157.750093, 21.285163 ], [ -157.749916, 21.285618 ], [ -157.75163, 21.28723 ], [ -157.752178, 21.287101 ], [ -157.751942, 21.288679 ], [ -157.751991, 21.289274 ], [ -157.751607, 21.290248 ], [ -157.751563, 21.290678 ], [ -157.751673, 21.29145 ], [ -157.751909, 21.292075 ], [ -157.751768, 21.292391 ], [ -157.75188, 21.293117 ], [ -157.752085, 21.293283 ], [ -157.751642, 21.29398 ], [ -157.751666, 21.29411 ], [ -157.751481, 21.294197 ], [ -157.752151, 21.294226 ], [ -157.752639, 21.294051 ], [ -157.752996, 21.294376 ], [ -157.752485, 21.294939 ], [ -157.753574, 21.296038 ], [ -157.753344, 21.296297 ], [ -157.753838, 21.296806 ], [ -157.754029, 21.297483 ], [ -157.753331, 21.2977 ], [ -157.753683, 21.301194 ], [ -157.753458, 21.301349 ], [ -157.753248, 21.30175 ], [ -157.752459, 21.304777 ], [ -157.751924, 21.305553 ], [ -157.75268, 21.30647 ], [ -157.753329, 21.305356 ], [ -157.754568, 21.304948 ], [ -157.755094, 21.305174 ], [ -157.754761, 21.306785 ], [ -157.754946, 21.307945 ], [ -157.755416, 21.308169 ], [ -157.757252, 21.306205 ], [ -157.75767, 21.304347 ], [ -157.757047, 21.304108 ], [ -157.757551, 21.302004 ], [ -157.757962, 21.301246 ], [ -157.75812, 21.300335 ], [ -157.757964, 21.298665 ], [ -157.75734, 21.298577 ], [ -157.757505, 21.297646 ], [ -157.757006, 21.293969 ], [ -157.757603, 21.292004 ], [ -157.757457, 21.290748 ], [ -157.757538, 21.290312 ], [ -157.758298, 21.289541 ], [ -157.758432, 21.289185 ], [ -157.758644, 21.28921 ], [ -157.758918, 21.286986 ], [ -157.759128, 21.286157 ], [ -157.759167, 21.285531 ], [ -157.758998, 21.284575 ], [ -157.758031, 21.284716 ], [ -157.757957, 21.284564 ], [ -157.7579, 21.284384 ], [ -157.75812, 21.284307 ], [ -157.758013, 21.283976 ], [ -157.758189, 21.283929 ], [ -157.757764, 21.282665 ], [ -157.757336, 21.281938 ], [ -157.757166, 21.281982 ], [ -157.757023, 21.281423 ], [ -157.757254, 21.281392 ], [ -157.757339, 21.280755 ], [ -157.757623, 21.280757 ], [ -157.758428, 21.282417 ], [ -157.758797, 21.282824 ], [ -157.759205, 21.283608 ], [ -157.759179, 21.28406 ], [ -157.759357, 21.284683 ], [ -157.759828, 21.285651 ], [ -157.760373, 21.287666 ], [ -157.760478, 21.289552 ], [ -157.760362, 21.291197 ], [ -157.760413, 21.291412 ], [ -157.760704, 21.291442 ], [ -157.760603, 21.293157 ], [ -157.761083, 21.293917 ], [ -157.76124, 21.294748 ], [ -157.761187, 21.295478 ], [ -157.761793, 21.296697 ], [ -157.761709, 21.297005 ], [ -157.761495, 21.297184 ], [ -157.760847, 21.297358 ], [ -157.760643, 21.297678 ], [ -157.760681, 21.298212 ], [ -157.761851, 21.298309 ], [ -157.762108, 21.299311 ], [ -157.763356, 21.29946 ], [ -157.763787, 21.299182 ], [ -157.76411, 21.298596 ], [ -157.764788, 21.29678 ], [ -157.765301, 21.295799 ], [ -157.766336, 21.292928 ], [ -157.766211, 21.29241 ], [ -157.765884, 21.292154 ], [ -157.764685, 21.292113 ], [ -157.764778, 21.291349 ], [ -157.765178, 21.291281 ], [ -157.764973, 21.289932 ], [ -157.765389, 21.288752 ], [ -157.765298, 21.288567 ], [ -157.766255, 21.287525 ], [ -157.766561, 21.28614 ], [ -157.767438, 21.285103 ], [ -157.768351, 21.284256 ], [ -157.77056, 21.281142 ], [ -157.770696, 21.281196 ], [ -157.771445, 21.280014 ], [ -157.77135, 21.279889 ], [ -157.772074, 21.279417 ], [ -157.771589, 21.278752 ], [ -157.77245, 21.277771 ], [ -157.772833, 21.277814 ], [ -157.771952, 21.280418 ], [ -157.771117, 21.282057 ], [ -157.770389, 21.283218 ], [ -157.770127, 21.283322 ], [ -157.768832, 21.285438 ], [ -157.768799, 21.285801 ], [ -157.768946, 21.285947 ], [ -157.769515, 21.285732 ], [ -157.770064, 21.287704 ], [ -157.770281, 21.287644 ], [ -157.770681, 21.286858 ], [ -157.770705, 21.286135 ], [ -157.770574, 21.286032 ], [ -157.770729, 21.284475 ], [ -157.772256, 21.282548 ], [ -157.776227, 21.278885 ], [ -157.776315, 21.278958 ], [ -157.777008, 21.278202 ], [ -157.777066, 21.278463 ], [ -157.777356, 21.278321 ], [ -157.778527, 21.278265 ], [ -157.778306, 21.280114 ], [ -157.778183, 21.280129 ], [ -157.777979, 21.279924 ], [ -157.777513, 21.280627 ], [ -157.777751, 21.280749 ], [ -157.777677, 21.280898 ], [ -157.777974, 21.281119 ], [ -157.77734, 21.281878 ], [ -157.777196, 21.282227 ], [ -157.777201, 21.282605 ], [ -157.777408, 21.282937 ], [ -157.777045, 21.283362 ], [ -157.776074, 21.283984 ], [ -157.775617, 21.28448 ], [ -157.774695, 21.285982 ], [ -157.7745, 21.28679 ], [ -157.774798, 21.286982 ], [ -157.774745, 21.287065 ], [ -157.774852, 21.28713 ], [ -157.774953, 21.286988 ], [ -157.775224, 21.287242 ], [ -157.775538, 21.286238 ], [ -157.776331, 21.284947 ], [ -157.776749, 21.284542 ], [ -157.776917, 21.284794 ], [ -157.776793, 21.284871 ], [ -157.776863, 21.284974 ], [ -157.776974, 21.284908 ], [ -157.777151, 21.285162 ], [ -157.77801, 21.284638 ], [ -157.778659, 21.283957 ], [ -157.778834, 21.284104 ], [ -157.779255, 21.283798 ], [ -157.779151, 21.283641 ], [ -157.780285, 21.283017 ], [ -157.780504, 21.283359 ], [ -157.780535, 21.28366 ], [ -157.7798, 21.285095 ], [ -157.778857, 21.286291 ], [ -157.778178, 21.286904 ], [ -157.778242, 21.287398 ], [ -157.777464, 21.287997 ], [ -157.775923, 21.29118 ], [ -157.775307, 21.291873 ], [ -157.774892, 21.292161 ], [ -157.77494, 21.292863 ], [ -157.775178, 21.293366 ], [ -157.774684, 21.294219 ], [ -157.774625, 21.295924 ], [ -157.774038, 21.296534 ], [ -157.773755, 21.297353 ], [ -157.774003, 21.298172 ], [ -157.773907, 21.298601 ], [ -157.774018, 21.299144 ], [ -157.77355, 21.299723 ], [ -157.772369, 21.30064 ], [ -157.772433, 21.301011 ], [ -157.772641, 21.301268 ], [ -157.772822, 21.30132 ], [ -157.774969, 21.300533 ], [ -157.77645, 21.300311 ], [ -157.776726, 21.29993 ], [ -157.776908, 21.299859 ], [ -157.77688, 21.299748 ], [ -157.777874, 21.299036 ], [ -157.777984, 21.298778 ], [ -157.778359, 21.298432 ], [ -157.778623, 21.29753 ], [ -157.778453, 21.29742 ], [ -157.777945, 21.297664 ], [ -157.777732, 21.297606 ], [ -157.777517, 21.297287 ], [ -157.778132, 21.295468 ], [ -157.77814, 21.295306 ], [ -157.778023, 21.295255 ], [ -157.779368, 21.291277 ], [ -157.778845, 21.291055 ], [ -157.778687, 21.290491 ], [ -157.778368, 21.290355 ], [ -157.779037, 21.288967 ], [ -157.778981, 21.288313 ], [ -157.779611, 21.288091 ], [ -157.780059, 21.287302 ], [ -157.780447, 21.287237 ], [ -157.780543, 21.28693 ], [ -157.780893, 21.286576 ], [ -157.781233, 21.285957 ], [ -157.781433, 21.285343 ], [ -157.781815, 21.285158 ], [ -157.782226, 21.284414 ], [ -157.782258, 21.283336 ], [ -157.782552, 21.28281 ], [ -157.78269, 21.284436 ], [ -157.781966, 21.287692 ], [ -157.781921, 21.288532 ], [ -157.782471, 21.288747 ], [ -157.781592, 21.292689 ], [ -157.781635, 21.293005 ], [ -157.781421, 21.293082 ], [ -157.781304, 21.29359 ], [ -157.781383, 21.294001 ], [ -157.781212, 21.294724 ], [ -157.78149, 21.295464 ], [ -157.781855, 21.295335 ], [ -157.781616, 21.294736 ], [ -157.781647, 21.294345 ], [ -157.782259, 21.294131 ], [ -157.782484, 21.293155 ], [ -157.782773, 21.292951 ], [ -157.782904, 21.292499 ], [ -157.783212, 21.29256 ], [ -157.784248, 21.288225 ], [ -157.784185, 21.287938 ], [ -157.784741, 21.287199 ], [ -157.785331, 21.286938 ], [ -157.786023, 21.28608 ], [ -157.786864, 21.283496 ], [ -157.787359, 21.283634 ], [ -157.78644, 21.288148 ], [ -157.785892, 21.289461 ], [ -157.785276, 21.291722 ], [ -157.785126, 21.291697 ], [ -157.78498, 21.292549 ], [ -157.785087, 21.294679 ], [ -157.784546, 21.295846 ], [ -157.784498, 21.298607 ], [ -157.785676, 21.298146 ], [ -157.786721, 21.298971 ], [ -157.788645, 21.298516 ], [ -157.788429, 21.298378 ], [ -157.792179, 21.295688 ], [ -157.793071, 21.294625 ], [ -157.792177, 21.294158 ], [ -157.792632, 21.293361 ], [ -157.793319, 21.292803 ], [ -157.793438, 21.292437 ], [ -157.79395, 21.291975 ], [ -157.794734, 21.290486 ], [ -157.795197, 21.289014 ], [ -157.796266, 21.289536 ], [ -157.794724, 21.292188 ], [ -157.793404, 21.295312 ], [ -157.789941, 21.299346 ], [ -157.787331, 21.300085 ], [ -157.787171, 21.300273 ], [ -157.787076, 21.300197 ], [ -157.786687, 21.300614 ], [ -157.784135, 21.301611 ], [ -157.784047, 21.30189 ], [ -157.782923, 21.30239 ], [ -157.782703, 21.302215 ], [ -157.781171, 21.303937 ], [ -157.781369, 21.304132 ], [ -157.781369, 21.304705 ], [ -157.781021, 21.305117 ], [ -157.781192, 21.3052 ], [ -157.781363, 21.305778 ], [ -157.780755, 21.306108 ], [ -157.781019, 21.306356 ], [ -157.781106, 21.307017 ], [ -157.781365, 21.307265 ], [ -157.781357, 21.30808 ], [ -157.781192, 21.308173 ], [ -157.781104, 21.308421 ], [ -157.781271, 21.308999 ], [ -157.78075, 21.309494 ], [ -157.781102, 21.309587 ], [ -157.78118, 21.309825 ], [ -157.780923, 21.309986 ], [ -157.780012, 21.311057 ], [ -157.78126, 21.312033 ], [ -157.782301, 21.311024 ], [ -157.782565, 21.309579 ], [ -157.783042, 21.309371 ], [ -157.783097, 21.309249 ], [ -157.782982, 21.308731 ], [ -157.783064, 21.308198 ], [ -157.783513, 21.307406 ], [ -157.783837, 21.3054 ], [ -157.784088, 21.30494 ], [ -157.784731, 21.304645 ], [ -157.784804, 21.304427 ], [ -157.78472, 21.304172 ], [ -157.784894, 21.303884 ], [ -157.786292, 21.305872 ], [ -157.785393, 21.307135 ], [ -157.787383, 21.307439 ], [ -157.787046, 21.307733 ], [ -157.786876, 21.308121 ], [ -157.786048, 21.308528 ], [ -157.785618, 21.309086 ], [ -157.785517, 21.30962 ], [ -157.785247, 21.310168 ], [ -157.785278, 21.310604 ], [ -157.785165, 21.310874 ], [ -157.785319, 21.311649 ], [ -157.784848, 21.311745 ], [ -157.784357, 21.312365 ], [ -157.784062, 21.31232 ], [ -157.783887, 21.31251 ], [ -157.783409, 21.312622 ], [ -157.782381, 21.314177 ], [ -157.781771, 21.314528 ], [ -157.781078, 21.314604 ], [ -157.780568, 21.314883 ], [ -157.780523, 21.314583 ], [ -157.779052, 21.316029 ], [ -157.779174, 21.316806 ], [ -157.779677, 21.317204 ], [ -157.780657, 21.317309 ], [ -157.780963, 21.317551 ], [ -157.781022, 21.317936 ], [ -157.781368, 21.317866 ], [ -157.782294, 21.318614 ], [ -157.782043, 21.31892 ], [ -157.782052, 21.319279 ], [ -157.7826, 21.319739 ], [ -157.781611, 21.321606 ], [ -157.783953, 21.322317 ], [ -157.784759, 21.316973 ], [ -157.786962, 21.31416 ], [ -157.788768, 21.312836 ], [ -157.788395, 21.312519 ], [ -157.788745, 21.311619 ], [ -157.789366, 21.311151 ], [ -157.789725, 21.31051 ], [ -157.789757, 21.310224 ], [ -157.791394, 21.309335 ], [ -157.791876, 21.308723 ], [ -157.791922, 21.308123 ], [ -157.795178, 21.303736 ], [ -157.79492, 21.303062 ], [ -157.795857, 21.302038 ], [ -157.796212, 21.302447 ], [ -157.799053, 21.298658 ], [ -157.804019, 21.291658 ], [ -157.804347, 21.291943 ], [ -157.804169, 21.292115 ], [ -157.804184, 21.292773 ], [ -157.804335, 21.293028 ], [ -157.803513, 21.294548 ], [ -157.80292, 21.295302 ], [ -157.802856, 21.295746 ], [ -157.802459, 21.296137 ], [ -157.802011, 21.296904 ], [ -157.80235, 21.297131 ], [ -157.801608, 21.297602 ], [ -157.801556, 21.297899 ], [ -157.801655, 21.298036 ], [ -157.801049, 21.298764 ], [ -157.800893, 21.299295 ], [ -157.800971, 21.299601 ], [ -157.800576, 21.299982 ], [ -157.800401, 21.300369 ], [ -157.800693, 21.300741 ], [ -157.798313, 21.303079 ], [ -157.7979, 21.304474 ], [ -157.797553, 21.304929 ], [ -157.797334, 21.304992 ], [ -157.797436, 21.305277 ], [ -157.797184, 21.305367 ], [ -157.797162, 21.305664 ], [ -157.797358, 21.306227 ], [ -157.797591, 21.306504 ], [ -157.800213, 21.304555 ], [ -157.802278, 21.302335 ], [ -157.80479, 21.304848 ], [ -157.8066, 21.304184 ], [ -157.807852, 21.30325 ], [ -157.810429, 21.300316 ], [ -157.812683, 21.296773 ], [ -157.812776, 21.296857 ], [ -157.812637, 21.297246 ], [ -157.812599, 21.299398 ], [ -157.812232, 21.300287 ], [ -157.81059, 21.303086 ], [ -157.810264, 21.303997 ], [ -157.807873, 21.30581 ], [ -157.807716, 21.305616 ], [ -157.804795, 21.306829 ], [ -157.804266, 21.306319 ], [ -157.803693, 21.30665 ], [ -157.803341, 21.306652 ], [ -157.802075, 21.307582 ], [ -157.800943, 21.307975 ], [ -157.800681, 21.308325 ], [ -157.800149, 21.308585 ], [ -157.799899, 21.309078 ], [ -157.799332, 21.309305 ], [ -157.798568, 21.309226 ], [ -157.798234, 21.310517 ], [ -157.797214, 21.311967 ], [ -157.797198, 21.312435 ], [ -157.796681, 21.313576 ], [ -157.797003, 21.314272 ], [ -157.796926, 21.314458 ], [ -157.796108, 21.315206 ], [ -157.795853, 21.315713 ], [ -157.795527, 21.315434 ], [ -157.794461, 21.316229 ], [ -157.79435, 21.31614 ], [ -157.794013, 21.316403 ], [ -157.794001, 21.318612 ], [ -157.794535, 21.318449 ], [ -157.794701, 21.318504 ], [ -157.795266, 21.319283 ], [ -157.795498, 21.320476 ], [ -157.799343, 21.321824 ], [ -157.798178, 21.323536 ], [ -157.797467, 21.324245 ], [ -157.799296, 21.324627 ], [ -157.798975, 21.32569 ], [ -157.799096, 21.327387 ], [ -157.799401, 21.328175 ], [ -157.800319, 21.32802 ], [ -157.800949, 21.328059 ], [ -157.80071, 21.328355 ], [ -157.80498, 21.330718 ], [ -157.805447, 21.330137 ], [ -157.805476, 21.327789 ], [ -157.806268, 21.325803 ], [ -157.806242, 21.32525 ], [ -157.80731, 21.323557 ], [ -157.808169, 21.323171 ], [ -157.809459, 21.322003 ], [ -157.810449, 21.319628 ], [ -157.81076, 21.319719 ], [ -157.810859, 21.319879 ], [ -157.810741, 21.319911 ], [ -157.810501, 21.320377 ], [ -157.810975, 21.320618 ], [ -157.812778, 21.317738 ], [ -157.81244, 21.317405 ], [ -157.812718, 21.317187 ], [ -157.812568, 21.316866 ], [ -157.814095, 21.315723 ], [ -157.814469, 21.315913 ], [ -157.815298, 21.315309 ], [ -157.816611, 21.313746 ], [ -157.816362, 21.313421 ], [ -157.819785, 21.310382 ], [ -157.820543, 21.310791 ], [ -157.820623, 21.310738 ], [ -157.820997, 21.311333 ], [ -157.823178, 21.309231 ], [ -157.824287, 21.308584 ], [ -157.824403, 21.309084 ], [ -157.824689, 21.308996 ], [ -157.823902, 21.310375 ], [ -157.823958, 21.310497 ], [ -157.824418, 21.31029 ], [ -157.824859, 21.3104 ], [ -157.825364, 21.310956 ], [ -157.826543, 21.31179 ], [ -157.826633, 21.311998 ], [ -157.828016, 21.310968 ], [ -157.828034, 21.311232 ], [ -157.829458, 21.311109 ], [ -157.829309, 21.311623 ], [ -157.828948, 21.312161 ], [ -157.829024, 21.312368 ], [ -157.829282, 21.312378 ], [ -157.829888, 21.311538 ], [ -157.830173, 21.310251 ], [ -157.830434, 21.309666 ], [ -157.830724, 21.309778 ], [ -157.830537, 21.310258 ], [ -157.831447, 21.31062 ], [ -157.831684, 21.310547 ], [ -157.831702, 21.310683 ], [ -157.831961, 21.310694 ], [ -157.831511, 21.311534 ], [ -157.831606, 21.312538 ], [ -157.831398, 21.312534 ], [ -157.831385, 21.312977 ], [ -157.831537, 21.312978 ], [ -157.831274, 21.31383 ], [ -157.83051, 21.314994 ], [ -157.830567, 21.315365 ], [ -157.830925, 21.315814 ], [ -157.830233, 21.316718 ], [ -157.830697, 21.317139 ], [ -157.83108, 21.317289 ], [ -157.831337, 21.317632 ], [ -157.831314, 21.317943 ], [ -157.832852, 21.317648 ], [ -157.833078, 21.317478 ], [ -157.833803, 21.317275 ], [ -157.834278, 21.317252 ], [ -157.833552, 21.317867 ], [ -157.833444, 21.318107 ], [ -157.833654, 21.318568 ], [ -157.833422, 21.318657 ], [ -157.833691, 21.321112 ], [ -157.835921, 21.319348 ], [ -157.836509, 21.319187 ], [ -157.836931, 21.318869 ], [ -157.838074, 21.3188 ], [ -157.838859, 21.318284 ], [ -157.839681, 21.31924 ], [ -157.83825, 21.319937 ], [ -157.836507, 21.321165 ], [ -157.834233, 21.32386 ], [ -157.833533, 21.325427 ], [ -157.832677, 21.326572 ], [ -157.831613, 21.327337 ], [ -157.829759, 21.329196 ], [ -157.828759, 21.328114 ], [ -157.828389, 21.328998 ], [ -157.826619, 21.330055 ], [ -157.828069, 21.332526 ], [ -157.82949, 21.331944 ], [ -157.829193, 21.33137 ], [ -157.830957, 21.330036 ], [ -157.831475, 21.329249 ], [ -157.832425, 21.328734 ], [ -157.832903, 21.328278 ], [ -157.833725, 21.328109 ], [ -157.834016, 21.327917 ], [ -157.834466, 21.327429 ], [ -157.83607, 21.326142 ], [ -157.836546, 21.325432 ], [ -157.838132, 21.326511 ], [ -157.837691, 21.327208 ], [ -157.837599, 21.327151 ], [ -157.836372, 21.328069 ], [ -157.836269, 21.328494 ], [ -157.836715, 21.328821 ], [ -157.836216, 21.329367 ], [ -157.836679, 21.329568 ], [ -157.836992, 21.32928 ], [ -157.837175, 21.329271 ], [ -157.83718, 21.329415 ], [ -157.838279, 21.329355 ], [ -157.838242, 21.329224 ], [ -157.838572, 21.329215 ], [ -157.838727, 21.32932 ], [ -157.838821, 21.329625 ], [ -157.840718, 21.328988 ], [ -157.841502, 21.328528 ], [ -157.841914, 21.328721 ], [ -157.842132, 21.328413 ], [ -157.841927, 21.327824 ], [ -157.84253, 21.32737 ], [ -157.842015, 21.327041 ], [ -157.841808, 21.326651 ], [ -157.842005, 21.326569 ], [ -157.842185, 21.326168 ], [ -157.842074, 21.326075 ], [ -157.842306, 21.325858 ], [ -157.842256, 21.325751 ], [ -157.843117, 21.325066 ], [ -157.843181, 21.325118 ], [ -157.844037, 21.324205 ], [ -157.844288, 21.324468 ], [ -157.844609, 21.324367 ], [ -157.844684, 21.323979 ], [ -157.845691, 21.323374 ], [ -157.846437, 21.322344 ], [ -157.848494, 21.320902 ], [ -157.848831, 21.321426 ], [ -157.848161, 21.321925 ], [ -157.847413, 21.322293 ], [ -157.846937, 21.32346 ], [ -157.846317, 21.323994 ], [ -157.846462, 21.324409 ], [ -157.846798, 21.324118 ], [ -157.847114, 21.324685 ], [ -157.846753, 21.325292 ], [ -157.846857, 21.325388 ], [ -157.845836, 21.325681 ], [ -157.845311, 21.32562 ], [ -157.845088, 21.325878 ], [ -157.845113, 21.325203 ], [ -157.844147, 21.325568 ], [ -157.844127, 21.327658 ], [ -157.843951, 21.328337 ], [ -157.842963, 21.329296 ], [ -157.842207, 21.329812 ], [ -157.8421, 21.330333 ], [ -157.842002, 21.329934 ], [ -157.841778, 21.329788 ], [ -157.841355, 21.3299 ], [ -157.841158, 21.33012 ], [ -157.840947, 21.329945 ], [ -157.840555, 21.330039 ], [ -157.838698, 21.330691 ], [ -157.838761, 21.331064 ], [ -157.838519, 21.331261 ], [ -157.836735, 21.332106 ], [ -157.836138, 21.331952 ], [ -157.83443, 21.332213 ], [ -157.834061, 21.332364 ], [ -157.834108, 21.332626 ], [ -157.834298, 21.3326 ], [ -157.834349, 21.332899 ], [ -157.834023, 21.332949 ], [ -157.833039, 21.333712 ], [ -157.832193, 21.335204 ], [ -157.830799, 21.334554 ], [ -157.830246, 21.335367 ], [ -157.825633, 21.339297 ], [ -157.822433, 21.342292 ], [ -157.827828, 21.344162 ], [ -157.826595, 21.344617 ], [ -157.826389, 21.344852 ], [ -157.826141, 21.34564 ], [ -157.82564, 21.345998 ], [ -157.824918, 21.346163 ], [ -157.824498, 21.346415 ], [ -157.824351, 21.346304 ], [ -157.823827, 21.346534 ], [ -157.823022, 21.346632 ], [ -157.822342, 21.346881 ], [ -157.822185, 21.346835 ], [ -157.822199, 21.346952 ], [ -157.82137, 21.34681 ], [ -157.822648, 21.348934 ], [ -157.822413, 21.349043 ], [ -157.822661, 21.350386 ], [ -157.823551, 21.349972 ], [ -157.823875, 21.350346 ], [ -157.824244, 21.350119 ], [ -157.826377, 21.352607 ], [ -157.828133, 21.35105 ], [ -157.827489, 21.350391 ], [ -157.829094, 21.348959 ], [ -157.829656, 21.348865 ], [ -157.830533, 21.348444 ], [ -157.831241, 21.347716 ], [ -157.832657, 21.344376 ], [ -157.83204, 21.34372 ], [ -157.832522, 21.343212 ], [ -157.832961, 21.343013 ], [ -157.833079, 21.342252 ], [ -157.834515, 21.340461 ], [ -157.836445, 21.338636 ], [ -157.836935, 21.338284 ], [ -157.83845, 21.339421 ], [ -157.838078, 21.339848 ], [ -157.838343, 21.340298 ], [ -157.838097, 21.341385 ], [ -157.838315, 21.341539 ], [ -157.836033, 21.345473 ], [ -157.837246, 21.346153 ], [ -157.842207, 21.342881 ], [ -157.843047, 21.342218 ], [ -157.843559, 21.341451 ], [ -157.844779, 21.33857 ], [ -157.845529, 21.337985 ], [ -157.845638, 21.338118 ], [ -157.846406, 21.33768 ], [ -157.84655, 21.337863 ], [ -157.847554, 21.337593 ], [ -157.849733, 21.335866 ], [ -157.850813, 21.334585 ], [ -157.851351, 21.334119 ], [ -157.851917, 21.334801 ], [ -157.851449, 21.335582 ], [ -157.85131, 21.335415 ], [ -157.851074, 21.335584 ], [ -157.85129, 21.335843 ], [ -157.850853, 21.336376 ], [ -157.850689, 21.336181 ], [ -157.850343, 21.336602 ], [ -157.850212, 21.336444 ], [ -157.849804, 21.336744 ], [ -157.850178, 21.337193 ], [ -157.849706, 21.337896 ], [ -157.849633, 21.337973 ], [ -157.849369, 21.337656 ], [ -157.848757, 21.338098 ], [ -157.848927, 21.3383 ], [ -157.847904, 21.339051 ], [ -157.847971, 21.339131 ], [ -157.847063, 21.339377 ], [ -157.846447, 21.340008 ], [ -157.846271, 21.340393 ], [ -157.846514, 21.341003 ], [ -157.846274, 21.341459 ], [ -157.846033, 21.342487 ], [ -157.845808, 21.342805 ], [ -157.845918, 21.343192 ], [ -157.845641, 21.343352 ], [ -157.845853, 21.343546 ], [ -157.845809, 21.343749 ], [ -157.845487, 21.344119 ], [ -157.84509, 21.344997 ], [ -157.844036, 21.345553 ], [ -157.844005, 21.345729 ], [ -157.843632, 21.346004 ], [ -157.843385, 21.34584 ], [ -157.843246, 21.345899 ], [ -157.84322, 21.346104 ], [ -157.843631, 21.346385 ], [ -157.844932, 21.345776 ], [ -157.846127, 21.345655 ], [ -157.849213, 21.34466 ], [ -157.8508, 21.343713 ], [ -157.85197, 21.34336 ], [ -157.852987, 21.342816 ], [ -157.853839, 21.342865 ], [ -157.854555, 21.342605 ], [ -157.856337, 21.342661 ], [ -157.85679, 21.342518 ], [ -157.858646, 21.344219 ], [ -157.859014, 21.344365 ], [ -157.859352, 21.344941 ], [ -157.858502, 21.345384 ], [ -157.858396, 21.345203 ], [ -157.858018, 21.345317 ], [ -157.856586, 21.34606 ], [ -157.856535, 21.345973 ], [ -157.855944, 21.346276 ], [ -157.855873, 21.346156 ], [ -157.855281, 21.346465 ], [ -157.855208, 21.346345 ], [ -157.853358, 21.347307 ], [ -157.852931, 21.348494 ], [ -157.851241, 21.349465 ], [ -157.850927, 21.349516 ], [ -157.851041, 21.350106 ], [ -157.850492, 21.350714 ], [ -157.850745, 21.351045 ], [ -157.850641, 21.35117 ], [ -157.850989, 21.351326 ], [ -157.851191, 21.351134 ], [ -157.852397, 21.351014 ], [ -157.852907, 21.350538 ], [ -157.853949, 21.349896 ], [ -157.855465, 21.349327 ], [ -157.855891, 21.349469 ], [ -157.855923, 21.349728 ], [ -157.85527, 21.349905 ], [ -157.853854, 21.350677 ], [ -157.85372, 21.350851 ], [ -157.853615, 21.35115 ], [ -157.855046, 21.351969 ], [ -157.854554, 21.352659 ], [ -157.853841, 21.354237 ], [ -157.85208, 21.355592 ], [ -157.850101, 21.355184 ], [ -157.849854, 21.35666 ], [ -157.847474, 21.359694 ], [ -157.839417, 21.362203 ], [ -157.837613, 21.363019 ], [ -157.838492, 21.365111 ], [ -157.838584, 21.365074 ], [ -157.838676, 21.365259 ], [ -157.839357, 21.364992 ], [ -157.839791, 21.365868 ], [ -157.840403, 21.365777 ], [ -157.841168, 21.367107 ], [ -157.841305, 21.367186 ], [ -157.841298, 21.367071 ], [ -157.842094, 21.366848 ], [ -157.8422, 21.367088 ], [ -157.842848, 21.366905 ], [ -157.84281, 21.366761 ], [ -157.844814, 21.366202 ], [ -157.844852, 21.366316 ], [ -157.845327, 21.366179 ], [ -157.845287, 21.366063 ], [ -157.846888, 21.365592 ], [ -157.847486, 21.366053 ], [ -157.849118, 21.365554 ], [ -157.849913, 21.365667 ], [ -157.850723, 21.364979 ], [ -157.850413, 21.364302 ], [ -157.851364, 21.363749 ], [ -157.85543, 21.362003 ], [ -157.856364, 21.361346 ], [ -157.85653, 21.360147 ], [ -157.857278, 21.360432 ], [ -157.858429, 21.359743 ], [ -157.859404, 21.357863 ], [ -157.859828, 21.357279 ], [ -157.859755, 21.356587 ], [ -157.861194, 21.354442 ], [ -157.86298, 21.353594 ], [ -157.864502, 21.351271 ], [ -157.863721, 21.350464 ], [ -157.866077, 21.349081 ], [ -157.865908, 21.348625 ], [ -157.867584, 21.348006 ], [ -157.867853, 21.348119 ], [ -157.868723, 21.347746 ], [ -157.869394, 21.346568 ], [ -157.869575, 21.346739 ], [ -157.869824, 21.346584 ], [ -157.869952, 21.346758 ], [ -157.870444, 21.346057 ], [ -157.872398, 21.345309 ], [ -157.875223, 21.34362 ], [ -157.875426, 21.343886 ], [ -157.87565, 21.343794 ], [ -157.876415, 21.34505 ], [ -157.871803, 21.347424 ], [ -157.871709, 21.347951 ], [ -157.87105, 21.3488 ], [ -157.869553, 21.349938 ], [ -157.869022, 21.350611 ], [ -157.868725, 21.351666 ], [ -157.869124, 21.352483 ], [ -157.869219, 21.353601 ], [ -157.869617, 21.353881 ], [ -157.871241, 21.353553 ], [ -157.872459, 21.35283 ], [ -157.873774, 21.3524 ], [ -157.87409, 21.351846 ], [ -157.875095, 21.351227 ], [ -157.876571, 21.350535 ], [ -157.877732, 21.350153 ], [ -157.878116, 21.350586 ], [ -157.876794, 21.351142 ], [ -157.875487, 21.352056 ], [ -157.875483, 21.352497 ], [ -157.87827, 21.352288 ], [ -157.879198, 21.351822 ], [ -157.879868, 21.351739 ], [ -157.880119, 21.351962 ], [ -157.879394, 21.352881 ], [ -157.87789, 21.353436 ], [ -157.877426, 21.353465 ], [ -157.876423, 21.354459 ], [ -157.87433, 21.355851 ], [ -157.8739, 21.356525 ], [ -157.875837, 21.357559 ], [ -157.878854, 21.356007 ], [ -157.881002, 21.35537 ], [ -157.882503, 21.35521 ], [ -157.883018, 21.35696 ], [ -157.883761, 21.356858 ], [ -157.885869, 21.35533 ], [ -157.886235, 21.354869 ], [ -157.886838, 21.355066 ], [ -157.887325, 21.355081 ], [ -157.888304, 21.354853 ], [ -157.888615, 21.354899 ], [ -157.889439, 21.3554 ], [ -157.88877, 21.355722 ], [ -157.887644, 21.357336 ], [ -157.888671, 21.357975 ], [ -157.887954, 21.358617 ], [ -157.886753, 21.359055 ], [ -157.883775, 21.360994 ], [ -157.880687, 21.362736 ], [ -157.882099, 21.366996 ], [ -157.882898, 21.367039 ], [ -157.883046, 21.366325 ], [ -157.884563, 21.365918 ], [ -157.885802, 21.365845 ], [ -157.886738, 21.365945 ], [ -157.887489, 21.366372 ], [ -157.888747, 21.365379 ], [ -157.889161, 21.365226 ], [ -157.890164, 21.365464 ], [ -157.891251, 21.365501 ], [ -157.892107, 21.365272 ], [ -157.89178, 21.364125 ], [ -157.891959, 21.363755 ], [ -157.89348, 21.362841 ], [ -157.894118, 21.362658 ], [ -157.895178, 21.362763 ], [ -157.895922, 21.3621 ], [ -157.897105, 21.362318 ], [ -157.894781, 21.363657 ], [ -157.893867, 21.36398 ], [ -157.893098, 21.36561 ], [ -157.892741, 21.365913 ], [ -157.891135, 21.366448 ], [ -157.890571, 21.366106 ], [ -157.889614, 21.366677 ], [ -157.888632, 21.367514 ], [ -157.88676, 21.367852 ], [ -157.886508, 21.367644 ], [ -157.886067, 21.367818 ], [ -157.886716, 21.368439 ], [ -157.885289, 21.370667 ], [ -157.883331, 21.37167 ], [ -157.879819, 21.372489 ], [ -157.879522, 21.372824 ], [ -157.879821, 21.373511 ], [ -157.881513, 21.374167 ], [ -157.884051, 21.373193 ], [ -157.885047, 21.373107 ], [ -157.885315, 21.372901 ], [ -157.885434, 21.372449 ], [ -157.886002, 21.372366 ], [ -157.887026, 21.374447 ], [ -157.886424, 21.374586 ], [ -157.88529, 21.375452 ], [ -157.886605, 21.375671 ], [ -157.887716, 21.374918 ], [ -157.888728, 21.374807 ], [ -157.89476, 21.372495 ], [ -157.896663, 21.37257 ], [ -157.897812, 21.371539 ], [ -157.89924, 21.370546 ], [ -157.901835, 21.370351 ], [ -157.902627, 21.36983 ], [ -157.904321, 21.369921 ], [ -157.905492, 21.371103 ], [ -157.903448, 21.370962 ], [ -157.90259, 21.371263 ], [ -157.900808, 21.371435 ], [ -157.900199, 21.371823 ], [ -157.899221, 21.372228 ], [ -157.898403, 21.373447 ], [ -157.898113, 21.373662 ], [ -157.896853, 21.373934 ], [ -157.89619, 21.373785 ], [ -157.895534, 21.374154 ], [ -157.895568, 21.374719 ], [ -157.895341, 21.374948 ], [ -157.895485, 21.375042 ], [ -157.896395, 21.375151 ], [ -157.897976, 21.374988 ], [ -157.898666, 21.375034 ], [ -157.899593, 21.374899 ], [ -157.900082, 21.374664 ], [ -157.900595, 21.374844 ], [ -157.904077, 21.37936 ], [ -157.904892, 21.379557 ], [ -157.905607, 21.3807 ], [ -157.905408, 21.381495 ], [ -157.906162, 21.382768 ], [ -157.905193, 21.383045 ], [ -157.903991, 21.383813 ], [ -157.903752, 21.384133 ], [ -157.903668, 21.384501 ], [ -157.902713, 21.385214 ], [ -157.902363, 21.385656 ], [ -157.901343, 21.386502 ], [ -157.900384, 21.386969 ], [ -157.899643, 21.387919 ], [ -157.899134, 21.388108 ], [ -157.898871, 21.388514 ], [ -157.899179, 21.389469 ], [ -157.897995, 21.391418 ], [ -157.897888, 21.392709 ], [ -157.898853, 21.392803 ], [ -157.899275, 21.392644 ], [ -157.900193, 21.39257 ], [ -157.900585, 21.392353 ], [ -157.901038, 21.392363 ], [ -157.902587, 21.391331 ], [ -157.90595, 21.397149 ], [ -157.906876, 21.398146 ], [ -157.909352, 21.396597 ], [ -157.909474, 21.39677 ], [ -157.911895, 21.39566 ], [ -157.91376, 21.395166 ], [ -157.914475, 21.395223 ], [ -157.915512, 21.395074 ], [ -157.916133, 21.394534 ], [ -157.916546, 21.393979 ], [ -157.916878, 21.393765 ], [ -157.918424, 21.39342 ], [ -157.91986, 21.3921 ], [ -157.920593, 21.391033 ], [ -157.921131, 21.390675 ], [ -157.92305, 21.389961 ], [ -157.923867, 21.389906 ], [ -157.925044, 21.389521 ], [ -157.926038, 21.389637 ], [ -157.926813, 21.389543 ], [ -157.929035, 21.391903 ], [ -157.928088, 21.392222 ], [ -157.926329, 21.39239 ], [ -157.925847, 21.392939 ], [ -157.925676, 21.393408 ], [ -157.925144, 21.394086 ], [ -157.924306, 21.394521 ], [ -157.923237, 21.394778 ], [ -157.923191, 21.394182 ], [ -157.923489, 21.393665 ], [ -157.923177, 21.393279 ], [ -157.922722, 21.393381 ], [ -157.922365, 21.394 ], [ -157.922187, 21.394665 ], [ -157.921344, 21.395741 ], [ -157.920522, 21.396515 ], [ -157.920273, 21.396635 ], [ -157.919059, 21.396482 ], [ -157.917933, 21.398136 ], [ -157.917221, 21.398612 ], [ -157.916674, 21.398771 ], [ -157.916159, 21.398383 ], [ -157.915595, 21.398738 ], [ -157.915065, 21.398804 ], [ -157.914698, 21.399336 ], [ -157.915612, 21.399862 ], [ -157.91606, 21.399751 ], [ -157.916423, 21.399326 ], [ -157.917152, 21.398886 ], [ -157.918507, 21.398836 ], [ -157.919334, 21.398962 ], [ -157.920092, 21.398784 ], [ -157.92132, 21.398882 ], [ -157.922671, 21.398752 ], [ -157.924297, 21.398978 ], [ -157.924143, 21.399078 ], [ -157.925669, 21.399051 ], [ -157.926389, 21.398899 ], [ -157.926983, 21.398497 ], [ -157.930218, 21.39756 ], [ -157.930578, 21.398046 ], [ -157.929554, 21.398604 ], [ -157.928001, 21.398845 ], [ -157.927617, 21.399046 ], [ -157.927771, 21.400163 ], [ -157.928219, 21.40022 ], [ -157.929613, 21.399387 ], [ -157.931164, 21.399331 ], [ -157.931704, 21.399123 ], [ -157.93186, 21.398631 ], [ -157.932222, 21.398271 ], [ -157.933494, 21.397909 ], [ -157.9345, 21.397818 ], [ -157.93582, 21.39743 ], [ -157.936422, 21.397106 ], [ -157.937213, 21.396982 ], [ -157.937892, 21.397203 ], [ -157.939326, 21.397273 ], [ -157.940342, 21.397768 ], [ -157.941191, 21.397893 ], [ -157.941396, 21.397791 ], [ -157.942052, 21.397799 ], [ -157.943238, 21.39745 ], [ -157.943895, 21.396999 ], [ -157.944113, 21.396304 ], [ -157.944112, 21.395742 ], [ -157.944886, 21.394827 ], [ -157.946326, 21.393953 ], [ -157.947967, 21.393239 ], [ -157.948394, 21.393159 ], [ -157.947336, 21.394147 ], [ -157.945318, 21.395038 ], [ -157.94495, 21.395727 ], [ -157.944767, 21.397198 ], [ -157.944369, 21.397801 ], [ -157.943797, 21.398247 ], [ -157.942435, 21.398931 ], [ -157.942085, 21.398849 ], [ -157.941822, 21.398387 ], [ -157.941032, 21.398643 ], [ -157.940176, 21.398467 ], [ -157.939727, 21.398513 ], [ -157.938736, 21.398087 ], [ -157.938365, 21.39809 ], [ -157.937714, 21.398312 ], [ -157.937099, 21.398004 ], [ -157.9367, 21.398097 ], [ -157.936007, 21.398734 ], [ -157.935116, 21.399214 ], [ -157.934449, 21.400088 ], [ -157.934059, 21.401037 ], [ -157.933623, 21.40162 ], [ -157.933589, 21.402302 ], [ -157.93345, 21.402552 ], [ -157.932714, 21.40235 ], [ -157.931431, 21.402805 ], [ -157.931014, 21.402755 ], [ -157.930367, 21.402958 ], [ -157.930298, 21.403653 ], [ -157.930474, 21.404074 ], [ -157.930151, 21.404738 ], [ -157.929864, 21.404445 ], [ -157.929051, 21.405177 ], [ -157.929328, 21.405971 ], [ -157.929692, 21.405933 ], [ -157.930081, 21.406339 ], [ -157.931112, 21.406211 ], [ -157.931083, 21.405571 ], [ -157.931401, 21.405166 ], [ -157.931815, 21.404968 ], [ -157.933283, 21.405623 ], [ -157.934248, 21.405486 ], [ -157.934969, 21.405631 ], [ -157.935411, 21.405105 ], [ -157.936161, 21.405053 ], [ -157.937234, 21.404769 ], [ -157.937285, 21.404008 ], [ -157.937477, 21.403387 ], [ -157.937364, 21.403082 ], [ -157.936905, 21.402766 ], [ -157.935627, 21.402331 ], [ -157.935967, 21.402031 ], [ -157.936857, 21.402349 ], [ -157.937196, 21.402208 ], [ -157.938983, 21.402183 ], [ -157.940117, 21.40114 ], [ -157.940627, 21.401088 ], [ -157.941545, 21.40124 ], [ -157.942332, 21.400585 ], [ -157.942328, 21.399482 ], [ -157.943199, 21.398794 ], [ -157.944152, 21.398321 ], [ -157.944889, 21.399111 ], [ -157.945483, 21.399459 ], [ -157.945206, 21.399374 ], [ -157.944185, 21.399734 ], [ -157.943982, 21.400014 ], [ -157.943787, 21.399883 ], [ -157.9435, 21.400147 ], [ -157.943517, 21.400548 ], [ -157.943234, 21.401378 ], [ -157.942273, 21.402562 ], [ -157.941731, 21.402686 ], [ -157.940673, 21.402397 ], [ -157.940417, 21.402507 ], [ -157.939774, 21.402961 ], [ -157.939672, 21.403365 ], [ -157.938997, 21.404295 ], [ -157.93881, 21.405028 ], [ -157.938309, 21.405692 ], [ -157.936685, 21.40643 ], [ -157.935606, 21.406667 ], [ -157.935221, 21.406649 ], [ -157.934772, 21.406433 ], [ -157.934534, 21.406589 ], [ -157.93416, 21.406632 ], [ -157.9337, 21.406984 ], [ -157.93331, 21.407034 ], [ -157.93301, 21.407454 ], [ -157.932885, 21.4084 ], [ -157.932291, 21.408771 ], [ -157.931956, 21.408642 ], [ -157.93164, 21.408673 ], [ -157.931373, 21.409077 ], [ -157.9316, 21.409587 ], [ -157.931771, 21.409663 ], [ -157.93317, 21.409799 ], [ -157.934294, 21.409444 ], [ -157.937052, 21.409174 ], [ -157.938745, 21.408556 ], [ -157.940345, 21.40862 ], [ -157.941639, 21.408084 ], [ -157.941979, 21.408042 ], [ -157.942805, 21.408181 ], [ -157.943726, 21.407945 ], [ -157.944128, 21.408509 ], [ -157.944348, 21.408568 ], [ -157.944853, 21.407822 ], [ -157.94568, 21.407686 ], [ -157.946027, 21.406628 ], [ -157.946581, 21.406241 ], [ -157.946842, 21.405538 ], [ -157.947358, 21.404853 ], [ -157.947678, 21.403638 ], [ -157.947531, 21.401977 ], [ -157.947904, 21.40141 ], [ -157.94799, 21.40082 ], [ -157.94879, 21.401145 ], [ -157.948529, 21.402287 ], [ -157.948872, 21.402501 ], [ -157.949033, 21.402893 ], [ -157.949471, 21.402996 ], [ -157.949264, 21.404128 ], [ -157.94763, 21.407268 ], [ -157.947194, 21.407787 ], [ -157.94662, 21.408941 ], [ -157.945471, 21.409272 ], [ -157.944955, 21.409902 ], [ -157.94459, 21.41013 ], [ -157.943174, 21.410234 ], [ -157.942812, 21.410356 ], [ -157.941349, 21.411382 ], [ -157.939712, 21.411894 ], [ -157.939468, 21.412248 ], [ -157.939197, 21.412086 ], [ -157.93875, 21.412255 ], [ -157.938694, 21.412158 ], [ -157.938944, 21.41176 ], [ -157.938739, 21.411217 ], [ -157.938608, 21.411135 ], [ -157.933931, 21.413774 ], [ -157.934116, 21.41407 ], [ -157.933609, 21.41418 ], [ -157.933717, 21.414328 ], [ -157.93393, 21.414181 ], [ -157.933944, 21.414429 ], [ -157.935124, 21.414744 ], [ -157.935776, 21.414783 ], [ -157.935845, 21.414945 ], [ -157.936162, 21.41494 ], [ -157.93608, 21.414709 ], [ -157.937308, 21.414018 ], [ -157.93718, 21.413757 ], [ -157.939556, 21.412736 ], [ -157.940494, 21.413273 ], [ -157.940902, 21.413343 ], [ -157.941313, 21.413656 ], [ -157.941892, 21.413026 ], [ -157.942679, 21.412882 ], [ -157.943339, 21.412886 ], [ -157.944051, 21.413173 ], [ -157.944405, 21.413106 ], [ -157.944627, 21.41285 ], [ -157.944557, 21.412235 ], [ -157.944688, 21.412141 ], [ -157.946037, 21.412487 ], [ -157.946694, 21.412206 ], [ -157.948525, 21.412899 ], [ -157.948602, 21.412711 ], [ -157.950782, 21.414236 ], [ -157.949677, 21.416511 ], [ -157.947394, 21.416228 ], [ -157.94646, 21.416561 ], [ -157.945956, 21.416809 ], [ -157.946, 21.417232 ], [ -157.945294, 21.417704 ], [ -157.944498, 21.418843 ], [ -157.944398, 21.418817 ], [ -157.944376, 21.418393 ], [ -157.944093, 21.418124 ], [ -157.943389, 21.417698 ], [ -157.942177, 21.417404 ], [ -157.940917, 21.418564 ], [ -157.941528, 21.419553 ], [ -157.941613, 21.420185 ], [ -157.939399, 21.422021 ], [ -157.93932, 21.422959 ], [ -157.939431, 21.423155 ], [ -157.93974, 21.423291 ], [ -157.940885, 21.423295 ], [ -157.943408, 21.422037 ], [ -157.944022, 21.421871 ], [ -157.944358, 21.421181 ], [ -157.945401, 21.420235 ], [ -157.946008, 21.420089 ], [ -157.94682, 21.419589 ], [ -157.948462, 21.418162 ], [ -157.9492, 21.417771 ], [ -157.951054, 21.416939 ], [ -157.951882, 21.416776 ], [ -157.953069, 21.416787 ], [ -157.953486, 21.41669 ], [ -157.955328, 21.415605 ], [ -157.956311, 21.415438 ], [ -157.953015, 21.420262 ], [ -157.952871, 21.42037 ], [ -157.9524, 21.42023 ], [ -157.951847, 21.420686 ], [ -157.951027, 21.421094 ], [ -157.950236, 21.422296 ], [ -157.94886, 21.42337 ], [ -157.946364, 21.425772 ], [ -157.945633, 21.427245 ], [ -157.944431, 21.428274 ], [ -157.943387, 21.428843 ], [ -157.943045, 21.428475 ], [ -157.943059, 21.428029 ], [ -157.943523, 21.427788 ], [ -157.943807, 21.427204 ], [ -157.944365, 21.426902 ], [ -157.94436, 21.426688 ], [ -157.944182, 21.42669 ], [ -157.943246, 21.427179 ], [ -157.942007, 21.428066 ], [ -157.94087, 21.42917 ], [ -157.940509, 21.42936 ], [ -157.940131, 21.429316 ], [ -157.939009, 21.429933 ], [ -157.938352, 21.430065 ], [ -157.936703, 21.42989 ], [ -157.935714, 21.430578 ], [ -157.934728, 21.431015 ], [ -157.934167, 21.431739 ], [ -157.933496, 21.431886 ], [ -157.932452, 21.431724 ], [ -157.931653, 21.432346 ], [ -157.930975, 21.432601 ], [ -157.930406, 21.433176 ], [ -157.92929, 21.433977 ], [ -157.928794, 21.434144 ], [ -157.933664, 21.437797 ], [ -157.93491, 21.439982 ], [ -157.941573, 21.44694 ], [ -157.941986, 21.447143 ], [ -157.942509, 21.447149 ], [ -157.943362, 21.446443 ], [ -157.944456, 21.446059 ], [ -157.947044, 21.446168 ], [ -157.947726, 21.44673 ], [ -157.947625, 21.447326 ], [ -157.948185, 21.448698 ], [ -157.948284, 21.449224 ], [ -157.947908, 21.450173 ], [ -157.948343, 21.450714 ], [ -157.948532, 21.451302 ], [ -157.948448, 21.451649 ], [ -157.948102, 21.452117 ], [ -157.948078, 21.45243 ], [ -157.948308, 21.45292 ], [ -157.947891, 21.453929 ], [ -157.947801, 21.455345 ], [ -157.947537, 21.455575 ], [ -157.946619, 21.455956 ], [ -157.946536, 21.456136 ], [ -157.946625, 21.456241 ], [ -157.947213, 21.45633 ], [ -157.947478, 21.456578 ], [ -157.947625, 21.456935 ], [ -157.953866, 21.459751 ], [ -157.953019, 21.461495 ], [ -157.953754, 21.461315 ], [ -157.95512, 21.461376 ], [ -157.955673, 21.461221 ], [ -157.95599, 21.461332 ], [ -157.956384, 21.461099 ], [ -157.956578, 21.461105 ], [ -157.957201, 21.461815 ], [ -157.958096, 21.463957 ], [ -157.955677, 21.465031 ], [ -157.956283, 21.47348 ], [ -157.960667, 21.47925 ], [ -157.960665, 21.479548 ], [ -157.960395, 21.479924 ], [ -157.959671, 21.480242 ], [ -157.958765, 21.481537 ], [ -157.959448, 21.481106 ], [ -157.960366, 21.480958 ], [ -157.961937, 21.480297 ], [ -157.962631, 21.480649 ], [ -157.963502, 21.480578 ], [ -157.964844, 21.479929 ], [ -157.965184, 21.479554 ], [ -157.965973, 21.479405 ], [ -157.966643, 21.47907 ], [ -157.968274, 21.47908 ], [ -157.96905, 21.479306 ], [ -157.969462, 21.479571 ], [ -157.970551, 21.481035 ], [ -157.976365, 21.484225 ], [ -157.977103, 21.484078 ], [ -157.978382, 21.484197 ], [ -157.979382, 21.484098 ], [ -157.980495, 21.484273 ], [ -157.981048, 21.484704 ], [ -157.981571, 21.484483 ], [ -157.983131, 21.483205 ], [ -157.984484, 21.483204 ], [ -157.983829, 21.487276 ], [ -157.985806, 21.487488 ], [ -157.986039, 21.487946 ], [ -157.987956, 21.487455 ], [ -157.989386, 21.488191 ], [ -157.991111, 21.488017 ], [ -157.999201, 21.489594 ], [ -157.99354, 21.497735 ], [ -157.987238, 21.500249 ], [ -157.982507, 21.50148 ], [ -157.972148, 21.506109 ], [ -157.97329, 21.506579 ], [ -157.975749, 21.506462 ], [ -157.978398, 21.506855 ], [ -157.979272, 21.507678 ], [ -157.979991, 21.507549 ], [ -157.980707, 21.507613 ], [ -157.981964, 21.507081 ], [ -157.985326, 21.50802 ], [ -157.986402, 21.508063 ], [ -157.985999, 21.50872 ], [ -157.986261, 21.509288 ], [ -157.986737, 21.509187 ], [ -157.98701, 21.509683 ], [ -157.987305, 21.50968 ], [ -157.987498, 21.509829 ], [ -157.987587, 21.509698 ], [ -157.987744, 21.509754 ], [ -157.988301, 21.510224 ], [ -157.988853, 21.51025 ], [ -157.988731, 21.509891 ], [ -157.988849, 21.509832 ], [ -157.988833, 21.509699 ], [ -157.988581, 21.509517 ], [ -157.988594, 21.5094 ], [ -157.989076, 21.509294 ], [ -157.989066, 21.508875 ], [ -157.98878, 21.508515 ], [ -157.989134, 21.508347 ], [ -158.003044, 21.509802 ], [ -158.003202, 21.50999 ], [ -158.003718, 21.510213 ], [ -158.003887, 21.510451 ], [ -158.004029, 21.513661 ], [ -158.003328, 21.513347 ], [ -158.003081, 21.513364 ], [ -158.002887, 21.513546 ], [ -158.002305, 21.513281 ], [ -158.001386, 21.51332 ], [ -158.000827, 21.513043 ], [ -158.000521, 21.51305 ], [ -158.000133, 21.513634 ], [ -157.999303, 21.514217 ], [ -157.997873, 21.514334 ], [ -157.997244, 21.513887 ], [ -157.997073, 21.513904 ], [ -157.996855, 21.514257 ], [ -157.996102, 21.514698 ], [ -157.995537, 21.515205 ], [ -157.994966, 21.515303 ], [ -157.993366, 21.515148 ], [ -157.992347, 21.515992 ], [ -157.991495, 21.517215 ], [ -157.9909, 21.519821 ], [ -157.991672, 21.520238 ], [ -157.99183, 21.521109 ], [ -157.992337, 21.521306 ], [ -157.992555, 21.521951 ], [ -157.992708, 21.522078 ], [ -157.993143, 21.522176 ], [ -157.993643, 21.522055 ], [ -157.99465, 21.522337 ], [ -157.994873, 21.522496 ], [ -157.995191, 21.523035 ], [ -157.995562, 21.522981 ], [ -157.99641, 21.523576 ], [ -157.99677, 21.524296 ], [ -157.997469, 21.52454 ], [ -157.997964, 21.525595 ], [ -157.996624, 21.528681 ], [ -157.995322, 21.527871 ], [ -157.995152, 21.527518 ], [ -157.99528, 21.527029 ], [ -157.995203, 21.526845 ], [ -157.994333, 21.5264 ], [ -157.994121, 21.525816 ], [ -157.99365, 21.525447 ], [ -157.993397, 21.525547 ], [ -157.992944, 21.526082 ], [ -157.992691, 21.526179 ], [ -157.991402, 21.526175 ], [ -157.990989, 21.526345 ], [ -157.990419, 21.526995 ], [ -157.989878, 21.526863 ], [ -157.989207, 21.527399 ], [ -157.988776, 21.527321 ], [ -157.988571, 21.527124 ], [ -157.9881, 21.527249 ], [ -157.987935, 21.526842 ], [ -157.988012, 21.526326 ], [ -157.98747, 21.525972 ], [ -157.987335, 21.525256 ], [ -157.985799, 21.525916 ], [ -157.985964, 21.528357 ], [ -157.985435, 21.531563 ], [ -157.985123, 21.53317 ], [ -157.984605, 21.534657 ], [ -157.984092, 21.535562 ], [ -157.985712, 21.535703 ], [ -157.986112, 21.536253 ], [ -157.98739, 21.536937 ], [ -157.987796, 21.537388 ], [ -157.988632, 21.537283 ], [ -157.991375, 21.537923 ], [ -157.991869, 21.538714 ], [ -157.992369, 21.538929 ], [ -157.993406, 21.53889 ], [ -157.992487, 21.538242 ], [ -157.992317, 21.537998 ], [ -157.992404, 21.537954 ], [ -157.99317, 21.538157 ], [ -157.993824, 21.538091 ], [ -157.994323, 21.538417 ], [ -157.995142, 21.538422 ], [ -157.995484, 21.538559 ], [ -157.995984, 21.539023 ], [ -157.99868, 21.54248 ], [ -157.998762, 21.543153 ], [ -157.998645, 21.543378 ], [ -157.998292, 21.543616 ], [ -157.998333, 21.54383 ], [ -158.003286, 21.548498 ], [ -158.003303, 21.548774 ], [ -158.002738, 21.549457 ], [ -158.001801, 21.549659 ], [ -158.001596, 21.549864 ], [ -158.000608, 21.554253 ], [ -158.000378, 21.554618 ], [ -157.999348, 21.55525 ], [ -157.998836, 21.556137 ], [ -157.998454, 21.55654 ], [ -157.998548, 21.558654 ], [ -157.999514, 21.559139 ], [ -158.000644, 21.56018 ], [ -158.000803, 21.560917 ], [ -158.00121, 21.561246 ], [ -158.001275, 21.561997 ], [ -158.001492, 21.562278 ], [ -158.002146, 21.562702 ], [ -158.003076, 21.562999 ], [ -158.0036, 21.563709 ], [ -158.004161, 21.569167 ], [ -158.005068, 21.569376 ], [ -158.005521, 21.569859 ], [ -158.007181, 21.569501 ], [ -158.008625, 21.56993 ], [ -158.009119, 21.570349 ], [ -158.009301, 21.571081 ], [ -158.009667, 21.571391 ], [ -158.010232, 21.570766 ], [ -158.010827, 21.570657 ], [ -158.012539, 21.571245 ], [ -158.013088, 21.571736 ], [ -158.013711, 21.571796 ], [ -158.014271, 21.572208 ], [ -158.015125, 21.572561 ], [ -158.015431, 21.573326 ], [ -158.015496, 21.574065 ], [ -158.015661, 21.574412 ], [ -158.016138, 21.575248 ], [ -158.016598, 21.575551 ], [ -158.016732, 21.575341 ], [ -158.016692, 21.57517 ], [ -158.015937, 21.574334 ], [ -158.01606, 21.574023 ], [ -158.018472, 21.573653 ], [ -158.020122, 21.573241 ], [ -158.020798, 21.57366 ], [ -158.022034, 21.57415 ], [ -158.023039, 21.575048 ], [ -158.023396, 21.575822 ], [ -158.023942, 21.576009 ], [ -158.025466, 21.576116 ], [ -158.026385, 21.576693 ], [ -158.027337, 21.577946 ], [ -158.028084, 21.578152 ], [ -158.02865, 21.578625 ], [ -158.029325, 21.578796 ], [ -158.030419, 21.579556 ], [ -158.031987, 21.579928 ], [ -158.033265, 21.581173 ], [ -158.033773, 21.581542 ], [ -158.034447, 21.581795 ], [ -158.034971, 21.581806 ], [ -158.036281, 21.581531 ], [ -158.037926, 21.580384 ], [ -158.038291, 21.580245 ], [ -158.038639, 21.58027 ], [ -158.038983, 21.580477 ], [ -158.039227, 21.580843 ], [ -158.040164, 21.580823 ], [ -158.040713, 21.581258 ], [ -158.041909, 21.58128 ], [ -158.04199, 21.581347 ], [ -158.041864, 21.581616 ], [ -158.042004, 21.5817 ], [ -158.046091, 21.58058 ], [ -158.046757, 21.580537 ], [ -158.047539, 21.580593 ], [ -158.049636, 21.581246 ], [ -158.050439, 21.580994 ], [ -158.050502, 21.580566 ], [ -158.049867, 21.57986 ], [ -158.049585, 21.579285 ], [ -158.049518, 21.578915 ], [ -158.049836, 21.578863 ], [ -158.05096, 21.579633 ], [ -158.051343, 21.580177 ], [ -158.051248, 21.581426 ], [ -158.051316, 21.582153 ], [ -158.051819, 21.583051 ], [ -158.052294, 21.58332 ], [ -158.053187, 21.58352 ], [ -158.053403, 21.583693 ], [ -158.05388, 21.583724 ], [ -158.054796, 21.583447 ], [ -158.055119, 21.583499 ], [ -158.05579, 21.584022 ], [ -158.056215, 21.584048 ], [ -158.056229, 21.583756 ], [ -158.055711, 21.583113 ], [ -158.055809, 21.582844 ], [ -158.057242, 21.583761 ], [ -158.058348, 21.585115 ], [ -158.059059, 21.585138 ], [ -158.06052, 21.585762 ], [ -158.061145, 21.585669 ], [ -158.061386, 21.58512 ], [ -158.062887, 21.585238 ], [ -158.064131, 21.585051 ], [ -158.06719, 21.585965 ], [ -158.069102, 21.586175 ], [ -158.069386, 21.586156 ], [ -158.069913, 21.585858 ], [ -158.072188, 21.58563 ], [ -158.073006, 21.585731 ], [ -158.075131, 21.586472 ], [ -158.076013, 21.587047 ], [ -158.076519, 21.587117 ], [ -158.077942, 21.586772 ], [ -158.079036, 21.58687 ], [ -158.079639, 21.586732 ], [ -158.079683, 21.586491 ], [ -158.079209, 21.586134 ], [ -158.078535, 21.585852 ], [ -158.077205, 21.585664 ], [ -158.077214, 21.585537 ], [ -158.077514, 21.585419 ], [ -158.078688, 21.585281 ], [ -158.079199, 21.585483 ], [ -158.080315, 21.586237 ], [ -158.0807, 21.586687 ], [ -158.081633, 21.586965 ], [ -158.08211, 21.587624 ], [ -158.082484, 21.589131 ], [ -158.08271, 21.589393 ], [ -158.083448, 21.589834 ], [ -158.083237, 21.590868 ], [ -158.08258, 21.591887 ], [ -158.081985, 21.591804 ], [ -158.080965, 21.591382 ], [ -158.080033, 21.590338 ], [ -158.07989, 21.589995 ], [ -158.07935, 21.589782 ], [ -158.078455, 21.589718 ], [ -158.077145, 21.590604 ], [ -158.076695, 21.590721 ], [ -158.07622, 21.590679 ], [ -158.07507, 21.590089 ], [ -158.074618, 21.590003 ], [ -158.073942, 21.589275 ], [ -158.073392, 21.588846 ], [ -158.072976, 21.588711 ], [ -158.072611, 21.588712 ], [ -158.071727, 21.589261 ], [ -158.070895, 21.589523 ], [ -158.069916, 21.589597 ], [ -158.066988, 21.589126 ], [ -158.064396, 21.58854 ], [ -158.063843, 21.588584 ], [ -158.062232, 21.589446 ], [ -158.061227, 21.589773 ], [ -158.060215, 21.589824 ], [ -158.059034, 21.589401 ], [ -158.058278, 21.589652 ], [ -158.058143, 21.589602 ], [ -158.058413, 21.589119 ], [ -158.058303, 21.589014 ], [ -158.057478, 21.58899 ], [ -158.057665, 21.588507 ], [ -158.057467, 21.588318 ], [ -158.056392, 21.588033 ], [ -158.055309, 21.588017 ], [ -158.05477, 21.588183 ], [ -158.054048, 21.589223 ], [ -158.053626, 21.589577 ], [ -158.052594, 21.589804 ], [ -158.050583, 21.591191 ], [ -158.049728, 21.591249 ], [ -158.04838, 21.591766 ], [ -158.047678, 21.591864 ], [ -158.047592, 21.591681 ], [ -158.047824, 21.591402 ], [ -158.047401, 21.589592 ], [ -158.045874, 21.589672 ], [ -158.044675, 21.588901 ], [ -158.044584, 21.588635 ], [ -158.044068, 21.588405 ], [ -158.043191, 21.588342 ], [ -158.040694, 21.58719 ], [ -158.03852, 21.587308 ], [ -158.038081, 21.587529 ], [ -158.036697, 21.587723 ], [ -158.036273, 21.587954 ], [ -158.035743, 21.58834 ], [ -158.035372, 21.58895 ], [ -158.034393, 21.589744 ], [ -158.033746, 21.589859 ], [ -158.032951, 21.590189 ], [ -158.032097, 21.590238 ], [ -158.031208, 21.590811 ], [ -158.03036, 21.59103 ], [ -158.029794, 21.591393 ], [ -158.02838, 21.591922 ], [ -158.028122, 21.591916 ], [ -158.028081, 21.591823 ], [ -158.028705, 21.591063 ], [ -158.028811, 21.590759 ], [ -158.028712, 21.590517 ], [ -158.027981, 21.590743 ], [ -158.027193, 21.590797 ], [ -158.026927, 21.591066 ], [ -158.026744, 21.591091 ], [ -158.026426, 21.590682 ], [ -158.025809, 21.590566 ], [ -158.024301, 21.591457 ], [ -158.023753, 21.59218 ], [ -158.023465, 21.592128 ], [ -158.022981, 21.591766 ], [ -158.022357, 21.592205 ], [ -158.020949, 21.592124 ], [ -158.01993, 21.592446 ], [ -158.019135, 21.593311 ], [ -158.019059, 21.593789 ], [ -158.018759, 21.594341 ], [ -158.017628, 21.595023 ], [ -158.016569, 21.595205 ], [ -158.016269, 21.594959 ], [ -158.016028, 21.594914 ], [ -158.015144, 21.595273 ], [ -158.014202, 21.595191 ], [ -158.013624, 21.594963 ], [ -158.013089, 21.595152 ], [ -158.012659, 21.595151 ], [ -158.011981, 21.594904 ], [ -158.011322, 21.595207 ], [ -158.010716, 21.595274 ], [ -158.009956, 21.594964 ], [ -158.009785, 21.59502 ], [ -158.011789, 21.596093 ], [ -158.013807, 21.595967 ], [ -158.013949, 21.596433 ], [ -158.014603, 21.597033 ], [ -158.01541, 21.598036 ], [ -158.015369, 21.599276 ], [ -158.016582, 21.600107 ], [ -158.017725, 21.601428 ], [ -158.01935, 21.601709 ], [ -158.02034, 21.603084 ], [ -158.020965, 21.603637 ], [ -158.021489, 21.604427 ], [ -158.021937, 21.604873 ], [ -158.022155, 21.606222 ], [ -158.022438, 21.606354 ], [ -158.023075, 21.606328 ], [ -158.024109, 21.60707 ], [ -158.024206, 21.608552 ], [ -158.023816, 21.609276 ], [ -158.023719, 21.610079 ], [ -158.023906, 21.610257 ], [ -158.024651, 21.609988 ], [ -158.02599, 21.612055 ], [ -158.026426, 21.612533 ], [ -158.027491, 21.613292 ], [ -158.028501, 21.613671 ], [ -158.029238, 21.616414 ], [ -158.030007, 21.616654 ], [ -158.030847, 21.617482 ], [ -158.031775, 21.617799 ], [ -158.032907, 21.619318 ], [ -158.033238, 21.619266 ], [ -158.034021, 21.618656 ], [ -158.034305, 21.618626 ], [ -158.034527, 21.61876 ], [ -158.035646, 21.620511 ], [ -158.036427, 21.62135 ], [ -158.037218, 21.621644 ], [ -158.03759, 21.622004 ], [ -158.038124, 21.622257 ], [ -158.038951, 21.622494 ], [ -158.039513, 21.622999 ], [ -158.040128, 21.622775 ], [ -158.040468, 21.622896 ], [ -158.041165, 21.623709 ], [ -158.041822, 21.623792 ], [ -158.043001, 21.624453 ], [ -158.043056, 21.624831 ], [ -158.04397, 21.625643 ], [ -158.044322, 21.625742 ], [ -158.04548, 21.626464 ], [ -158.046198, 21.626467 ], [ -158.046659, 21.626645 ], [ -158.047131, 21.626981 ], [ -158.047568, 21.627639 ], [ -158.047923, 21.62847 ], [ -158.048304, 21.628881 ], [ -158.0502, 21.629661 ], [ -158.050496, 21.630026 ], [ -158.050613, 21.630611 ], [ -158.050925, 21.630898 ], [ -158.051958, 21.631134 ], [ -158.054214, 21.632535 ], [ -158.054669, 21.633054 ], [ -158.055725, 21.634985 ], [ -158.058053, 21.63575 ], [ -158.058365, 21.635614 ], [ -158.05847, 21.635428 ], [ -158.058382, 21.634831 ], [ -158.059076, 21.635111 ], [ -158.059466, 21.636221 ], [ -158.059808, 21.636705 ], [ -158.060773, 21.637764 ], [ -158.061328, 21.638136 ], [ -158.061892, 21.638387 ], [ -158.06222, 21.638326 ], [ -158.064319, 21.637266 ], [ -158.065386, 21.637318 ], [ -158.065774, 21.637146 ], [ -158.066124, 21.636721 ], [ -158.067443, 21.637029 ], [ -158.068806, 21.63784 ], [ -158.068341, 21.638163 ], [ -158.068257, 21.638393 ], [ -158.067327, 21.638216 ], [ -158.066567, 21.638446 ], [ -158.06635, 21.638811 ], [ -158.066102, 21.638661 ], [ -158.065814, 21.638749 ], [ -158.064983, 21.639472 ], [ -158.064475, 21.640092 ], [ -158.063881, 21.640514 ], [ -158.063109, 21.641372 ], [ -158.062803, 21.642165 ], [ -158.063655, 21.642808 ], [ -158.06336, 21.643135 ], [ -158.062604, 21.642748 ], [ -158.062308, 21.643165 ], [ -158.06184, 21.642938 ], [ -158.059908, 21.642485 ], [ -158.05948, 21.642697 ], [ -158.058686, 21.64274 ], [ -158.057758, 21.642319 ], [ -158.058728, 21.640542 ], [ -158.057558, 21.638708 ], [ -158.051296, 21.63897 ], [ -158.04943, 21.638747 ], [ -158.049116, 21.641386 ], [ -158.048457, 21.641115 ], [ -158.047481, 21.640192 ], [ -158.046909, 21.639277 ], [ -158.046246, 21.638979 ], [ -158.045644, 21.638934 ], [ -158.044064, 21.638128 ], [ -158.042977, 21.637999 ], [ -158.041427, 21.638063 ], [ -158.039562, 21.63682 ], [ -158.037507, 21.637123 ], [ -158.036271, 21.637123 ], [ -158.035848, 21.63745 ], [ -158.035733, 21.637324 ], [ -158.034408, 21.638391 ], [ -158.034537, 21.638523 ], [ -158.034252, 21.638755 ], [ -158.033999, 21.638747 ], [ -158.033735, 21.638983 ], [ -158.033218, 21.638722 ], [ -158.032968, 21.638715 ], [ -158.03234, 21.639908 ], [ -158.031885, 21.64014 ], [ -158.030867, 21.639971 ], [ -158.030659, 21.640454 ], [ -158.028751, 21.640754 ], [ -158.028456, 21.640946 ], [ -158.028256, 21.641288 ], [ -158.026812, 21.642063 ], [ -158.025875, 21.642112 ], [ -158.025728, 21.641596 ], [ -158.024327, 21.640752 ], [ -158.02401, 21.641088 ], [ -158.025575, 21.642791 ], [ -158.025503, 21.642957 ], [ -158.027102, 21.643959 ], [ -158.027815, 21.644005 ], [ -158.028291, 21.643666 ], [ -158.028744, 21.642935 ], [ -158.029338, 21.642715 ], [ -158.03123, 21.643091 ], [ -158.030699, 21.646475 ], [ -158.028569, 21.649351 ], [ -158.028232, 21.649305 ], [ -158.026927, 21.65061 ], [ -158.024334, 21.6504 ], [ -158.023827, 21.651088 ], [ -158.017186, 21.650975 ], [ -158.012139, 21.655459 ], [ -158.011484, 21.65507 ], [ -158.011384, 21.654545 ], [ -158.010948, 21.654007 ], [ -158.009829, 21.653529 ], [ -158.009399, 21.652162 ], [ -158.008779, 21.65139 ], [ -158.008038, 21.650907 ], [ -158.002, 21.655374 ], [ -158.002377, 21.656718 ], [ -158.002998, 21.660143 ], [ -157.999551, 21.664879 ], [ -157.998197, 21.665123 ], [ -157.995504, 21.663493 ], [ -157.991156, 21.660476 ], [ -157.985506, 21.657878 ], [ -157.982349, 21.657487 ], [ -157.978897, 21.655922 ], [ -157.978384, 21.654757 ], [ -157.975986, 21.65104 ], [ -157.975156, 21.649222 ], [ -157.974802, 21.647911 ], [ -157.973611, 21.645698 ], [ -157.966797, 21.639194 ] ], [ [ -157.816326, 21.349122 ], [ -157.815229, 21.349913 ], [ -157.816753, 21.350947 ], [ -157.818417, 21.349637 ], [ -157.818694, 21.349202 ], [ -157.816765, 21.348434 ], [ -157.816326, 21.349122 ] ] ], [ [ [ -157.799609, 21.477362 ], [ -157.799227, 21.47756 ], [ -157.798308, 21.477332 ], [ -157.79662, 21.476611 ], [ -157.796697, 21.476431 ], [ -157.796867, 21.476381 ], [ -157.798191, 21.4762 ], [ -157.79995, 21.476314 ], [ -157.800174, 21.476542 ], [ -157.799609, 21.477362 ] ] ], [ [ [ -157.851304, 21.508257 ], [ -157.85128, 21.508778 ], [ -157.850722, 21.509798 ], [ -157.850433, 21.509996 ], [ -157.849669, 21.510122 ], [ -157.84888, 21.510729 ], [ -157.848292, 21.510879 ], [ -157.847573, 21.51138 ], [ -157.846773, 21.511708 ], [ -157.845102, 21.507854 ], [ -157.847579, 21.507418 ], [ -157.849869, 21.507529 ], [ -157.851069, 21.507754 ], [ -157.851304, 21.508257 ] ] ], [ [ [ -157.837796, 21.51022 ], [ -157.837157, 21.51009 ], [ -157.836853, 21.509724 ], [ -157.836774, 21.509339 ], [ -157.836861, 21.509328 ], [ -157.837053, 21.509736 ], [ -157.837276, 21.509776 ], [ -157.837765, 21.509576 ], [ -157.837856, 21.509214 ], [ -157.838051, 21.50911 ], [ -157.838685, 21.509098 ], [ -157.838797, 21.509257 ], [ -157.838508, 21.510136 ], [ -157.837796, 21.51022 ] ] ], [ [ [ -157.830184, 21.509339 ], [ -157.830084, 21.509671 ], [ -157.829143, 21.510468 ], [ -157.828931, 21.510508 ], [ -157.828631, 21.509631 ], [ -157.828996, 21.509069 ], [ -157.829172, 21.508871 ], [ -157.829478, 21.508806 ], [ -157.829914, 21.508899 ], [ -157.830067, 21.509063 ], [ -157.830184, 21.509339 ] ] ], [ [ [ -157.828549, 21.510216 ], [ -157.828712, 21.510122 ], [ -157.828778, 21.510281 ], [ -157.828584, 21.510353 ], [ -157.828549, 21.510216 ] ] ], [ [ [ -157.842495, 21.51227 ], [ -157.842348, 21.51162 ], [ -157.841848, 21.510784 ], [ -157.841065, 21.510035 ], [ -157.840919, 21.509528 ], [ -157.841307, 21.508916 ], [ -157.842018, 21.508558 ], [ -157.843442, 21.508004 ], [ -157.844825, 21.507848 ], [ -157.846585, 21.511831 ], [ -157.846191, 21.512061 ], [ -157.845755, 21.512541 ], [ -157.845514, 21.5133 ], [ -157.845326, 21.513498 ], [ -157.844413, 21.513862 ], [ -157.843973, 21.514214 ], [ -157.843489, 21.514111 ], [ -157.843213, 21.514192 ], [ -157.843137, 21.513988 ], [ -157.842566, 21.513603 ], [ -157.842448, 21.513322 ], [ -157.842495, 21.51227 ] ] ], [ [ [ -157.846204, 21.54857 ], [ -157.846423, 21.546887 ], [ -157.846316, 21.546146 ], [ -157.846129, 21.545765 ], [ -157.845604, 21.545238 ], [ -157.844751, 21.543804 ], [ -157.844139, 21.543272 ], [ -157.843279, 21.5429 ], [ -157.842225, 21.542106 ], [ -157.841231, 21.539954 ], [ -157.840731, 21.538397 ], [ -157.840407, 21.537789 ], [ -157.840083, 21.536482 ], [ -157.839624, 21.535923 ], [ -157.838059, 21.53467 ], [ -157.837882, 21.534352 ], [ -157.837698, 21.533391 ], [ -157.838071, 21.533218 ], [ -157.838498, 21.534426 ], [ -157.839937, 21.535575 ], [ -157.840339, 21.536121 ], [ -157.841056, 21.537892 ], [ -157.841693, 21.540159 ], [ -157.842409, 21.542039 ], [ -157.844582, 21.543324 ], [ -157.845948, 21.544653 ], [ -157.846645, 21.54595 ], [ -157.846793, 21.546777 ], [ -157.846567, 21.54792 ], [ -157.846562, 21.548596 ], [ -157.847318, 21.550033 ], [ -157.84684, 21.550264 ], [ -157.84641, 21.549475 ], [ -157.84631, 21.54905 ], [ -157.846204, 21.54857 ] ] ], [ [ [ -157.908799, 21.648856 ], [ -157.908681, 21.648686 ], [ -157.908869, 21.648576 ], [ -157.909476, 21.64867 ], [ -157.909277, 21.648814 ], [ -157.908799, 21.648856 ] ] ], [ [ [ -157.914094, 21.650104 ], [ -157.913846, 21.650258 ], [ -157.912751, 21.650224 ], [ -157.912409, 21.650004 ], [ -157.912503, 21.649788 ], [ -157.912763, 21.649722 ], [ -157.914006, 21.649988 ], [ -157.914094, 21.650104 ] ] ], [ [ [ -157.662355, 21.291855 ], [ -157.66201, 21.291412 ], [ -157.664587, 21.290315 ], [ -157.665557, 21.289641 ], [ -157.66547, 21.289451 ], [ -157.665852, 21.288912 ], [ -157.666838, 21.288247 ], [ -157.668102, 21.288022 ], [ -157.668414, 21.287631 ], [ -157.668578, 21.287086 ], [ -157.668989, 21.286394 ], [ -157.669283, 21.286179 ], [ -157.67007, 21.286046 ], [ -157.670488, 21.285796 ], [ -157.671534, 21.285736 ], [ -157.671962, 21.285573 ], [ -157.673284, 21.285552 ], [ -157.674448, 21.285001 ], [ -157.675376, 21.284132 ], [ -157.676071, 21.283166 ], [ -157.676341, 21.282726 ], [ -157.676252, 21.282242 ], [ -157.677357, 21.281735 ], [ -157.676881, 21.281542 ], [ -157.67741, 21.280977 ], [ -157.677516, 21.280278 ], [ -157.678133, 21.28049 ], [ -157.678445, 21.280073 ], [ -157.679749, 21.279559 ], [ -157.680442, 21.278919 ], [ -157.681252, 21.279047 ], [ -157.6813, 21.278559 ], [ -157.681793, 21.27883 ], [ -157.681647, 21.278485 ], [ -157.681859, 21.277954 ], [ -157.683257, 21.277315 ], [ -157.683473, 21.276937 ], [ -157.683961, 21.276963 ], [ -157.68398, 21.276625 ], [ -157.684632, 21.276896 ], [ -157.684685, 21.27649 ], [ -157.684414, 21.275923 ], [ -157.684419, 21.275662 ], [ -157.68493, 21.275634 ], [ -157.686301, 21.275934 ], [ -157.686277, 21.274804 ], [ -157.687028, 21.274377 ], [ -157.687093, 21.274169 ], [ -157.6868, 21.273386 ], [ -157.686854, 21.273074 ], [ -157.687393, 21.272369 ], [ -157.687523, 21.271625 ], [ -157.687858, 21.271447 ], [ -157.687893, 21.271045 ], [ -157.689015, 21.269618 ], [ -157.689292, 21.269006 ], [ -157.689314, 21.268685 ], [ -157.690279, 21.268928 ], [ -157.69049, 21.269706 ], [ -157.69059, 21.269689 ], [ -157.690748, 21.269256 ], [ -157.691266, 21.269459 ], [ -157.69157, 21.269877 ], [ -157.691883, 21.270941 ], [ -157.693332, 21.272066 ], [ -157.693537, 21.272388 ], [ -157.694111, 21.272675 ], [ -157.694725, 21.272761 ], [ -157.696103, 21.271999 ], [ -157.697048, 21.270428 ], [ -157.697305, 21.268851 ], [ -157.697131, 21.268217 ], [ -157.696688, 21.267988 ], [ -157.696305, 21.267938 ], [ -157.694849, 21.268304 ], [ -157.694814, 21.268132 ], [ -157.695207, 21.267439 ], [ -157.694174, 21.266094 ], [ -157.692329, 21.265497 ], [ -157.692041, 21.265256 ], [ -157.691882, 21.264889 ], [ -157.691947, 21.264126 ], [ -157.69183, 21.263587 ], [ -157.692812, 21.263256 ], [ -157.693322, 21.262736 ], [ -157.693974, 21.262805 ], [ -157.694661, 21.262345 ], [ -157.695924, 21.261754 ], [ -157.697452, 21.261309 ], [ -157.69754, 21.261129 ], [ -157.698174, 21.260945 ], [ -157.699802, 21.260189 ], [ -157.700666, 21.259948 ], [ -157.702181, 21.25977 ], [ -157.703285, 21.259426 ], [ -157.705059, 21.259467 ], [ -157.705858, 21.259328 ], [ -157.706146, 21.25947 ], [ -157.706558, 21.259326 ], [ -157.706147, 21.260165 ], [ -157.707422, 21.260946 ], [ -157.707983, 21.263441 ], [ -157.707895, 21.264042 ], [ -157.707272, 21.265185 ], [ -157.706075, 21.266543 ], [ -157.705512, 21.267482 ], [ -157.703596, 21.269528 ], [ -157.702689, 21.270162 ], [ -157.70305, 21.270721 ], [ -157.70007, 21.272539 ], [ -157.699851, 21.272933 ], [ -157.700184, 21.273453 ], [ -157.698073, 21.274652 ], [ -157.691543, 21.286201 ], [ -157.68984, 21.288793 ], [ -157.687419, 21.29034 ], [ -157.684433, 21.291944 ], [ -157.68158, 21.292725 ], [ -157.677191, 21.294464 ], [ -157.676058, 21.28902 ], [ -157.67173, 21.28684 ], [ -157.662555, 21.29168 ], [ -157.662355, 21.291855 ] ] ], [ [ [ -157.725255, 21.281881 ], [ -157.725056, 21.282159 ], [ -157.725191, 21.281814 ], [ -157.724986, 21.281484 ], [ -157.724639, 21.281706 ], [ -157.724596, 21.28218 ], [ -157.724929, 21.28229 ], [ -157.725032, 21.282216 ], [ -157.725043, 21.282324 ], [ -157.725154, 21.282311 ], [ -157.725098, 21.282395 ], [ -157.724589, 21.282342 ], [ -157.723804, 21.282449 ], [ -157.724557, 21.28232 ], [ -157.723945, 21.281731 ], [ -157.723399, 21.281817 ], [ -157.723028, 21.282111 ], [ -157.722572, 21.28193 ], [ -157.72244, 21.282084 ], [ -157.722592, 21.282211 ], [ -157.722569, 21.282385 ], [ -157.721843, 21.28271 ], [ -157.721717, 21.282907 ], [ -157.721643, 21.282848 ], [ -157.721885, 21.28224 ], [ -157.72243, 21.281856 ], [ -157.722867, 21.281247 ], [ -157.725048, 21.280821 ], [ -157.726544, 21.280983 ], [ -157.726487, 21.281274 ], [ -157.725633, 21.281151 ], [ -157.72521, 21.281255 ], [ -157.725156, 21.281392 ], [ -157.725277, 21.281618 ], [ -157.725255, 21.281881 ] ], [ [ -157.724513, 21.281647 ], [ -157.725137, 21.281287 ], [ -157.72506, 21.281029 ], [ -157.723936, 21.28107 ], [ -157.722827, 21.281305 ], [ -157.722762, 21.281404 ], [ -157.723123, 21.281985 ], [ -157.723591, 21.281684 ], [ -157.72405, 21.281702 ], [ -157.724513, 21.281647 ] ] ], [ [ [ -157.72633, 21.283507 ], [ -157.726206, 21.283378 ], [ -157.726179, 21.283044 ], [ -157.726378, 21.283455 ], [ -157.727206, 21.283353 ], [ -157.72771, 21.283768 ], [ -157.727532, 21.283968 ], [ -157.726801, 21.284136 ], [ -157.726638, 21.284372 ], [ -157.726247, 21.284513 ], [ -157.726063, 21.284413 ], [ -157.726045, 21.284182 ], [ -157.726245, 21.283588 ], [ -157.72633, 21.283507 ] ] ], [ [ [ -157.655968, 21.320255 ], [ -157.655855, 21.319875 ], [ -157.655509, 21.31956 ], [ -157.65562, 21.319313 ], [ -157.655874, 21.319132 ], [ -157.656208, 21.319329 ], [ -157.656574, 21.319341 ], [ -157.656954, 21.319606 ], [ -157.657442, 21.319651 ], [ -157.657683, 21.319888 ], [ -157.657678, 21.320354 ], [ -157.657418, 21.320387 ], [ -157.657266, 21.320702 ], [ -157.656818, 21.321147 ], [ -157.656149, 21.321406 ], [ -157.655232, 21.32108 ], [ -157.655208, 21.320821 ], [ -157.654997, 21.320514 ], [ -157.655139, 21.320314 ], [ -157.655503, 21.320341 ], [ -157.655968, 21.320255 ] ] ], [ [ [ -157.659607, 21.327911 ], [ -157.66013, 21.328412 ], [ -157.659994, 21.32916 ], [ -157.659518, 21.330183 ], [ -157.659042, 21.330575 ], [ -157.657449, 21.331412 ], [ -157.656503, 21.33172 ], [ -157.655909, 21.331631 ], [ -157.655785, 21.331301 ], [ -157.655251, 21.330789 ], [ -157.654535, 21.329615 ], [ -157.654453, 21.328783 ], [ -157.654623, 21.327841 ], [ -157.654441, 21.326993 ], [ -157.654554, 21.326687 ], [ -157.655588, 21.326096 ], [ -157.656134, 21.326008 ], [ -157.657381, 21.326439 ], [ -157.657674, 21.326427 ], [ -157.658045, 21.326726 ], [ -157.658409, 21.32656 ], [ -157.658721, 21.326991 ], [ -157.659419, 21.32736 ], [ -157.659555, 21.327596 ], [ -157.659607, 21.327911 ] ] ], [ [ [ -157.735162, 21.365188 ], [ -157.735135, 21.364915 ], [ -157.735316, 21.364873 ], [ -157.73534, 21.365143 ], [ -157.735162, 21.365188 ] ] ], [ [ [ -157.716888, 21.388967 ], [ -157.717126, 21.388738 ], [ -157.716635, 21.388302 ], [ -157.716987, 21.387967 ], [ -157.715095, 21.386307 ], [ -157.714105, 21.387255 ], [ -157.713525, 21.386693 ], [ -157.713741, 21.385329 ], [ -157.713695, 21.384638 ], [ -157.714522, 21.384277 ], [ -157.714824, 21.384002 ], [ -157.714711, 21.383908 ], [ -157.715012, 21.383376 ], [ -157.71503, 21.382457 ], [ -157.714815, 21.382253 ], [ -157.714548, 21.382221 ], [ -157.714716, 21.381731 ], [ -157.714485, 21.381686 ], [ -157.714568, 21.380984 ], [ -157.714432, 21.380322 ], [ -157.714249, 21.380341 ], [ -157.714186, 21.380562 ], [ -157.7132, 21.380738 ], [ -157.712949, 21.380171 ], [ -157.712569, 21.380508 ], [ -157.712143, 21.380295 ], [ -157.711949, 21.379861 ], [ -157.710804, 21.381015 ], [ -157.710664, 21.381033 ], [ -157.710376, 21.380969 ], [ -157.70938, 21.380161 ], [ -157.709757, 21.379305 ], [ -157.708852, 21.379016 ], [ -157.707952, 21.379524 ], [ -157.707096, 21.379702 ], [ -157.706807, 21.379879 ], [ -157.706642, 21.379793 ], [ -157.707889, 21.378768 ], [ -157.708125, 21.378309 ], [ -157.710464, 21.37769 ], [ -157.713029, 21.377481 ], [ -157.713731, 21.377711 ], [ -157.716233, 21.377553 ], [ -157.717065, 21.377441 ], [ -157.71768, 21.377187 ], [ -157.71815, 21.376589 ], [ -157.718471, 21.375805 ], [ -157.718546, 21.375073 ], [ -157.718418, 21.374677 ], [ -157.718152, 21.37452 ], [ -157.7183, 21.374012 ], [ -157.718631, 21.373541 ], [ -157.719365, 21.37288 ], [ -157.71946, 21.372412 ], [ -157.718652, 21.371478 ], [ -157.718478, 21.369947 ], [ -157.718787, 21.36952 ], [ -157.718555, 21.369172 ], [ -157.717367, 21.368541 ], [ -157.717264, 21.368287 ], [ -157.717547, 21.367342 ], [ -157.718121, 21.366973 ], [ -157.719706, 21.367216 ], [ -157.720708, 21.366827 ], [ -157.721481, 21.366476 ], [ -157.722002, 21.365913 ], [ -157.722273, 21.365299 ], [ -157.722697, 21.365853 ], [ -157.723221, 21.365829 ], [ -157.724134, 21.366117 ], [ -157.72514, 21.366097 ], [ -157.725506, 21.365852 ], [ -157.725415, 21.364701 ], [ -157.726183, 21.363728 ], [ -157.72666, 21.363561 ], [ -157.727192, 21.363857 ], [ -157.727677, 21.364862 ], [ -157.727942, 21.364854 ], [ -157.728352, 21.364328 ], [ -157.728651, 21.365123 ], [ -157.728838, 21.365246 ], [ -157.729199, 21.364836 ], [ -157.729368, 21.364319 ], [ -157.729968, 21.364231 ], [ -157.730194, 21.364046 ], [ -157.72975, 21.363553 ], [ -157.728691, 21.363164 ], [ -157.728698, 21.362405 ], [ -157.728375, 21.362254 ], [ -157.727403, 21.362605 ], [ -157.727022, 21.36248 ], [ -157.725711, 21.361166 ], [ -157.726777, 21.360256 ], [ -157.727396, 21.360045 ], [ -157.729265, 21.359949 ], [ -157.729808, 21.359624 ], [ -157.730484, 21.358957 ], [ -157.732257, 21.358515 ], [ -157.732851, 21.358233 ], [ -157.733941, 21.35962 ], [ -157.732448, 21.36085 ], [ -157.733052, 21.361825 ], [ -157.733531, 21.361986 ], [ -157.733708, 21.3623 ], [ -157.733249, 21.362355 ], [ -157.732642, 21.362765 ], [ -157.731722, 21.362892 ], [ -157.731552, 21.363169 ], [ -157.731678, 21.363454 ], [ -157.732021, 21.363752 ], [ -157.732414, 21.363786 ], [ -157.733889, 21.363294 ], [ -157.734143, 21.364059 ], [ -157.733749, 21.3647 ], [ -157.732958, 21.365129 ], [ -157.73314, 21.36596 ], [ -157.732055, 21.367385 ], [ -157.732115, 21.367884 ], [ -157.73268, 21.368398 ], [ -157.733241, 21.369552 ], [ -157.733136, 21.369971 ], [ -157.732792, 21.370331 ], [ -157.73228, 21.370122 ], [ -157.731847, 21.368833 ], [ -157.731437, 21.368475 ], [ -157.730965, 21.36849 ], [ -157.730811, 21.368796 ], [ -157.730843, 21.369151 ], [ -157.73008, 21.368578 ], [ -157.729654, 21.3689 ], [ -157.729129, 21.369087 ], [ -157.728893, 21.368878 ], [ -157.727848, 21.36883 ], [ -157.727809, 21.368488 ], [ -157.726668, 21.367744 ], [ -157.726317, 21.367904 ], [ -157.725247, 21.367986 ], [ -157.725034, 21.367694 ], [ -157.724731, 21.367601 ], [ -157.724205, 21.367753 ], [ -157.72355, 21.367675 ], [ -157.723227, 21.368164 ], [ -157.722714, 21.368147 ], [ -157.72245, 21.368408 ], [ -157.721638, 21.368505 ], [ -157.721484, 21.36835 ], [ -157.720708, 21.368269 ], [ -157.720323, 21.368614 ], [ -157.71989, 21.369604 ], [ -157.720035, 21.370249 ], [ -157.719898, 21.371161 ], [ -157.720324, 21.371613 ], [ -157.720388, 21.372075 ], [ -157.720287, 21.373103 ], [ -157.719555, 21.373531 ], [ -157.719146, 21.37406 ], [ -157.720819, 21.376115 ], [ -157.72078, 21.376471 ], [ -157.721251, 21.377034 ], [ -157.721467, 21.378144 ], [ -157.721968, 21.378282 ], [ -157.722346, 21.37798 ], [ -157.724176, 21.380193 ], [ -157.724337, 21.380834 ], [ -157.725412, 21.380939 ], [ -157.724671, 21.381224 ], [ -157.724548, 21.381092 ], [ -157.724299, 21.381144 ], [ -157.7237, 21.380781 ], [ -157.723121, 21.38084 ], [ -157.722695, 21.381122 ], [ -157.722255, 21.381022 ], [ -157.721095, 21.381405 ], [ -157.720651, 21.382462 ], [ -157.720082, 21.38254 ], [ -157.720406, 21.383108 ], [ -157.72007, 21.384217 ], [ -157.720008, 21.38497 ], [ -157.719739, 21.384881 ], [ -157.719825, 21.385182 ], [ -157.719456, 21.385409 ], [ -157.719447, 21.385596 ], [ -157.719132, 21.38576 ], [ -157.719134, 21.386001 ], [ -157.718632, 21.386399 ], [ -157.718158, 21.387614 ], [ -157.717851, 21.387987 ], [ -157.717837, 21.388641 ], [ -157.718083, 21.388957 ], [ -157.718276, 21.389546 ], [ -157.717899, 21.38991 ], [ -157.717583, 21.389429 ], [ -157.717429, 21.389294 ], [ -157.717327, 21.389392 ], [ -157.717114, 21.389094 ], [ -157.716888, 21.388967 ] ] ], [ [ [ -157.727527, 21.387053 ], [ -157.7273, 21.384708 ], [ -157.727862, 21.382555 ], [ -157.728084, 21.382207 ], [ -157.728473, 21.381905 ], [ -157.729736, 21.381561 ], [ -157.730238, 21.38129 ], [ -157.73075, 21.380714 ], [ -157.731285, 21.379846 ], [ -157.732047, 21.379215 ], [ -157.732202, 21.378847 ], [ -157.732164, 21.37852 ], [ -157.731988, 21.378244 ], [ -157.731675, 21.378046 ], [ -157.731942, 21.377667 ], [ -157.732416, 21.377536 ], [ -157.732909, 21.377626 ], [ -157.732891, 21.378072 ], [ -157.7331, 21.378282 ], [ -157.734199, 21.379217 ], [ -157.734791, 21.379368 ], [ -157.735321, 21.379117 ], [ -157.735605, 21.378454 ], [ -157.735875, 21.378555 ], [ -157.735737, 21.379663 ], [ -157.735233, 21.380767 ], [ -157.73528, 21.381312 ], [ -157.735623, 21.381763 ], [ -157.736537, 21.381989 ], [ -157.737116, 21.381712 ], [ -157.737583, 21.381156 ], [ -157.738123, 21.379859 ], [ -157.738161, 21.379154 ], [ -157.738035, 21.378438 ], [ -157.737696, 21.377724 ], [ -157.737991, 21.377005 ], [ -157.73856, 21.376561 ], [ -157.738729, 21.376036 ], [ -157.738581, 21.375559 ], [ -157.73791, 21.37442 ], [ -157.737999, 21.374391 ], [ -157.737734, 21.374094 ], [ -157.737609, 21.373601 ], [ -157.737424, 21.373613 ], [ -157.737374, 21.372427 ], [ -157.737486, 21.372363 ], [ -157.737883, 21.373209 ], [ -157.73845, 21.372907 ], [ -157.738962, 21.374519 ], [ -157.739424, 21.374732 ], [ -157.739719, 21.376738 ], [ -157.739227, 21.377012 ], [ -157.739208, 21.377331 ], [ -157.739527, 21.377488 ], [ -157.739944, 21.377485 ], [ -157.740026, 21.378138 ], [ -157.739548, 21.378401 ], [ -157.739579, 21.378704 ], [ -157.740227, 21.378764 ], [ -157.740271, 21.379066 ], [ -157.739704, 21.379314 ], [ -157.739676, 21.379545 ], [ -157.739978, 21.379773 ], [ -157.740408, 21.37977 ], [ -157.740603, 21.380384 ], [ -157.739552, 21.380818 ], [ -157.73936, 21.381354 ], [ -157.739394, 21.381725 ], [ -157.739638, 21.382216 ], [ -157.738357, 21.382707 ], [ -157.737172, 21.383383 ], [ -157.736975, 21.383866 ], [ -157.736921, 21.383941 ], [ -157.736836, 21.383846 ], [ -157.736499, 21.384189 ], [ -157.736348, 21.384634 ], [ -157.736117, 21.384871 ], [ -157.73504, 21.384935 ], [ -157.734909, 21.384401 ], [ -157.734378, 21.384201 ], [ -157.734253, 21.383475 ], [ -157.734397, 21.382704 ], [ -157.734368, 21.381837 ], [ -157.734175, 21.381532 ], [ -157.733864, 21.381353 ], [ -157.733989, 21.380861 ], [ -157.733862, 21.380332 ], [ -157.733552, 21.379968 ], [ -157.733179, 21.379773 ], [ -157.732523, 21.37974 ], [ -157.732037, 21.379906 ], [ -157.731637, 21.380224 ], [ -157.73116, 21.380998 ], [ -157.730645, 21.381502 ], [ -157.730014, 21.38182 ], [ -157.728731, 21.382122 ], [ -157.728351, 21.382412 ], [ -157.727667, 21.384669 ], [ -157.727896, 21.38706 ], [ -157.728089, 21.387597 ], [ -157.728908, 21.388819 ], [ -157.729406, 21.389044 ], [ -157.729892, 21.389963 ], [ -157.730192, 21.391322 ], [ -157.730275, 21.393254 ], [ -157.730022, 21.39416 ], [ -157.729474, 21.395001 ], [ -157.728652, 21.395707 ], [ -157.726289, 21.3971 ], [ -157.726014, 21.397917 ], [ -157.724725, 21.397036 ], [ -157.725108, 21.396993 ], [ -157.726389, 21.396466 ], [ -157.726877, 21.396026 ], [ -157.728347, 21.395147 ], [ -157.729154, 21.394376 ], [ -157.729601, 21.393345 ], [ -157.729576, 21.39205 ], [ -157.728953, 21.391503 ], [ -157.728894, 21.391307 ], [ -157.729341, 21.390887 ], [ -157.729384, 21.390479 ], [ -157.728986, 21.38958 ], [ -157.727784, 21.387788 ], [ -157.727527, 21.387053 ] ] ], [ [ [ -157.697191, 21.386926 ], [ -157.697502, 21.38664 ], [ -157.698132, 21.386644 ], [ -157.698425, 21.386767 ], [ -157.69882, 21.387213 ], [ -157.699102, 21.387284 ], [ -157.699155, 21.387515 ], [ -157.698349, 21.388353 ], [ -157.697808, 21.388501 ], [ -157.69738, 21.388468 ], [ -157.697315, 21.388253 ], [ -157.696868, 21.38817 ], [ -157.696903, 21.387999 ], [ -157.696644, 21.387757 ], [ -157.696732, 21.387549 ], [ -157.696591, 21.387125 ], [ -157.697191, 21.386926 ] ] ], [ [ [ -157.751747, 21.397999 ], [ -157.74875, 21.394642 ], [ -157.748417, 21.393382 ], [ -157.746944, 21.393945 ], [ -157.746125, 21.393851 ], [ -157.745425, 21.393171 ], [ -157.745956, 21.392881 ], [ -157.746418, 21.393314 ], [ -157.746874, 21.393375 ], [ -157.749866, 21.392237 ], [ -157.74757, 21.391407 ], [ -157.747403, 21.391723 ], [ -157.746833, 21.39154 ], [ -157.74605, 21.392211 ], [ -157.746161, 21.392373 ], [ -157.745955, 21.392499 ], [ -157.745237, 21.391247 ], [ -157.745407, 21.390651 ], [ -157.745004, 21.390157 ], [ -157.744252, 21.39014 ], [ -157.742935, 21.389247 ], [ -157.741664, 21.389016 ], [ -157.739099, 21.386159 ], [ -157.740295, 21.38535 ], [ -157.743217, 21.386348 ], [ -157.745432, 21.381498 ], [ -157.745842, 21.379728 ], [ -157.745601, 21.379185 ], [ -157.745525, 21.378569 ], [ -157.745759, 21.376795 ], [ -157.74658, 21.377773 ], [ -157.746842, 21.3799 ], [ -157.74643, 21.380944 ], [ -157.745898, 21.381708 ], [ -157.745799, 21.382563 ], [ -157.745439, 21.383419 ], [ -157.74496, 21.384249 ], [ -157.744651, 21.385187 ], [ -157.744194, 21.385845 ], [ -157.744035, 21.386337 ], [ -157.74408, 21.386743 ], [ -157.744625, 21.387245 ], [ -157.745542, 21.387777 ], [ -157.745367, 21.387998 ], [ -157.746226, 21.388559 ], [ -157.746444, 21.389304 ], [ -157.746634, 21.389272 ], [ -157.746669, 21.389695 ], [ -157.748041, 21.390236 ], [ -157.748694, 21.389184 ], [ -157.749123, 21.388715 ], [ -157.749797, 21.389255 ], [ -157.750202, 21.388816 ], [ -157.750969, 21.388734 ], [ -157.751561, 21.388851 ], [ -157.751951, 21.388322 ], [ -157.752012, 21.387961 ], [ -157.752574, 21.387185 ], [ -157.752774, 21.387402 ], [ -157.75399, 21.387544 ], [ -157.755326, 21.387406 ], [ -157.75579, 21.386364 ], [ -157.756685, 21.385446 ], [ -157.757605, 21.384033 ], [ -157.757471, 21.383927 ], [ -157.757517, 21.383831 ], [ -157.758476, 21.383151 ], [ -157.758383, 21.382949 ], [ -157.758754, 21.382201 ], [ -157.759128, 21.381855 ], [ -157.759533, 21.381937 ], [ -157.760458, 21.378415 ], [ -157.76028, 21.377943 ], [ -157.762437, 21.377321 ], [ -157.762431, 21.378326 ], [ -157.762534, 21.378595 ], [ -157.762924, 21.378729 ], [ -157.763378, 21.378335 ], [ -157.763655, 21.377847 ], [ -157.76424, 21.377464 ], [ -157.764228, 21.377179 ], [ -157.765692, 21.377281 ], [ -157.765703, 21.377833 ], [ -157.765407, 21.378366 ], [ -157.765735, 21.378525 ], [ -157.765577, 21.378744 ], [ -157.765306, 21.378526 ], [ -157.764454, 21.379623 ], [ -157.763331, 21.38271 ], [ -157.763133, 21.382834 ], [ -157.763188, 21.383139 ], [ -157.762497, 21.385241 ], [ -157.762476, 21.387472 ], [ -157.762222, 21.387754 ], [ -157.761675, 21.38913 ], [ -157.762129, 21.392521 ], [ -157.762626, 21.392765 ], [ -157.763659, 21.392944 ], [ -157.764062, 21.393284 ], [ -157.764165, 21.393569 ], [ -157.764564, 21.393448 ], [ -157.764883, 21.394401 ], [ -157.764475, 21.39468 ], [ -157.76515, 21.399154 ], [ -157.766486, 21.403488 ], [ -157.764555, 21.404538 ], [ -157.761004, 21.405157 ], [ -157.760219, 21.405461 ], [ -157.762471, 21.405329 ], [ -157.762432, 21.405559 ], [ -157.761637, 21.4055 ], [ -157.761629, 21.405652 ], [ -157.760085, 21.405854 ], [ -157.75805, 21.406605 ], [ -157.75801, 21.406309 ], [ -157.757631, 21.406454 ], [ -157.75767, 21.406773 ], [ -157.75691, 21.407198 ], [ -157.755782, 21.40642 ], [ -157.755185, 21.405254 ], [ -157.755091, 21.404844 ], [ -157.751747, 21.397999 ] ] ], [ [ [ -157.699225, 21.390605 ], [ -157.699266, 21.390908 ], [ -157.699637, 21.39071 ], [ -157.699843, 21.3911 ], [ -157.700183, 21.391403 ], [ -157.700212, 21.392472 ], [ -157.699513, 21.392923 ], [ -157.699155, 21.392492 ], [ -157.698995, 21.392685 ], [ -157.698643, 21.392807 ], [ -157.698613, 21.392493 ], [ -157.69829, 21.392538 ], [ -157.697908, 21.392142 ], [ -157.697708, 21.391646 ], [ -157.69769, 21.391355 ], [ -157.698067, 21.39131 ], [ -157.697973, 21.391155 ], [ -157.698055, 21.390813 ], [ -157.698591, 21.390781 ], [ -157.698978, 21.390588 ], [ -157.699225, 21.390605 ] ] ], [ [ [ -157.719675, 21.400122 ], [ -157.71967, 21.399886 ], [ -157.720239, 21.399353 ], [ -157.720727, 21.399483 ], [ -157.721045, 21.39944 ], [ -157.721456, 21.39971 ], [ -157.721474, 21.400055 ], [ -157.721239, 21.400228 ], [ -157.72061, 21.400315 ], [ -157.719875, 21.400149 ], [ -157.719675, 21.400122 ] ] ], [ [ [ -157.783521, 21.409596 ], [ -157.784331, 21.411172 ], [ -157.783279, 21.411672 ], [ -157.782781, 21.411673 ], [ -157.781236, 21.411117 ], [ -157.781204, 21.410801 ], [ -157.781603, 21.410548 ], [ -157.783521, 21.409596 ] ] ], [ [ [ -157.790533, 21.41952 ], [ -157.790538, 21.419968 ], [ -157.789771, 21.420436 ], [ -157.789377, 21.420406 ], [ -157.789469, 21.419863 ], [ -157.789945, 21.419372 ], [ -157.790074, 21.419364 ], [ -157.790533, 21.41952 ] ] ], [ [ [ -157.7196, 21.43168 ], [ -157.71997, 21.43185 ], [ -157.719857, 21.432088 ], [ -157.719452, 21.432065 ], [ -157.719364, 21.431922 ], [ -157.7196, 21.43168 ] ] ], [ [ [ -157.790539, 21.435366 ], [ -157.791127, 21.435982 ], [ -157.791292, 21.436631 ], [ -157.791204, 21.436929 ], [ -157.79098, 21.437148 ], [ -157.79028, 21.437496 ], [ -157.788322, 21.43749 ], [ -157.787334, 21.436774 ], [ -157.786835, 21.436174 ], [ -157.786657, 21.435744 ], [ -157.786687, 21.435304 ], [ -157.786487, 21.435095 ], [ -157.786592, 21.434614 ], [ -157.786369, 21.4344 ], [ -157.786417, 21.43385 ], [ -157.786241, 21.432957 ], [ -157.786382, 21.432958 ], [ -157.786364, 21.432472 ], [ -157.787548, 21.430365 ], [ -157.787948, 21.42988 ], [ -157.788518, 21.429771 ], [ -157.789453, 21.429874 ], [ -157.790017, 21.430211 ], [ -157.790264, 21.430553 ], [ -157.790664, 21.432864 ], [ -157.791199, 21.432958 ], [ -157.791604, 21.433515 ], [ -157.791528, 21.433758 ], [ -157.791257, 21.433829 ], [ -157.790804, 21.434214 ], [ -157.790751, 21.434342 ], [ -157.790957, 21.434655 ], [ -157.79071, 21.43482 ], [ -157.790539, 21.435366 ] ] ], [ [ [ -157.733135, 21.458841 ], [ -157.731882, 21.459612 ], [ -157.729812, 21.460355 ], [ -157.729518, 21.460272 ], [ -157.729194, 21.459831 ], [ -157.728764, 21.459647 ], [ -157.726883, 21.459393 ], [ -157.726359, 21.459227 ], [ -157.725406, 21.459093 ], [ -157.724595, 21.459114 ], [ -157.722981, 21.459391 ], [ -157.722394, 21.459092 ], [ -157.722118, 21.458607 ], [ -157.72213, 21.45709 ], [ -157.72227, 21.45649 ], [ -157.722623, 21.455662 ], [ -157.723267, 21.455252 ], [ -157.723398, 21.454458 ], [ -157.723762, 21.455039 ], [ -157.724158, 21.455042 ], [ -157.724923, 21.454632 ], [ -157.725264, 21.454143 ], [ -157.725364, 21.45376 ], [ -157.7253, 21.452666 ], [ -157.725589, 21.451937 ], [ -157.725494, 21.451787 ], [ -157.725023, 21.451621 ], [ -157.7255, 21.451435 ], [ -157.726146, 21.450636 ], [ -157.725741, 21.45005 ], [ -157.72587, 21.449762 ], [ -157.726476, 21.449573 ], [ -157.727065, 21.449076 ], [ -157.727176, 21.44882 ], [ -157.727906, 21.448455 ], [ -157.729076, 21.447303 ], [ -157.729922, 21.446673 ], [ -157.731117, 21.446492 ], [ -157.731629, 21.446288 ], [ -157.732193, 21.446397 ], [ -157.732557, 21.44574 ], [ -157.733117, 21.445875 ], [ -157.733399, 21.446203 ], [ -157.733952, 21.445936 ], [ -157.734517, 21.446039 ], [ -157.734993, 21.445564 ], [ -157.735328, 21.444898 ], [ -157.735511, 21.444909 ], [ -157.735687, 21.445091 ], [ -157.736116, 21.444575 ], [ -157.736563, 21.443462 ], [ -157.736634, 21.442551 ], [ -157.736404, 21.441578 ], [ -157.736575, 21.440734 ], [ -157.736433, 21.44006 ], [ -157.736669, 21.439633 ], [ -157.736691, 21.439082 ], [ -157.736644, 21.438644 ], [ -157.736068, 21.437384 ], [ -157.736139, 21.436969 ], [ -157.735956, 21.436466 ], [ -157.735679, 21.433641 ], [ -157.735697, 21.433433 ], [ -157.73602, 21.432989 ], [ -157.736009, 21.432013 ], [ -157.736167, 21.431314 ], [ -157.737143, 21.429705 ], [ -157.737338, 21.428577 ], [ -157.737808, 21.42849 ], [ -157.737914, 21.428342 ], [ -157.754143, 21.428526 ], [ -157.754567, 21.427631 ], [ -157.758447, 21.428079 ], [ -157.760443, 21.427944 ], [ -157.761085, 21.429269 ], [ -157.760904, 21.430433 ], [ -157.760834, 21.432154 ], [ -157.760704, 21.432528 ], [ -157.76024, 21.433224 ], [ -157.759646, 21.433784 ], [ -157.759141, 21.434115 ], [ -157.758394, 21.434335 ], [ -157.757841, 21.434697 ], [ -157.757377, 21.435705 ], [ -157.757395, 21.43585 ], [ -157.758082, 21.436271 ], [ -157.758423, 21.436905 ], [ -157.759356, 21.437221 ], [ -157.758767, 21.437751 ], [ -157.758484, 21.437756 ], [ -157.75708, 21.43855 ], [ -157.756832, 21.438231 ], [ -157.75675, 21.437534 ], [ -157.75589, 21.437204 ], [ -157.755169, 21.437786 ], [ -157.754264, 21.438047 ], [ -157.753406, 21.438599 ], [ -157.752291, 21.438661 ], [ -157.751375, 21.439165 ], [ -157.744299, 21.437322 ], [ -157.74372, 21.438459 ], [ -157.743428, 21.440371 ], [ -157.743487, 21.441631 ], [ -157.74035, 21.440574 ], [ -157.740011, 21.440264 ], [ -157.738349, 21.440278 ], [ -157.738394, 21.444223 ], [ -157.73602, 21.445449 ], [ -157.734689, 21.446292 ], [ -157.730709, 21.446937 ], [ -157.729666, 21.447199 ], [ -157.728025, 21.44893 ], [ -157.731766, 21.450928 ], [ -157.733023, 21.45204 ], [ -157.733761, 21.45226 ], [ -157.734691, 21.453 ], [ -157.734915, 21.45363 ], [ -157.734978, 21.454642 ], [ -157.736024, 21.456475 ], [ -157.735253, 21.457182 ], [ -157.733135, 21.458841 ] ] ], [ [ [ -157.77517, 21.46204 ], [ -157.775042, 21.461824 ], [ -157.775506, 21.461715 ], [ -157.775752, 21.461968 ], [ -157.775717, 21.462154 ], [ -157.77517, 21.46204 ] ] ], [ [ [ -157.721376, 21.468449 ], [ -157.721482, 21.468824 ], [ -157.721912, 21.469105 ], [ -157.72207, 21.469958 ], [ -157.72151, 21.47036 ], [ -157.721117, 21.470408 ], [ -157.720658, 21.470283 ], [ -157.720206, 21.470446 ], [ -157.719935, 21.470855 ], [ -157.718629, 21.470804 ], [ -157.718557, 21.470562 ], [ -157.718699, 21.470452 ], [ -157.71837, 21.469924 ], [ -157.718393, 21.469775 ], [ -157.719364, 21.469478 ], [ -157.720282, 21.46869 ], [ -157.721376, 21.468449 ] ] ], [ [ [ -157.719411, 21.471614 ], [ -157.719216, 21.471895 ], [ -157.71924, 21.472297 ], [ -157.718811, 21.47249 ], [ -157.718617, 21.472384 ], [ -157.718376, 21.471944 ], [ -157.718369, 21.471333 ], [ -157.718676, 21.470992 ], [ -157.719234, 21.47134 ], [ -157.719411, 21.471614 ] ] ] ] } },
{ "type": "Feature", "properties": { "ludcode": "U", "acres": 104231.0 }, "geometry": { "type": "MultiPolygon", "coordinates": [ [ [ [ -158.075379, 21.338181 ], [ -158.07526, 21.337876 ], [ -158.075576, 21.33775 ], [ -158.07573, 21.335348 ], [ -158.076202, 21.334506 ], [ -158.075526, 21.333973 ], [ -158.075117, 21.333904 ], [ -158.073204, 21.334528 ], [ -158.072973, 21.334728 ], [ -158.073338, 21.332805 ], [ -158.07325, 21.332075 ], [ -158.072911, 21.331157 ], [ -158.071148, 21.328072 ], [ -158.068367, 21.325071 ], [ -158.073331, 21.323431 ], [ -158.074537, 21.323252 ], [ -158.076557, 21.323248 ], [ -158.078686, 21.323635 ], [ -158.090582, 21.326712 ], [ -158.089906, 21.328028 ], [ -158.089245, 21.330811 ], [ -158.088616, 21.331549 ], [ -158.086646, 21.332374 ], [ -158.085762, 21.332874 ], [ -158.081945, 21.33583 ], [ -158.077223, 21.339175 ], [ -158.077114, 21.339044 ], [ -158.076138, 21.339748 ], [ -158.075863, 21.339717 ], [ -158.07432, 21.337971 ], [ -158.074667, 21.337946 ], [ -158.075379, 21.338181 ] ] ], [ [ [ -158.088195, 21.332522 ], [ -158.089189, 21.332394 ], [ -158.089536, 21.333475 ], [ -158.088679, 21.333834 ], [ -158.084936, 21.334661 ], [ -158.08489, 21.334475 ], [ -158.085652, 21.333758 ], [ -158.086694, 21.333055 ], [ -158.088195, 21.332522 ] ] ], [ [ [ -158.096373, 21.339429 ], [ -158.092401, 21.338588 ], [ -158.091948, 21.3381 ], [ -158.090493, 21.334695 ], [ -158.090197, 21.333872 ], [ -158.090238, 21.333678 ], [ -158.091963, 21.333242 ], [ -158.092881, 21.333479 ], [ -158.093942, 21.334469 ], [ -158.09541, 21.336223 ], [ -158.100167, 21.339037 ], [ -158.100249, 21.339187 ], [ -158.103804, 21.341138 ], [ -158.10045, 21.340806 ], [ -158.099162, 21.340442 ], [ -158.096373, 21.339429 ] ] ], [ [ [ -158.127337, 21.345224 ], [ -158.12827, 21.346804 ], [ -158.129284, 21.349558 ], [ -158.128706, 21.348732 ], [ -158.126649, 21.347481 ], [ -158.120653, 21.344448 ], [ -158.119889, 21.344156 ], [ -158.118016, 21.343932 ], [ -158.113463, 21.343765 ], [ -158.112851, 21.34361 ], [ -158.110743, 21.342322 ], [ -158.109491, 21.341828 ], [ -158.105438, 21.341281 ], [ -158.104514, 21.34101 ], [ -158.103601, 21.340585 ], [ -158.096559, 21.336552 ], [ -158.095514, 21.335756 ], [ -158.093096, 21.333124 ], [ -158.089736, 21.331388 ], [ -158.090007, 21.328943 ], [ -158.090314, 21.327856 ], [ -158.090922, 21.326783 ], [ -158.111225, 21.331998 ], [ -158.1137, 21.33272 ], [ -158.115093, 21.33348 ], [ -158.114816, 21.334102 ], [ -158.115252, 21.334018 ], [ -158.115478, 21.333746 ], [ -158.116058, 21.334213 ], [ -158.122409, 21.340388 ], [ -158.127337, 21.345224 ] ] ], [ [ [ -158.078277, 21.341224 ], [ -158.078156, 21.340912 ], [ -158.077861, 21.340704 ], [ -158.077533, 21.340682 ], [ -158.077194, 21.34086 ], [ -158.076975, 21.340612 ], [ -158.076736, 21.340793 ], [ -158.076264, 21.340207 ], [ -158.076302, 21.340053 ], [ -158.080545, 21.336963 ], [ -158.083244, 21.335694 ], [ -158.080873, 21.338324 ], [ -158.080675, 21.338721 ], [ -158.080187, 21.33916 ], [ -158.078277, 21.341224 ] ] ], [ [ [ -158.122292, 21.346446 ], [ -158.121701, 21.345553 ], [ -158.123801, 21.346522 ], [ -158.123123, 21.347029 ], [ -158.122827, 21.347085 ], [ -158.122574, 21.346906 ], [ -158.122292, 21.346446 ] ] ], [ [ [ -158.082037, 21.371523 ], [ -158.081921, 21.370619 ], [ -158.082074, 21.368714 ], [ -158.081686, 21.36808 ], [ -158.080546, 21.367218 ], [ -158.080408, 21.367712 ], [ -158.080043, 21.36799 ], [ -158.07933, 21.367733 ], [ -158.078547, 21.367244 ], [ -158.077617, 21.367166 ], [ -158.076175, 21.367597 ], [ -158.075817, 21.367814 ], [ -158.074665, 21.367411 ], [ -158.074026, 21.367491 ], [ -158.072761, 21.367988 ], [ -158.071793, 21.367407 ], [ -158.071462, 21.366952 ], [ -158.071655, 21.366551 ], [ -158.071852, 21.366499 ], [ -158.072558, 21.36471 ], [ -158.074548, 21.364801 ], [ -158.075869, 21.364534 ], [ -158.077033, 21.3633 ], [ -158.07753, 21.362582 ], [ -158.077385, 21.361629 ], [ -158.077378, 21.360349 ], [ -158.077879, 21.359965 ], [ -158.078034, 21.360006 ], [ -158.078005, 21.360529 ], [ -158.078199, 21.36096 ], [ -158.078433, 21.360979 ], [ -158.07857, 21.361223 ], [ -158.078832, 21.361257 ], [ -158.079173, 21.360378 ], [ -158.079668, 21.359762 ], [ -158.079949, 21.359881 ], [ -158.080133, 21.360541 ], [ -158.079855, 21.361949 ], [ -158.08018, 21.362149 ], [ -158.080235, 21.362743 ], [ -158.080966, 21.36401 ], [ -158.080562, 21.362767 ], [ -158.080647, 21.359769 ], [ -158.080324, 21.35926 ], [ -158.079804, 21.358785 ], [ -158.079308, 21.357637 ], [ -158.079395, 21.355994 ], [ -158.079015, 21.354077 ], [ -158.078343, 21.351886 ], [ -158.077475, 21.350292 ], [ -158.075458, 21.350908 ], [ -158.075294, 21.350843 ], [ -158.072131, 21.348087 ], [ -158.070891, 21.347602 ], [ -158.07019, 21.348643 ], [ -158.068068, 21.350606 ], [ -158.067487, 21.35022 ], [ -158.067515, 21.350025 ], [ -158.068245, 21.350234 ], [ -158.068506, 21.349431 ], [ -158.067784, 21.348939 ], [ -158.067431, 21.349778 ], [ -158.067302, 21.349781 ], [ -158.065762, 21.348442 ], [ -158.068736, 21.345405 ], [ -158.071546, 21.342998 ], [ -158.07363, 21.341472 ], [ -158.075892, 21.340352 ], [ -158.076247, 21.340647 ], [ -158.076007, 21.340818 ], [ -158.076216, 21.34109 ], [ -158.076339, 21.341002 ], [ -158.076697, 21.341643 ], [ -158.076687, 21.341781 ], [ -158.076456, 21.341843 ], [ -158.076391, 21.342225 ], [ -158.076765, 21.342281 ], [ -158.076727, 21.342372 ], [ -158.07412, 21.344865 ], [ -158.074634, 21.34563 ], [ -158.075197, 21.346086 ], [ -158.075659, 21.346145 ], [ -158.076433, 21.346518 ], [ -158.076708, 21.346408 ], [ -158.076859, 21.34622 ], [ -158.076842, 21.345255 ], [ -158.077018, 21.344751 ], [ -158.077423, 21.344498 ], [ -158.078173, 21.344424 ], [ -158.077947, 21.344133 ], [ -158.078696, 21.343602 ], [ -158.078966, 21.343206 ], [ -158.078175, 21.342223 ], [ -158.078738, 21.341526 ], [ -158.078972, 21.341428 ], [ -158.078944, 21.341331 ], [ -158.080603, 21.339707 ], [ -158.080821, 21.339358 ], [ -158.0816, 21.338705 ], [ -158.084177, 21.335392 ], [ -158.084944, 21.335118 ], [ -158.084924, 21.335037 ], [ -158.086725, 21.334466 ], [ -158.088815, 21.333939 ], [ -158.089316, 21.333938 ], [ -158.089834, 21.334131 ], [ -158.090138, 21.334385 ], [ -158.090333, 21.334857 ], [ -158.090267, 21.335094 ], [ -158.088888, 21.335598 ], [ -158.087978, 21.335723 ], [ -158.088147, 21.336127 ], [ -158.087749, 21.33662 ], [ -158.08489, 21.33854 ], [ -158.085049, 21.338999 ], [ -158.085853, 21.340293 ], [ -158.086059, 21.340446 ], [ -158.086076, 21.34101 ], [ -158.085871, 21.342107 ], [ -158.086719, 21.341865 ], [ -158.088772, 21.34344 ], [ -158.090404, 21.341765 ], [ -158.090895, 21.340693 ], [ -158.090671, 21.340606 ], [ -158.091525, 21.337462 ], [ -158.091912, 21.338321 ], [ -158.09239, 21.338742 ], [ -158.095399, 21.339371 ], [ -158.095233, 21.340556 ], [ -158.095718, 21.341099 ], [ -158.09533, 21.341487 ], [ -158.095541, 21.34194 ], [ -158.096025, 21.341886 ], [ -158.096411, 21.341377 ], [ -158.096444, 21.340311 ], [ -158.096716, 21.339688 ], [ -158.099865, 21.340831 ], [ -158.104421, 21.341392 ], [ -158.105728, 21.341742 ], [ -158.109104, 21.342178 ], [ -158.110327, 21.342598 ], [ -158.111632, 21.343633 ], [ -158.112415, 21.343987 ], [ -158.113934, 21.344193 ], [ -158.119146, 21.344406 ], [ -158.121278, 21.34537 ], [ -158.121647, 21.346795 ], [ -158.122975, 21.347418 ], [ -158.120268, 21.349931 ], [ -158.116249, 21.357485 ], [ -158.11614, 21.357469 ], [ -158.11622, 21.357682 ], [ -158.115478, 21.359896 ], [ -158.111664, 21.361999 ], [ -158.111121, 21.362687 ], [ -158.11088, 21.363843 ], [ -158.110451, 21.364477 ], [ -158.110632, 21.365041 ], [ -158.110725, 21.365023 ], [ -158.111172, 21.365755 ], [ -158.110831, 21.36707 ], [ -158.110865, 21.367404 ], [ -158.110711, 21.367383 ], [ -158.110629, 21.367846 ], [ -158.110825, 21.368135 ], [ -158.110442, 21.36828 ], [ -158.110238, 21.368236 ], [ -158.109793, 21.367789 ], [ -158.109832, 21.367619 ], [ -158.109949, 21.367621 ], [ -158.109952, 21.367411 ], [ -158.109825, 21.36741 ], [ -158.109783, 21.367784 ], [ -158.109467, 21.367223 ], [ -158.108773, 21.367043 ], [ -158.108476, 21.367181 ], [ -158.108092, 21.36761 ], [ -158.107989, 21.367558 ], [ -158.107556, 21.368566 ], [ -158.107641, 21.368643 ], [ -158.107242, 21.368942 ], [ -158.106806, 21.369069 ], [ -158.106307, 21.368933 ], [ -158.106139, 21.368656 ], [ -158.106228, 21.368262 ], [ -158.105931, 21.368021 ], [ -158.104511, 21.367928 ], [ -158.104222, 21.368017 ], [ -158.103059, 21.369255 ], [ -158.102905, 21.369291 ], [ -158.102782, 21.369267 ], [ -158.102609, 21.368856 ], [ -158.101392, 21.368592 ], [ -158.101279, 21.368431 ], [ -158.101251, 21.367806 ], [ -158.101059, 21.367622 ], [ -158.100685, 21.367662 ], [ -158.100342, 21.368027 ], [ -158.100106, 21.368054 ], [ -158.098748, 21.367327 ], [ -158.097795, 21.367365 ], [ -158.096939, 21.367703 ], [ -158.096315, 21.367582 ], [ -158.095512, 21.367736 ], [ -158.09498, 21.368506 ], [ -158.094944, 21.368809 ], [ -158.09513, 21.369348 ], [ -158.094954, 21.369679 ], [ -158.094176, 21.369038 ], [ -158.094202, 21.366615 ], [ -158.095125, 21.365405 ], [ -158.095258, 21.36438 ], [ -158.094872, 21.363811 ], [ -158.094372, 21.36256 ], [ -158.094686, 21.360951 ], [ -158.094145, 21.359918 ], [ -158.094006, 21.359357 ], [ -158.093284, 21.358551 ], [ -158.093194, 21.357492 ], [ -158.094985, 21.355631 ], [ -158.093785, 21.35519 ], [ -158.092941, 21.356982 ], [ -158.092745, 21.35811 ], [ -158.093245, 21.360646 ], [ -158.093672, 21.36104 ], [ -158.093483, 21.362277 ], [ -158.094647, 21.364435 ], [ -158.09478, 21.365006 ], [ -158.093789, 21.366642 ], [ -158.094309, 21.369975 ], [ -158.093287, 21.369584 ], [ -158.093004, 21.369779 ], [ -158.092272, 21.371096 ], [ -158.093069, 21.3716 ], [ -158.093058, 21.371831 ], [ -158.093287, 21.372181 ], [ -158.093129, 21.372859 ], [ -158.092715, 21.373521 ], [ -158.092037, 21.373855 ], [ -158.091106, 21.374021 ], [ -158.08747, 21.373472 ], [ -158.086722, 21.373217 ], [ -158.085879, 21.373168 ], [ -158.084214, 21.373548 ], [ -158.08361, 21.373332 ], [ -158.082818, 21.372634 ], [ -158.082037, 21.371523 ] ], [ [ -158.102122, 21.34255 ], [ -158.101926, 21.34273 ], [ -158.102043, 21.342833 ], [ -158.101799, 21.343148 ], [ -158.1022, 21.343528 ], [ -158.102978, 21.343076 ], [ -158.102709, 21.342635 ], [ -158.102452, 21.342614 ], [ -158.102177, 21.342327 ], [ -158.101777, 21.342261 ], [ -158.102122, 21.34255 ] ], [ [ -158.092533, 21.349902 ], [ -158.09295, 21.349457 ], [ -158.093186, 21.348477 ], [ -158.094112, 21.347756 ], [ -158.094364, 21.346676 ], [ -158.09353, 21.345921 ], [ -158.093625, 21.346695 ], [ -158.093469, 21.347103 ], [ -158.092198, 21.348086 ], [ -158.092068, 21.348771 ], [ -158.092115, 21.349296 ], [ -158.092009, 21.349425 ], [ -158.091233, 21.349248 ], [ -158.090901, 21.350163 ], [ -158.090966, 21.350445 ], [ -158.090853, 21.351134 ], [ -158.090626, 21.351313 ], [ -158.09057, 21.352249 ], [ -158.090039, 21.352959 ], [ -158.08971, 21.354889 ], [ -158.090024, 21.356589 ], [ -158.090273, 21.356816 ], [ -158.090543, 21.356817 ], [ -158.090804, 21.356594 ], [ -158.092238, 21.354632 ], [ -158.091186, 21.354223 ], [ -158.091616, 21.353662 ], [ -158.091678, 21.353078 ], [ -158.092242, 21.352407 ], [ -158.092131, 21.351455 ], [ -158.092533, 21.349902 ] ] ], [ [ [ -158.118812, 21.360131 ], [ -158.119459, 21.359684 ], [ -158.119694, 21.359326 ], [ -158.119766, 21.359021 ], [ -158.11966, 21.358441 ], [ -158.119927, 21.35825 ], [ -158.120284, 21.357544 ], [ -158.120283, 21.356956 ], [ -158.120518, 21.356536 ], [ -158.121268, 21.355755 ], [ -158.121991, 21.354372 ], [ -158.122616, 21.353751 ], [ -158.123156, 21.353542 ], [ -158.123596, 21.35294 ], [ -158.123888, 21.353034 ], [ -158.125565, 21.35168 ], [ -158.126813, 21.351976 ], [ -158.127506, 21.351872 ], [ -158.127957, 21.35195 ], [ -158.127892, 21.351602 ], [ -158.129354, 21.350984 ], [ -158.129513, 21.351877 ], [ -158.129488, 21.353716 ], [ -158.130428, 21.353975 ], [ -158.130287, 21.354483 ], [ -158.130433, 21.354705 ], [ -158.130787, 21.354639 ], [ -158.130502, 21.354936 ], [ -158.130698, 21.355515 ], [ -158.130991, 21.355643 ], [ -158.130308, 21.355915 ], [ -158.130394, 21.356173 ], [ -158.130541, 21.356219 ], [ -158.130465, 21.356318 ], [ -158.130557, 21.356422 ], [ -158.131246, 21.356245 ], [ -158.131203, 21.356498 ], [ -158.131647, 21.357995 ], [ -158.132247, 21.359403 ], [ -158.132324, 21.359959 ], [ -158.132912, 21.360965 ], [ -158.134716, 21.365264 ], [ -158.132655, 21.365944 ], [ -158.129691, 21.368194 ], [ -158.122814, 21.367548 ], [ -158.121495, 21.364655 ], [ -158.118499, 21.36059 ], [ -158.118812, 21.360131 ] ] ], [ [ [ -158.189047, 21.472335 ], [ -158.194225, 21.468435 ], [ -158.19617, 21.464184 ], [ -158.197584, 21.463149 ], [ -158.198083, 21.462435 ], [ -158.199496, 21.462198 ], [ -158.199353, 21.462133 ], [ -158.199047, 21.460827 ], [ -158.199197, 21.460428 ], [ -158.197832, 21.460003 ], [ -158.197958, 21.460142 ], [ -158.197672, 21.461621 ], [ -158.196888, 21.461838 ], [ -158.19505, 21.461444 ], [ -158.194295, 21.460987 ], [ -158.192361, 21.460411 ], [ -158.19143, 21.460311 ], [ -158.19265, 21.458995 ], [ -158.185326, 21.453569 ], [ -158.186317, 21.451931 ], [ -158.187079, 21.452511 ], [ -158.187717, 21.451748 ], [ -158.185826, 21.450313 ], [ -158.186112, 21.450072 ], [ -158.185375, 21.449905 ], [ -158.184631, 21.449513 ], [ -158.18247, 21.447594 ], [ -158.181534, 21.447358 ], [ -158.180088, 21.447461 ], [ -158.179965, 21.446859 ], [ -158.179481, 21.446955 ], [ -158.179061, 21.446754 ], [ -158.179477, 21.446401 ], [ -158.180476, 21.445093 ], [ -158.182451, 21.44409 ], [ -158.182441, 21.442884 ], [ -158.180816, 21.442539 ], [ -158.179587, 21.442843 ], [ -158.177121, 21.443044 ], [ -158.175896, 21.443033 ], [ -158.17414, 21.442789 ], [ -158.172906, 21.442854 ], [ -158.171134, 21.443265 ], [ -158.175939, 21.43484 ], [ -158.176906, 21.43437 ], [ -158.178287, 21.43401 ], [ -158.17992, 21.433949 ], [ -158.181162, 21.433393 ], [ -158.181597, 21.433104 ], [ -158.181852, 21.432603 ], [ -158.181974, 21.431988 ], [ -158.18182, 21.431663 ], [ -158.181171, 21.43193 ], [ -158.178768, 21.430783 ], [ -158.178744, 21.430464 ], [ -158.176823, 21.430673 ], [ -158.176025, 21.431555 ], [ -158.174683, 21.430588 ], [ -158.174798, 21.430457 ], [ -158.173401, 21.429436 ], [ -158.173236, 21.42872 ], [ -158.174685, 21.428513 ], [ -158.1742, 21.426499 ], [ -158.172879, 21.426686 ], [ -158.172289, 21.424206 ], [ -158.1752, 21.423799 ], [ -158.174803, 21.42212 ], [ -158.171892, 21.422534 ], [ -158.170698, 21.417386 ], [ -158.16817, 21.418285 ], [ -158.165035, 21.412056 ], [ -158.163342, 21.410246 ], [ -158.161544, 21.404407 ], [ -158.160818, 21.404277 ], [ -158.16032, 21.404418 ], [ -158.158274, 21.405863 ], [ -158.157393, 21.406253 ], [ -158.157187, 21.406213 ], [ -158.156681, 21.40555 ], [ -158.158023, 21.404733 ], [ -158.159734, 21.40271 ], [ -158.161238, 21.401676 ], [ -158.161792, 21.401507 ], [ -158.16336, 21.40171 ], [ -158.164304, 21.401573 ], [ -158.165253, 21.402272 ], [ -158.166309, 21.402783 ], [ -158.170421, 21.403696 ], [ -158.170746, 21.405065 ], [ -158.17673, 21.403843 ], [ -158.176268, 21.402414 ], [ -158.17584, 21.401737 ], [ -158.175208, 21.401089 ], [ -158.173152, 21.399401 ], [ -158.171875, 21.398651 ], [ -158.171485, 21.399349 ], [ -158.17122, 21.399242 ], [ -158.170725, 21.399785 ], [ -158.169337, 21.399929 ], [ -158.169086, 21.399556 ], [ -158.167649, 21.399352 ], [ -158.167395, 21.399047 ], [ -158.165838, 21.398893 ], [ -158.164097, 21.399402 ], [ -158.164438, 21.398455 ], [ -158.162952, 21.397982 ], [ -158.162539, 21.399122 ], [ -158.161483, 21.398123 ], [ -158.160952, 21.39834 ], [ -158.160804, 21.398103 ], [ -158.160401, 21.39827 ], [ -158.160562, 21.398496 ], [ -158.157129, 21.398521 ], [ -158.153145, 21.395076 ], [ -158.147259, 21.398334 ], [ -158.146495, 21.399386 ], [ -158.145999, 21.400317 ], [ -158.145405, 21.402091 ], [ -158.144978, 21.403646 ], [ -158.145107, 21.403805 ], [ -158.144898, 21.404618 ], [ -158.145093, 21.405656 ], [ -158.14443, 21.406635 ], [ -158.14374, 21.407113 ], [ -158.142435, 21.406297 ], [ -158.14295, 21.39898 ], [ -158.142506, 21.398245 ], [ -158.14174, 21.39583 ], [ -158.141759, 21.39509 ], [ -158.142976, 21.393148 ], [ -158.143359, 21.392779 ], [ -158.148333, 21.391287 ], [ -158.144078, 21.387617 ], [ -158.144491, 21.387137 ], [ -158.14274, 21.387148 ], [ -158.139816, 21.389263 ], [ -158.137585, 21.390634 ], [ -158.137064, 21.39055 ], [ -158.133978, 21.391539 ], [ -158.133539, 21.3909 ], [ -158.13073, 21.392025 ], [ -158.130565, 21.391876 ], [ -158.130202, 21.39199 ], [ -158.130083, 21.39187 ], [ -158.130233, 21.391776 ], [ -158.130043, 21.391521 ], [ -158.129328, 21.391337 ], [ -158.128679, 21.390791 ], [ -158.128271, 21.389967 ], [ -158.127924, 21.389817 ], [ -158.127237, 21.389765 ], [ -158.127588, 21.389094 ], [ -158.128113, 21.388936 ], [ -158.128428, 21.388644 ], [ -158.128397, 21.387988 ], [ -158.128547, 21.387586 ], [ -158.128896, 21.387399 ], [ -158.129256, 21.387389 ], [ -158.130026, 21.388132 ], [ -158.130794, 21.387179 ], [ -158.130763, 21.386016 ], [ -158.129606, 21.384372 ], [ -158.129891, 21.383848 ], [ -158.130566, 21.383435 ], [ -158.132228, 21.383659 ], [ -158.133274, 21.382632 ], [ -158.134924, 21.383869 ], [ -158.135436, 21.383308 ], [ -158.135605, 21.382901 ], [ -158.135865, 21.382877 ], [ -158.13607, 21.382455 ], [ -158.13712, 21.381621 ], [ -158.137531, 21.381068 ], [ -158.1377, 21.380203 ], [ -158.138337, 21.379718 ], [ -158.138404, 21.379357 ], [ -158.138906, 21.379187 ], [ -158.139039, 21.378928 ], [ -158.139606, 21.378875 ], [ -158.140545, 21.3773 ], [ -158.140138, 21.376867 ], [ -158.139449, 21.375682 ], [ -158.139205, 21.375859 ], [ -158.139155, 21.376148 ], [ -158.138942, 21.376122 ], [ -158.135027, 21.369568 ], [ -158.135901, 21.368732 ], [ -158.136454, 21.369305 ], [ -158.136906, 21.369226 ], [ -158.137077, 21.369443 ], [ -158.137512, 21.369161 ], [ -158.137836, 21.369239 ], [ -158.13776, 21.36984 ], [ -158.1382, 21.369973 ], [ -158.137918, 21.370843 ], [ -158.139015, 21.371852 ], [ -158.139214, 21.372255 ], [ -158.139685, 21.372207 ], [ -158.140437, 21.371927 ], [ -158.14106, 21.372006 ], [ -158.141167, 21.372337 ], [ -158.141432, 21.372591 ], [ -158.141513, 21.373274 ], [ -158.141401, 21.373964 ], [ -158.141202, 21.374221 ], [ -158.141173, 21.374799 ], [ -158.141756, 21.375868 ], [ -158.142544, 21.37678 ], [ -158.142874, 21.377368 ], [ -158.14315, 21.377487 ], [ -158.143691, 21.377436 ], [ -158.144832, 21.378589 ], [ -158.145349, 21.378935 ], [ -158.146408, 21.379328 ], [ -158.146461, 21.379749 ], [ -158.146685, 21.380075 ], [ -158.146656, 21.380445 ], [ -158.147002, 21.381224 ], [ -158.147061, 21.381753 ], [ -158.148155, 21.383254 ], [ -158.150136, 21.384944 ], [ -158.152053, 21.386752 ], [ -158.153181, 21.38799 ], [ -158.155615, 21.390063 ], [ -158.156284, 21.390802 ], [ -158.159094, 21.393134 ], [ -158.160183, 21.393618 ], [ -158.160894, 21.394313 ], [ -158.162722, 21.395677 ], [ -158.164334, 21.396295 ], [ -158.166314, 21.396788 ], [ -158.16665, 21.397206 ], [ -158.166997, 21.397189 ], [ -158.167526, 21.397454 ], [ -158.168808, 21.397162 ], [ -158.169243, 21.397647 ], [ -158.17003, 21.397656 ], [ -158.170371, 21.397874 ], [ -158.171189, 21.397928 ], [ -158.171831, 21.39818 ], [ -158.172495, 21.398147 ], [ -158.173089, 21.399004 ], [ -158.173853, 21.399617 ], [ -158.174953, 21.400079 ], [ -158.175281, 21.400442 ], [ -158.176728, 21.401474 ], [ -158.176857, 21.401696 ], [ -158.176886, 21.402496 ], [ -158.177004, 21.402632 ], [ -158.176998, 21.403282 ], [ -158.176874, 21.403458 ], [ -158.17695, 21.403617 ], [ -158.177198, 21.403672 ], [ -158.178309, 21.405204 ], [ -158.178674, 21.406642 ], [ -158.177914, 21.407935 ], [ -158.178125, 21.409499 ], [ -158.177344, 21.411162 ], [ -158.177319, 21.411664 ], [ -158.178272, 21.413927 ], [ -158.178583, 21.415306 ], [ -158.178688, 21.416319 ], [ -158.178424, 21.417917 ], [ -158.178933, 21.421104 ], [ -158.179452, 21.422697 ], [ -158.179946, 21.423738 ], [ -158.179986, 21.424334 ], [ -158.179799, 21.425467 ], [ -158.179844, 21.426547 ], [ -158.180891, 21.428757 ], [ -158.179886, 21.428436 ], [ -158.179438, 21.42842 ], [ -158.179691, 21.428692 ], [ -158.180638, 21.429063 ], [ -158.181768, 21.429231 ], [ -158.182597, 21.429958 ], [ -158.182938, 21.430068 ], [ -158.182797, 21.430288 ], [ -158.183026, 21.430434 ], [ -158.183014, 21.430655 ], [ -158.183666, 21.43144 ], [ -158.183702, 21.431693 ], [ -158.184402, 21.432609 ], [ -158.184678, 21.433356 ], [ -158.185431, 21.434678 ], [ -158.186913, 21.436578 ], [ -158.187307, 21.43752 ], [ -158.188277, 21.439241 ], [ -158.189153, 21.440284 ], [ -158.189578, 21.440553 ], [ -158.190336, 21.440651 ], [ -158.191312, 21.440123 ], [ -158.191989, 21.440144 ], [ -158.192, 21.440655 ], [ -158.191854, 21.440532 ], [ -158.191541, 21.440978 ], [ -158.190959, 21.441133 ], [ -158.190236, 21.440999 ], [ -158.190271, 21.441433 ], [ -158.190053, 21.441599 ], [ -158.189677, 21.441606 ], [ -158.189565, 21.44203 ], [ -158.189259, 21.442173 ], [ -158.189093, 21.44299 ], [ -158.18913, 21.443636 ], [ -158.19, 21.445542 ], [ -158.190553, 21.446281 ], [ -158.191747, 21.447217 ], [ -158.192776, 21.447566 ], [ -158.19304, 21.448177 ], [ -158.192694, 21.448541 ], [ -158.192953, 21.448655 ], [ -158.193299, 21.448445 ], [ -158.193829, 21.448745 ], [ -158.194347, 21.448644 ], [ -158.194571, 21.448388 ], [ -158.195247, 21.448684 ], [ -158.196076, 21.448792 ], [ -158.196558, 21.449319 ], [ -158.196447, 21.449427 ], [ -158.196482, 21.449607 ], [ -158.196783, 21.449776 ], [ -158.19717, 21.450532 ], [ -158.198005, 21.45097 ], [ -158.198346, 21.45103 ], [ -158.198305, 21.45154 ], [ -158.198594, 21.451619 ], [ -158.1993, 21.451536 ], [ -158.200088, 21.451937 ], [ -158.200064, 21.452791 ], [ -158.200299, 21.453163 ], [ -158.201388, 21.453543 ], [ -158.202318, 21.453656 ], [ -158.202706, 21.454208 ], [ -158.202487, 21.455432 ], [ -158.202693, 21.455753 ], [ -158.202687, 21.456237 ], [ -158.202823, 21.456581 ], [ -158.203029, 21.456762 ], [ -158.203565, 21.45775 ], [ -158.204076, 21.45786 ], [ -158.204106, 21.458068 ], [ -158.20434, 21.458169 ], [ -158.204464, 21.4584 ], [ -158.205176, 21.458864 ], [ -158.20524, 21.459271 ], [ -158.205747, 21.459237 ], [ -158.20743, 21.460198 ], [ -158.208694, 21.460615 ], [ -158.209759, 21.46081 ], [ -158.210348, 21.460709 ], [ -158.210813, 21.460201 ], [ -158.211347, 21.460135 ], [ -158.211877, 21.4597 ], [ -158.21456, 21.459748 ], [ -158.214213, 21.460334 ], [ -158.214441, 21.460547 ], [ -158.21439, 21.460674 ], [ -158.213836, 21.460933 ], [ -158.213142, 21.461065 ], [ -158.213012, 21.461214 ], [ -158.213095, 21.462416 ], [ -158.213395, 21.463492 ], [ -158.213883, 21.464434 ], [ -158.214559, 21.46497 ], [ -158.215019, 21.465058 ], [ -158.215454, 21.4653 ], [ -158.216977, 21.466387 ], [ -158.217072, 21.466798 ], [ -158.217361, 21.466935 ], [ -158.217738, 21.467384 ], [ -158.217955, 21.468298 ], [ -158.217767, 21.468441 ], [ -158.217401, 21.468431 ], [ -158.217419, 21.46867 ], [ -158.21809, 21.469568 ], [ -158.218514, 21.47106 ], [ -158.218455, 21.471291 ], [ -158.218696, 21.471635 ], [ -158.219214, 21.471931 ], [ -158.219308, 21.472153 ], [ -158.219243, 21.473029 ], [ -158.219508, 21.473595 ], [ -158.21995, 21.475368 ], [ -158.221008, 21.47713 ], [ -158.221973, 21.478047 ], [ -158.222651, 21.478154 ], [ -158.223386, 21.478053 ], [ -158.224204, 21.478215 ], [ -158.225604, 21.477779 ], [ -158.226768, 21.478389 ], [ -158.226981, 21.478734 ], [ -158.22757, 21.478921 ], [ -158.227964, 21.479271 ], [ -158.228241, 21.479995 ], [ -158.228716, 21.480639 ], [ -158.230336, 21.481784 ], [ -158.230607, 21.482409 ], [ -158.230935, 21.482736 ], [ -158.230988, 21.483097 ], [ -158.228224, 21.483977 ], [ -158.22747, 21.482576 ], [ -158.223999, 21.47981 ], [ -158.222527, 21.479561 ], [ -158.222382, 21.479638 ], [ -158.222554, 21.480034 ], [ -158.221348, 21.480475 ], [ -158.221262, 21.480275 ], [ -158.2164, 21.482855 ], [ -158.208657, 21.480386 ], [ -158.203151, 21.483775 ], [ -158.203017, 21.484549 ], [ -158.189951, 21.490997 ], [ -158.188499, 21.490516 ], [ -158.187308, 21.491572 ], [ -158.18667, 21.492629 ], [ -158.18526, 21.493871 ], [ -158.182564, 21.495312 ], [ -158.179972, 21.489834 ], [ -158.179816, 21.487001 ], [ -158.183022, 21.48293 ], [ -158.1859, 21.48093 ], [ -158.189694, 21.476886 ], [ -158.189629, 21.476435 ], [ -158.189047, 21.472335 ] ], [ [ -158.211769, 21.460372 ], [ -158.21205, 21.460654 ], [ -158.21265, 21.460668 ], [ -158.213315, 21.460671 ], [ -158.213739, 21.460551 ], [ -158.214039, 21.46035 ], [ -158.214146, 21.460113 ], [ -158.214018, 21.459942 ], [ -158.212996, 21.459871 ], [ -158.212001, 21.459922 ], [ -158.211717, 21.46008 ], [ -158.211769, 21.460372 ] ], [ [ -158.167643, 21.409567 ], [ -158.167651, 21.416593 ], [ -158.173298, 21.415798 ], [ -158.171796, 21.409502 ], [ -158.169403, 21.40954 ], [ -158.167643, 21.409567 ] ] ], [ [ [ -158.050195, 21.495584 ], [ -158.049859, 21.494697 ], [ -158.04846, 21.493639 ], [ -158.047721, 21.493602 ], [ -158.047439, 21.493872 ], [ -158.04725, 21.493722 ], [ -158.047243, 21.49348 ], [ -158.047053, 21.493241 ], [ -158.046523, 21.492787 ], [ -158.043734, 21.492043 ], [ -158.043377, 21.49111 ], [ -158.043507, 21.490796 ], [ -158.043403, 21.490032 ], [ -158.043064, 21.489986 ], [ -158.043057, 21.489589 ], [ -158.0427, 21.489087 ], [ -158.042582, 21.488647 ], [ -158.039784, 21.488399 ], [ -158.039376, 21.48905 ], [ -158.039534, 21.489502 ], [ -158.039251, 21.489663 ], [ -158.038955, 21.489443 ], [ -158.038478, 21.489415 ], [ -158.038021, 21.489057 ], [ -158.037727, 21.489212 ], [ -158.036781, 21.489315 ], [ -158.036575, 21.489595 ], [ -158.036499, 21.490027 ], [ -158.036897, 21.490659 ], [ -158.03663, 21.49158 ], [ -158.036389, 21.491439 ], [ -158.03562, 21.491665 ], [ -158.035388, 21.491581 ], [ -158.034763, 21.491905 ], [ -158.034418, 21.491849 ], [ -158.03432, 21.49152 ], [ -158.034532, 21.491192 ], [ -158.034334, 21.490446 ], [ -158.034235, 21.490404 ], [ -158.033574, 21.490457 ], [ -158.03275, 21.490897 ], [ -158.031716, 21.490677 ], [ -158.031448, 21.490773 ], [ -158.03128, 21.490998 ], [ -158.031546, 21.491696 ], [ -158.030168, 21.491277 ], [ -158.029602, 21.491285 ], [ -158.028078, 21.491996 ], [ -158.027907, 21.491703 ], [ -158.028852, 21.491341 ], [ -158.029169, 21.490934 ], [ -158.029241, 21.490176 ], [ -158.028833, 21.489792 ], [ -158.028258, 21.487 ], [ -158.028033, 21.486474 ], [ -158.024925, 21.469785 ], [ -158.024246, 21.465309 ], [ -158.035629, 21.463942 ], [ -158.038404, 21.465313 ], [ -158.04158, 21.469588 ], [ -158.042728, 21.469787 ], [ -158.043322, 21.470383 ], [ -158.044334, 21.470151 ], [ -158.044698, 21.470261 ], [ -158.044851, 21.470857 ], [ -158.046757, 21.472793 ], [ -158.046651, 21.47357 ], [ -158.048198, 21.474535 ], [ -158.052233, 21.474708 ], [ -158.052563, 21.474791 ], [ -158.052945, 21.475529 ], [ -158.053228, 21.475337 ], [ -158.054217, 21.475171 ], [ -158.054158, 21.475799 ], [ -158.05444, 21.475949 ], [ -158.054505, 21.476912 ], [ -158.05428, 21.477292 ], [ -158.053175, 21.477913 ], [ -158.053045, 21.478332 ], [ -158.053073, 21.479156 ], [ -158.053277, 21.479642 ], [ -158.054937, 21.480357 ], [ -158.055626, 21.480332 ], [ -158.056148, 21.480544 ], [ -158.056498, 21.480925 ], [ -158.05651, 21.481361 ], [ -158.056369, 21.481769 ], [ -158.055489, 21.482448 ], [ -158.058366, 21.48319 ], [ -158.070312, 21.487626 ], [ -158.080442, 21.488064 ], [ -158.084247, 21.486106 ], [ -158.084075, 21.48702 ], [ -158.083812, 21.487093 ], [ -158.084505, 21.490224 ], [ -158.082656, 21.491998 ], [ -158.082143, 21.492729 ], [ -158.080016, 21.494394 ], [ -158.078561, 21.494998 ], [ -158.07762, 21.496154 ], [ -158.077137, 21.496176 ], [ -158.077109, 21.49672 ], [ -158.07616, 21.496746 ], [ -158.075643, 21.497309 ], [ -158.076926, 21.498422 ], [ -158.076142, 21.499219 ], [ -158.075307, 21.498539 ], [ -158.073826, 21.500013 ], [ -158.073072, 21.500122 ], [ -158.072407, 21.500799 ], [ -158.072136, 21.501292 ], [ -158.07177, 21.501531 ], [ -158.070575, 21.501498 ], [ -158.069933, 21.501934 ], [ -158.066853, 21.505123 ], [ -158.061663, 21.505516 ], [ -158.060951, 21.504986 ], [ -158.06054, 21.5049 ], [ -158.060105, 21.504285 ], [ -158.060157, 21.503718 ], [ -158.060455, 21.502806 ], [ -158.060252, 21.502463 ], [ -158.059175, 21.501853 ], [ -158.058875, 21.501844 ], [ -158.057966, 21.502139 ], [ -158.057627, 21.500076 ], [ -158.056592, 21.499984 ], [ -158.054043, 21.498926 ], [ -158.053267, 21.498814 ], [ -158.052313, 21.498915 ], [ -158.051933, 21.499132 ], [ -158.051689, 21.499516 ], [ -158.050768, 21.49965 ], [ -158.050655, 21.498679 ], [ -158.050355, 21.498588 ], [ -158.050323, 21.497746 ], [ -158.05004, 21.497765 ], [ -158.05008, 21.49739 ], [ -158.050195, 21.495584 ] ] ], [ [ [ -158.091062, 21.486872 ], [ -158.091675, 21.486381 ], [ -158.092344, 21.486592 ], [ -158.092821, 21.486587 ], [ -158.093443, 21.486934 ], [ -158.094166, 21.486822 ], [ -158.095149, 21.48695 ], [ -158.095741, 21.48734 ], [ -158.095669, 21.488792 ], [ -158.092223, 21.488576 ], [ -158.090768, 21.488602 ], [ -158.090263, 21.488137 ], [ -158.090363, 21.487123 ], [ -158.090592, 21.486993 ], [ -158.091062, 21.486872 ] ] ], [ [ [ -158.081006, 21.504203 ], [ -158.081194, 21.50491 ], [ -158.080872, 21.505337 ], [ -158.080492, 21.505636 ], [ -158.076066, 21.50563 ], [ -158.076136, 21.502733 ], [ -158.076425, 21.502735 ], [ -158.076485, 21.501998 ], [ -158.076904, 21.500614 ], [ -158.07732, 21.500232 ], [ -158.081028, 21.500299 ], [ -158.08104, 21.501433 ], [ -158.081006, 21.504203 ] ] ], [ [ [ -158.120895, 21.564248 ], [ -158.120785, 21.564617 ], [ -158.120178, 21.565206 ], [ -158.119752, 21.564993 ], [ -158.12045, 21.562152 ], [ -158.120779, 21.561559 ], [ -158.121578, 21.561699 ], [ -158.120833, 21.563334 ], [ -158.120895, 21.564248 ] ] ], [ [ [ -158.111036, 21.564349 ], [ -158.110153, 21.564308 ], [ -158.11009, 21.564061 ], [ -158.1092, 21.563584 ], [ -158.109163, 21.563193 ], [ -158.109813, 21.562317 ], [ -158.110843, 21.56242 ], [ -158.111147, 21.562693 ], [ -158.111434, 21.563306 ], [ -158.11184, 21.563387 ], [ -158.111325, 21.564253 ], [ -158.111036, 21.564349 ] ] ], [ [ [ -158.128522, 21.56615 ], [ -158.129375, 21.566343 ], [ -158.128998, 21.567723 ], [ -158.128183, 21.567526 ], [ -158.128522, 21.56615 ] ] ], [ [ [ -158.156028, 21.580834 ], [ -158.155245, 21.580979 ], [ -158.153444, 21.580834 ], [ -158.152743, 21.580654 ], [ -158.151401, 21.580814 ], [ -158.149776, 21.581235 ], [ -158.149057, 21.581258 ], [ -158.147242, 21.581863 ], [ -158.145337, 21.582313 ], [ -158.143411, 21.583035 ], [ -158.141639, 21.583061 ], [ -158.138738, 21.584017 ], [ -158.137778, 21.58417 ], [ -158.136193, 21.584098 ], [ -158.134863, 21.583738 ], [ -158.133632, 21.582995 ], [ -158.132002, 21.582422 ], [ -158.130683, 21.582379 ], [ -158.129588, 21.582147 ], [ -158.128563, 21.58211 ], [ -158.127445, 21.582374 ], [ -158.126685, 21.5827 ], [ -158.125491, 21.582761 ], [ -158.123471, 21.583215 ], [ -158.122706, 21.583871 ], [ -158.122659, 21.584114 ], [ -158.122846, 21.584377 ], [ -158.122776, 21.584517 ], [ -158.122423, 21.58456 ], [ -158.122282, 21.584736 ], [ -158.121799, 21.584765 ], [ -158.121416, 21.584456 ], [ -158.121222, 21.584111 ], [ -158.12121, 21.583537 ], [ -158.120956, 21.583116 ], [ -158.12088, 21.58237 ], [ -158.120483, 21.581653 ], [ -158.124339, 21.581299 ], [ -158.124362, 21.580192 ], [ -158.124494, 21.57989 ], [ -158.122659, 21.577334 ], [ -158.122867, 21.576989 ], [ -158.122258, 21.576219 ], [ -158.122612, 21.574745 ], [ -158.120427, 21.574197 ], [ -158.121525, 21.572109 ], [ -158.120835, 21.571067 ], [ -158.120191, 21.570687 ], [ -158.118808, 21.57057 ], [ -158.118798, 21.569744 ], [ -158.118621, 21.569136 ], [ -158.117416, 21.56711 ], [ -158.117537, 21.566235 ], [ -158.117771, 21.565797 ], [ -158.117978, 21.565699 ], [ -158.118931, 21.565735 ], [ -158.120123, 21.565437 ], [ -158.120657, 21.565667 ], [ -158.120983, 21.565346 ], [ -158.121118, 21.565424 ], [ -158.121301, 21.565987 ], [ -158.123873, 21.566775 ], [ -158.124352, 21.566091 ], [ -158.124297, 21.564366 ], [ -158.123247, 21.563289 ], [ -158.123532, 21.562399 ], [ -158.124962, 21.561255 ], [ -158.124966, 21.560876 ], [ -158.125132, 21.560772 ], [ -158.125767, 21.561956 ], [ -158.126758, 21.562467 ], [ -158.126551, 21.563798 ], [ -158.126012, 21.564091 ], [ -158.125744, 21.56379 ], [ -158.125452, 21.564146 ], [ -158.128638, 21.564769 ], [ -158.12795, 21.567727 ], [ -158.13387, 21.569266 ], [ -158.122964, 21.567588 ], [ -158.122999, 21.568249 ], [ -158.124506, 21.571419 ], [ -158.124912, 21.571978 ], [ -158.127679, 21.574389 ], [ -158.127759, 21.574753 ], [ -158.127641, 21.575407 ], [ -158.127118, 21.575926 ], [ -158.128185, 21.576987 ], [ -158.128415, 21.577546 ], [ -158.128805, 21.577957 ], [ -158.13031, 21.578967 ], [ -158.131302, 21.579846 ], [ -158.130869, 21.580123 ], [ -158.1306, 21.580545 ], [ -158.130298, 21.580729 ], [ -158.130035, 21.581124 ], [ -158.130086, 21.581284 ], [ -158.144481, 21.581686 ], [ -158.150534, 21.580518 ], [ -158.150362, 21.57965 ], [ -158.150786, 21.579595 ], [ -158.150998, 21.580468 ], [ -158.152367, 21.580203 ], [ -158.155851, 21.579961 ], [ -158.155908, 21.579783 ], [ -158.15972, 21.579471 ], [ -158.159614, 21.580037 ], [ -158.15839, 21.57992 ], [ -158.15667, 21.580494 ], [ -158.156028, 21.580834 ] ] ], [ [ [ -158.11276, 21.574847 ], [ -158.112553, 21.574491 ], [ -158.111601, 21.573951 ], [ -158.109777, 21.572534 ], [ -158.110181, 21.572085 ], [ -158.108584, 21.570846 ], [ -158.109971, 21.566912 ], [ -158.110138, 21.566983 ], [ -158.11026, 21.567374 ], [ -158.110726, 21.567729 ], [ -158.110089, 21.568825 ], [ -158.111829, 21.568625 ], [ -158.111914, 21.568465 ], [ -158.112274, 21.568312 ], [ -158.112683, 21.569544 ], [ -158.112777, 21.569529 ], [ -158.113218, 21.57019 ], [ -158.113698, 21.570155 ], [ -158.113833, 21.570465 ], [ -158.114623, 21.570329 ], [ -158.114448, 21.571128 ], [ -158.114172, 21.571268 ], [ -158.114319, 21.572263 ], [ -158.114878, 21.572144 ], [ -158.114981, 21.572749 ], [ -158.11516, 21.572642 ], [ -158.115612, 21.573602 ], [ -158.115196, 21.573694 ], [ -158.115501, 21.575479 ], [ -158.116733, 21.575411 ], [ -158.116764, 21.575892 ], [ -158.118804, 21.575702 ], [ -158.119987, 21.575809 ], [ -158.120134, 21.576226 ], [ -158.120196, 21.577396 ], [ -158.119538, 21.579577 ], [ -158.119168, 21.580179 ], [ -158.118836, 21.580385 ], [ -158.118336, 21.580288 ], [ -158.116577, 21.578378 ], [ -158.116959, 21.577158 ], [ -158.113538, 21.576491 ], [ -158.113307, 21.575788 ], [ -158.112933, 21.57586 ], [ -158.112324, 21.575044 ], [ -158.11276, 21.574847 ] ] ], [ [ [ -158.111078, 21.577602 ], [ -158.111409, 21.577501 ], [ -158.11172, 21.578209 ], [ -158.111352, 21.578359 ], [ -158.11116, 21.580605 ], [ -158.110643, 21.580501 ], [ -158.110569, 21.580302 ], [ -158.110134, 21.580161 ], [ -158.109996, 21.579818 ], [ -158.108615, 21.580186 ], [ -158.108302, 21.579572 ], [ -158.107623, 21.579798 ], [ -158.107483, 21.580297 ], [ -158.107247, 21.580317 ], [ -158.106451, 21.580988 ], [ -158.10667, 21.581507 ], [ -158.106574, 21.581639 ], [ -158.106836, 21.582087 ], [ -158.106162, 21.582203 ], [ -158.105826, 21.581704 ], [ -158.105475, 21.581938 ], [ -158.104687, 21.581931 ], [ -158.104621, 21.582101 ], [ -158.103752, 21.581768 ], [ -158.103622, 21.579988 ], [ -158.10386, 21.579841 ], [ -158.104299, 21.580021 ], [ -158.105382, 21.580142 ], [ -158.105493, 21.579646 ], [ -158.104172, 21.579189 ], [ -158.104655, 21.57857 ], [ -158.104392, 21.577753 ], [ -158.104884, 21.576783 ], [ -158.104841, 21.576386 ], [ -158.105242, 21.576378 ], [ -158.10571, 21.57782 ], [ -158.105917, 21.577783 ], [ -158.106231, 21.576387 ], [ -158.107041, 21.576156 ], [ -158.106593, 21.575536 ], [ -158.10666, 21.575234 ], [ -158.10799, 21.571885 ], [ -158.11229, 21.575922 ], [ -158.110173, 21.576086 ], [ -158.110134, 21.576608 ], [ -158.110498, 21.577228 ], [ -158.110876, 21.577204 ], [ -158.111078, 21.577602 ] ] ], [ [ [ -158.180003, 21.58049 ], [ -158.178365, 21.580346 ], [ -158.176871, 21.580673 ], [ -158.176564, 21.580617 ], [ -158.176365, 21.580878 ], [ -158.175569, 21.58115 ], [ -158.174939, 21.581517 ], [ -158.17382, 21.581753 ], [ -158.174554, 21.579091 ], [ -158.182929, 21.580552 ], [ -158.182666, 21.581515 ], [ -158.181775, 21.581081 ], [ -158.180003, 21.58049 ] ] ], [ [ [ -158.07097, 21.627318 ], [ -158.0733, 21.628651 ], [ -158.074649, 21.626634 ], [ -158.083532, 21.620575 ], [ -158.097285, 21.606999 ], [ -158.098743, 21.605409 ], [ -158.100502, 21.602648 ], [ -158.102642, 21.598906 ], [ -158.102372, 21.598732 ], [ -158.102579, 21.598095 ], [ -158.102132, 21.598014 ], [ -158.102427, 21.597362 ], [ -158.102376, 21.596551 ], [ -158.1022, 21.596511 ], [ -158.102062, 21.596108 ], [ -158.103193, 21.595633 ], [ -158.103227, 21.595002 ], [ -158.102918, 21.594964 ], [ -158.102396, 21.594202 ], [ -158.102069, 21.593944 ], [ -158.101528, 21.593919 ], [ -158.10158, 21.593665 ], [ -158.101009, 21.593521 ], [ -158.101268, 21.592808 ], [ -158.100647, 21.592639 ], [ -158.099233, 21.592621 ], [ -158.098722, 21.592746 ], [ -158.09838, 21.593171 ], [ -158.098313, 21.592839 ], [ -158.098447, 21.592087 ], [ -158.100129, 21.591475 ], [ -158.100359, 21.591812 ], [ -158.101489, 21.591367 ], [ -158.101817, 21.591351 ], [ -158.101685, 21.590889 ], [ -158.101799, 21.589914 ], [ -158.1021, 21.588661 ], [ -158.102334, 21.586182 ], [ -158.102479, 21.585529 ], [ -158.102686, 21.585174 ], [ -158.10308, 21.585688 ], [ -158.103201, 21.585378 ], [ -158.10372, 21.585635 ], [ -158.103769, 21.585442 ], [ -158.10599, 21.586007 ], [ -158.105866, 21.586667 ], [ -158.106081, 21.586977 ], [ -158.10588, 21.587058 ], [ -158.105705, 21.586908 ], [ -158.105408, 21.587115 ], [ -158.104947, 21.586665 ], [ -158.104262, 21.586818 ], [ -158.104294, 21.587706 ], [ -158.104793, 21.587963 ], [ -158.104795, 21.588905 ], [ -158.105206, 21.589129 ], [ -158.105202, 21.58947 ], [ -158.104894, 21.589628 ], [ -158.104748, 21.590193 ], [ -158.104902, 21.590663 ], [ -158.104153, 21.590695 ], [ -158.104009, 21.591051 ], [ -158.104148, 21.591268 ], [ -158.104156, 21.591593 ], [ -158.105117, 21.591447 ], [ -158.105384, 21.592006 ], [ -158.105703, 21.591932 ], [ -158.105617, 21.591628 ], [ -158.106616, 21.591256 ], [ -158.10669, 21.590888 ], [ -158.106927, 21.590846 ], [ -158.106983, 21.590433 ], [ -158.107267, 21.590309 ], [ -158.107177, 21.589862 ], [ -158.106559, 21.589786 ], [ -158.106515, 21.589466 ], [ -158.109185, 21.588084 ], [ -158.109023, 21.58778 ], [ -158.109068, 21.587401 ], [ -158.109334, 21.587326 ], [ -158.109383, 21.587155 ], [ -158.109936, 21.587166 ], [ -158.110018, 21.586671 ], [ -158.110465, 21.586641 ], [ -158.111316, 21.58699 ], [ -158.113078, 21.583883 ], [ -158.11304, 21.583459 ], [ -158.113928, 21.583676 ], [ -158.115939, 21.57976 ], [ -158.118222, 21.581113 ], [ -158.118935, 21.581146 ], [ -158.119065, 21.5818 ], [ -158.119325, 21.581974 ], [ -158.117954, 21.582639 ], [ -158.116883, 21.583483 ], [ -158.116312, 21.584108 ], [ -158.116729, 21.584855 ], [ -158.117742, 21.58576 ], [ -158.118032, 21.586235 ], [ -158.118715, 21.586691 ], [ -158.119586, 21.58754 ], [ -158.119916, 21.587691 ], [ -158.118991, 21.589213 ], [ -158.118738, 21.589383 ], [ -158.116701, 21.589214 ], [ -158.115429, 21.589289 ], [ -158.113945, 21.588969 ], [ -158.113027, 21.588982 ], [ -158.112443, 21.589291 ], [ -158.11099, 21.59062 ], [ -158.10953, 21.593024 ], [ -158.10977, 21.593464 ], [ -158.108729, 21.593824 ], [ -158.107434, 21.594734 ], [ -158.106568, 21.594815 ], [ -158.10622, 21.594362 ], [ -158.106268, 21.593888 ], [ -158.106591, 21.593731 ], [ -158.106396, 21.593111 ], [ -158.105542, 21.592682 ], [ -158.103864, 21.593364 ], [ -158.104107, 21.593682 ], [ -158.105537, 21.593111 ], [ -158.105802, 21.59323 ], [ -158.105867, 21.593425 ], [ -158.10456, 21.593987 ], [ -158.10496, 21.594996 ], [ -158.10562, 21.594797 ], [ -158.105732, 21.595041 ], [ -158.104818, 21.595353 ], [ -158.104301, 21.594342 ], [ -158.103983, 21.594494 ], [ -158.103341, 21.595394 ], [ -158.103447, 21.595896 ], [ -158.103935, 21.596211 ], [ -158.103588, 21.597361 ], [ -158.103836, 21.598947 ], [ -158.104101, 21.599333 ], [ -158.104213, 21.600097 ], [ -158.104477, 21.600319 ], [ -158.105172, 21.600427 ], [ -158.105219, 21.600766 ], [ -158.104996, 21.601271 ], [ -158.105242, 21.601683 ], [ -158.105555, 21.601834 ], [ -158.105973, 21.60175 ], [ -158.106096, 21.601828 ], [ -158.106397, 21.601698 ], [ -158.106615, 21.601763 ], [ -158.106822, 21.6025 ], [ -158.107575, 21.602558 ], [ -158.107752, 21.602767 ], [ -158.107728, 21.602993 ], [ -158.10704, 21.60345 ], [ -158.106804, 21.603787 ], [ -158.105873, 21.604013 ], [ -158.104955, 21.604708 ], [ -158.103883, 21.605213 ], [ -158.103224, 21.60581 ], [ -158.102423, 21.606989 ], [ -158.100862, 21.608055 ], [ -158.100274, 21.608685 ], [ -158.099284, 21.608833 ], [ -158.098242, 21.609171 ], [ -158.096564, 21.610313 ], [ -158.096163, 21.610745 ], [ -158.09594, 21.611448 ], [ -158.095633, 21.61183 ], [ -158.095343, 21.612854 ], [ -158.094867, 21.613416 ], [ -158.093301, 21.613783 ], [ -158.090179, 21.615207 ], [ -158.089095, 21.616393 ], [ -158.087382, 21.617445 ], [ -158.085803, 21.618887 ], [ -158.085556, 21.619364 ], [ -158.08588, 21.619809 ], [ -158.085467, 21.619906 ], [ -158.085368, 21.620479 ], [ -158.084697, 21.620886 ], [ -158.084725, 21.621162 ], [ -158.084196, 21.621014 ], [ -158.083523, 21.621313 ], [ -158.082446, 21.621587 ], [ -158.082282, 21.621731 ], [ -158.081665, 21.622559 ], [ -158.081477, 21.623208 ], [ -158.0811, 21.623816 ], [ -158.080629, 21.624007 ], [ -158.079781, 21.624052 ], [ -158.078774, 21.62439 ], [ -158.07812, 21.624671 ], [ -158.077949, 21.624977 ], [ -158.077436, 21.625038 ], [ -158.076805, 21.625463 ], [ -158.07577, 21.626515 ], [ -158.075598, 21.626997 ], [ -158.075327, 21.62733 ], [ -158.074621, 21.627646 ], [ -158.07402, 21.628149 ], [ -158.073943, 21.628672 ], [ -158.073642, 21.62886 ], [ -158.073372, 21.629437 ], [ -158.073012, 21.629778 ], [ -158.073078, 21.630127 ], [ -158.072941, 21.630275 ], [ -158.072536, 21.630268 ], [ -158.071598, 21.631573 ], [ -158.071338, 21.632136 ], [ -158.071362, 21.632795 ], [ -158.07154, 21.632991 ], [ -158.072087, 21.633188 ], [ -158.072182, 21.633459 ], [ -158.071917, 21.633377 ], [ -158.071822, 21.633561 ], [ -158.071351, 21.633148 ], [ -158.070915, 21.6331 ], [ -158.07058, 21.633324 ], [ -158.070703, 21.633505 ], [ -158.070579, 21.633649 ], [ -158.07042, 21.633558 ], [ -158.070226, 21.633629 ], [ -158.069695, 21.634164 ], [ -158.069779, 21.634548 ], [ -158.0692, 21.635593 ], [ -158.068811, 21.635975 ], [ -158.068899, 21.636513 ], [ -158.068788, 21.636846 ], [ -158.068894, 21.637344 ], [ -158.068806, 21.63784 ], [ -158.067443, 21.637029 ], [ -158.069537, 21.63413 ], [ -158.067446, 21.633522 ], [ -158.067749, 21.632013 ], [ -158.070426, 21.632744 ], [ -158.071299, 21.631498 ], [ -158.070621, 21.631174 ], [ -158.070508, 21.629746 ], [ -158.07097, 21.627318 ] ] ], [ [ [ -158.022483, 21.333771 ], [ -158.020954, 21.334531 ], [ -158.019899, 21.335312 ], [ -158.016227, 21.339132 ], [ -158.014055, 21.337067 ], [ -158.011342, 21.335173 ], [ -158.008677, 21.333832 ], [ -158.006162, 21.332939 ], [ -158.008572, 21.330401 ], [ -158.0091, 21.330101 ], [ -158.009647, 21.330059 ], [ -158.010865, 21.33041 ], [ -158.011937, 21.330439 ], [ -158.012469, 21.330295 ], [ -158.014037, 21.329516 ], [ -158.015664, 21.329722 ], [ -158.017264, 21.329153 ], [ -158.018726, 21.329069 ], [ -158.019181, 21.328929 ], [ -158.01936, 21.329224 ], [ -158.020127, 21.328815 ], [ -158.02164, 21.331338 ], [ -158.022607, 21.333601 ], [ -158.022483, 21.333771 ] ] ], [ [ [ -158.034467, 21.372683 ], [ -158.033134, 21.3725 ], [ -158.031999, 21.370588 ], [ -158.031949, 21.369704 ], [ -158.032867, 21.367954 ], [ -158.032964, 21.366252 ], [ -158.033508, 21.364667 ], [ -158.033532, 21.364156 ], [ -158.032494, 21.361855 ], [ -158.031891, 21.360822 ], [ -158.031719, 21.360915 ], [ -158.031073, 21.360455 ], [ -158.030794, 21.360382 ], [ -158.029651, 21.360384 ], [ -158.029802, 21.358578 ], [ -158.029731, 21.357803 ], [ -158.029117, 21.355355 ], [ -158.028667, 21.355458 ], [ -158.029288, 21.358001 ], [ -158.029322, 21.358557 ], [ -158.029153, 21.359651 ], [ -158.028718, 21.360914 ], [ -158.027252, 21.363122 ], [ -158.025972, 21.361634 ], [ -158.025641, 21.361411 ], [ -158.024946, 21.35959 ], [ -158.023359, 21.357974 ], [ -158.021825, 21.357004 ], [ -158.021971, 21.355825 ], [ -158.022512, 21.353407 ], [ -158.023228, 21.351861 ], [ -158.024037, 21.350746 ], [ -158.024464, 21.351691 ], [ -158.024762, 21.352764 ], [ -158.025383, 21.35341 ], [ -158.026837, 21.353813 ], [ -158.028606, 21.353485 ], [ -158.023277, 21.333801 ], [ -158.035012, 21.32939 ], [ -158.035387, 21.330499 ], [ -158.03543, 21.330951 ], [ -158.035214, 21.331945 ], [ -158.035381, 21.331946 ], [ -158.035683, 21.330381 ], [ -158.036217, 21.329598 ], [ -158.035146, 21.329391 ], [ -158.035036, 21.329131 ], [ -158.023753, 21.333328 ], [ -158.023171, 21.333416 ], [ -158.021634, 21.330423 ], [ -158.016597, 21.322473 ], [ -158.01636, 21.322611 ], [ -158.016835, 21.3234 ], [ -158.013235, 21.323591 ], [ -158.011269, 21.324133 ], [ -158.008215, 21.324506 ], [ -158.006507, 21.324412 ], [ -158.005724, 21.32421 ], [ -157.994866, 21.335905 ], [ -158.001686, 21.340844 ], [ -158.006457, 21.348744 ], [ -158.004606, 21.349598 ], [ -158.003978, 21.350432 ], [ -158.009246, 21.355835 ], [ -158.008992, 21.356047 ], [ -158.008875, 21.356475 ], [ -158.008604, 21.356591 ], [ -158.008569, 21.356853 ], [ -158.00834, 21.356946 ], [ -158.007552, 21.356711 ], [ -158.007094, 21.356216 ], [ -158.007117, 21.355665 ], [ -158.006922, 21.355443 ], [ -158.007058, 21.355421 ], [ -158.007321, 21.355635 ], [ -158.007893, 21.355485 ], [ -158.007546, 21.355261 ], [ -158.00754, 21.354977 ], [ -158.007346, 21.354736 ], [ -158.006799, 21.354512 ], [ -158.006346, 21.354649 ], [ -158.005782, 21.354601 ], [ -158.004841, 21.35403 ], [ -158.004418, 21.353332 ], [ -158.003378, 21.352997 ], [ -158.002389, 21.352096 ], [ -158.002108, 21.351973 ], [ -158.001261, 21.35176 ], [ -158.00082, 21.351798 ], [ -158.00072, 21.351865 ], [ -158.000761, 21.352024 ], [ -157.996458, 21.353846 ], [ -157.996476, 21.353719 ], [ -157.996324, 21.353664 ], [ -157.994606, 21.353568 ], [ -157.993508, 21.353137 ], [ -157.993079, 21.352588 ], [ -157.993225, 21.352318 ], [ -157.993289, 21.351469 ], [ -157.993084, 21.35023 ], [ -157.993266, 21.349757 ], [ -157.992919, 21.349552 ], [ -157.992196, 21.348459 ], [ -157.991038, 21.348434 ], [ -157.990914, 21.348628 ], [ -157.991273, 21.348666 ], [ -157.991262, 21.34881 ], [ -157.987834, 21.348673 ], [ -157.986946, 21.348825 ], [ -157.985189, 21.348657 ], [ -157.983191, 21.348772 ], [ -157.982513, 21.348668 ], [ -157.981762, 21.348343 ], [ -157.981568, 21.347551 ], [ -157.98095, 21.346708 ], [ -157.980079, 21.345067 ], [ -157.979768, 21.344604 ], [ -157.979516, 21.344666 ], [ -157.979328, 21.344529 ], [ -157.979446, 21.34434 ], [ -157.979239, 21.344086 ], [ -157.979316, 21.343779 ], [ -157.978787, 21.343437 ], [ -157.978269, 21.343339 ], [ -157.977529, 21.342644 ], [ -157.977306, 21.342127 ], [ -157.977317, 21.341811 ], [ -157.976582, 21.34065 ], [ -157.976575, 21.339991 ], [ -157.976259, 21.340129 ], [ -157.9761, 21.339658 ], [ -157.975601, 21.339655 ], [ -157.975171, 21.339503 ], [ -157.974842, 21.339212 ], [ -157.974266, 21.338156 ], [ -157.974395, 21.337737 ], [ -157.974372, 21.337108 ], [ -157.974231, 21.336895 ], [ -157.973426, 21.336421 ], [ -157.972767, 21.33559 ], [ -157.972567, 21.334717 ], [ -157.972637, 21.334338 ], [ -157.973214, 21.334323 ], [ -157.973136, 21.331553 ], [ -157.972602, 21.3315 ], [ -157.972513, 21.331319 ], [ -157.972361, 21.329872 ], [ -157.972138, 21.329039 ], [ -157.973119, 21.327731 ], [ -157.974301, 21.326997 ], [ -157.975088, 21.326139 ], [ -157.975576, 21.325911 ], [ -157.975987, 21.325015 ], [ -157.97648, 21.32462 ], [ -157.977038, 21.323399 ], [ -157.978055, 21.322967 ], [ -157.979219, 21.322125 ], [ -157.979413, 21.32158 ], [ -157.979083, 21.320828 ], [ -157.97859, 21.320739 ], [ -157.978191, 21.320931 ], [ -157.977379, 21.322525 ], [ -157.976938, 21.32296 ], [ -157.975933, 21.323311 ], [ -157.975246, 21.323908 ], [ -157.973583, 21.324806 ], [ -157.973219, 21.325355 ], [ -157.973048, 21.327179 ], [ -157.972007, 21.328478 ], [ -157.971785, 21.328446 ], [ -157.970826, 21.327288 ], [ -157.970497, 21.326066 ], [ -157.970679, 21.324395 ], [ -157.971184, 21.322745 ], [ -157.971384, 21.322412 ], [ -157.973047, 21.320524 ], [ -157.9745, 21.319277 ], [ -157.975369, 21.318718 ], [ -157.975916, 21.317375 ], [ -157.976461, 21.316692 ], [ -157.978043, 21.315676 ], [ -157.978636, 21.315535 ], [ -157.979505, 21.315613 ], [ -157.980587, 21.316003 ], [ -157.981916, 21.315876 ], [ -157.986858, 21.314663 ], [ -157.990708, 21.313914 ], [ -157.995662, 21.312584 ], [ -158.001985, 21.311149 ], [ -158.005165, 21.31031 ], [ -158.008844, 21.309767 ], [ -158.011705, 21.309192 ], [ -158.012769, 21.308914 ], [ -158.013191, 21.308546 ], [ -158.013803, 21.30826 ], [ -158.015044, 21.308019 ], [ -158.016017, 21.307582 ], [ -158.017218, 21.307309 ], [ -158.017904, 21.307308 ], [ -158.019556, 21.306645 ], [ -158.022251, 21.306046 ], [ -158.024026, 21.306138 ], [ -158.026888, 21.306087 ], [ -158.027547, 21.305982 ], [ -158.02955, 21.305095 ], [ -158.032795, 21.304183 ], [ -158.034476, 21.304031 ], [ -158.035675, 21.304683 ], [ -158.036997, 21.304384 ], [ -158.041006, 21.303955 ], [ -158.041541, 21.303769 ], [ -158.042722, 21.303662 ], [ -158.043962, 21.303746 ], [ -158.045706, 21.303201 ], [ -158.049069, 21.301499 ], [ -158.051097, 21.301076 ], [ -158.051649, 21.300863 ], [ -158.053823, 21.300889 ], [ -158.055534, 21.300614 ], [ -158.057108, 21.300568 ], [ -158.058766, 21.300293 ], [ -158.064431, 21.299715 ], [ -158.064913, 21.299559 ], [ -158.067347, 21.29951 ], [ -158.069426, 21.298947 ], [ -158.071618, 21.298557 ], [ -158.072271, 21.298303 ], [ -158.073187, 21.298349 ], [ -158.073564, 21.298189 ], [ -158.073635, 21.297706 ], [ -158.073695, 21.298171 ], [ -158.074263, 21.298323 ], [ -158.074857, 21.298132 ], [ -158.074745, 21.29834 ], [ -158.075014, 21.29845 ], [ -158.075838, 21.298237 ], [ -158.077542, 21.298427 ], [ -158.078225, 21.298336 ], [ -158.081926, 21.297656 ], [ -158.083095, 21.297152 ], [ -158.085094, 21.295916 ], [ -158.086281, 21.295651 ], [ -158.087326, 21.295765 ], [ -158.089983, 21.295631 ], [ -158.090858, 21.295735 ], [ -158.092287, 21.295485 ], [ -158.095013, 21.29526 ], [ -158.099144, 21.295282 ], [ -158.101178, 21.294972 ], [ -158.103141, 21.295638 ], [ -158.106061, 21.296051 ], [ -158.107342, 21.296721 ], [ -158.108806, 21.298084 ], [ -158.110664, 21.299201 ], [ -158.111303, 21.300044 ], [ -158.112339, 21.301843 ], [ -158.113125, 21.302742 ], [ -158.113896, 21.304756 ], [ -158.114966, 21.306596 ], [ -158.115307, 21.307474 ], [ -158.117888, 21.311874 ], [ -158.118729, 21.313698 ], [ -158.1191, 21.316018 ], [ -158.119999, 21.319004 ], [ -158.120751, 21.320575 ], [ -158.12141, 21.321261 ], [ -158.121612, 21.321674 ], [ -158.120908, 21.322098 ], [ -158.120534, 21.321492 ], [ -158.120122, 21.321687 ], [ -158.119092, 21.321893 ], [ -158.118769, 21.32211 ], [ -158.119675, 21.323387 ], [ -158.11907, 21.323417 ], [ -158.118912, 21.323039 ], [ -158.116106, 21.320451 ], [ -158.110213, 21.325978 ], [ -158.110061, 21.325843 ], [ -158.10927, 21.326574 ], [ -158.110808, 21.32804 ], [ -158.112957, 21.326041 ], [ -158.114008, 21.327243 ], [ -158.114984, 21.328138 ], [ -158.116062, 21.328604 ], [ -158.117106, 21.328529 ], [ -158.117676, 21.328279 ], [ -158.118105, 21.327919 ], [ -158.120429, 21.325004 ], [ -158.120686, 21.324853 ], [ -158.120933, 21.324951 ], [ -158.12192, 21.324024 ], [ -158.1218, 21.32371 ], [ -158.122469, 21.322915 ], [ -158.12258, 21.322963 ], [ -158.123125, 21.324395 ], [ -158.123204, 21.325709 ], [ -158.123427, 21.326615 ], [ -158.123128, 21.327513 ], [ -158.123111, 21.328236 ], [ -158.123781, 21.331135 ], [ -158.12391, 21.33236 ], [ -158.124164, 21.333251 ], [ -158.124405, 21.333659 ], [ -158.124246, 21.333897 ], [ -158.124281, 21.334263 ], [ -158.125122, 21.33574 ], [ -158.126481, 21.337541 ], [ -158.127116, 21.338795 ], [ -158.12721, 21.339125 ], [ -158.127092, 21.339568 ], [ -158.127474, 21.339755 ], [ -158.127798, 21.340195 ], [ -158.127681, 21.341021 ], [ -158.127998, 21.34142 ], [ -158.12778, 21.341816 ], [ -158.127863, 21.34239 ], [ -158.127998, 21.342685 ], [ -158.128486, 21.342732 ], [ -158.128544, 21.342936 ], [ -158.128516, 21.343541 ], [ -158.128886, 21.344501 ], [ -158.128846, 21.345621 ], [ -158.129104, 21.346083 ], [ -158.128834, 21.347017 ], [ -158.129016, 21.347234 ], [ -158.129605, 21.349471 ], [ -158.129398, 21.349541 ], [ -158.128227, 21.346371 ], [ -158.127138, 21.344778 ], [ -158.116049, 21.334041 ], [ -158.114115, 21.332801 ], [ -158.11287, 21.332329 ], [ -158.097137, 21.328278 ], [ -158.097481, 21.327082 ], [ -158.096481, 21.326828 ], [ -158.096135, 21.328019 ], [ -158.088724, 21.326111 ], [ -158.088671, 21.32581 ], [ -158.078026, 21.323056 ], [ -158.075876, 21.322831 ], [ -158.073307, 21.323059 ], [ -158.072147, 21.323368 ], [ -158.047585, 21.331709 ], [ -158.045499, 21.331748 ], [ -158.045952, 21.332716 ], [ -158.046551, 21.332519 ], [ -158.04696, 21.333318 ], [ -158.043607, 21.334866 ], [ -158.044099, 21.335852 ], [ -158.043402, 21.335823 ], [ -158.041462, 21.334527 ], [ -158.04015, 21.33575 ], [ -158.040571, 21.336248 ], [ -158.042083, 21.336752 ], [ -158.043718, 21.337085 ], [ -158.046169, 21.337363 ], [ -158.048309, 21.337345 ], [ -158.049201, 21.337446 ], [ -158.049943, 21.337672 ], [ -158.05074, 21.338124 ], [ -158.05176, 21.33971 ], [ -158.052611, 21.339377 ], [ -158.048629, 21.331813 ], [ -158.068019, 21.325191 ], [ -158.070865, 21.328271 ], [ -158.072662, 21.33139 ], [ -158.072919, 21.33212 ], [ -158.072907, 21.333249 ], [ -158.072459, 21.335214 ], [ -158.072562, 21.336383 ], [ -158.073006, 21.337189 ], [ -158.074571, 21.338574 ], [ -158.075638, 21.340021 ], [ -158.074871, 21.340615 ], [ -158.073644, 21.341247 ], [ -158.071346, 21.342932 ], [ -158.068644, 21.345196 ], [ -158.066264, 21.347598 ], [ -158.064169, 21.349941 ], [ -158.062298, 21.353601 ], [ -158.061113, 21.356515 ], [ -158.060519, 21.35745 ], [ -158.05958, 21.358343 ], [ -158.05735, 21.35994 ], [ -158.055442, 21.361812 ], [ -158.052748, 21.359351 ], [ -158.051698, 21.358144 ], [ -158.050603, 21.356333 ], [ -158.049866, 21.354229 ], [ -158.049019, 21.354455 ], [ -158.049811, 21.356691 ], [ -158.050974, 21.358615 ], [ -158.052215, 21.360017 ], [ -158.054874, 21.362391 ], [ -158.053788, 21.363858 ], [ -158.052571, 21.366129 ], [ -158.051519, 21.367249 ], [ -158.042396, 21.373299 ], [ -158.04125, 21.37386 ], [ -158.039873, 21.374172 ], [ -158.036121, 21.374255 ], [ -158.036107, 21.373704 ], [ -158.035384, 21.373719 ], [ -158.035028, 21.373058 ], [ -158.034467, 21.372683 ] ], [ [ -158.044104, 21.371512 ], [ -158.043632, 21.371841 ], [ -158.043878, 21.37215 ], [ -158.044309, 21.371849 ], [ -158.044104, 21.371512 ] ], [ [ -157.976205, 21.338704 ], [ -157.975929, 21.338586 ], [ -157.97536, 21.338592 ], [ -157.974889, 21.338461 ], [ -157.974689, 21.338565 ], [ -157.974977, 21.339193 ], [ -157.975335, 21.339457 ], [ -157.975635, 21.339524 ], [ -157.976183, 21.339508 ], [ -157.976264, 21.338891 ], [ -157.976205, 21.338704 ] ], [ [ -158.041366, 21.33326 ], [ -158.04521, 21.332915 ], [ -158.044671, 21.331762 ], [ -158.037869, 21.331887 ], [ -158.038753, 21.334105 ], [ -158.040152, 21.333542 ], [ -158.041366, 21.33326 ] ], [ [ -158.099512, 21.316349 ], [ -158.099847, 21.316351 ], [ -158.099559, 21.313745 ], [ -158.09969, 21.313535 ], [ -158.111713, 21.313231 ], [ -158.112416, 21.313447 ], [ -158.112979, 21.313995 ], [ -158.114426, 21.317652 ], [ -158.114722, 21.317916 ], [ -158.11311, 21.313876 ], [ -158.112504, 21.313306 ], [ -158.111751, 21.313069 ], [ -158.087744, 21.313626 ], [ -158.088208, 21.318933 ], [ -158.090318, 21.318183 ], [ -158.092961, 21.313705 ], [ -158.099192, 21.313553 ], [ -158.099519, 21.316086 ], [ -158.099512, 21.316349 ] ] ], [ [ [ -158.026475, 21.347571 ], [ -158.024146, 21.350349 ], [ -158.020633, 21.346812 ], [ -158.01981, 21.344601 ], [ -158.018742, 21.342535 ], [ -158.017943, 21.341282 ], [ -158.016383, 21.339327 ], [ -158.02005, 21.335514 ], [ -158.02127, 21.334635 ], [ -158.022718, 21.333989 ], [ -158.026475, 21.347571 ] ] ], [ [ [ -157.97164, 21.347194 ], [ -157.971398, 21.346578 ], [ -157.971668, 21.346367 ], [ -157.971669, 21.345988 ], [ -157.971498, 21.345598 ], [ -157.971562, 21.345486 ], [ -157.972027, 21.345353 ], [ -157.971956, 21.344923 ], [ -157.971322, 21.344649 ], [ -157.971268, 21.343361 ], [ -157.971357, 21.34333 ], [ -157.971433, 21.341708 ], [ -157.973408, 21.341968 ], [ -157.974571, 21.343268 ], [ -157.974724, 21.344127 ], [ -157.975278, 21.34455 ], [ -157.975583, 21.345018 ], [ -157.975749, 21.345805 ], [ -157.976024, 21.345888 ], [ -157.97613, 21.346132 ], [ -157.976942, 21.346209 ], [ -157.977089, 21.34635 ], [ -157.977264, 21.347056 ], [ -157.977736, 21.347651 ], [ -157.97807, 21.347734 ], [ -157.979423, 21.34912 ], [ -157.979876, 21.350745 ], [ -157.978245, 21.351605 ], [ -157.97645, 21.348855 ], [ -157.973893, 21.34673 ], [ -157.972108, 21.347653 ], [ -157.971816, 21.347303 ], [ -157.97164, 21.347194 ] ] ], [ [ [ -158.026292, 21.348444 ], [ -158.026547, 21.348306 ], [ -158.026706, 21.348406 ], [ -158.027519, 21.351274 ], [ -158.025761, 21.351689 ], [ -158.025226, 21.349725 ], [ -158.025017, 21.349575 ], [ -158.026532, 21.347766 ], [ -158.026502, 21.348104 ], [ -158.026259, 21.348324 ], [ -158.026292, 21.348444 ] ] ], [ [ [ -157.956269, 21.371473 ], [ -157.954401, 21.369612 ], [ -157.953652, 21.369271 ], [ -157.951147, 21.369358 ], [ -157.950603, 21.369084 ], [ -157.950299, 21.368659 ], [ -157.950531, 21.368157 ], [ -157.950035, 21.367819 ], [ -157.950124, 21.36772 ], [ -157.950583, 21.368049 ], [ -157.950638, 21.367933 ], [ -157.950843, 21.36798 ], [ -157.950829, 21.367002 ], [ -157.951528, 21.36519 ], [ -157.951793, 21.364867 ], [ -157.952768, 21.364141 ], [ -157.952905, 21.363835 ], [ -157.953928, 21.36357 ], [ -157.953622, 21.363248 ], [ -157.953109, 21.363678 ], [ -157.952934, 21.363551 ], [ -157.954062, 21.36256 ], [ -157.954216, 21.36271 ], [ -157.953892, 21.363015 ], [ -157.954192, 21.363364 ], [ -157.95461, 21.363177 ], [ -157.955315, 21.3625 ], [ -157.955262, 21.36207 ], [ -157.95502, 21.362118 ], [ -157.954997, 21.362023 ], [ -157.955639, 21.36186 ], [ -157.95565, 21.36196 ], [ -157.955397, 21.36203 ], [ -157.955461, 21.362478 ], [ -157.956144, 21.362329 ], [ -157.956285, 21.362135 ], [ -157.957302, 21.362449 ], [ -157.958043, 21.362453 ], [ -157.958631, 21.361504 ], [ -157.959019, 21.360368 ], [ -157.958818, 21.36034 ], [ -157.959089, 21.360229 ], [ -157.959284, 21.359719 ], [ -157.959707, 21.357798 ], [ -157.960295, 21.358095 ], [ -157.961107, 21.356822 ], [ -157.9614, 21.356932 ], [ -157.964439, 21.355826 ], [ -157.964709, 21.355765 ], [ -157.965122, 21.356002 ], [ -157.965592, 21.355671 ], [ -157.965909, 21.355637 ], [ -157.966385, 21.355978 ], [ -157.966209, 21.357626 ], [ -157.966473, 21.358228 ], [ -157.967055, 21.35858 ], [ -157.967473, 21.359011 ], [ -157.968837, 21.359792 ], [ -157.968749, 21.359918 ], [ -157.969019, 21.36071 ], [ -157.969007, 21.361975 ], [ -157.96722, 21.364872 ], [ -157.966755, 21.365217 ], [ -157.966926, 21.365173 ], [ -157.966844, 21.365294 ], [ -157.967101, 21.365314 ], [ -157.966885, 21.365512 ], [ -157.966672, 21.365307 ], [ -157.966615, 21.365826 ], [ -157.966114, 21.366216 ], [ -157.966221, 21.366316 ], [ -157.966468, 21.366137 ], [ -157.966561, 21.36625 ], [ -157.965933, 21.366784 ], [ -157.965804, 21.366666 ], [ -157.966109, 21.36636 ], [ -157.966009, 21.366265 ], [ -157.964751, 21.366822 ], [ -157.963927, 21.367426 ], [ -157.96421, 21.367785 ], [ -157.964522, 21.367575 ], [ -157.964668, 21.367679 ], [ -157.963956, 21.368253 ], [ -157.963863, 21.36814 ], [ -157.964175, 21.367857 ], [ -157.963845, 21.367503 ], [ -157.962423, 21.368777 ], [ -157.962227, 21.369241 ], [ -157.960906, 21.369675 ], [ -157.960776, 21.370158 ], [ -157.960953, 21.370357 ], [ -157.961541, 21.369905 ], [ -157.961686, 21.370023 ], [ -157.958577, 21.372362 ], [ -157.958472, 21.372234 ], [ -157.958994, 21.371809 ], [ -157.957936, 21.371647 ], [ -157.957562, 21.371928 ], [ -157.956269, 21.371473 ] ] ], [ [ [ -157.977877, 21.366572 ], [ -157.977742, 21.366165 ], [ -157.977224, 21.365922 ], [ -157.975108, 21.365598 ], [ -157.975173, 21.36572 ], [ -157.975008, 21.36599 ], [ -157.974682, 21.36588 ], [ -157.974561, 21.366015 ], [ -157.974625, 21.365848 ], [ -157.974502, 21.365806 ], [ -157.97471, 21.365482 ], [ -157.974569, 21.365432 ], [ -157.974764, 21.365094 ], [ -157.974658, 21.365058 ], [ -157.975154, 21.364722 ], [ -157.975258, 21.363841 ], [ -157.978343, 21.366379 ], [ -157.978113, 21.36641 ], [ -157.977995, 21.366501 ], [ -157.978136, 21.366592 ], [ -157.978015, 21.366595 ], [ -157.977877, 21.366572 ] ] ], [ [ [ -158.032055, 21.361373 ], [ -158.03334, 21.364013 ], [ -158.033403, 21.364426 ], [ -158.032837, 21.366154 ], [ -158.03275, 21.367801 ], [ -158.031893, 21.369448 ], [ -158.031773, 21.370118 ], [ -158.031473, 21.370204 ], [ -158.031454, 21.369876 ], [ -158.031024, 21.369786 ], [ -158.030694, 21.369867 ], [ -158.030799, 21.370164 ], [ -158.030937, 21.370117 ], [ -158.03098, 21.370386 ], [ -158.03059, 21.370483 ], [ -158.030479, 21.37027 ], [ -158.030366, 21.370288 ], [ -158.03035, 21.370561 ], [ -158.030115, 21.370108 ], [ -158.029958, 21.370127 ], [ -158.030093, 21.369516 ], [ -158.030043, 21.369626 ], [ -158.029648, 21.369482 ], [ -158.029581, 21.369775 ], [ -158.029245, 21.369656 ], [ -158.029228, 21.369452 ], [ -158.029493, 21.36933 ], [ -158.029496, 21.369201 ], [ -158.02991, 21.369076 ], [ -158.030302, 21.36835 ], [ -158.029505, 21.368686 ], [ -158.029326, 21.368377 ], [ -158.028936, 21.36845 ], [ -158.029087, 21.368968 ], [ -158.028677, 21.369138 ], [ -158.02861, 21.368855 ], [ -158.028343, 21.368916 ], [ -158.028418, 21.369247 ], [ -158.027994, 21.369429 ], [ -158.027887, 21.369025 ], [ -158.028405, 21.367933 ], [ -158.02808, 21.367601 ], [ -158.028367, 21.367198 ], [ -158.028663, 21.367057 ], [ -158.029183, 21.365699 ], [ -158.031606, 21.363754 ], [ -158.030397, 21.363425 ], [ -158.030114, 21.363515 ], [ -158.030265, 21.362811 ], [ -158.029148, 21.361784 ], [ -158.029319, 21.361478 ], [ -158.029743, 21.361189 ], [ -158.02994, 21.360562 ], [ -158.030993, 21.360627 ], [ -158.032055, 21.361373 ] ] ], [ [ [ -158.036415, 21.374592 ], [ -158.037195, 21.374425 ], [ -158.040976, 21.374302 ], [ -158.041487, 21.374132 ], [ -158.045249, 21.371512 ], [ -158.052084, 21.367087 ], [ -158.052891, 21.365975 ], [ -158.053832, 21.364105 ], [ -158.054753, 21.362788 ], [ -158.05745, 21.360087 ], [ -158.060585, 21.357763 ], [ -158.061007, 21.357186 ], [ -158.061701, 21.355444 ], [ -158.061881, 21.355512 ], [ -158.062274, 21.356234 ], [ -158.06397, 21.356873 ], [ -158.063631, 21.357244 ], [ -158.063563, 21.357519 ], [ -158.063722, 21.358003 ], [ -158.062782, 21.362375 ], [ -158.062318, 21.363517 ], [ -158.061874, 21.364214 ], [ -158.059155, 21.366946 ], [ -158.051539, 21.373764 ], [ -158.05033, 21.374544 ], [ -158.048946, 21.375246 ], [ -158.040878, 21.378549 ], [ -158.037579, 21.380404 ], [ -158.034921, 21.381732 ], [ -158.032313, 21.382775 ], [ -158.031763, 21.382743 ], [ -158.030941, 21.381908 ], [ -158.028759, 21.379067 ], [ -158.02988, 21.378395 ], [ -158.030318, 21.377721 ], [ -158.030327, 21.377091 ], [ -158.029863, 21.375726 ], [ -158.029954, 21.374917 ], [ -158.031867, 21.374564 ], [ -158.035873, 21.374462 ], [ -158.036415, 21.374592 ] ], [ [ -158.044678, 21.372363 ], [ -158.044378, 21.372572 ], [ -158.045545, 21.373158 ], [ -158.047083, 21.372168 ], [ -158.046217, 21.370988 ], [ -158.044533, 21.372114 ], [ -158.044678, 21.372363 ] ] ], [ [ [ -158.027214, 21.369705 ], [ -158.027246, 21.369929 ], [ -158.027523, 21.369953 ], [ -158.027965, 21.371144 ], [ -158.027793, 21.371625 ], [ -158.027853, 21.372173 ], [ -158.02845, 21.372819 ], [ -158.028121, 21.373113 ], [ -158.029, 21.37393 ], [ -158.029624, 21.373908 ], [ -158.029804, 21.37452 ], [ -158.029024, 21.374735 ], [ -158.028565, 21.374715 ], [ -158.026434, 21.373442 ], [ -158.02619, 21.371265 ], [ -158.026305, 21.369641 ], [ -158.027214, 21.369705 ] ] ], [ [ [ -158.029724, 21.375734 ], [ -158.030191, 21.377108 ], [ -158.030178, 21.377711 ], [ -158.029787, 21.3783 ], [ -158.028682, 21.378961 ], [ -158.027494, 21.376935 ], [ -158.027459, 21.376351 ], [ -158.0277, 21.375977 ], [ -158.028226, 21.375623 ], [ -158.029801, 21.374939 ], [ -158.029724, 21.375734 ] ] ], [ [ [ -157.98075, 21.406505 ], [ -157.987117, 21.400222 ], [ -157.987202, 21.400752 ], [ -157.987477, 21.400729 ], [ -157.98758, 21.401499 ], [ -157.987272, 21.401547 ], [ -157.987594, 21.403532 ], [ -157.984871, 21.406129 ], [ -157.985404, 21.406829 ], [ -157.984438, 21.407758 ], [ -157.982794, 21.407533 ], [ -157.981104, 21.407661 ], [ -157.98075, 21.406505 ] ] ], [ [ [ -157.994324, 21.485825 ], [ -157.992144, 21.48516 ], [ -157.991717, 21.484028 ], [ -157.991545, 21.484246 ], [ -157.991242, 21.48433 ], [ -157.990125, 21.484116 ], [ -157.989996, 21.483882 ], [ -157.98977, 21.483794 ], [ -157.989002, 21.483848 ], [ -157.988597, 21.483917 ], [ -157.987624, 21.484549 ], [ -157.987115, 21.484658 ], [ -157.986373, 21.484623 ], [ -157.985898, 21.483934 ], [ -157.985018, 21.483087 ], [ -157.984489, 21.483304 ], [ -157.984384, 21.483172 ], [ -157.983131, 21.483205 ], [ -157.981571, 21.484483 ], [ -157.981048, 21.484704 ], [ -157.980294, 21.484207 ], [ -157.979765, 21.484224 ], [ -157.979288, 21.484092 ], [ -157.978047, 21.484157 ], [ -157.975883, 21.479966 ], [ -157.976264, 21.479683 ], [ -157.976893, 21.478646 ], [ -157.97704, 21.478169 ], [ -157.978494, 21.477225 ], [ -157.979297, 21.476333 ], [ -157.979754, 21.476461 ], [ -157.979868, 21.476618 ], [ -157.980339, 21.477925 ], [ -157.980913, 21.47826 ], [ -157.981099, 21.478195 ], [ -157.981428, 21.477214 ], [ -157.981258, 21.476453 ], [ -157.981676, 21.476217 ], [ -157.981993, 21.475694 ], [ -157.982786, 21.475187 ], [ -157.983822, 21.473959 ], [ -157.984174, 21.473677 ], [ -157.984508, 21.473592 ], [ -157.984777, 21.473031 ], [ -157.984965, 21.473038 ], [ -157.985522, 21.473472 ], [ -157.985828, 21.473483 ], [ -157.986206, 21.473287 ], [ -157.986775, 21.473281 ], [ -157.987469, 21.472033 ], [ -157.987524, 21.471586 ], [ -157.98773, 21.471559 ], [ -157.98772, 21.472138 ], [ -157.987877, 21.472355 ], [ -157.988381, 21.472494 ], [ -157.98856, 21.472341 ], [ -157.989557, 21.470502 ], [ -157.989514, 21.469656 ], [ -157.989629, 21.469284 ], [ -157.990576, 21.467843 ], [ -157.991071, 21.466853 ], [ -157.991189, 21.465639 ], [ -157.992269, 21.465011 ], [ -157.992581, 21.464563 ], [ -157.993212, 21.462138 ], [ -157.993765, 21.461449 ], [ -157.994679, 21.461783 ], [ -157.99474, 21.462144 ], [ -157.995032, 21.462502 ], [ -157.99521, 21.462339 ], [ -157.995183, 21.461475 ], [ -157.996831, 21.459028 ], [ -157.996971, 21.45799 ], [ -157.996899, 21.457639 ], [ -157.996712, 21.457472 ], [ -157.997897, 21.453958 ], [ -157.999634, 21.453261 ], [ -158.000329, 21.44894 ], [ -158.001526, 21.44834 ], [ -158.002249, 21.445949 ], [ -158.003369, 21.445591 ], [ -158.003882, 21.444615 ], [ -158.004607, 21.444569 ], [ -158.005013, 21.444325 ], [ -158.005145, 21.443863 ], [ -158.005529, 21.443271 ], [ -158.005754, 21.441703 ], [ -158.007456, 21.439489 ], [ -158.007924, 21.438561 ], [ -158.008326, 21.437342 ], [ -158.008229, 21.437299 ], [ -158.008603, 21.436939 ], [ -158.009426, 21.436631 ], [ -158.009975, 21.435983 ], [ -158.009789, 21.43428 ], [ -158.009902, 21.433707 ], [ -158.009711, 21.43229 ], [ -158.010592, 21.430423 ], [ -158.011387, 21.429046 ], [ -158.011914, 21.428414 ], [ -158.012334, 21.427993 ], [ -158.013167, 21.429713 ], [ -158.012971, 21.43199 ], [ -158.013791, 21.435813 ], [ -158.014313, 21.435703 ], [ -158.014573, 21.43551 ], [ -158.013962, 21.434807 ], [ -158.013412, 21.432278 ], [ -158.016032, 21.429934 ], [ -158.015646, 21.429127 ], [ -158.015874, 21.428928 ], [ -158.017616, 21.428352 ], [ -158.020427, 21.429144 ], [ -158.023117, 21.432339 ], [ -158.023301, 21.433124 ], [ -158.023187, 21.43362 ], [ -158.02291, 21.434075 ], [ -158.02317, 21.434224 ], [ -158.023632, 21.433425 ], [ -158.023839, 21.432389 ], [ -158.023775, 21.431709 ], [ -158.023212, 21.429851 ], [ -158.025806, 21.431443 ], [ -158.026583, 21.433381 ], [ -158.027411, 21.437951 ], [ -158.026949, 21.443193 ], [ -158.028946, 21.449436 ], [ -158.02884, 21.451925 ], [ -158.028395, 21.451854 ], [ -158.028376, 21.451469 ], [ -158.026733, 21.449346 ], [ -158.024363, 21.447275 ], [ -158.023693, 21.445924 ], [ -158.022853, 21.446376 ], [ -158.021961, 21.446619 ], [ -158.020349, 21.447349 ], [ -158.020779, 21.44921 ], [ -158.021658, 21.448328 ], [ -158.022096, 21.448112 ], [ -158.02279, 21.448025 ], [ -158.02274, 21.449084 ], [ -158.023728, 21.451552 ], [ -158.023772, 21.453292 ], [ -158.022646, 21.453662 ], [ -158.022721, 21.454227 ], [ -158.02255, 21.454821 ], [ -158.02315, 21.455138 ], [ -158.023494, 21.456357 ], [ -158.023203, 21.457873 ], [ -158.022921, 21.458012 ], [ -158.023828, 21.459438 ], [ -158.023729, 21.459539 ], [ -158.023671, 21.461835 ], [ -158.023785, 21.462098 ], [ -158.023327, 21.46234 ], [ -158.023729, 21.465694 ], [ -158.023209, 21.465713 ], [ -158.022785, 21.466111 ], [ -158.021786, 21.466584 ], [ -158.020566, 21.467416 ], [ -158.020446, 21.467718 ], [ -158.020535, 21.469396 ], [ -158.020144, 21.470725 ], [ -158.01956, 21.471844 ], [ -158.019347, 21.471959 ], [ -158.018425, 21.471882 ], [ -158.017988, 21.472236 ], [ -158.017693, 21.47272 ], [ -158.017781, 21.473055 ], [ -158.018204, 21.473212 ], [ -158.018436, 21.473558 ], [ -158.018427, 21.474065 ], [ -158.017969, 21.475096 ], [ -158.017346, 21.475207 ], [ -158.017888, 21.475828 ], [ -158.017971, 21.476581 ], [ -158.017796, 21.477145 ], [ -158.018008, 21.477372 ], [ -158.017615, 21.4777 ], [ -158.016816, 21.477943 ], [ -158.016346, 21.477529 ], [ -158.014688, 21.477971 ], [ -158.014964, 21.478472 ], [ -158.014877, 21.478798 ], [ -158.013452, 21.480954 ], [ -158.012776, 21.481243 ], [ -158.012614, 21.481831 ], [ -158.012315, 21.482063 ], [ -158.012476, 21.483199 ], [ -158.01257, 21.483412 ], [ -158.012699, 21.483426 ], [ -158.012998, 21.483117 ], [ -158.013161, 21.482056 ], [ -158.013432, 21.481841 ], [ -158.014645, 21.481667 ], [ -158.014893, 21.481485 ], [ -158.014958, 21.480944 ], [ -158.015154, 21.480533 ], [ -158.016301, 21.478829 ], [ -158.017511, 21.478507 ], [ -158.018132, 21.477935 ], [ -158.018035, 21.477816 ], [ -158.019422, 21.477015 ], [ -158.02051, 21.477491 ], [ -158.021141, 21.478073 ], [ -158.021757, 21.479001 ], [ -158.022245, 21.48052 ], [ -158.00752, 21.485524 ], [ -157.999413, 21.489346 ], [ -157.99614, 21.485307 ], [ -157.995641, 21.485583 ], [ -157.995304, 21.485028 ], [ -157.995152, 21.485025 ], [ -157.994859, 21.485583 ], [ -157.994527, 21.485732 ], [ -157.994324, 21.485825 ] ], [ [ -158.004413, 21.473007 ], [ -158.004383, 21.47335 ], [ -158.004692, 21.473375 ], [ -158.00479, 21.473186 ], [ -158.004413, 21.473007 ] ], [ [ -158.005735, 21.465517 ], [ -158.005636, 21.465823 ], [ -158.005928, 21.466004 ], [ -158.00605, 21.465919 ], [ -158.00608, 21.465648 ], [ -158.005735, 21.465517 ] ], [ [ -157.990302, 21.471643 ], [ -157.990239, 21.471513 ], [ -157.990096, 21.471433 ], [ -157.989787, 21.47155 ], [ -157.989792, 21.471776 ], [ -157.989972, 21.471899 ], [ -157.990183, 21.471839 ], [ -157.990302, 21.471643 ] ], [ [ -157.983778, 21.478213 ], [ -157.983316, 21.478487 ], [ -157.983226, 21.478771 ], [ -157.983527, 21.47926 ], [ -157.983883, 21.479346 ], [ -157.984328, 21.47909 ], [ -157.983778, 21.478213 ] ], [ [ -157.998509, 21.464424 ], [ -157.998667, 21.464626 ], [ -157.99892, 21.464452 ], [ -157.999082, 21.464658 ], [ -158.000248, 21.46386 ], [ -157.998829, 21.463202 ], [ -157.998724, 21.464201 ], [ -157.998509, 21.464424 ] ], [ [ -158.010375, 21.480967 ], [ -158.01004, 21.48264 ], [ -158.010682, 21.482603 ], [ -158.011031, 21.48158 ], [ -158.012458, 21.480084 ], [ -158.012685, 21.478681 ], [ -158.011055, 21.479311 ], [ -158.011063, 21.480186 ], [ -158.010934, 21.480478 ], [ -158.010592, 21.480708 ], [ -158.010375, 21.480967 ] ], [ [ -158.016417, 21.470176 ], [ -158.016961, 21.469896 ], [ -158.017427, 21.469294 ], [ -158.01788, 21.468337 ], [ -158.017671, 21.467642 ], [ -158.018218, 21.467163 ], [ -158.01864, 21.465882 ], [ -158.019371, 21.465475 ], [ -158.019445, 21.464636 ], [ -158.019941, 21.463954 ], [ -158.020504, 21.463435 ], [ -158.021352, 21.463181 ], [ -158.022019, 21.462076 ], [ -158.021939, 21.461963 ], [ -158.02128, 21.46191 ], [ -158.019936, 21.462483 ], [ -158.019074, 21.462386 ], [ -158.018134, 21.462682 ], [ -158.017955, 21.462041 ], [ -158.017701, 21.461782 ], [ -158.017026, 21.461791 ], [ -158.016823, 21.462185 ], [ -158.016754, 21.463035 ], [ -158.016504, 21.463377 ], [ -158.015598, 21.463805 ], [ -158.015319, 21.464125 ], [ -158.015348, 21.46489 ], [ -158.015183, 21.465363 ], [ -158.014483, 21.465862 ], [ -158.014147, 21.466253 ], [ -158.013383, 21.466394 ], [ -158.013183, 21.466126 ], [ -158.012917, 21.46621 ], [ -158.012989, 21.466619 ], [ -158.012892, 21.467342 ], [ -158.012701, 21.467362 ], [ -158.012453, 21.46708 ], [ -158.0123, 21.467129 ], [ -158.012729, 21.467729 ], [ -158.012427, 21.46822 ], [ -158.011864, 21.468575 ], [ -158.0117, 21.468503 ], [ -158.011523, 21.468849 ], [ -158.011351, 21.468679 ], [ -158.01106, 21.468693 ], [ -158.011241, 21.46904 ], [ -158.011226, 21.469553 ], [ -158.01101, 21.469703 ], [ -158.010289, 21.469151 ], [ -158.010179, 21.469589 ], [ -158.009467, 21.469917 ], [ -158.008937, 21.470377 ], [ -158.007996, 21.470742 ], [ -158.008353, 21.471244 ], [ -158.008667, 21.471371 ], [ -158.009445, 21.472126 ], [ -158.010504, 21.472891 ], [ -158.0143, 21.474621 ], [ -158.014822, 21.473771 ], [ -158.014589, 21.473586 ], [ -158.014636, 21.473357 ], [ -158.014267, 21.472829 ], [ -158.014451, 21.472048 ], [ -158.015013, 21.471602 ], [ -158.015254, 21.471206 ], [ -158.015342, 21.470919 ], [ -158.015258, 21.470418 ], [ -158.016417, 21.470176 ] ] ], [ [ [ -158.003044, 21.509802 ], [ -157.989134, 21.508347 ], [ -157.98878, 21.508515 ], [ -157.989066, 21.508875 ], [ -157.989076, 21.509294 ], [ -157.988594, 21.5094 ], [ -157.988581, 21.509517 ], [ -157.988833, 21.509699 ], [ -157.988849, 21.509832 ], [ -157.988731, 21.509891 ], [ -157.988853, 21.51025 ], [ -157.988747, 21.510282 ], [ -157.98813, 21.510174 ], [ -157.987587, 21.509698 ], [ -157.987498, 21.509829 ], [ -157.987305, 21.50968 ], [ -157.98701, 21.509683 ], [ -157.986737, 21.509187 ], [ -157.986261, 21.509288 ], [ -157.985999, 21.50872 ], [ -157.986402, 21.508063 ], [ -157.990727, 21.506288 ], [ -158.027386, 21.491927 ], [ -158.027793, 21.492488 ], [ -158.028155, 21.492561 ], [ -158.029649, 21.4917 ], [ -158.030275, 21.491838 ], [ -158.030905, 21.492257 ], [ -158.031094, 21.492545 ], [ -158.031257, 21.492424 ], [ -158.032077, 21.492393 ], [ -158.032559, 21.492102 ], [ -158.033147, 21.492701 ], [ -158.033054, 21.493563 ], [ -158.033766, 21.493274 ], [ -158.033641, 21.492724 ], [ -158.034067, 21.492811 ], [ -158.034758, 21.49262 ], [ -158.034903, 21.49267 ], [ -158.034991, 21.49297 ], [ -158.036597, 21.492399 ], [ -158.037651, 21.492389 ], [ -158.038221, 21.491692 ], [ -158.038302, 21.49143 ], [ -158.038789, 21.491178 ], [ -158.039194, 21.490779 ], [ -158.039448, 21.490766 ], [ -158.039666, 21.490598 ], [ -158.039924, 21.490761 ], [ -158.03978, 21.490971 ], [ -158.040286, 21.490857 ], [ -158.041305, 21.4914 ], [ -158.041364, 21.49197 ], [ -158.041623, 21.492711 ], [ -158.04176, 21.492948 ], [ -158.042126, 21.493099 ], [ -158.042237, 21.493378 ], [ -158.043484, 21.493841 ], [ -158.044477, 21.493767 ], [ -158.044891, 21.493842 ], [ -158.044834, 21.494512 ], [ -158.043293, 21.49492 ], [ -158.042871, 21.495296 ], [ -158.042184, 21.495575 ], [ -158.04218, 21.4958 ], [ -158.041667, 21.495688 ], [ -158.041233, 21.495232 ], [ -158.041281, 21.494611 ], [ -158.04102, 21.494244 ], [ -158.040585, 21.494063 ], [ -158.03988, 21.494165 ], [ -158.038418, 21.495539 ], [ -158.03744, 21.496864 ], [ -158.036479, 21.497828 ], [ -158.035769, 21.498737 ], [ -158.034391, 21.499396 ], [ -158.033974, 21.499959 ], [ -158.034072, 21.500616 ], [ -158.033564, 21.500352 ], [ -158.033772, 21.500073 ], [ -158.03375, 21.499285 ], [ -158.029393, 21.49891 ], [ -158.029281, 21.499409 ], [ -158.029315, 21.500126 ], [ -158.028995, 21.500393 ], [ -158.028248, 21.500348 ], [ -158.027652, 21.501047 ], [ -158.028427, 21.501269 ], [ -158.027673, 21.502528 ], [ -158.027288, 21.502707 ], [ -158.026107, 21.502592 ], [ -158.024862, 21.503423 ], [ -158.024518, 21.504152 ], [ -158.02418, 21.504419 ], [ -158.022927, 21.504457 ], [ -158.022084, 21.504951 ], [ -158.021644, 21.505377 ], [ -158.01976, 21.50497 ], [ -158.019237, 21.504972 ], [ -158.018246, 21.505736 ], [ -158.017352, 21.505755 ], [ -158.016801, 21.506103 ], [ -158.016236, 21.506149 ], [ -158.015606, 21.506046 ], [ -158.015048, 21.506164 ], [ -158.014413, 21.506425 ], [ -158.013951, 21.506955 ], [ -158.013488, 21.507529 ], [ -158.013508, 21.507986 ], [ -158.013343, 21.508124 ], [ -158.011467, 21.508218 ], [ -158.010218, 21.509114 ], [ -158.010144, 21.509655 ], [ -158.009932, 21.509737 ], [ -158.009585, 21.509727 ], [ -158.009183, 21.509399 ], [ -158.005403, 21.509824 ], [ -158.004934, 21.510382 ], [ -158.004645, 21.510273 ], [ -158.004447, 21.510598 ], [ -158.004258, 21.510505 ], [ -158.003931, 21.510553 ], [ -158.003718, 21.510213 ], [ -158.003202, 21.50999 ], [ -158.003044, 21.509802 ] ] ], [ [ [ -158.019323, 21.514027 ], [ -158.018517, 21.514113 ], [ -158.017952, 21.514026 ], [ -158.017224, 21.5117 ], [ -158.01743, 21.511618 ], [ -158.017293, 21.511227 ], [ -158.01754, 21.509828 ], [ -158.01786, 21.509144 ], [ -158.018662, 21.507963 ], [ -158.019229, 21.507406 ], [ -158.019899, 21.5072 ], [ -158.020622, 21.507136 ], [ -158.021512, 21.507304 ], [ -158.022331, 21.507808 ], [ -158.022487, 21.508242 ], [ -158.022436, 21.508683 ], [ -158.021836, 21.508911 ], [ -158.021351, 21.509254 ], [ -158.02177, 21.509885 ], [ -158.02348, 21.509518 ], [ -158.023638, 21.510136 ], [ -158.026648, 21.509503 ], [ -158.028192, 21.514921 ], [ -158.026886, 21.514859 ], [ -158.026296, 21.515053 ], [ -158.025768, 21.514915 ], [ -158.025294, 21.515197 ], [ -158.024904, 21.515254 ], [ -158.023256, 21.514693 ], [ -158.022733, 21.514683 ], [ -158.022042, 21.514332 ], [ -158.020647, 21.514073 ], [ -158.020094, 21.514157 ], [ -158.019323, 21.514027 ] ] ], [ [ [ -157.899964, 21.60411 ], [ -157.89904, 21.603196 ], [ -157.89861, 21.603143 ], [ -157.898244, 21.60259 ], [ -157.89798, 21.602403 ], [ -157.897621, 21.601339 ], [ -157.897593, 21.601154 ], [ -157.897775, 21.600839 ], [ -157.897593, 21.600241 ], [ -157.897476, 21.599938 ], [ -157.897245, 21.599968 ], [ -157.896793, 21.598199 ], [ -157.896457, 21.597804 ], [ -157.896068, 21.596866 ], [ -157.895815, 21.595559 ], [ -157.894748, 21.593998 ], [ -157.89364, 21.592984 ], [ -157.892381, 21.5927 ], [ -157.891887, 21.59243 ], [ -157.889854, 21.590695 ], [ -157.888853, 21.589487 ], [ -157.888423, 21.588807 ], [ -157.888341, 21.588287 ], [ -157.887568, 21.586691 ], [ -157.887103, 21.58536 ], [ -157.88646, 21.581472 ], [ -157.885976, 21.580529 ], [ -157.885459, 21.579893 ], [ -157.883833, 21.578157 ], [ -157.882778, 21.57754 ], [ -157.881483, 21.576994 ], [ -157.880359, 21.576272 ], [ -157.878168, 21.575661 ], [ -157.877031, 21.575089 ], [ -157.875594, 21.573543 ], [ -157.875071, 21.573138 ], [ -157.874919, 21.572794 ], [ -157.874824, 21.571899 ], [ -157.874958, 21.570256 ], [ -157.874764, 21.567756 ], [ -157.875023, 21.566191 ], [ -157.875033, 21.565219 ], [ -157.874775, 21.564383 ], [ -157.875057, 21.564344 ], [ -157.875306, 21.564942 ], [ -157.875623, 21.56732 ], [ -157.876062, 21.568373 ], [ -157.87605, 21.569183 ], [ -157.876462, 21.56924 ], [ -157.876698, 21.570017 ], [ -157.877274, 21.570907 ], [ -157.878373, 21.571904 ], [ -157.879398, 21.572499 ], [ -157.880584, 21.572886 ], [ -157.881139, 21.574287 ], [ -157.880957, 21.574362 ], [ -157.880956, 21.574473 ], [ -157.880473, 21.574602 ], [ -157.88037, 21.57497 ], [ -157.880141, 21.575007 ], [ -157.880172, 21.57547 ], [ -157.879936, 21.575578 ], [ -157.880336, 21.575756 ], [ -157.880673, 21.575566 ], [ -157.881943, 21.576267 ], [ -157.881893, 21.576668 ], [ -157.883406, 21.577437 ], [ -157.883286, 21.576914 ], [ -157.883717, 21.576629 ], [ -157.884129, 21.577656 ], [ -157.884741, 21.577555 ], [ -157.884677, 21.57827 ], [ -157.884499, 21.57856 ], [ -157.88478, 21.578732 ], [ -157.885101, 21.578146 ], [ -157.88542, 21.578076 ], [ -157.885507, 21.578192 ], [ -157.885978, 21.578008 ], [ -157.886853, 21.580115 ], [ -157.88671, 21.580395 ], [ -157.886796, 21.580643 ], [ -157.887049, 21.580645 ], [ -157.88725, 21.581333 ], [ -157.886978, 21.581486 ], [ -157.887094, 21.581905 ], [ -157.887264, 21.581928 ], [ -157.887343, 21.582386 ], [ -157.887144, 21.582467 ], [ -157.887875, 21.582988 ], [ -157.887619, 21.58357 ], [ -157.887675, 21.58383 ], [ -157.88787, 21.583781 ], [ -157.887868, 21.583979 ], [ -157.887697, 21.584116 ], [ -157.88777, 21.584633 ], [ -157.887917, 21.584661 ], [ -157.887957, 21.584932 ], [ -157.887565, 21.585315 ], [ -157.887741, 21.585541 ], [ -157.889954, 21.584497 ], [ -157.890157, 21.584801 ], [ -157.88998, 21.584899 ], [ -157.890088, 21.585528 ], [ -157.889138, 21.585952 ], [ -157.889749, 21.586935 ], [ -157.88989, 21.586874 ], [ -157.890153, 21.587228 ], [ -157.890022, 21.587359 ], [ -157.890546, 21.588166 ], [ -157.889944, 21.58852 ], [ -157.890322, 21.58915 ], [ -157.891853, 21.590788 ], [ -157.892153, 21.591478 ], [ -157.892071, 21.591571 ], [ -157.892457, 21.59192 ], [ -157.892599, 21.591778 ], [ -157.892839, 21.591933 ], [ -157.892831, 21.592209 ], [ -157.893166, 21.592359 ], [ -157.893256, 21.592106 ], [ -157.893638, 21.592158 ], [ -157.893588, 21.592477 ], [ -157.893858, 21.592539 ], [ -157.893907, 21.592363 ], [ -157.894314, 21.592245 ], [ -157.89448, 21.592834 ], [ -157.894808, 21.593095 ], [ -157.894601, 21.593253 ], [ -157.895129, 21.593444 ], [ -157.89523, 21.593312 ], [ -157.896052, 21.594406 ], [ -157.895802, 21.594707 ], [ -157.896036, 21.595088 ], [ -157.89634, 21.596406 ], [ -157.896858, 21.597157 ], [ -157.897273, 21.598086 ], [ -157.897531, 21.597903 ], [ -157.898152, 21.598452 ], [ -157.897582, 21.598856 ], [ -157.898267, 21.601144 ], [ -157.899425, 21.600667 ], [ -157.899625, 21.600744 ], [ -157.89952, 21.600859 ], [ -157.899709, 21.601124 ], [ -157.899957, 21.60114 ], [ -157.899963, 21.601371 ], [ -157.900702, 21.602415 ], [ -157.901126, 21.602171 ], [ -157.902314, 21.603693 ], [ -157.901951, 21.604046 ], [ -157.903997, 21.605053 ], [ -157.903879, 21.605269 ], [ -157.90414, 21.605691 ], [ -157.904405, 21.605663 ], [ -157.904807, 21.606246 ], [ -157.904865, 21.606799 ], [ -157.901518, 21.605272 ], [ -157.899964, 21.60411 ] ] ], [ [ [ -157.938502, 21.676769 ], [ -157.937512, 21.675539 ], [ -157.936168, 21.674839 ], [ -157.93595, 21.675307 ], [ -157.935359, 21.675336 ], [ -157.934996, 21.674999 ], [ -157.933593, 21.674307 ], [ -157.933292, 21.674012 ], [ -157.933207, 21.674084 ], [ -157.932737, 21.673951 ], [ -157.933017, 21.673361 ], [ -157.933488, 21.672988 ], [ -157.934247, 21.67339 ], [ -157.934423, 21.673382 ], [ -157.935426, 21.672888 ], [ -157.936368, 21.672081 ], [ -157.936822, 21.671289 ], [ -157.937029, 21.669854 ], [ -157.936805, 21.66811 ], [ -157.935828, 21.665511 ], [ -157.934008, 21.663633 ], [ -157.931858, 21.662305 ], [ -157.931328, 21.662157 ], [ -157.930791, 21.662185 ], [ -157.929366, 21.661828 ], [ -157.928664, 21.66144 ], [ -157.927552, 21.661243 ], [ -157.927092, 21.660887 ], [ -157.92734, 21.659859 ], [ -157.927363, 21.658979 ], [ -157.927635, 21.65857 ], [ -157.9276, 21.657914 ], [ -157.928613, 21.656106 ], [ -157.928772, 21.655294 ], [ -157.928395, 21.654027 ], [ -157.927742, 21.652821 ], [ -157.927324, 21.652294 ], [ -157.926883, 21.651962 ], [ -157.925816, 21.651494 ], [ -157.925274, 21.651125 ], [ -157.92458, 21.650894 ], [ -157.923725, 21.650342 ], [ -157.92263, 21.648926 ], [ -157.922218, 21.648201 ], [ -157.919856, 21.648831 ], [ -157.918066, 21.648981 ], [ -157.915921, 21.648904 ], [ -157.914519, 21.648985 ], [ -157.914048, 21.648887 ], [ -157.914095, 21.648602 ], [ -157.913753, 21.648433 ], [ -157.912641, 21.648511 ], [ -157.912193, 21.648436 ], [ -157.912635, 21.648159 ], [ -157.913282, 21.648019 ], [ -157.916293, 21.647583 ], [ -157.917459, 21.647528 ], [ -157.918037, 21.647021 ], [ -157.91826, 21.646535 ], [ -157.918962, 21.643811 ], [ -157.91892, 21.642989 ], [ -157.918103, 21.640468 ], [ -157.918162, 21.639434 ], [ -157.918776, 21.636682 ], [ -157.918616, 21.63576 ], [ -157.918594, 21.634549 ], [ -157.918906, 21.633824 ], [ -157.919719, 21.633414 ], [ -157.919879, 21.633388 ], [ -157.920049, 21.633534 ], [ -157.919961, 21.634062 ], [ -157.920049, 21.634062 ], [ -157.920374, 21.633766 ], [ -157.920285, 21.633364 ], [ -157.920367, 21.633147 ], [ -157.92101, 21.63279 ], [ -157.921012, 21.632641 ], [ -157.920684, 21.632589 ], [ -157.920216, 21.633119 ], [ -157.920056, 21.633127 ], [ -157.920839, 21.63175 ], [ -157.921304, 21.630308 ], [ -157.920474, 21.629593 ], [ -157.920293, 21.629063 ], [ -157.920463, 21.628852 ], [ -157.921022, 21.628856 ], [ -157.921045, 21.628508 ], [ -157.921352, 21.628018 ], [ -157.921193, 21.627746 ], [ -157.921176, 21.627055 ], [ -157.921011, 21.626507 ], [ -157.92107, 21.626277 ], [ -157.920806, 21.626176 ], [ -157.920469, 21.625699 ], [ -157.919646, 21.625093 ], [ -157.918125, 21.624514 ], [ -157.917031, 21.623328 ], [ -157.915853, 21.622724 ], [ -157.915712, 21.622326 ], [ -157.914905, 21.621909 ], [ -157.914155, 21.6212 ], [ -157.913284, 21.620589 ], [ -157.912476, 21.619635 ], [ -157.912354, 21.619151 ], [ -157.912779, 21.617315 ], [ -157.913409, 21.61722 ], [ -157.912809, 21.616945 ], [ -157.912662, 21.61539 ], [ -157.912862, 21.614958 ], [ -157.912456, 21.613993 ], [ -157.911737, 21.613207 ], [ -157.911136, 21.612788 ], [ -157.910296, 21.611545 ], [ -157.909485, 21.610735 ], [ -157.909416, 21.61059 ], [ -157.90951, 21.610537 ], [ -157.910257, 21.610637 ], [ -157.910153, 21.610451 ], [ -157.909791, 21.610376 ], [ -157.909877, 21.61002 ], [ -157.909549, 21.610311 ], [ -157.909042, 21.609938 ], [ -157.909024, 21.609486 ], [ -157.908671, 21.608558 ], [ -157.909478, 21.608062 ], [ -157.908518, 21.60838 ], [ -157.907412, 21.607483 ], [ -157.90697, 21.607322 ], [ -157.905345, 21.607181 ], [ -157.905361, 21.606839 ], [ -157.906199, 21.606034 ], [ -157.906247, 21.60563 ], [ -157.906573, 21.605406 ], [ -157.906978, 21.604701 ], [ -157.907855, 21.602675 ], [ -157.908589, 21.601959 ], [ -157.909941, 21.602817 ], [ -157.911081, 21.602355 ], [ -157.913229, 21.603703 ], [ -157.913339, 21.604851 ], [ -157.914443, 21.605514 ], [ -157.915777, 21.608414 ], [ -157.916883, 21.609173 ], [ -157.916118, 21.610492 ], [ -157.915926, 21.61108 ], [ -157.915982, 21.611405 ], [ -157.916578, 21.611808 ], [ -157.917673, 21.612306 ], [ -157.917737, 21.612435 ], [ -157.91847, 21.613935 ], [ -157.918296, 21.615231 ], [ -157.918112, 21.61576 ], [ -157.916666, 21.616229 ], [ -157.913547, 21.61672 ], [ -157.913686, 21.616996 ], [ -157.914025, 21.616874 ], [ -157.914488, 21.617382 ], [ -157.914872, 21.617189 ], [ -157.915623, 21.617454 ], [ -157.916365, 21.617177 ], [ -157.917314, 21.618404 ], [ -157.918164, 21.617825 ], [ -157.918245, 21.617927 ], [ -157.919064, 21.617378 ], [ -157.919111, 21.617438 ], [ -157.919992, 21.616734 ], [ -157.921426, 21.619105 ], [ -157.917651, 21.621818 ], [ -157.920724, 21.624137 ], [ -157.920358, 21.624603 ], [ -157.921642, 21.62578 ], [ -157.922, 21.625651 ], [ -157.922042, 21.625243 ], [ -157.922393, 21.624932 ], [ -157.922659, 21.625095 ], [ -157.922723, 21.625579 ], [ -157.922548, 21.625751 ], [ -157.922252, 21.625654 ], [ -157.921792, 21.626082 ], [ -157.922136, 21.62921 ], [ -157.923329, 21.629139 ], [ -157.923517, 21.629645 ], [ -157.923959, 21.629674 ], [ -157.923988, 21.630824 ], [ -157.924212, 21.631345 ], [ -157.924651, 21.631055 ], [ -157.925164, 21.631634 ], [ -157.923604, 21.634075 ], [ -157.922726, 21.634005 ], [ -157.922747, 21.63428 ], [ -157.923289, 21.634297 ], [ -157.923284, 21.634413 ], [ -157.922159, 21.634913 ], [ -157.92164, 21.634829 ], [ -157.921256, 21.634199 ], [ -157.921505, 21.633751 ], [ -157.921063, 21.633188 ], [ -157.919928, 21.634403 ], [ -157.919677, 21.635193 ], [ -157.919822, 21.636402 ], [ -157.919765, 21.637158 ], [ -157.922051, 21.636657 ], [ -157.921888, 21.638355 ], [ -157.927627, 21.639015 ], [ -157.927439, 21.640335 ], [ -157.927876, 21.641081 ], [ -157.928247, 21.642565 ], [ -157.928331, 21.64253 ], [ -157.928371, 21.642705 ], [ -157.928921, 21.642869 ], [ -157.928513, 21.643379 ], [ -157.928652, 21.643816 ], [ -157.929018, 21.643712 ], [ -157.929588, 21.645447 ], [ -157.929167, 21.645567 ], [ -157.929605, 21.647015 ], [ -157.930921, 21.6467 ], [ -157.931171, 21.647577 ], [ -157.930864, 21.64765 ], [ -157.93123, 21.648593 ], [ -157.931518, 21.648596 ], [ -157.931573, 21.648276 ], [ -157.931916, 21.648229 ], [ -157.931982, 21.648399 ], [ -157.932744, 21.648657 ], [ -157.932736, 21.649075 ], [ -157.932394, 21.64905 ], [ -157.932342, 21.649145 ], [ -157.932532, 21.649269 ], [ -157.932155, 21.649762 ], [ -157.932473, 21.649837 ], [ -157.932949, 21.650911 ], [ -157.933722, 21.650965 ], [ -157.933835, 21.65175 ], [ -157.933595, 21.651841 ], [ -157.933523, 21.652359 ], [ -157.931303, 21.652378 ], [ -157.9311, 21.652039 ], [ -157.92996, 21.652335 ], [ -157.930179, 21.652861 ], [ -157.930502, 21.652836 ], [ -157.930792, 21.653021 ], [ -157.932131, 21.653224 ], [ -157.932334, 21.653437 ], [ -157.93236, 21.653751 ], [ -157.93201, 21.654116 ], [ -157.931249, 21.65447 ], [ -157.93124, 21.654706 ], [ -157.930186, 21.654765 ], [ -157.930687, 21.656544 ], [ -157.929262, 21.657624 ], [ -157.92865, 21.658311 ], [ -157.928311, 21.659096 ], [ -157.928143, 21.659929 ], [ -157.928533, 21.660651 ], [ -157.928854, 21.660368 ], [ -157.929147, 21.660783 ], [ -157.931002, 21.661441 ], [ -157.931318, 21.660614 ], [ -157.931697, 21.661168 ], [ -157.934724, 21.662298 ], [ -157.936255, 21.664481 ], [ -157.937456, 21.666572 ], [ -157.938126, 21.667919 ], [ -157.939156, 21.670552 ], [ -157.939936, 21.671685 ], [ -157.941366, 21.672742 ], [ -157.941698, 21.67227 ], [ -157.94234, 21.672254 ], [ -157.943625, 21.673051 ], [ -157.94343, 21.673365 ], [ -157.945648, 21.674752 ], [ -157.946054, 21.673661 ], [ -157.947457, 21.673601 ], [ -157.948793, 21.673006 ], [ -157.94999, 21.673143 ], [ -157.951473, 21.673042 ], [ -157.95181, 21.673429 ], [ -157.956022, 21.671997 ], [ -157.956714, 21.672112 ], [ -157.957593, 21.672745 ], [ -157.958318, 21.675889 ], [ -157.956455, 21.676325 ], [ -157.956857, 21.677221 ], [ -157.954891, 21.676711 ], [ -157.955025, 21.677065 ], [ -157.952414, 21.677517 ], [ -157.952373, 21.677797 ], [ -157.953008, 21.677975 ], [ -157.953998, 21.678608 ], [ -157.951251, 21.68153 ], [ -157.951357, 21.682013 ], [ -157.951025, 21.682873 ], [ -157.950298, 21.683053 ], [ -157.949974, 21.682944 ], [ -157.949391, 21.682048 ], [ -157.947916, 21.68125 ], [ -157.947405, 21.680091 ], [ -157.946324, 21.681354 ], [ -157.947512, 21.682922 ], [ -157.945101, 21.684038 ], [ -157.945474, 21.684965 ], [ -157.944773, 21.685117 ], [ -157.944226, 21.684482 ], [ -157.943032, 21.682496 ], [ -157.941641, 21.681006 ], [ -157.940785, 21.679049 ], [ -157.938502, 21.676769 ] ] ], [ [ [ -157.931348, 21.644279 ], [ -157.931492, 21.645013 ], [ -157.930564, 21.645012 ], [ -157.930636, 21.642533 ], [ -157.931232, 21.642598 ], [ -157.93197, 21.642321 ], [ -157.931561, 21.643062 ], [ -157.931348, 21.644279 ] ] ], [ [ [ -158.03344, 21.677571 ], [ -158.034206, 21.677032 ], [ -158.035666, 21.678653 ], [ -158.040436, 21.673796 ], [ -158.050008, 21.665153 ], [ -158.048606, 21.66396 ], [ -158.051264, 21.661566 ], [ -158.051856, 21.662168 ], [ -158.05257, 21.661507 ], [ -158.053279, 21.662218 ], [ -158.056064, 21.659712 ], [ -158.055656, 21.659295 ], [ -158.057096, 21.657843 ], [ -158.057686, 21.658226 ], [ -158.058381, 21.657162 ], [ -158.057743, 21.656854 ], [ -158.05861, 21.655301 ], [ -158.058749, 21.655369 ], [ -158.059214, 21.65454 ], [ -158.059081, 21.654475 ], [ -158.061042, 21.650933 ], [ -158.061541, 21.649772 ], [ -158.061571, 21.649656 ], [ -158.06099, 21.649501 ], [ -158.061257, 21.648635 ], [ -158.06106, 21.648605 ], [ -158.061177, 21.647938 ], [ -158.061027, 21.647916 ], [ -158.061167, 21.647098 ], [ -158.061397, 21.64713 ], [ -158.062477, 21.64451 ], [ -158.062549, 21.643808 ], [ -158.062308, 21.643165 ], [ -158.062444, 21.642863 ], [ -158.062604, 21.642748 ], [ -158.06336, 21.643135 ], [ -158.063655, 21.642808 ], [ -158.06405, 21.643008 ], [ -158.064523, 21.643015 ], [ -158.064782, 21.643138 ], [ -158.064893, 21.643302 ], [ -158.064781, 21.644299 ], [ -158.064475, 21.644966 ], [ -158.064694, 21.645591 ], [ -158.06447, 21.645621 ], [ -158.06411, 21.645375 ], [ -158.063773, 21.645491 ], [ -158.063132, 21.647104 ], [ -158.063107, 21.648052 ], [ -158.063408, 21.648397 ], [ -158.063249, 21.648559 ], [ -158.063261, 21.648767 ], [ -158.063579, 21.648547 ], [ -158.06382, 21.648684 ], [ -158.06362, 21.648773 ], [ -158.063603, 21.649157 ], [ -158.063443, 21.649219 ], [ -158.063921, 21.649597 ], [ -158.063885, 21.650297 ], [ -158.063567, 21.650814 ], [ -158.063496, 21.65076 ], [ -158.063684, 21.650287 ], [ -158.063573, 21.649834 ], [ -158.06378, 21.649637 ], [ -158.063337, 21.649354 ], [ -158.063319, 21.649652 ], [ -158.062943, 21.64975 ], [ -158.062848, 21.65021 ], [ -158.0624, 21.650871 ], [ -158.061882, 21.651008 ], [ -158.061723, 21.651563 ], [ -158.061829, 21.651726 ], [ -158.062353, 21.651851 ], [ -158.062218, 21.65204 ], [ -158.06227, 21.652148 ], [ -158.062642, 21.652354 ], [ -158.062517, 21.652945 ], [ -158.062311, 21.653079 ], [ -158.06231, 21.653517 ], [ -158.062848, 21.654017 ], [ -158.063095, 21.654768 ], [ -158.063054, 21.655039 ], [ -158.06251, 21.655456 ], [ -158.062306, 21.655274 ], [ -158.061916, 21.655444 ], [ -158.061233, 21.655449 ], [ -158.060527, 21.656357 ], [ -158.05933, 21.657403 ], [ -158.058658, 21.658885 ], [ -158.058086, 21.659347 ], [ -158.05718, 21.660376 ], [ -158.055453, 21.661374 ], [ -158.054758, 21.661984 ], [ -158.054175, 21.662731 ], [ -158.05303, 21.663863 ], [ -158.052678, 21.664606 ], [ -158.052083, 21.665077 ], [ -158.051487, 21.665769 ], [ -158.050184, 21.666611 ], [ -158.049631, 21.667141 ], [ -158.048912, 21.667493 ], [ -158.047492, 21.668728 ], [ -158.04702, 21.669258 ], [ -158.046755, 21.670173 ], [ -158.046224, 21.670676 ], [ -158.045035, 21.671329 ], [ -158.043738, 21.672293 ], [ -158.043307, 21.672755 ], [ -158.040461, 21.674247 ], [ -158.040137, 21.675113 ], [ -158.039589, 21.675652 ], [ -158.039212, 21.676363 ], [ -158.039046, 21.676945 ], [ -158.039147, 21.677483 ], [ -158.039034, 21.678006 ], [ -158.039169, 21.67886 ], [ -158.038838, 21.679653 ], [ -158.038038, 21.68071 ], [ -158.03743, 21.681032 ], [ -158.0362, 21.680979 ], [ -158.034609, 21.681137 ], [ -158.033194, 21.681653 ], [ -158.032245, 21.682596 ], [ -158.031414, 21.683901 ], [ -158.031267, 21.684886 ], [ -158.028603, 21.681877 ], [ -158.031355, 21.679379 ], [ -158.032732, 21.678398 ], [ -158.033197, 21.677939 ], [ -158.03344, 21.677571 ] ] ], [ [ [ -157.979864, 21.6939 ], [ -157.981894, 21.695249 ], [ -157.98168, 21.695495 ], [ -157.981452, 21.695339 ], [ -157.981393, 21.695688 ], [ -157.981538, 21.695699 ], [ -157.981602, 21.696036 ], [ -157.98182, 21.696106 ], [ -157.981927, 21.695998 ], [ -157.982215, 21.696231 ], [ -157.98236, 21.696093 ], [ -157.982649, 21.696171 ], [ -157.982754, 21.695832 ], [ -157.983126, 21.696094 ], [ -157.984054, 21.697137 ], [ -157.988629, 21.698255 ], [ -157.991439, 21.697734 ], [ -157.997943, 21.696145 ], [ -158.002494, 21.69645 ], [ -158.00581, 21.69588 ], [ -158.009628, 21.694964 ], [ -158.01099, 21.695083 ], [ -158.013623, 21.695659 ], [ -158.01503, 21.695513 ], [ -158.01595, 21.695125 ], [ -158.01746, 21.694236 ], [ -158.017661, 21.694522 ], [ -158.016924, 21.695082 ], [ -158.015057, 21.697379 ], [ -158.013643, 21.698355 ], [ -158.012983, 21.698152 ], [ -158.013024, 21.697714 ], [ -158.012665, 21.697234 ], [ -158.012659, 21.697044 ], [ -158.013136, 21.696816 ], [ -158.013148, 21.696582 ], [ -158.012417, 21.695963 ], [ -158.010843, 21.695881 ], [ -158.00966, 21.696371 ], [ -158.00834, 21.697623 ], [ -158.008069, 21.698213 ], [ -158.008117, 21.698968 ], [ -158.008287, 21.699172 ], [ -158.008953, 21.699185 ], [ -158.00939, 21.699594 ], [ -158.00943, 21.70033 ], [ -158.009194, 21.700915 ], [ -158.009083, 21.700856 ], [ -158.008924, 21.700322 ], [ -158.008665, 21.700127 ], [ -158.008128, 21.70011 ], [ -158.006607, 21.700372 ], [ -158.006201, 21.700356 ], [ -158.00556, 21.700081 ], [ -158.004905, 21.699992 ], [ -158.004363, 21.699948 ], [ -158.003898, 21.700107 ], [ -158.003721, 21.699759 ], [ -158.003751, 21.699425 ], [ -158.002813, 21.699419 ], [ -158.001482, 21.699917 ], [ -158.000827, 21.699985 ], [ -158.000433, 21.700597 ], [ -157.999466, 21.701634 ], [ -157.99896, 21.702444 ], [ -157.998501, 21.703746 ], [ -157.99856, 21.704261 ], [ -157.999374, 21.704555 ], [ -157.999562, 21.704746 ], [ -157.99965, 21.705279 ], [ -157.999432, 21.70605 ], [ -157.999621, 21.7069 ], [ -157.999515, 21.707179 ], [ -157.999072, 21.707032 ], [ -157.998695, 21.706601 ], [ -157.99836, 21.706455 ], [ -157.998182, 21.705907 ], [ -157.997894, 21.705684 ], [ -157.997741, 21.7053 ], [ -157.99724, 21.705531 ], [ -157.996698, 21.706115 ], [ -157.996627, 21.706566 ], [ -157.996739, 21.707023 ], [ -157.996403, 21.706804 ], [ -157.996403, 21.706059 ], [ -157.995673, 21.70568 ], [ -157.994252, 21.705482 ], [ -157.993175, 21.70562 ], [ -157.992249, 21.704959 ], [ -157.991511, 21.704747 ], [ -157.990061, 21.704738 ], [ -157.989809, 21.704836 ], [ -157.988672, 21.705642 ], [ -157.987887, 21.706658 ], [ -157.98727, 21.706961 ], [ -157.986509, 21.707701 ], [ -157.985778, 21.708252 ], [ -157.985371, 21.708417 ], [ -157.985236, 21.7088 ], [ -157.984441, 21.709292 ], [ -157.9842, 21.709724 ], [ -157.984152, 21.710311 ], [ -157.984465, 21.711044 ], [ -157.984076, 21.71138 ], [ -157.984359, 21.712366 ], [ -157.984307, 21.712461 ], [ -157.983993, 21.712473 ], [ -157.983498, 21.712411 ], [ -157.98321, 21.711858 ], [ -157.983399, 21.711638 ], [ -157.983699, 21.711739 ], [ -157.983605, 21.71149 ], [ -157.983684, 21.710769 ], [ -157.983287, 21.710352 ], [ -157.982775, 21.710105 ], [ -157.980933, 21.710308 ], [ -157.980478, 21.710073 ], [ -157.980362, 21.709675 ], [ -157.980205, 21.709672 ], [ -157.980177, 21.709187 ], [ -157.979153, 21.70895 ], [ -157.977497, 21.708782 ], [ -157.974406, 21.704396 ], [ -157.974343, 21.699513 ], [ -157.975013, 21.698341 ], [ -157.975684, 21.696568 ], [ -157.976385, 21.692687 ], [ -157.978181, 21.693282 ], [ -157.979864, 21.6939 ] ], [ [ -157.976629, 21.705967 ], [ -157.976675, 21.705487 ], [ -157.976885, 21.705563 ], [ -157.977105, 21.705176 ], [ -157.977014, 21.705038 ], [ -157.976638, 21.705094 ], [ -157.97652, 21.704999 ], [ -157.975602, 21.705264 ], [ -157.975375, 21.705597 ], [ -157.975417, 21.705827 ], [ -157.976132, 21.706379 ], [ -157.976629, 21.705967 ] ], [ [ -157.981227, 21.702735 ], [ -157.981483, 21.703079 ], [ -157.981484, 21.703712 ], [ -157.981272, 21.704215 ], [ -157.981374, 21.704479 ], [ -157.981629, 21.704674 ], [ -157.983663, 21.699704 ], [ -157.983851, 21.699069 ], [ -157.983643, 21.698422 ], [ -157.983346, 21.698133 ], [ -157.982351, 21.697647 ], [ -157.98165, 21.697647 ], [ -157.981168, 21.69779 ], [ -157.979448, 21.69714 ], [ -157.978799, 21.697041 ], [ -157.97821, 21.697074 ], [ -157.977799, 21.697248 ], [ -157.977526, 21.69747 ], [ -157.977915, 21.699206 ], [ -157.978756, 21.699688 ], [ -157.979298, 21.700272 ], [ -157.980377, 21.700371 ], [ -157.980814, 21.700996 ], [ -157.981742, 21.701421 ], [ -157.981879, 21.702102 ], [ -157.981241, 21.702449 ], [ -157.981227, 21.702735 ] ] ], [ [ [ -157.72506, 21.281029 ], [ -157.725137, 21.281287 ], [ -157.724513, 21.281647 ], [ -157.723673, 21.281663 ], [ -157.723123, 21.281985 ], [ -157.722762, 21.281404 ], [ -157.723036, 21.281247 ], [ -157.724296, 21.281045 ], [ -157.72506, 21.281029 ] ] ], [ [ [ -157.704622, 21.28496 ], [ -157.704367, 21.285376 ], [ -157.704097, 21.285522 ], [ -157.703951, 21.285351 ], [ -157.703985, 21.284551 ], [ -157.704441, 21.284478 ], [ -157.704617, 21.284635 ], [ -157.704622, 21.28496 ] ] ], [ [ [ -157.695668, 21.294786 ], [ -157.695474, 21.294935 ], [ -157.694933, 21.294595 ], [ -157.694529, 21.294548 ], [ -157.694329, 21.294197 ], [ -157.694364, 21.293922 ], [ -157.69565, 21.293575 ], [ -157.695874, 21.293691 ], [ -157.695832, 21.294098 ], [ -157.695668, 21.294786 ] ] ], [ [ [ -157.880924, 21.313215 ], [ -157.880112, 21.313078 ], [ -157.880529, 21.311902 ], [ -157.880752, 21.311651 ], [ -157.880647, 21.311438 ], [ -157.8804, 21.311337 ], [ -157.880276, 21.311548 ], [ -157.880165, 21.311507 ], [ -157.880424, 21.310808 ], [ -157.880194, 21.310753 ], [ -157.879371, 21.312694 ], [ -157.873168, 21.308736 ], [ -157.873828, 21.307829 ], [ -157.873764, 21.307711 ], [ -157.873523, 21.307564 ], [ -157.873623, 21.307479 ], [ -157.873111, 21.307431 ], [ -157.871895, 21.306618 ], [ -157.871806, 21.306202 ], [ -157.869455, 21.302248 ], [ -157.869314, 21.302175 ], [ -157.869262, 21.301438 ], [ -157.869603, 21.300347 ], [ -157.869989, 21.299708 ], [ -157.870876, 21.298743 ], [ -157.87599, 21.300968 ], [ -157.876889, 21.300807 ], [ -157.879198, 21.300985 ], [ -157.87955, 21.301222 ], [ -157.880132, 21.301199 ], [ -157.88095, 21.300852 ], [ -157.881972, 21.300665 ], [ -157.883241, 21.299955 ], [ -157.884004, 21.29987 ], [ -157.884081, 21.300042 ], [ -157.885268, 21.301016 ], [ -157.884862, 21.301063 ], [ -157.884592, 21.300885 ], [ -157.884176, 21.301714 ], [ -157.889515, 21.312002 ], [ -157.889527, 21.312432 ], [ -157.887852, 21.313487 ], [ -157.8871, 21.313725 ], [ -157.885925, 21.313867 ], [ -157.885895, 21.314088 ], [ -157.881188, 21.313271 ], [ -157.881446, 21.312315 ], [ -157.881375, 21.312219 ], [ -157.880924, 21.313215 ] ] ], [ [ [ -157.816753, 21.350947 ], [ -157.815229, 21.349913 ], [ -157.816326, 21.349122 ], [ -157.816765, 21.348434 ], [ -157.818694, 21.349202 ], [ -157.818417, 21.349637 ], [ -157.816753, 21.350947 ] ] ], [ [ [ -157.991381, 21.44696 ], [ -157.991755, 21.44599 ], [ -157.994424, 21.441134 ], [ -157.995206, 21.437174 ], [ -157.995556, 21.436177 ], [ -157.996797, 21.433832 ], [ -157.99759, 21.431965 ], [ -157.998881, 21.430636 ], [ -157.99912, 21.43024 ], [ -157.999223, 21.429646 ], [ -157.999048, 21.428619 ], [ -158.00057, 21.428178 ], [ -158.001732, 21.427513 ], [ -158.002304, 21.426746 ], [ -158.002643, 21.42603 ], [ -158.002198, 21.426344 ], [ -158.001486, 21.427299 ], [ -158.000575, 21.427889 ], [ -157.998405, 21.428662 ], [ -157.996828, 21.428561 ], [ -157.996182, 21.428811 ], [ -157.996153, 21.429076 ], [ -157.996833, 21.430235 ], [ -157.996911, 21.430547 ], [ -157.99675, 21.430953 ], [ -157.995756, 21.430682 ], [ -157.994771, 21.430064 ], [ -157.99394, 21.428979 ], [ -157.993885, 21.428138 ], [ -157.994189, 21.42736 ], [ -157.995384, 21.425898 ], [ -157.994282, 21.422528 ], [ -157.993348, 21.423071 ], [ -157.992964, 21.423023 ], [ -157.992699, 21.422726 ], [ -157.992618, 21.42204 ], [ -157.992817, 21.421308 ], [ -157.993162, 21.420701 ], [ -157.993428, 21.420508 ], [ -157.992727, 21.41746 ], [ -157.991118, 21.415301 ], [ -157.990919, 21.412332 ], [ -157.9913, 21.411046 ], [ -157.991582, 21.410781 ], [ -157.992292, 21.410459 ], [ -157.992934, 21.409592 ], [ -157.992809, 21.409456 ], [ -157.991928, 21.410289 ], [ -157.991957, 21.409975 ], [ -157.991288, 21.409796 ], [ -157.991119, 21.4091 ], [ -157.991345, 21.405978 ], [ -157.990986, 21.405259 ], [ -157.991052, 21.404035 ], [ -157.992947, 21.399886 ], [ -157.992959, 21.399605 ], [ -157.992713, 21.399197 ], [ -157.992087, 21.398555 ], [ -157.990916, 21.39804 ], [ -157.989114, 21.397815 ], [ -157.986553, 21.39793 ], [ -157.986008, 21.398155 ], [ -157.984582, 21.398222 ], [ -157.984527, 21.398694 ], [ -157.984685, 21.399322 ], [ -157.984551, 21.399929 ], [ -157.982372, 21.403151 ], [ -157.981538, 21.403895 ], [ -157.978872, 21.405104 ], [ -157.978903, 21.405799 ], [ -157.979225, 21.406144 ], [ -157.978798, 21.406501 ], [ -157.978852, 21.407323 ], [ -157.979478, 21.407734 ], [ -157.979342, 21.408305 ], [ -157.979384, 21.408756 ], [ -157.978815, 21.40969 ], [ -157.978636, 21.410455 ], [ -157.97792, 21.411773 ], [ -157.980311, 21.410481 ], [ -157.981402, 21.410084 ], [ -157.982415, 21.40992 ], [ -157.983893, 21.410066 ], [ -157.984671, 21.410325 ], [ -157.984704, 21.409779 ], [ -157.985763, 21.409812 ], [ -157.985722, 21.412049 ], [ -157.987923, 21.413688 ], [ -157.988321, 21.414087 ], [ -157.988508, 21.41453 ], [ -157.988666, 21.415061 ], [ -157.988676, 21.415655 ], [ -157.988512, 21.416479 ], [ -157.987941, 21.417648 ], [ -157.984449, 21.422149 ], [ -157.989527, 21.42581 ], [ -157.993397, 21.425596 ], [ -157.992811, 21.426401 ], [ -157.992318, 21.426828 ], [ -157.99212, 21.427253 ], [ -157.99168, 21.427477 ], [ -157.991648, 21.427937 ], [ -157.991877, 21.428093 ], [ -157.991887, 21.429179 ], [ -157.991046, 21.429788 ], [ -157.991172, 21.429955 ], [ -157.991441, 21.42996 ], [ -157.98839, 21.430471 ], [ -157.985526, 21.430403 ], [ -157.985467, 21.433689 ], [ -157.985248, 21.434185 ], [ -157.984851, 21.434513 ], [ -157.980864, 21.436375 ], [ -157.97844, 21.438135 ], [ -157.976449, 21.439029 ], [ -157.973904, 21.437981 ], [ -157.972412, 21.439074 ], [ -157.970429, 21.437055 ], [ -157.970459, 21.435766 ], [ -157.97035, 21.435405 ], [ -157.969988, 21.43528 ], [ -157.969515, 21.4354 ], [ -157.96881, 21.435178 ], [ -157.967647, 21.435196 ], [ -157.967197, 21.43504 ], [ -157.966897, 21.434804 ], [ -157.96679, 21.434542 ], [ -157.966776, 21.434151 ], [ -157.967059, 21.433738 ], [ -157.967759, 21.4332 ], [ -157.968706, 21.432756 ], [ -157.969301, 21.432028 ], [ -157.969469, 21.431667 ], [ -157.969425, 21.431299 ], [ -157.969254, 21.431055 ], [ -157.969017, 21.430921 ], [ -157.968522, 21.43091 ], [ -157.964792, 21.433288 ], [ -157.964776, 21.431884 ], [ -157.965024, 21.431141 ], [ -157.966074, 21.430035 ], [ -157.967037, 21.429299 ], [ -157.967115, 21.428092 ], [ -157.967626, 21.427018 ], [ -157.967659, 21.426637 ], [ -157.967461, 21.42575 ], [ -157.967108, 21.424765 ], [ -157.96712, 21.423718 ], [ -157.967645, 21.422804 ], [ -157.968258, 21.422373 ], [ -157.96888, 21.420835 ], [ -157.969889, 21.419115 ], [ -157.967968, 21.42026 ], [ -157.967042, 21.420254 ], [ -157.965338, 21.418597 ], [ -157.965327, 21.419425 ], [ -157.965184, 21.419693 ], [ -157.964378, 21.419956 ], [ -157.962772, 21.42116 ], [ -157.962223, 21.421288 ], [ -157.962716, 21.424356 ], [ -157.962205, 21.42438 ], [ -157.961019, 21.425189 ], [ -157.960251, 21.426175 ], [ -157.959863, 21.427045 ], [ -157.959607, 21.427348 ], [ -157.958379, 21.427753 ], [ -157.95627, 21.428243 ], [ -157.95618, 21.428556 ], [ -157.955919, 21.428323 ], [ -157.955578, 21.428367 ], [ -157.955112, 21.428731 ], [ -157.95454, 21.428876 ], [ -157.954298, 21.429106 ], [ -157.953115, 21.429501 ], [ -157.95324, 21.429925 ], [ -157.953711, 21.429838 ], [ -157.954041, 21.429902 ], [ -157.954157, 21.430054 ], [ -157.954166, 21.43023 ], [ -157.953255, 21.430703 ], [ -157.952124, 21.431073 ], [ -157.951179, 21.430923 ], [ -157.950627, 21.431005 ], [ -157.950386, 21.430847 ], [ -157.948627, 21.431 ], [ -157.948603, 21.430637 ], [ -157.948273, 21.430256 ], [ -157.948025, 21.430164 ], [ -157.947388, 21.430313 ], [ -157.946661, 21.43022 ], [ -157.946304, 21.430305 ], [ -157.946115, 21.430215 ], [ -157.945364, 21.430331 ], [ -157.944701, 21.430006 ], [ -157.944595, 21.430069 ], [ -157.943743, 21.429714 ], [ -157.943305, 21.429678 ], [ -157.942643, 21.430127 ], [ -157.942428, 21.430006 ], [ -157.942197, 21.430106 ], [ -157.941713, 21.429897 ], [ -157.941219, 21.430184 ], [ -157.940676, 21.430024 ], [ -157.940081, 21.430229 ], [ -157.939757, 21.430155 ], [ -157.939006, 21.430532 ], [ -157.938665, 21.430302 ], [ -157.93866, 21.430003 ], [ -157.939009, 21.429933 ], [ -157.940131, 21.429316 ], [ -157.940509, 21.42936 ], [ -157.94087, 21.42917 ], [ -157.942007, 21.428066 ], [ -157.943246, 21.427179 ], [ -157.944182, 21.42669 ], [ -157.94436, 21.426688 ], [ -157.944365, 21.426902 ], [ -157.943807, 21.427204 ], [ -157.943523, 21.427788 ], [ -157.943059, 21.428029 ], [ -157.943045, 21.428475 ], [ -157.943387, 21.428843 ], [ -157.944721, 21.428072 ], [ -157.945201, 21.427536 ], [ -157.945633, 21.427245 ], [ -157.946364, 21.425772 ], [ -157.94886, 21.42337 ], [ -157.950236, 21.422296 ], [ -157.951027, 21.421094 ], [ -157.951847, 21.420686 ], [ -157.9524, 21.42023 ], [ -157.952871, 21.42037 ], [ -157.953015, 21.420262 ], [ -157.956311, 21.415438 ], [ -157.955328, 21.415605 ], [ -157.953486, 21.41669 ], [ -157.953069, 21.416787 ], [ -157.951882, 21.416776 ], [ -157.951054, 21.416939 ], [ -157.9492, 21.417771 ], [ -157.948462, 21.418162 ], [ -157.94682, 21.419589 ], [ -157.946008, 21.420089 ], [ -157.945401, 21.420235 ], [ -157.944358, 21.421181 ], [ -157.944022, 21.421871 ], [ -157.943408, 21.422037 ], [ -157.940885, 21.423295 ], [ -157.93974, 21.423291 ], [ -157.939431, 21.423155 ], [ -157.93932, 21.422959 ], [ -157.939399, 21.422021 ], [ -157.941613, 21.420185 ], [ -157.941528, 21.419553 ], [ -157.940917, 21.418564 ], [ -157.942177, 21.417404 ], [ -157.943389, 21.417698 ], [ -157.944093, 21.418124 ], [ -157.944376, 21.418393 ], [ -157.944398, 21.418817 ], [ -157.944498, 21.418843 ], [ -157.945294, 21.417704 ], [ -157.946, 21.417232 ], [ -157.945956, 21.416809 ], [ -157.94646, 21.416561 ], [ -157.947394, 21.416228 ], [ -157.949677, 21.416511 ], [ -157.950782, 21.414236 ], [ -157.948602, 21.412711 ], [ -157.948525, 21.412899 ], [ -157.946694, 21.412206 ], [ -157.946037, 21.412487 ], [ -157.944688, 21.412141 ], [ -157.944557, 21.412235 ], [ -157.944627, 21.41285 ], [ -157.944405, 21.413106 ], [ -157.944051, 21.413173 ], [ -157.943339, 21.412886 ], [ -157.942679, 21.412882 ], [ -157.941892, 21.413026 ], [ -157.941313, 21.413656 ], [ -157.940902, 21.413343 ], [ -157.940494, 21.413273 ], [ -157.939556, 21.412736 ], [ -157.93718, 21.413757 ], [ -157.937308, 21.414018 ], [ -157.93608, 21.414709 ], [ -157.936162, 21.41494 ], [ -157.935845, 21.414945 ], [ -157.935776, 21.414783 ], [ -157.935124, 21.414744 ], [ -157.933944, 21.414429 ], [ -157.93393, 21.414181 ], [ -157.933717, 21.414328 ], [ -157.933609, 21.41418 ], [ -157.934116, 21.41407 ], [ -157.933931, 21.413774 ], [ -157.938608, 21.411135 ], [ -157.938739, 21.411217 ], [ -157.938944, 21.41176 ], [ -157.938694, 21.412158 ], [ -157.93875, 21.412255 ], [ -157.939197, 21.412086 ], [ -157.939468, 21.412248 ], [ -157.939712, 21.411894 ], [ -157.941349, 21.411382 ], [ -157.942812, 21.410356 ], [ -157.943174, 21.410234 ], [ -157.94459, 21.41013 ], [ -157.944955, 21.409902 ], [ -157.945471, 21.409272 ], [ -157.94662, 21.408941 ], [ -157.947194, 21.407787 ], [ -157.94763, 21.407268 ], [ -157.949264, 21.404128 ], [ -157.949471, 21.402996 ], [ -157.949033, 21.402893 ], [ -157.948872, 21.402501 ], [ -157.948529, 21.402287 ], [ -157.94879, 21.401145 ], [ -157.94799, 21.40082 ], [ -157.947904, 21.40141 ], [ -157.947531, 21.401977 ], [ -157.947678, 21.403638 ], [ -157.947358, 21.404853 ], [ -157.946842, 21.405538 ], [ -157.946581, 21.406241 ], [ -157.946027, 21.406628 ], [ -157.94568, 21.407686 ], [ -157.944853, 21.407822 ], [ -157.944348, 21.408568 ], [ -157.944128, 21.408509 ], [ -157.943726, 21.407945 ], [ -157.942805, 21.408181 ], [ -157.941979, 21.408042 ], [ -157.941639, 21.408084 ], [ -157.940345, 21.40862 ], [ -157.938745, 21.408556 ], [ -157.937052, 21.409174 ], [ -157.934294, 21.409444 ], [ -157.93317, 21.409799 ], [ -157.931771, 21.409663 ], [ -157.9316, 21.409587 ], [ -157.931373, 21.409077 ], [ -157.93164, 21.408673 ], [ -157.931956, 21.408642 ], [ -157.932291, 21.408771 ], [ -157.932885, 21.4084 ], [ -157.93301, 21.407454 ], [ -157.93331, 21.407034 ], [ -157.9337, 21.406984 ], [ -157.93416, 21.406632 ], [ -157.934534, 21.406589 ], [ -157.934772, 21.406433 ], [ -157.935221, 21.406649 ], [ -157.935606, 21.406667 ], [ -157.936685, 21.40643 ], [ -157.938309, 21.405692 ], [ -157.93881, 21.405028 ], [ -157.938997, 21.404295 ], [ -157.939672, 21.403365 ], [ -157.939774, 21.402961 ], [ -157.940417, 21.402507 ], [ -157.940673, 21.402397 ], [ -157.941731, 21.402686 ], [ -157.942273, 21.402562 ], [ -157.943234, 21.401378 ], [ -157.943517, 21.400548 ], [ -157.9435, 21.400147 ], [ -157.943787, 21.399883 ], [ -157.943982, 21.400014 ], [ -157.944185, 21.399734 ], [ -157.945206, 21.399374 ], [ -157.945483, 21.399459 ], [ -157.944889, 21.399111 ], [ -157.944152, 21.398321 ], [ -157.943199, 21.398794 ], [ -157.942328, 21.399482 ], [ -157.942332, 21.400585 ], [ -157.941545, 21.40124 ], [ -157.940627, 21.401088 ], [ -157.940117, 21.40114 ], [ -157.938983, 21.402183 ], [ -157.937196, 21.402208 ], [ -157.936857, 21.402349 ], [ -157.935967, 21.402031 ], [ -157.935627, 21.402331 ], [ -157.936905, 21.402766 ], [ -157.937364, 21.403082 ], [ -157.937477, 21.403387 ], [ -157.937285, 21.404008 ], [ -157.937234, 21.404769 ], [ -157.936161, 21.405053 ], [ -157.935411, 21.405105 ], [ -157.934969, 21.405631 ], [ -157.934248, 21.405486 ], [ -157.933283, 21.405623 ], [ -157.931815, 21.404968 ], [ -157.931401, 21.405166 ], [ -157.931083, 21.405571 ], [ -157.931112, 21.406211 ], [ -157.930194, 21.40635 ], [ -157.929692, 21.405933 ], [ -157.929328, 21.405971 ], [ -157.929051, 21.405177 ], [ -157.929864, 21.404445 ], [ -157.930151, 21.404738 ], [ -157.930474, 21.404074 ], [ -157.930298, 21.403653 ], [ -157.930332, 21.403043 ], [ -157.930437, 21.402904 ], [ -157.931014, 21.402755 ], [ -157.931431, 21.402805 ], [ -157.932714, 21.40235 ], [ -157.933377, 21.402561 ], [ -157.933514, 21.402501 ], [ -157.933623, 21.40162 ], [ -157.934059, 21.401037 ], [ -157.934449, 21.400088 ], [ -157.935116, 21.399214 ], [ -157.936007, 21.398734 ], [ -157.9367, 21.398097 ], [ -157.937099, 21.398004 ], [ -157.937714, 21.398312 ], [ -157.938365, 21.39809 ], [ -157.938736, 21.398087 ], [ -157.939727, 21.398513 ], [ -157.940176, 21.398467 ], [ -157.941032, 21.398643 ], [ -157.941822, 21.398387 ], [ -157.942085, 21.398849 ], [ -157.942435, 21.398931 ], [ -157.943797, 21.398247 ], [ -157.944369, 21.397801 ], [ -157.944767, 21.397198 ], [ -157.94495, 21.395727 ], [ -157.945318, 21.395038 ], [ -157.947336, 21.394147 ], [ -157.948394, 21.393159 ], [ -157.947967, 21.393239 ], [ -157.946326, 21.393953 ], [ -157.944886, 21.394827 ], [ -157.944112, 21.395742 ], [ -157.944113, 21.396304 ], [ -157.943869, 21.397034 ], [ -157.943238, 21.39745 ], [ -157.942052, 21.397799 ], [ -157.940664, 21.397862 ], [ -157.939326, 21.397273 ], [ -157.937987, 21.397216 ], [ -157.937072, 21.396988 ], [ -157.936422, 21.397106 ], [ -157.93582, 21.39743 ], [ -157.9345, 21.397818 ], [ -157.933494, 21.397909 ], [ -157.932222, 21.398271 ], [ -157.93186, 21.398631 ], [ -157.931704, 21.399123 ], [ -157.931457, 21.399209 ], [ -157.930218, 21.39756 ], [ -157.926983, 21.398497 ], [ -157.926389, 21.398899 ], [ -157.925669, 21.399051 ], [ -157.924143, 21.399078 ], [ -157.924297, 21.398978 ], [ -157.922671, 21.398752 ], [ -157.92132, 21.398882 ], [ -157.920092, 21.398784 ], [ -157.919334, 21.398962 ], [ -157.918507, 21.398836 ], [ -157.917152, 21.398886 ], [ -157.916423, 21.399326 ], [ -157.91606, 21.399751 ], [ -157.915612, 21.399862 ], [ -157.914698, 21.399336 ], [ -157.915065, 21.398804 ], [ -157.915595, 21.398738 ], [ -157.916159, 21.398383 ], [ -157.916809, 21.398798 ], [ -157.917933, 21.398136 ], [ -157.919059, 21.396482 ], [ -157.920375, 21.396624 ], [ -157.921344, 21.395741 ], [ -157.922187, 21.394665 ], [ -157.922365, 21.394 ], [ -157.922722, 21.393381 ], [ -157.923177, 21.393279 ], [ -157.923489, 21.393665 ], [ -157.923191, 21.394182 ], [ -157.923237, 21.394778 ], [ -157.924306, 21.394521 ], [ -157.925144, 21.394086 ], [ -157.925676, 21.393408 ], [ -157.925847, 21.392939 ], [ -157.926329, 21.39239 ], [ -157.928088, 21.392222 ], [ -157.929035, 21.391903 ], [ -157.926813, 21.389543 ], [ -157.926038, 21.389637 ], [ -157.925044, 21.389521 ], [ -157.923867, 21.389906 ], [ -157.92305, 21.389961 ], [ -157.921131, 21.390675 ], [ -157.920593, 21.391033 ], [ -157.91986, 21.3921 ], [ -157.918424, 21.39342 ], [ -157.916878, 21.393765 ], [ -157.916546, 21.393979 ], [ -157.916133, 21.394534 ], [ -157.915512, 21.395074 ], [ -157.914475, 21.395223 ], [ -157.91376, 21.395166 ], [ -157.911895, 21.39566 ], [ -157.909474, 21.39677 ], [ -157.909352, 21.396597 ], [ -157.906876, 21.398146 ], [ -157.90595, 21.397149 ], [ -157.902587, 21.391331 ], [ -157.901038, 21.392363 ], [ -157.900585, 21.392353 ], [ -157.900193, 21.39257 ], [ -157.899275, 21.392644 ], [ -157.898853, 21.392803 ], [ -157.897888, 21.392709 ], [ -157.897995, 21.391418 ], [ -157.899179, 21.389469 ], [ -157.898871, 21.388514 ], [ -157.899134, 21.388108 ], [ -157.899643, 21.387919 ], [ -157.900384, 21.386969 ], [ -157.901343, 21.386502 ], [ -157.902363, 21.385656 ], [ -157.902713, 21.385214 ], [ -157.903668, 21.384501 ], [ -157.903752, 21.384133 ], [ -157.903991, 21.383813 ], [ -157.905193, 21.383045 ], [ -157.906162, 21.382768 ], [ -157.905408, 21.381495 ], [ -157.905607, 21.3807 ], [ -157.904892, 21.379557 ], [ -157.904077, 21.37936 ], [ -157.900595, 21.374844 ], [ -157.900082, 21.374664 ], [ -157.899593, 21.374899 ], [ -157.898666, 21.375034 ], [ -157.897976, 21.374988 ], [ -157.896395, 21.375151 ], [ -157.895485, 21.375042 ], [ -157.895341, 21.374948 ], [ -157.895568, 21.374719 ], [ -157.895534, 21.374154 ], [ -157.89619, 21.373785 ], [ -157.896853, 21.373934 ], [ -157.898113, 21.373662 ], [ -157.898403, 21.373447 ], [ -157.899221, 21.372228 ], [ -157.900199, 21.371823 ], [ -157.900808, 21.371435 ], [ -157.90259, 21.371263 ], [ -157.903448, 21.370962 ], [ -157.905492, 21.371103 ], [ -157.904321, 21.369921 ], [ -157.902627, 21.36983 ], [ -157.901835, 21.370351 ], [ -157.89924, 21.370546 ], [ -157.897812, 21.371539 ], [ -157.896663, 21.37257 ], [ -157.89476, 21.372495 ], [ -157.888728, 21.374807 ], [ -157.887716, 21.374918 ], [ -157.886605, 21.375671 ], [ -157.88529, 21.375452 ], [ -157.886424, 21.374586 ], [ -157.887026, 21.374447 ], [ -157.886002, 21.372366 ], [ -157.885434, 21.372449 ], [ -157.885315, 21.372901 ], [ -157.885047, 21.373107 ], [ -157.884051, 21.373193 ], [ -157.881513, 21.374167 ], [ -157.879821, 21.373511 ], [ -157.879522, 21.372824 ], [ -157.879819, 21.372489 ], [ -157.883331, 21.37167 ], [ -157.885289, 21.370667 ], [ -157.886716, 21.368439 ], [ -157.886067, 21.367818 ], [ -157.886508, 21.367644 ], [ -157.88676, 21.367852 ], [ -157.888632, 21.367514 ], [ -157.889614, 21.366677 ], [ -157.890571, 21.366106 ], [ -157.891135, 21.366448 ], [ -157.892741, 21.365913 ], [ -157.893098, 21.36561 ], [ -157.893867, 21.36398 ], [ -157.894781, 21.363657 ], [ -157.897105, 21.362318 ], [ -157.895922, 21.3621 ], [ -157.895178, 21.362763 ], [ -157.894118, 21.362658 ], [ -157.89348, 21.362841 ], [ -157.891959, 21.363755 ], [ -157.89178, 21.364125 ], [ -157.892107, 21.365272 ], [ -157.891251, 21.365501 ], [ -157.890164, 21.365464 ], [ -157.889161, 21.365226 ], [ -157.888747, 21.365379 ], [ -157.887489, 21.366372 ], [ -157.886738, 21.365945 ], [ -157.885802, 21.365845 ], [ -157.884563, 21.365918 ], [ -157.883046, 21.366325 ], [ -157.882898, 21.367039 ], [ -157.882099, 21.366996 ], [ -157.880687, 21.362736 ], [ -157.883775, 21.360994 ], [ -157.886753, 21.359055 ], [ -157.887954, 21.358617 ], [ -157.888671, 21.357975 ], [ -157.887644, 21.357336 ], [ -157.88877, 21.355722 ], [ -157.889439, 21.3554 ], [ -157.888615, 21.354899 ], [ -157.888304, 21.354853 ], [ -157.887325, 21.355081 ], [ -157.886838, 21.355066 ], [ -157.886235, 21.354869 ], [ -157.885869, 21.35533 ], [ -157.883761, 21.356858 ], [ -157.883018, 21.35696 ], [ -157.882503, 21.35521 ], [ -157.881002, 21.35537 ], [ -157.878854, 21.356007 ], [ -157.875837, 21.357559 ], [ -157.8739, 21.356525 ], [ -157.87433, 21.355851 ], [ -157.876423, 21.354459 ], [ -157.877426, 21.353465 ], [ -157.87789, 21.353436 ], [ -157.879394, 21.352881 ], [ -157.880119, 21.351962 ], [ -157.879868, 21.351739 ], [ -157.879198, 21.351822 ], [ -157.87827, 21.352288 ], [ -157.875483, 21.352497 ], [ -157.875487, 21.352056 ], [ -157.876794, 21.351142 ], [ -157.878116, 21.350586 ], [ -157.877732, 21.350153 ], [ -157.876571, 21.350535 ], [ -157.875095, 21.351227 ], [ -157.87409, 21.351846 ], [ -157.873774, 21.3524 ], [ -157.872459, 21.35283 ], [ -157.871241, 21.353553 ], [ -157.869617, 21.353881 ], [ -157.869219, 21.353601 ], [ -157.869124, 21.352483 ], [ -157.868725, 21.351666 ], [ -157.869022, 21.350611 ], [ -157.869553, 21.349938 ], [ -157.87105, 21.3488 ], [ -157.871709, 21.347951 ], [ -157.871803, 21.347424 ], [ -157.876415, 21.34505 ], [ -157.87565, 21.343794 ], [ -157.875426, 21.343886 ], [ -157.875223, 21.34362 ], [ -157.872398, 21.345309 ], [ -157.870444, 21.346057 ], [ -157.869952, 21.346758 ], [ -157.869824, 21.346584 ], [ -157.869575, 21.346739 ], [ -157.869394, 21.346568 ], [ -157.868723, 21.347746 ], [ -157.867853, 21.348119 ], [ -157.867584, 21.348006 ], [ -157.865908, 21.348625 ], [ -157.866077, 21.349081 ], [ -157.863721, 21.350464 ], [ -157.864502, 21.351271 ], [ -157.86298, 21.353594 ], [ -157.861194, 21.354442 ], [ -157.859755, 21.356587 ], [ -157.859828, 21.357279 ], [ -157.859404, 21.357863 ], [ -157.858429, 21.359743 ], [ -157.857278, 21.360432 ], [ -157.85653, 21.360147 ], [ -157.856364, 21.361346 ], [ -157.85543, 21.362003 ], [ -157.851364, 21.363749 ], [ -157.850413, 21.364302 ], [ -157.850723, 21.364979 ], [ -157.849913, 21.365667 ], [ -157.849118, 21.365554 ], [ -157.847486, 21.366053 ], [ -157.846888, 21.365592 ], [ -157.845287, 21.366063 ], [ -157.845327, 21.366179 ], [ -157.844852, 21.366316 ], [ -157.844814, 21.366202 ], [ -157.84281, 21.366761 ], [ -157.842848, 21.366905 ], [ -157.8422, 21.367088 ], [ -157.842094, 21.366848 ], [ -157.841298, 21.367071 ], [ -157.841305, 21.367186 ], [ -157.841168, 21.367107 ], [ -157.840403, 21.365777 ], [ -157.839791, 21.365868 ], [ -157.839357, 21.364992 ], [ -157.838676, 21.365259 ], [ -157.838584, 21.365074 ], [ -157.838492, 21.365111 ], [ -157.837613, 21.363019 ], [ -157.839417, 21.362203 ], [ -157.847474, 21.359694 ], [ -157.849854, 21.35666 ], [ -157.850101, 21.355184 ], [ -157.85208, 21.355592 ], [ -157.853841, 21.354237 ], [ -157.854554, 21.352659 ], [ -157.855046, 21.351969 ], [ -157.853615, 21.35115 ], [ -157.85372, 21.350851 ], [ -157.853854, 21.350677 ], [ -157.85527, 21.349905 ], [ -157.855923, 21.349728 ], [ -157.855891, 21.349469 ], [ -157.855465, 21.349327 ], [ -157.853949, 21.349896 ], [ -157.852907, 21.350538 ], [ -157.852397, 21.351014 ], [ -157.851191, 21.351134 ], [ -157.850989, 21.351326 ], [ -157.850641, 21.35117 ], [ -157.850745, 21.351045 ], [ -157.850492, 21.350714 ], [ -157.851041, 21.350106 ], [ -157.850927, 21.349516 ], [ -157.851241, 21.349465 ], [ -157.852931, 21.348494 ], [ -157.853358, 21.347307 ], [ -157.855208, 21.346345 ], [ -157.855281, 21.346465 ], [ -157.855873, 21.346156 ], [ -157.855944, 21.346276 ], [ -157.856535, 21.345973 ], [ -157.856586, 21.34606 ], [ -157.858018, 21.345317 ], [ -157.858396, 21.345203 ], [ -157.858502, 21.345384 ], [ -157.859352, 21.344941 ], [ -157.859014, 21.344365 ], [ -157.858646, 21.344219 ], [ -157.85679, 21.342518 ], [ -157.856337, 21.342661 ], [ -157.854555, 21.342605 ], [ -157.853839, 21.342865 ], [ -157.852987, 21.342816 ], [ -157.85197, 21.34336 ], [ -157.8508, 21.343713 ], [ -157.849213, 21.34466 ], [ -157.846127, 21.345655 ], [ -157.844932, 21.345776 ], [ -157.843631, 21.346385 ], [ -157.84322, 21.346104 ], [ -157.843246, 21.345899 ], [ -157.843385, 21.34584 ], [ -157.843632, 21.346004 ], [ -157.844005, 21.345729 ], [ -157.844036, 21.345553 ], [ -157.84509, 21.344997 ], [ -157.845487, 21.344119 ], [ -157.845809, 21.343749 ], [ -157.845853, 21.343546 ], [ -157.845641, 21.343352 ], [ -157.845918, 21.343192 ], [ -157.845808, 21.342805 ], [ -157.846033, 21.342487 ], [ -157.846274, 21.341459 ], [ -157.846514, 21.341003 ], [ -157.846271, 21.340393 ], [ -157.846447, 21.340008 ], [ -157.847063, 21.339377 ], [ -157.847971, 21.339131 ], [ -157.847904, 21.339051 ], [ -157.848927, 21.3383 ], [ -157.848757, 21.338098 ], [ -157.849369, 21.337656 ], [ -157.849633, 21.337973 ], [ -157.849706, 21.337896 ], [ -157.850178, 21.337193 ], [ -157.849804, 21.336744 ], [ -157.850212, 21.336444 ], [ -157.850343, 21.336602 ], [ -157.850689, 21.336181 ], [ -157.850853, 21.336376 ], [ -157.85129, 21.335843 ], [ -157.851074, 21.335584 ], [ -157.85131, 21.335415 ], [ -157.851449, 21.335582 ], [ -157.851917, 21.334801 ], [ -157.851351, 21.334119 ], [ -157.850813, 21.334585 ], [ -157.849733, 21.335866 ], [ -157.847554, 21.337593 ], [ -157.84655, 21.337863 ], [ -157.846406, 21.33768 ], [ -157.845638, 21.338118 ], [ -157.845529, 21.337985 ], [ -157.844779, 21.33857 ], [ -157.843559, 21.341451 ], [ -157.843047, 21.342218 ], [ -157.842207, 21.342881 ], [ -157.837246, 21.346153 ], [ -157.836033, 21.345473 ], [ -157.838315, 21.341539 ], [ -157.838097, 21.341385 ], [ -157.838343, 21.340298 ], [ -157.838078, 21.339848 ], [ -157.83845, 21.339421 ], [ -157.836935, 21.338284 ], [ -157.836445, 21.338636 ], [ -157.834515, 21.340461 ], [ -157.833079, 21.342252 ], [ -157.832961, 21.343013 ], [ -157.832522, 21.343212 ], [ -157.83204, 21.34372 ], [ -157.832657, 21.344376 ], [ -157.831241, 21.347716 ], [ -157.830533, 21.348444 ], [ -157.829656, 21.348865 ], [ -157.829094, 21.348959 ], [ -157.827489, 21.350391 ], [ -157.828133, 21.35105 ], [ -157.826377, 21.352607 ], [ -157.824244, 21.350119 ], [ -157.823875, 21.350346 ], [ -157.823551, 21.349972 ], [ -157.822661, 21.350386 ], [ -157.822413, 21.349043 ], [ -157.822648, 21.348934 ], [ -157.82137, 21.34681 ], [ -157.822199, 21.346952 ], [ -157.822185, 21.346835 ], [ -157.822342, 21.346881 ], [ -157.823022, 21.346632 ], [ -157.823827, 21.346534 ], [ -157.824351, 21.346304 ], [ -157.824498, 21.346415 ], [ -157.824918, 21.346163 ], [ -157.82564, 21.345998 ], [ -157.826141, 21.34564 ], [ -157.826389, 21.344852 ], [ -157.826595, 21.344617 ], [ -157.827828, 21.344162 ], [ -157.822433, 21.342292 ], [ -157.825633, 21.339297 ], [ -157.830246, 21.335367 ], [ -157.830799, 21.334554 ], [ -157.832193, 21.335204 ], [ -157.833039, 21.333712 ], [ -157.834023, 21.332949 ], [ -157.834349, 21.332899 ], [ -157.834298, 21.3326 ], [ -157.834108, 21.332626 ], [ -157.834061, 21.332364 ], [ -157.83443, 21.332213 ], [ -157.836138, 21.331952 ], [ -157.836735, 21.332106 ], [ -157.838519, 21.331261 ], [ -157.838761, 21.331064 ], [ -157.838698, 21.330691 ], [ -157.840555, 21.330039 ], [ -157.840947, 21.329945 ], [ -157.841158, 21.33012 ], [ -157.841355, 21.3299 ], [ -157.841778, 21.329788 ], [ -157.842002, 21.329934 ], [ -157.8421, 21.330333 ], [ -157.842207, 21.329812 ], [ -157.842963, 21.329296 ], [ -157.843951, 21.328337 ], [ -157.844127, 21.327658 ], [ -157.844147, 21.325568 ], [ -157.845113, 21.325203 ], [ -157.845088, 21.325878 ], [ -157.845311, 21.32562 ], [ -157.845836, 21.325681 ], [ -157.846857, 21.325388 ], [ -157.846753, 21.325292 ], [ -157.847114, 21.324685 ], [ -157.846798, 21.324118 ], [ -157.846462, 21.324409 ], [ -157.846317, 21.323994 ], [ -157.846937, 21.32346 ], [ -157.847413, 21.322293 ], [ -157.848161, 21.321925 ], [ -157.848831, 21.321426 ], [ -157.848494, 21.320902 ], [ -157.846437, 21.322344 ], [ -157.845691, 21.323374 ], [ -157.844684, 21.323979 ], [ -157.844609, 21.324367 ], [ -157.844288, 21.324468 ], [ -157.844037, 21.324205 ], [ -157.843181, 21.325118 ], [ -157.843117, 21.325066 ], [ -157.842256, 21.325751 ], [ -157.842306, 21.325858 ], [ -157.842074, 21.326075 ], [ -157.842185, 21.326168 ], [ -157.842005, 21.326569 ], [ -157.841808, 21.326651 ], [ -157.842015, 21.327041 ], [ -157.84253, 21.32737 ], [ -157.841927, 21.327824 ], [ -157.842132, 21.328413 ], [ -157.841914, 21.328721 ], [ -157.841502, 21.328528 ], [ -157.840718, 21.328988 ], [ -157.838821, 21.329625 ], [ -157.838727, 21.32932 ], [ -157.838572, 21.329215 ], [ -157.838242, 21.329224 ], [ -157.838279, 21.329355 ], [ -157.83718, 21.329415 ], [ -157.837175, 21.329271 ], [ -157.836992, 21.32928 ], [ -157.836679, 21.329568 ], [ -157.836216, 21.329367 ], [ -157.836715, 21.328821 ], [ -157.836269, 21.328494 ], [ -157.836372, 21.328069 ], [ -157.837599, 21.327151 ], [ -157.837691, 21.327208 ], [ -157.838132, 21.326511 ], [ -157.836546, 21.325432 ], [ -157.83607, 21.326142 ], [ -157.834466, 21.327429 ], [ -157.834016, 21.327917 ], [ -157.833725, 21.328109 ], [ -157.832903, 21.328278 ], [ -157.832425, 21.328734 ], [ -157.831475, 21.329249 ], [ -157.830957, 21.330036 ], [ -157.829193, 21.33137 ], [ -157.82949, 21.331944 ], [ -157.828069, 21.332526 ], [ -157.826619, 21.330055 ], [ -157.828389, 21.328998 ], [ -157.828759, 21.328114 ], [ -157.829759, 21.329196 ], [ -157.831613, 21.327337 ], [ -157.832677, 21.326572 ], [ -157.833533, 21.325427 ], [ -157.834233, 21.32386 ], [ -157.836507, 21.321165 ], [ -157.83825, 21.319937 ], [ -157.839681, 21.31924 ], [ -157.838859, 21.318284 ], [ -157.838074, 21.3188 ], [ -157.836931, 21.318869 ], [ -157.836509, 21.319187 ], [ -157.835921, 21.319348 ], [ -157.833691, 21.321112 ], [ -157.833422, 21.318657 ], [ -157.833654, 21.318568 ], [ -157.833444, 21.318107 ], [ -157.833552, 21.317867 ], [ -157.834278, 21.317252 ], [ -157.833803, 21.317275 ], [ -157.833078, 21.317478 ], [ -157.832852, 21.317648 ], [ -157.831314, 21.317943 ], [ -157.831337, 21.317632 ], [ -157.83108, 21.317289 ], [ -157.830697, 21.317139 ], [ -157.830233, 21.316718 ], [ -157.830925, 21.315814 ], [ -157.830567, 21.315365 ], [ -157.83051, 21.314994 ], [ -157.831274, 21.31383 ], [ -157.831537, 21.312978 ], [ -157.831385, 21.312977 ], [ -157.831398, 21.312534 ], [ -157.831606, 21.312538 ], [ -157.831511, 21.311534 ], [ -157.831961, 21.310694 ], [ -157.831702, 21.310683 ], [ -157.831684, 21.310547 ], [ -157.831447, 21.31062 ], [ -157.830537, 21.310258 ], [ -157.830724, 21.309778 ], [ -157.830434, 21.309666 ], [ -157.830173, 21.310251 ], [ -157.829888, 21.311538 ], [ -157.829282, 21.312378 ], [ -157.829024, 21.312368 ], [ -157.828948, 21.312161 ], [ -157.829309, 21.311623 ], [ -157.829458, 21.311109 ], [ -157.828034, 21.311232 ], [ -157.828016, 21.310968 ], [ -157.826633, 21.311998 ], [ -157.826543, 21.31179 ], [ -157.825364, 21.310956 ], [ -157.824859, 21.3104 ], [ -157.824418, 21.31029 ], [ -157.823958, 21.310497 ], [ -157.823902, 21.310375 ], [ -157.824689, 21.308996 ], [ -157.824403, 21.309084 ], [ -157.824287, 21.308584 ], [ -157.823178, 21.309231 ], [ -157.820997, 21.311333 ], [ -157.820623, 21.310738 ], [ -157.820543, 21.310791 ], [ -157.819785, 21.310382 ], [ -157.816362, 21.313421 ], [ -157.816611, 21.313746 ], [ -157.815298, 21.315309 ], [ -157.814469, 21.315913 ], [ -157.814095, 21.315723 ], [ -157.812568, 21.316866 ], [ -157.812718, 21.317187 ], [ -157.81244, 21.317405 ], [ -157.812778, 21.317738 ], [ -157.810975, 21.320618 ], [ -157.810501, 21.320377 ], [ -157.810741, 21.319911 ], [ -157.810859, 21.319879 ], [ -157.81076, 21.319719 ], [ -157.810449, 21.319628 ], [ -157.809459, 21.322003 ], [ -157.808169, 21.323171 ], [ -157.80731, 21.323557 ], [ -157.806242, 21.32525 ], [ -157.806268, 21.325803 ], [ -157.805476, 21.327789 ], [ -157.805447, 21.330137 ], [ -157.80498, 21.330718 ], [ -157.80071, 21.328355 ], [ -157.800949, 21.328059 ], [ -157.800319, 21.32802 ], [ -157.799401, 21.328175 ], [ -157.799096, 21.327387 ], [ -157.798975, 21.32569 ], [ -157.799296, 21.324627 ], [ -157.797467, 21.324245 ], [ -157.798178, 21.323536 ], [ -157.799343, 21.321824 ], [ -157.795498, 21.320476 ], [ -157.795266, 21.319283 ], [ -157.794701, 21.318504 ], [ -157.794535, 21.318449 ], [ -157.794001, 21.318612 ], [ -157.794013, 21.316403 ], [ -157.79435, 21.31614 ], [ -157.794461, 21.316229 ], [ -157.795527, 21.315434 ], [ -157.795853, 21.315713 ], [ -157.796108, 21.315206 ], [ -157.796926, 21.314458 ], [ -157.797003, 21.314272 ], [ -157.796681, 21.313576 ], [ -157.797198, 21.312435 ], [ -157.797214, 21.311967 ], [ -157.798234, 21.310517 ], [ -157.798568, 21.309226 ], [ -157.799332, 21.309305 ], [ -157.799899, 21.309078 ], [ -157.800149, 21.308585 ], [ -157.800681, 21.308325 ], [ -157.800943, 21.307975 ], [ -157.802075, 21.307582 ], [ -157.803341, 21.306652 ], [ -157.803693, 21.30665 ], [ -157.804266, 21.306319 ], [ -157.804795, 21.306829 ], [ -157.807716, 21.305616 ], [ -157.807873, 21.30581 ], [ -157.810264, 21.303997 ], [ -157.81059, 21.303086 ], [ -157.812232, 21.300287 ], [ -157.812599, 21.299398 ], [ -157.812637, 21.297246 ], [ -157.812776, 21.296802 ], [ -157.812683, 21.296773 ], [ -157.810429, 21.300316 ], [ -157.807852, 21.30325 ], [ -157.8066, 21.304184 ], [ -157.80479, 21.304848 ], [ -157.802278, 21.302335 ], [ -157.800213, 21.304555 ], [ -157.797591, 21.306504 ], [ -157.797358, 21.306227 ], [ -157.797162, 21.305664 ], [ -157.797184, 21.305367 ], [ -157.797436, 21.305277 ], [ -157.797334, 21.304992 ], [ -157.797553, 21.304929 ], [ -157.7979, 21.304474 ], [ -157.798313, 21.303079 ], [ -157.800693, 21.300741 ], [ -157.800401, 21.300369 ], [ -157.800576, 21.299982 ], [ -157.800971, 21.299601 ], [ -157.800893, 21.299295 ], [ -157.801049, 21.298764 ], [ -157.801655, 21.298036 ], [ -157.801556, 21.297899 ], [ -157.801608, 21.297602 ], [ -157.80235, 21.297131 ], [ -157.802011, 21.296904 ], [ -157.802459, 21.296137 ], [ -157.802856, 21.295746 ], [ -157.80292, 21.295302 ], [ -157.803513, 21.294548 ], [ -157.804335, 21.293028 ], [ -157.804184, 21.292773 ], [ -157.804169, 21.292115 ], [ -157.804347, 21.291943 ], [ -157.804019, 21.291658 ], [ -157.799053, 21.298658 ], [ -157.796212, 21.302447 ], [ -157.795857, 21.302038 ], [ -157.79492, 21.303062 ], [ -157.795178, 21.303736 ], [ -157.791922, 21.308123 ], [ -157.791876, 21.308723 ], [ -157.791394, 21.309335 ], [ -157.789757, 21.310224 ], [ -157.789725, 21.31051 ], [ -157.789366, 21.311151 ], [ -157.788745, 21.311619 ], [ -157.788395, 21.312519 ], [ -157.788768, 21.312836 ], [ -157.786962, 21.31416 ], [ -157.786268, 21.31386 ], [ -157.786411, 21.313671 ], [ -157.786242, 21.313594 ], [ -157.785863, 21.313682 ], [ -157.785345, 21.313458 ], [ -157.785495, 21.313067 ], [ -157.784815, 21.313007 ], [ -157.784843, 21.312852 ], [ -157.7847, 21.312708 ], [ -157.785738, 21.311891 ], [ -157.785791, 21.311626 ], [ -157.785572, 21.311259 ], [ -157.785488, 21.310643 ], [ -157.785245, 21.310255 ], [ -157.785618, 21.309086 ], [ -157.786048, 21.308528 ], [ -157.786876, 21.308121 ], [ -157.787046, 21.307733 ], [ -157.787383, 21.307439 ], [ -157.785393, 21.307135 ], [ -157.786292, 21.305872 ], [ -157.784894, 21.303884 ], [ -157.78472, 21.304172 ], [ -157.784804, 21.304427 ], [ -157.784731, 21.304645 ], [ -157.784088, 21.30494 ], [ -157.783837, 21.3054 ], [ -157.783513, 21.307406 ], [ -157.783064, 21.308198 ], [ -157.782982, 21.308731 ], [ -157.783097, 21.309249 ], [ -157.783042, 21.309371 ], [ -157.782565, 21.309579 ], [ -157.782301, 21.311024 ], [ -157.78126, 21.312033 ], [ -157.780012, 21.311057 ], [ -157.780923, 21.309986 ], [ -157.78118, 21.309825 ], [ -157.781102, 21.309587 ], [ -157.78075, 21.309494 ], [ -157.781271, 21.308999 ], [ -157.781104, 21.308421 ], [ -157.781192, 21.308173 ], [ -157.781357, 21.30808 ], [ -157.781365, 21.307265 ], [ -157.781106, 21.307017 ], [ -157.781019, 21.306356 ], [ -157.780755, 21.306108 ], [ -157.781363, 21.305778 ], [ -157.781192, 21.3052 ], [ -157.781021, 21.305117 ], [ -157.781369, 21.304705 ], [ -157.781369, 21.304132 ], [ -157.781171, 21.303937 ], [ -157.782703, 21.302215 ], [ -157.782923, 21.30239 ], [ -157.784047, 21.30189 ], [ -157.784135, 21.301611 ], [ -157.786687, 21.300614 ], [ -157.787076, 21.300197 ], [ -157.787171, 21.300273 ], [ -157.787331, 21.300085 ], [ -157.789941, 21.299346 ], [ -157.793404, 21.295312 ], [ -157.794724, 21.292188 ], [ -157.796266, 21.289536 ], [ -157.795197, 21.289014 ], [ -157.794734, 21.290486 ], [ -157.79395, 21.291975 ], [ -157.793438, 21.292437 ], [ -157.793319, 21.292803 ], [ -157.792632, 21.293361 ], [ -157.792177, 21.294158 ], [ -157.793071, 21.294625 ], [ -157.792179, 21.295688 ], [ -157.788429, 21.298378 ], [ -157.788645, 21.298516 ], [ -157.786721, 21.298971 ], [ -157.785676, 21.298146 ], [ -157.784498, 21.298607 ], [ -157.784546, 21.295846 ], [ -157.785087, 21.294679 ], [ -157.78498, 21.292549 ], [ -157.785126, 21.291697 ], [ -157.785276, 21.291722 ], [ -157.785892, 21.289461 ], [ -157.78644, 21.288148 ], [ -157.787359, 21.283634 ], [ -157.786864, 21.283496 ], [ -157.786023, 21.28608 ], [ -157.785331, 21.286938 ], [ -157.784741, 21.287199 ], [ -157.784185, 21.287938 ], [ -157.784248, 21.288225 ], [ -157.783212, 21.29256 ], [ -157.782904, 21.292499 ], [ -157.782773, 21.292951 ], [ -157.782484, 21.293155 ], [ -157.782259, 21.294131 ], [ -157.781647, 21.294345 ], [ -157.781616, 21.294736 ], [ -157.781855, 21.295335 ], [ -157.78149, 21.295464 ], [ -157.781212, 21.294724 ], [ -157.781383, 21.294001 ], [ -157.781304, 21.29359 ], [ -157.781421, 21.293082 ], [ -157.781635, 21.293005 ], [ -157.781592, 21.292689 ], [ -157.782471, 21.288747 ], [ -157.781921, 21.288532 ], [ -157.781966, 21.287692 ], [ -157.78269, 21.284436 ], [ -157.782552, 21.28281 ], [ -157.782258, 21.283336 ], [ -157.782226, 21.284414 ], [ -157.781815, 21.285158 ], [ -157.781433, 21.285343 ], [ -157.781233, 21.285957 ], [ -157.780893, 21.286576 ], [ -157.780543, 21.28693 ], [ -157.780447, 21.287237 ], [ -157.780059, 21.287302 ], [ -157.779611, 21.288091 ], [ -157.778981, 21.288313 ], [ -157.779037, 21.288967 ], [ -157.778368, 21.290355 ], [ -157.778687, 21.290491 ], [ -157.778845, 21.291055 ], [ -157.779368, 21.291277 ], [ -157.778023, 21.295255 ], [ -157.77814, 21.295306 ], [ -157.778132, 21.295468 ], [ -157.777517, 21.297287 ], [ -157.777732, 21.297606 ], [ -157.777945, 21.297664 ], [ -157.778453, 21.29742 ], [ -157.778623, 21.29753 ], [ -157.778359, 21.298432 ], [ -157.777984, 21.298778 ], [ -157.777874, 21.299036 ], [ -157.77688, 21.299748 ], [ -157.776908, 21.299859 ], [ -157.776726, 21.29993 ], [ -157.77645, 21.300311 ], [ -157.774969, 21.300533 ], [ -157.772822, 21.30132 ], [ -157.772641, 21.301268 ], [ -157.772433, 21.301011 ], [ -157.772369, 21.30064 ], [ -157.77355, 21.299723 ], [ -157.774018, 21.299144 ], [ -157.773907, 21.298601 ], [ -157.774003, 21.298172 ], [ -157.773755, 21.297353 ], [ -157.774038, 21.296534 ], [ -157.774625, 21.295924 ], [ -157.774684, 21.294219 ], [ -157.775178, 21.293366 ], [ -157.77494, 21.292863 ], [ -157.774892, 21.292161 ], [ -157.775307, 21.291873 ], [ -157.775923, 21.29118 ], [ -157.777464, 21.287997 ], [ -157.778242, 21.287398 ], [ -157.778178, 21.286904 ], [ -157.778857, 21.286291 ], [ -157.7798, 21.285095 ], [ -157.780535, 21.28366 ], [ -157.780504, 21.283359 ], [ -157.780285, 21.283017 ], [ -157.779151, 21.283641 ], [ -157.779255, 21.283798 ], [ -157.778834, 21.284104 ], [ -157.778659, 21.283957 ], [ -157.77801, 21.284638 ], [ -157.777151, 21.285162 ], [ -157.776974, 21.284908 ], [ -157.776863, 21.284974 ], [ -157.776793, 21.284871 ], [ -157.776917, 21.284794 ], [ -157.776749, 21.284542 ], [ -157.776331, 21.284947 ], [ -157.775538, 21.286238 ], [ -157.775224, 21.287242 ], [ -157.774953, 21.286988 ], [ -157.774852, 21.28713 ], [ -157.774745, 21.287065 ], [ -157.774798, 21.286982 ], [ -157.7745, 21.28679 ], [ -157.774695, 21.285982 ], [ -157.775617, 21.28448 ], [ -157.776074, 21.283984 ], [ -157.777045, 21.283362 ], [ -157.777408, 21.282937 ], [ -157.777201, 21.282605 ], [ -157.777196, 21.282227 ], [ -157.77734, 21.281878 ], [ -157.777974, 21.281119 ], [ -157.777677, 21.280898 ], [ -157.777751, 21.280749 ], [ -157.777513, 21.280627 ], [ -157.777979, 21.279924 ], [ -157.778183, 21.280129 ], [ -157.778306, 21.280114 ], [ -157.778527, 21.278265 ], [ -157.777356, 21.278321 ], [ -157.777066, 21.278463 ], [ -157.777008, 21.278202 ], [ -157.776315, 21.278958 ], [ -157.776227, 21.278885 ], [ -157.772256, 21.282548 ], [ -157.770729, 21.284475 ], [ -157.770574, 21.286032 ], [ -157.770705, 21.286135 ], [ -157.770681, 21.286858 ], [ -157.770281, 21.287644 ], [ -157.770064, 21.287704 ], [ -157.769515, 21.285732 ], [ -157.768946, 21.285947 ], [ -157.768799, 21.285801 ], [ -157.768832, 21.285438 ], [ -157.770127, 21.283322 ], [ -157.770389, 21.283218 ], [ -157.771117, 21.282057 ], [ -157.771952, 21.280418 ], [ -157.772833, 21.277814 ], [ -157.77245, 21.277771 ], [ -157.771589, 21.278752 ], [ -157.772074, 21.279417 ], [ -157.77135, 21.279889 ], [ -157.771445, 21.280014 ], [ -157.770696, 21.281196 ], [ -157.77056, 21.281142 ], [ -157.768351, 21.284256 ], [ -157.767438, 21.285103 ], [ -157.766561, 21.28614 ], [ -157.766255, 21.287525 ], [ -157.765298, 21.288567 ], [ -157.765389, 21.288752 ], [ -157.764973, 21.289932 ], [ -157.765178, 21.291281 ], [ -157.764778, 21.291349 ], [ -157.764685, 21.292113 ], [ -157.765884, 21.292154 ], [ -157.766211, 21.29241 ], [ -157.766336, 21.292928 ], [ -157.765301, 21.295799 ], [ -157.764788, 21.29678 ], [ -157.76411, 21.298596 ], [ -157.763787, 21.299182 ], [ -157.763356, 21.29946 ], [ -157.762108, 21.299311 ], [ -157.761851, 21.298309 ], [ -157.760681, 21.298212 ], [ -157.760643, 21.297678 ], [ -157.760847, 21.297358 ], [ -157.761495, 21.297184 ], [ -157.761709, 21.297005 ], [ -157.761793, 21.296697 ], [ -157.761187, 21.295478 ], [ -157.76124, 21.294748 ], [ -157.761083, 21.293917 ], [ -157.760603, 21.293157 ], [ -157.760704, 21.291442 ], [ -157.760413, 21.291412 ], [ -157.760362, 21.291197 ], [ -157.760478, 21.289552 ], [ -157.760373, 21.287666 ], [ -157.759828, 21.285651 ], [ -157.759357, 21.284683 ], [ -157.759179, 21.28406 ], [ -157.759205, 21.283608 ], [ -157.758797, 21.282824 ], [ -157.758428, 21.282417 ], [ -157.757623, 21.280757 ], [ -157.757339, 21.280755 ], [ -157.757254, 21.281392 ], [ -157.757023, 21.281423 ], [ -157.757166, 21.281982 ], [ -157.757336, 21.281938 ], [ -157.757764, 21.282665 ], [ -157.758189, 21.283929 ], [ -157.758013, 21.283976 ], [ -157.75812, 21.284307 ], [ -157.7579, 21.284384 ], [ -157.757957, 21.284564 ], [ -157.758031, 21.284716 ], [ -157.758998, 21.284575 ], [ -157.759167, 21.285531 ], [ -157.759128, 21.286157 ], [ -157.758918, 21.286986 ], [ -157.758644, 21.28921 ], [ -157.758432, 21.289185 ], [ -157.758298, 21.289541 ], [ -157.757538, 21.290312 ], [ -157.757457, 21.290748 ], [ -157.757603, 21.292004 ], [ -157.757006, 21.293969 ], [ -157.757505, 21.297646 ], [ -157.75734, 21.298577 ], [ -157.757964, 21.298665 ], [ -157.75812, 21.300335 ], [ -157.757962, 21.301246 ], [ -157.757551, 21.302004 ], [ -157.757047, 21.304108 ], [ -157.75767, 21.304347 ], [ -157.757252, 21.306205 ], [ -157.755416, 21.308169 ], [ -157.754946, 21.307945 ], [ -157.754761, 21.306785 ], [ -157.755094, 21.305174 ], [ -157.754568, 21.304948 ], [ -157.753329, 21.305356 ], [ -157.75268, 21.30647 ], [ -157.751924, 21.305553 ], [ -157.752459, 21.304777 ], [ -157.753248, 21.30175 ], [ -157.753458, 21.301349 ], [ -157.753683, 21.301194 ], [ -157.753331, 21.2977 ], [ -157.754029, 21.297483 ], [ -157.753838, 21.296806 ], [ -157.753344, 21.296297 ], [ -157.753574, 21.296038 ], [ -157.752485, 21.294939 ], [ -157.752996, 21.294376 ], [ -157.752639, 21.294051 ], [ -157.752151, 21.294226 ], [ -157.751481, 21.294197 ], [ -157.751666, 21.29411 ], [ -157.751642, 21.29398 ], [ -157.752085, 21.293283 ], [ -157.75188, 21.293117 ], [ -157.751768, 21.292391 ], [ -157.751909, 21.292075 ], [ -157.751673, 21.29145 ], [ -157.751563, 21.290678 ], [ -157.751607, 21.290248 ], [ -157.751991, 21.289274 ], [ -157.751942, 21.288679 ], [ -157.752178, 21.287101 ], [ -157.75163, 21.28723 ], [ -157.749916, 21.285618 ], [ -157.750093, 21.285163 ], [ -157.74992, 21.284649 ], [ -157.749737, 21.284458 ], [ -157.749522, 21.284443 ], [ -157.749341, 21.284118 ], [ -157.749083, 21.284073 ], [ -157.749008, 21.283794 ], [ -157.748823, 21.283833 ], [ -157.748466, 21.283074 ], [ -157.748366, 21.283102 ], [ -157.747349, 21.281913 ], [ -157.747305, 21.281001 ], [ -157.747445, 21.280714 ], [ -157.747206, 21.281126 ], [ -157.747, 21.281826 ], [ -157.74689, 21.282791 ], [ -157.747013, 21.283143 ], [ -157.747487, 21.28354 ], [ -157.747825, 21.284483 ], [ -157.747846, 21.285268 ], [ -157.748099, 21.285674 ], [ -157.748231, 21.286204 ], [ -157.74778, 21.287404 ], [ -157.748084, 21.288118 ], [ -157.749672, 21.287483 ], [ -157.749829, 21.287637 ], [ -157.749505, 21.290724 ], [ -157.749312, 21.291178 ], [ -157.749188, 21.292964 ], [ -157.749307, 21.293235 ], [ -157.746246, 21.295955 ], [ -157.746134, 21.297692 ], [ -157.745668, 21.297539 ], [ -157.745504, 21.297262 ], [ -157.745407, 21.295263 ], [ -157.745247, 21.294819 ], [ -157.744663, 21.294377 ], [ -157.744098, 21.292627 ], [ -157.744151, 21.292093 ], [ -157.743214, 21.291137 ], [ -157.743023, 21.290296 ], [ -157.742481, 21.289618 ], [ -157.742883, 21.287436 ], [ -157.743214, 21.287073 ], [ -157.743638, 21.28693 ], [ -157.744342, 21.287038 ], [ -157.744053, 21.286183 ], [ -157.743647, 21.285482 ], [ -157.743596, 21.284853 ], [ -157.744051, 21.284042 ], [ -157.743695, 21.282475 ], [ -157.743894, 21.282234 ], [ -157.744562, 21.281918 ], [ -157.744789, 21.281558 ], [ -157.744503, 21.280718 ], [ -157.743696, 21.280931 ], [ -157.743653, 21.28117 ], [ -157.743424, 21.281025 ], [ -157.743015, 21.281308 ], [ -157.742548, 21.282102 ], [ -157.742452, 21.282922 ], [ -157.742696, 21.283071 ], [ -157.742439, 21.283637 ], [ -157.741878, 21.283818 ], [ -157.741767, 21.285758 ], [ -157.740136, 21.288876 ], [ -157.740358, 21.290852 ], [ -157.74094, 21.291947 ], [ -157.739743, 21.292601 ], [ -157.738133, 21.28975 ], [ -157.737039, 21.286676 ], [ -157.736946, 21.286684 ], [ -157.736976, 21.286586 ], [ -157.736565, 21.286615 ], [ -157.735546, 21.288278 ], [ -157.734773, 21.289163 ], [ -157.734562, 21.289582 ], [ -157.73439, 21.290284 ], [ -157.734243, 21.292014 ], [ -157.73374, 21.293083 ], [ -157.73344, 21.294445 ], [ -157.732395, 21.294525 ], [ -157.732128, 21.293967 ], [ -157.732528, 21.291984 ], [ -157.732494, 21.291125 ], [ -157.732126, 21.289515 ], [ -157.732179, 21.287891 ], [ -157.732791, 21.286428 ], [ -157.732561, 21.286306 ], [ -157.732816, 21.285836 ], [ -157.732277, 21.284188 ], [ -157.731249, 21.284224 ], [ -157.731238, 21.283953 ], [ -157.730769, 21.284085 ], [ -157.730583, 21.283768 ], [ -157.730453, 21.284117 ], [ -157.730124, 21.28413 ], [ -157.729646, 21.284872 ], [ -157.729409, 21.28503 ], [ -157.729307, 21.285022 ], [ -157.728876, 21.284283 ], [ -157.727125, 21.285198 ], [ -157.727151, 21.285913 ], [ -157.726768, 21.285881 ], [ -157.726656, 21.288593 ], [ -157.726633, 21.29149 ], [ -157.726991, 21.297494 ], [ -157.726561, 21.298495 ], [ -157.7254, 21.302705 ], [ -157.725511, 21.304473 ], [ -157.72405, 21.304791 ], [ -157.723527, 21.303823 ], [ -157.723168, 21.302537 ], [ -157.723049, 21.301331 ], [ -157.723166, 21.300127 ], [ -157.723114, 21.298537 ], [ -157.722929, 21.297517 ], [ -157.723271, 21.295569 ], [ -157.72369, 21.294294 ], [ -157.723115, 21.292945 ], [ -157.722629, 21.292981 ], [ -157.721917, 21.291411 ], [ -157.72181, 21.290755 ], [ -157.722311, 21.290726 ], [ -157.721657, 21.289772 ], [ -157.721167, 21.288744 ], [ -157.720778, 21.288774 ], [ -157.720558, 21.288153 ], [ -157.71979, 21.287546 ], [ -157.719852, 21.288354 ], [ -157.719605, 21.288283 ], [ -157.71888, 21.290504 ], [ -157.717459, 21.29287 ], [ -157.715925, 21.297116 ], [ -157.715469, 21.296953 ], [ -157.714818, 21.299495 ], [ -157.714667, 21.300672 ], [ -157.714824, 21.301499 ], [ -157.716351, 21.304229 ], [ -157.716876, 21.305399 ], [ -157.716861, 21.305763 ], [ -157.716552, 21.30594 ], [ -157.716062, 21.305827 ], [ -157.715711, 21.305479 ], [ -157.713896, 21.302289 ], [ -157.713602, 21.301533 ], [ -157.713803, 21.298596 ], [ -157.714098, 21.296502 ], [ -157.714083, 21.293498 ], [ -157.714368, 21.291979 ], [ -157.714172, 21.289451 ], [ -157.713981, 21.289165 ], [ -157.712752, 21.289958 ], [ -157.711406, 21.293141 ], [ -157.712107, 21.293247 ], [ -157.711962, 21.29366 ], [ -157.711833, 21.293709 ], [ -157.712138, 21.294683 ], [ -157.711911, 21.295527 ], [ -157.712092, 21.297468 ], [ -157.711967, 21.297946 ], [ -157.71204, 21.298171 ], [ -157.711098, 21.30236 ], [ -157.711108, 21.302934 ], [ -157.711324, 21.30415 ], [ -157.711751, 21.305077 ], [ -157.712724, 21.306602 ], [ -157.713319, 21.308312 ], [ -157.713164, 21.309364 ], [ -157.713706, 21.30986 ], [ -157.71342, 21.310451 ], [ -157.712693, 21.310221 ], [ -157.712392, 21.310662 ], [ -157.711019, 21.310518 ], [ -157.710512, 21.310609 ], [ -157.709736, 21.310072 ], [ -157.709294, 21.310035 ], [ -157.709255, 21.309597 ], [ -157.708974, 21.309071 ], [ -157.708037, 21.308139 ], [ -157.707561, 21.307405 ], [ -157.707773, 21.306936 ], [ -157.707774, 21.306474 ], [ -157.707186, 21.305277 ], [ -157.707329, 21.303843 ], [ -157.707165, 21.302837 ], [ -157.707546, 21.302128 ], [ -157.707549, 21.301512 ], [ -157.707851, 21.300883 ], [ -157.707969, 21.298384 ], [ -157.707707, 21.297408 ], [ -157.707494, 21.297484 ], [ -157.706756, 21.2952 ], [ -157.706455, 21.292961 ], [ -157.706111, 21.291413 ], [ -157.705941, 21.291492 ], [ -157.705851, 21.290384 ], [ -157.704173, 21.290549 ], [ -157.705168, 21.290927 ], [ -157.705111, 21.292569 ], [ -157.705322, 21.293358 ], [ -157.705141, 21.293627 ], [ -157.705099, 21.294143 ], [ -157.704089, 21.295508 ], [ -157.704545, 21.296304 ], [ -157.704366, 21.297008 ], [ -157.704796, 21.297352 ], [ -157.705034, 21.298244 ], [ -157.704759, 21.298848 ], [ -157.704136, 21.299327 ], [ -157.705078, 21.299837 ], [ -157.704824, 21.300691 ], [ -157.704846, 21.302443 ], [ -157.704701, 21.302952 ], [ -157.70422, 21.303669 ], [ -157.703821, 21.304951 ], [ -157.703328, 21.305503 ], [ -157.702702, 21.305872 ], [ -157.702332, 21.305962 ], [ -157.701745, 21.305837 ], [ -157.700808, 21.304921 ], [ -157.700425, 21.304379 ], [ -157.70031, 21.30347 ], [ -157.70039, 21.300241 ], [ -157.701706, 21.300207 ], [ -157.702557, 21.297843 ], [ -157.702815, 21.297671 ], [ -157.702547, 21.29733 ], [ -157.702054, 21.295605 ], [ -157.702148, 21.295143 ], [ -157.701912, 21.294626 ], [ -157.701804, 21.293819 ], [ -157.701993, 21.292782 ], [ -157.702291, 21.292879 ], [ -157.702501, 21.291998 ], [ -157.701865, 21.291962 ], [ -157.701712, 21.291767 ], [ -157.701003, 21.293735 ], [ -157.699663, 21.294447 ], [ -157.69911, 21.294393 ], [ -157.698139, 21.298074 ], [ -157.698267, 21.298155 ], [ -157.698324, 21.302445 ], [ -157.697807, 21.302635 ], [ -157.697472, 21.3048 ], [ -157.699505, 21.310536 ], [ -157.698394, 21.311201 ], [ -157.697422, 21.311567 ], [ -157.69634, 21.311625 ], [ -157.694529, 21.313663 ], [ -157.69397, 21.314085 ], [ -157.693313, 21.314307 ], [ -157.692872, 21.31433 ], [ -157.691638, 21.313827 ], [ -157.691173, 21.313236 ], [ -157.691077, 21.312862 ], [ -157.691399, 21.309543 ], [ -157.691877, 21.30936 ], [ -157.692267, 21.308419 ], [ -157.692406, 21.307582 ], [ -157.692198, 21.306842 ], [ -157.692662, 21.305113 ], [ -157.692928, 21.301411 ], [ -157.692488, 21.301416 ], [ -157.692085, 21.303547 ], [ -157.689972, 21.309033 ], [ -157.689313, 21.309535 ], [ -157.688928, 21.309679 ], [ -157.688516, 21.309582 ], [ -157.688122, 21.309099 ], [ -157.688139, 21.308726 ], [ -157.690256, 21.304314 ], [ -157.690076, 21.30219 ], [ -157.690086, 21.299418 ], [ -157.689933, 21.299043 ], [ -157.689013, 21.299376 ], [ -157.688352, 21.301488 ], [ -157.688141, 21.301853 ], [ -157.687687, 21.302229 ], [ -157.68808, 21.302491 ], [ -157.686402, 21.306863 ], [ -157.686563, 21.306967 ], [ -157.684258, 21.314054 ], [ -157.683458, 21.314575 ], [ -157.682241, 21.314382 ], [ -157.681389, 21.313593 ], [ -157.682017, 21.306587 ], [ -157.682184, 21.306483 ], [ -157.682335, 21.306544 ], [ -157.682821, 21.305543 ], [ -157.682901, 21.304654 ], [ -157.683051, 21.304331 ], [ -157.683126, 21.303032 ], [ -157.683618, 21.300369 ], [ -157.683479, 21.298962 ], [ -157.683725, 21.29703 ], [ -157.683652, 21.296442 ], [ -157.683533, 21.296485 ], [ -157.683471, 21.296387 ], [ -157.683253, 21.294565 ], [ -157.682368, 21.295566 ], [ -157.681694, 21.296561 ], [ -157.68171, 21.296955 ], [ -157.682366, 21.297683 ], [ -157.681534, 21.299745 ], [ -157.681424, 21.30078 ], [ -157.681196, 21.30126 ], [ -157.681044, 21.302131 ], [ -157.680383, 21.303237 ], [ -157.680324, 21.304281 ], [ -157.679602, 21.304696 ], [ -157.679551, 21.305836 ], [ -157.679806, 21.306334 ], [ -157.679401, 21.307041 ], [ -157.679293, 21.309088 ], [ -157.678268, 21.311486 ], [ -157.677985, 21.311452 ], [ -157.677534, 21.309902 ], [ -157.677389, 21.308957 ], [ -157.677894, 21.308116 ], [ -157.678588, 21.307501 ], [ -157.678327, 21.30665 ], [ -157.678189, 21.305312 ], [ -157.677845, 21.30472 ], [ -157.677788, 21.303756 ], [ -157.678147, 21.303051 ], [ -157.678038, 21.301895 ], [ -157.678405, 21.301084 ], [ -157.678753, 21.301038 ], [ -157.678587, 21.299795 ], [ -157.678206, 21.298403 ], [ -157.679128, 21.295174 ], [ -157.679378, 21.294805 ], [ -157.679439, 21.294126 ], [ -157.677673, 21.294748 ], [ -157.678257, 21.295325 ], [ -157.677716, 21.295799 ], [ -157.676789, 21.29714 ], [ -157.677093, 21.298177 ], [ -157.677021, 21.298656 ], [ -157.676571, 21.298492 ], [ -157.67622, 21.298556 ], [ -157.676401, 21.298938 ], [ -157.676053, 21.299662 ], [ -157.674365, 21.306632 ], [ -157.674162, 21.308236 ], [ -157.674367, 21.308359 ], [ -157.674801, 21.311719 ], [ -157.674764, 21.312599 ], [ -157.674522, 21.313252 ], [ -157.674065, 21.313837 ], [ -157.673365, 21.313919 ], [ -157.672617, 21.313562 ], [ -157.671909, 21.312439 ], [ -157.671356, 21.310673 ], [ -157.670808, 21.308215 ], [ -157.67046, 21.305081 ], [ -157.669265, 21.298504 ], [ -157.669347, 21.29775 ], [ -157.669055, 21.297651 ], [ -157.668427, 21.296727 ], [ -157.667731, 21.297175 ], [ -157.66741, 21.29808 ], [ -157.667281, 21.299981 ], [ -157.667346, 21.301549 ], [ -157.667061, 21.303244 ], [ -157.666964, 21.304673 ], [ -157.667803, 21.306523 ], [ -157.667719, 21.309632 ], [ -157.666811, 21.311392 ], [ -157.666173, 21.311391 ], [ -157.664316, 21.308862 ], [ -157.664008, 21.307268 ], [ -157.663924, 21.305962 ], [ -157.664279, 21.303892 ], [ -157.664139, 21.303137 ], [ -157.663607, 21.302208 ], [ -157.663381, 21.301412 ], [ -157.663137, 21.301475 ], [ -157.662973, 21.301765 ], [ -157.662871, 21.304702 ], [ -157.663077, 21.306653 ], [ -157.663891, 21.310369 ], [ -157.663308, 21.310271 ], [ -157.663217, 21.309786 ], [ -157.663038, 21.309619 ], [ -157.662869, 21.309569 ], [ -157.662619, 21.309704 ], [ -157.661675, 21.309494 ], [ -157.66035, 21.308124 ], [ -157.660103, 21.308194 ], [ -157.658874, 21.306566 ], [ -157.657894, 21.304449 ], [ -157.657523, 21.304095 ], [ -157.656914, 21.303854 ], [ -157.656593, 21.303877 ], [ -157.657077, 21.306128 ], [ -157.657221, 21.308394 ], [ -157.657364, 21.308851 ], [ -157.656778, 21.309161 ], [ -157.656327, 21.309224 ], [ -157.655028, 21.307008 ], [ -157.652453, 21.30306 ], [ -157.652372, 21.301922 ], [ -157.652616, 21.300807 ], [ -157.6525, 21.299999 ], [ -157.650724, 21.299435 ], [ -157.650835, 21.29899 ], [ -157.651646, 21.298428 ], [ -157.651986, 21.298421 ], [ -157.652992, 21.297987 ], [ -157.653185, 21.297618 ], [ -157.654072, 21.29772 ], [ -157.653932, 21.296581 ], [ -157.654221, 21.296908 ], [ -157.654338, 21.297438 ], [ -157.65476, 21.297599 ], [ -157.65493, 21.297167 ], [ -157.655308, 21.296912 ], [ -157.655383, 21.296628 ], [ -157.655831, 21.296469 ], [ -157.656389, 21.295918 ], [ -157.656613, 21.295852 ], [ -157.657006, 21.295964 ], [ -157.657452, 21.295611 ], [ -157.657969, 21.295773 ], [ -157.658316, 21.295288 ], [ -157.657476, 21.294839 ], [ -157.657658, 21.294483 ], [ -157.657682, 21.293969 ], [ -157.658346, 21.293911 ], [ -157.659157, 21.294202 ], [ -157.65918, 21.294369 ], [ -157.659051, 21.294445 ], [ -157.658322, 21.294538 ], [ -157.658499, 21.294666 ], [ -157.65894, 21.294701 ], [ -157.659456, 21.294489 ], [ -157.66099, 21.294596 ], [ -157.661426, 21.293899 ], [ -157.661349, 21.293736 ], [ -157.660684, 21.294047 ], [ -157.65971, 21.293926 ], [ -157.65924, 21.294085 ], [ -157.658599, 21.293642 ], [ -157.657817, 21.293346 ], [ -157.657712, 21.293224 ], [ -157.65827, 21.292903 ], [ -157.658558, 21.29253 ], [ -157.658864, 21.29246 ], [ -157.659439, 21.292795 ], [ -157.659856, 21.29283 ], [ -157.660814, 21.292377 ], [ -157.661291, 21.291644 ], [ -157.661908, 21.291577 ], [ -157.66201, 21.291412 ], [ -157.662355, 21.291855 ], [ -157.663127, 21.29132 ], [ -157.67173, 21.28684 ], [ -157.676058, 21.28902 ], [ -157.677191, 21.294464 ], [ -157.68158, 21.292725 ], [ -157.684433, 21.291944 ], [ -157.687419, 21.29034 ], [ -157.68984, 21.288793 ], [ -157.691543, 21.286201 ], [ -157.698073, 21.274652 ], [ -157.700184, 21.273453 ], [ -157.699851, 21.272933 ], [ -157.70007, 21.272539 ], [ -157.70305, 21.270721 ], [ -157.702689, 21.270162 ], [ -157.703596, 21.269528 ], [ -157.705512, 21.267482 ], [ -157.706075, 21.266543 ], [ -157.707272, 21.265185 ], [ -157.707895, 21.264042 ], [ -157.707983, 21.263441 ], [ -157.707422, 21.260946 ], [ -157.706147, 21.260165 ], [ -157.706558, 21.259326 ], [ -157.706897, 21.259282 ], [ -157.707104, 21.259112 ], [ -157.707327, 21.259145 ], [ -157.70765, 21.259486 ], [ -157.708049, 21.259255 ], [ -157.708966, 21.259632 ], [ -157.70953, 21.259582 ], [ -157.709876, 21.260055 ], [ -157.710194, 21.260134 ], [ -157.711263, 21.260987 ], [ -157.711686, 21.262006 ], [ -157.711369, 21.262532 ], [ -157.711686, 21.262905 ], [ -157.71171, 21.263515 ], [ -157.711028, 21.264711 ], [ -157.710764, 21.265527 ], [ -157.710346, 21.266106 ], [ -157.710129, 21.266832 ], [ -157.709806, 21.267195 ], [ -157.70876, 21.26898 ], [ -157.708625, 21.270099 ], [ -157.708843, 21.270959 ], [ -157.708925, 21.272355 ], [ -157.709113, 21.273003 ], [ -157.709072, 21.273748 ], [ -157.708825, 21.274685 ], [ -157.709, 21.276254 ], [ -157.709494, 21.278245 ], [ -157.710499, 21.280263 ], [ -157.711181, 21.28086 ], [ -157.711234, 21.281145 ], [ -157.71086, 21.281591 ], [ -157.706678, 21.278142 ], [ -157.705133, 21.279505 ], [ -157.704767, 21.279271 ], [ -157.703895, 21.280473 ], [ -157.704584, 21.280926 ], [ -157.704948, 21.280738 ], [ -157.706027, 21.281108 ], [ -157.70672, 21.281588 ], [ -157.706788, 21.281901 ], [ -157.706658, 21.282477 ], [ -157.706314, 21.283183 ], [ -157.706054, 21.283263 ], [ -157.705202, 21.283069 ], [ -157.704445, 21.282656 ], [ -157.704344, 21.282468 ], [ -157.704405, 21.281842 ], [ -157.704293, 21.281394 ], [ -157.704447, 21.2811 ], [ -157.703771, 21.28067 ], [ -157.702188, 21.282866 ], [ -157.701831, 21.283143 ], [ -157.701161, 21.283322 ], [ -157.700829, 21.283539 ], [ -157.699545, 21.28515 ], [ -157.699737, 21.285368 ], [ -157.700011, 21.285356 ], [ -157.701227, 21.284078 ], [ -157.702351, 21.283418 ], [ -157.70277, 21.283429 ], [ -157.703088, 21.283593 ], [ -157.703422, 21.284054 ], [ -157.703387, 21.284472 ], [ -157.703217, 21.284787 ], [ -157.69968, 21.287706 ], [ -157.699504, 21.288155 ], [ -157.69954, 21.289128 ], [ -157.697187, 21.289261 ], [ -157.695645, 21.291443 ], [ -157.693784, 21.293143 ], [ -157.692783, 21.294292 ], [ -157.692172, 21.294732 ], [ -157.69049, 21.295414 ], [ -157.689605, 21.296097 ], [ -157.689509, 21.296223 ], [ -157.689902, 21.296473 ], [ -157.690485, 21.295958 ], [ -157.691177, 21.295557 ], [ -157.692473, 21.295081 ], [ -157.693283, 21.294921 ], [ -157.69398, 21.295012 ], [ -157.694599, 21.295421 ], [ -157.695273, 21.296351 ], [ -157.695827, 21.297971 ], [ -157.695622, 21.298467 ], [ -157.694516, 21.299417 ], [ -157.694447, 21.300111 ], [ -157.695736, 21.299828 ], [ -157.696091, 21.299259 ], [ -157.69649, 21.297924 ], [ -157.696269, 21.296657 ], [ -157.696326, 21.296034 ], [ -157.697278, 21.294192 ], [ -157.697343, 21.293488 ], [ -157.697241, 21.292834 ], [ -157.698776, 21.291068 ], [ -157.699657, 21.290324 ], [ -157.700015, 21.289863 ], [ -157.700169, 21.289512 ], [ -157.700119, 21.288095 ], [ -157.700731, 21.287622 ], [ -157.701791, 21.287404 ], [ -157.702555, 21.286507 ], [ -157.704288, 21.28586 ], [ -157.705088, 21.284915 ], [ -157.707219, 21.283787 ], [ -157.707776, 21.283759 ], [ -157.708398, 21.284345 ], [ -157.708943, 21.285087 ], [ -157.709371, 21.284898 ], [ -157.709378, 21.284702 ], [ -157.708789, 21.283624 ], [ -157.70894, 21.283089 ], [ -157.709174, 21.282893 ], [ -157.711764, 21.281895 ], [ -157.71177, 21.281605 ], [ -157.712203, 21.281184 ], [ -157.713025, 21.281294 ], [ -157.713824, 21.281752 ], [ -157.713937, 21.281893 ], [ -157.713449, 21.28216 ], [ -157.714247, 21.28246 ], [ -157.714336, 21.282013 ], [ -157.715075, 21.282556 ], [ -157.717385, 21.283148 ], [ -157.718037, 21.283509 ], [ -157.718618, 21.284002 ], [ -157.718537, 21.285103 ], [ -157.71752, 21.28613 ], [ -157.717067, 21.285996 ], [ -157.715297, 21.284516 ], [ -157.714611, 21.284213 ], [ -157.713629, 21.284257 ], [ -157.711475, 21.284695 ], [ -157.709317, 21.285621 ], [ -157.709841, 21.286368 ], [ -157.710064, 21.287071 ], [ -157.709928, 21.287333 ], [ -157.709042, 21.288116 ], [ -157.70931, 21.288245 ], [ -157.708142, 21.289829 ], [ -157.707997, 21.290533 ], [ -157.708224, 21.292556 ], [ -157.708475, 21.292876 ], [ -157.708919, 21.293123 ], [ -157.709246, 21.29316 ], [ -157.709168, 21.292773 ], [ -157.708854, 21.292689 ], [ -157.708578, 21.292386 ], [ -157.708422, 21.290612 ], [ -157.708525, 21.29006 ], [ -157.70978, 21.288299 ], [ -157.710193, 21.288148 ], [ -157.710585, 21.288335 ], [ -157.710664, 21.288726 ], [ -157.710262, 21.289464 ], [ -157.71084, 21.289874 ], [ -157.710952, 21.290266 ], [ -157.710076, 21.292527 ], [ -157.709802, 21.292732 ], [ -157.709376, 21.292776 ], [ -157.70942, 21.293162 ], [ -157.710012, 21.293067 ], [ -157.710537, 21.29254 ], [ -157.711485, 21.290034 ], [ -157.711225, 21.289455 ], [ -157.710822, 21.287349 ], [ -157.711065, 21.286534 ], [ -157.711514, 21.285582 ], [ -157.711739, 21.28538 ], [ -157.712145, 21.285312 ], [ -157.712506, 21.285673 ], [ -157.712753, 21.285712 ], [ -157.713287, 21.285292 ], [ -157.713677, 21.285249 ], [ -157.71398, 21.285424 ], [ -157.714098, 21.285682 ], [ -157.713329, 21.287452 ], [ -157.712201, 21.28869 ], [ -157.712227, 21.289056 ], [ -157.713198, 21.288227 ], [ -157.715408, 21.285732 ], [ -157.715961, 21.28599 ], [ -157.716158, 21.285811 ], [ -157.716404, 21.286031 ], [ -157.716269, 21.286197 ], [ -157.716362, 21.286356 ], [ -157.717203, 21.28633 ], [ -157.71747, 21.2865 ], [ -157.717362, 21.28697 ], [ -157.716793, 21.287662 ], [ -157.71659, 21.28765 ], [ -157.716028, 21.287217 ], [ -157.715856, 21.287199 ], [ -157.714744, 21.28847 ], [ -157.714945, 21.28859 ], [ -157.715937, 21.287498 ], [ -157.71651, 21.287879 ], [ -157.716482, 21.288042 ], [ -157.715358, 21.289356 ], [ -157.715266, 21.289701 ], [ -157.715454, 21.291534 ], [ -157.715874, 21.291909 ], [ -157.716602, 21.292165 ], [ -157.716848, 21.291943 ], [ -157.716715, 21.291878 ], [ -157.716586, 21.292018 ], [ -157.716395, 21.292018 ], [ -157.715593, 21.29148 ], [ -157.715442, 21.289897 ], [ -157.715571, 21.28968 ], [ -157.715826, 21.289568 ], [ -157.716256, 21.289769 ], [ -157.71626, 21.291116 ], [ -157.716374, 21.291055 ], [ -157.716647, 21.290142 ], [ -157.717026, 21.290041 ], [ -157.717319, 21.290227 ], [ -157.717364, 21.290581 ], [ -157.716779, 21.29177 ], [ -157.71691, 21.291838 ], [ -157.717593, 21.290677 ], [ -157.717617, 21.290276 ], [ -157.717976, 21.290093 ], [ -157.717916, 21.289973 ], [ -157.717546, 21.290118 ], [ -157.717258, 21.289884 ], [ -157.716277, 21.289535 ], [ -157.715924, 21.28915 ], [ -157.716386, 21.288689 ], [ -157.718147, 21.289175 ], [ -157.718188, 21.289065 ], [ -157.717063, 21.288629 ], [ -157.716696, 21.288268 ], [ -157.717149, 21.287768 ], [ -157.7185, 21.288096 ], [ -157.718508, 21.288 ], [ -157.717479, 21.287616 ], [ -157.717384, 21.287465 ], [ -157.717856, 21.286606 ], [ -157.71878, 21.286785 ], [ -157.718791, 21.2867 ], [ -157.71807, 21.286497 ], [ -157.717961, 21.286361 ], [ -157.718086, 21.285948 ], [ -157.718721, 21.285531 ], [ -157.718907, 21.284713 ], [ -157.719541, 21.284289 ], [ -157.720797, 21.283968 ], [ -157.721315, 21.284054 ], [ -157.721356, 21.284537 ], [ -157.721586, 21.284489 ], [ -157.721664, 21.28407 ], [ -157.722044, 21.283766 ], [ -157.722414, 21.283651 ], [ -157.722979, 21.283958 ], [ -157.722843, 21.284183 ], [ -157.722919, 21.284283 ], [ -157.724564, 21.283825 ], [ -157.725333, 21.283854 ], [ -157.72554, 21.283792 ], [ -157.725467, 21.283687 ], [ -157.725974, 21.283251 ], [ -157.72603, 21.283065 ], [ -157.726179, 21.283044 ], [ -157.726206, 21.283378 ], [ -157.72633, 21.283507 ], [ -157.726045, 21.284182 ], [ -157.726104, 21.284464 ], [ -157.726543, 21.284435 ], [ -157.726801, 21.284136 ], [ -157.727532, 21.283968 ], [ -157.72769, 21.283668 ], [ -157.727407, 21.283425 ], [ -157.727008, 21.283351 ], [ -157.726378, 21.283455 ], [ -157.726252, 21.283292 ], [ -157.726266, 21.283053 ], [ -157.727133, 21.28281 ], [ -157.727388, 21.282846 ], [ -157.728019, 21.2826 ], [ -157.72835, 21.282081 ], [ -157.727878, 21.281961 ], [ -157.727354, 21.281506 ], [ -157.726487, 21.281274 ], [ -157.726544, 21.280983 ], [ -157.72833, 21.281288 ], [ -157.729452, 21.281776 ], [ -157.730199, 21.281966 ], [ -157.730635, 21.281787 ], [ -157.7313, 21.281935 ], [ -157.73257, 21.281879 ], [ -157.733518, 21.281558 ], [ -157.7333, 21.280897 ], [ -157.733557, 21.279983 ], [ -157.733698, 21.279758 ], [ -157.733908, 21.279688 ], [ -157.734779, 21.279546 ], [ -157.735363, 21.27958 ], [ -157.736026, 21.279942 ], [ -157.736438, 21.280473 ], [ -157.73719, 21.280235 ], [ -157.737784, 21.27981 ], [ -157.7381, 21.280093 ], [ -157.739963, 21.279908 ], [ -157.742859, 21.279966 ], [ -157.743841, 21.279594 ], [ -157.744322, 21.278929 ], [ -157.746684, 21.278197 ], [ -157.747882, 21.277542 ], [ -157.750326, 21.276855 ], [ -157.75163, 21.277055 ], [ -157.754414, 21.276185 ], [ -157.754592, 21.276038 ], [ -157.754443, 21.275562 ], [ -157.754462, 21.274962 ], [ -157.754891, 21.274174 ], [ -157.755901, 21.273771 ], [ -157.757145, 21.273464 ], [ -157.757904, 21.273506 ], [ -157.758727, 21.273954 ], [ -157.759127, 21.274698 ], [ -157.759386, 21.275748 ], [ -157.759562, 21.276025 ], [ -157.76133, 21.276155 ], [ -157.762293, 21.275963 ], [ -157.764708, 21.275033 ], [ -157.766382, 21.274178 ], [ -157.768779, 21.272623 ], [ -157.770523, 21.272446 ], [ -157.772257, 21.271836 ], [ -157.772492, 21.271869 ], [ -157.774825, 21.270938 ], [ -157.775925, 21.270214 ], [ -157.776757, 21.269461 ], [ -157.7771, 21.269418 ], [ -157.777005, 21.269196 ], [ -157.777763, 21.268402 ], [ -157.779462, 21.265881 ], [ -157.780397, 21.264885 ], [ -157.785174, 21.261798 ], [ -157.786749, 21.261186 ], [ -157.789746, 21.259632 ], [ -157.791017, 21.258692 ], [ -157.791132, 21.258359 ], [ -157.791045, 21.257979 ], [ -157.790621, 21.257203 ], [ -157.790683, 21.256034 ], [ -157.791033, 21.255539 ], [ -157.791562, 21.255164 ], [ -157.79202, 21.255303 ], [ -157.792778, 21.255064 ], [ -157.793554, 21.255309 ], [ -157.794746, 21.255995 ], [ -157.795221, 21.255904 ], [ -157.794867, 21.256172 ], [ -157.794861, 21.25633 ], [ -157.795055, 21.256499 ], [ -157.795192, 21.2564 ], [ -157.79535, 21.256677 ], [ -157.795808, 21.256775 ], [ -157.795892, 21.257182 ], [ -157.796044, 21.257238 ], [ -157.79699, 21.25691 ], [ -157.798541, 21.256858 ], [ -157.799434, 21.256489 ], [ -157.801379, 21.256002 ], [ -157.801925, 21.25592 ], [ -157.802711, 21.255983 ], [ -157.802715, 21.256138 ], [ -157.80342, 21.256065 ], [ -157.803684, 21.256802 ], [ -157.801815, 21.257504 ], [ -157.801543, 21.257957 ], [ -157.799931, 21.258921 ], [ -157.799074, 21.259901 ], [ -157.799734, 21.260481 ], [ -157.798693, 21.261761 ], [ -157.799188, 21.263831 ], [ -157.798832, 21.26376 ], [ -157.798616, 21.263319 ], [ -157.797019, 21.26398 ], [ -157.797565, 21.265141 ], [ -157.797933, 21.265601 ], [ -157.799549, 21.267195 ], [ -157.800812, 21.26821 ], [ -157.801784, 21.268793 ], [ -157.802044, 21.268466 ], [ -157.802965, 21.268795 ], [ -157.80565, 21.268432 ], [ -157.806015, 21.268472 ], [ -157.806229, 21.26815 ], [ -157.807886, 21.268073 ], [ -157.807901, 21.268163 ], [ -157.808686, 21.267882 ], [ -157.80888, 21.268551 ], [ -157.810116, 21.267976 ], [ -157.811814, 21.266166 ], [ -157.81368, 21.264402 ], [ -157.816172, 21.260084 ], [ -157.815851, 21.25913 ], [ -157.816726, 21.258732 ], [ -157.815758, 21.258224 ], [ -157.815325, 21.258523 ], [ -157.814913, 21.25857 ], [ -157.814583, 21.258802 ], [ -157.813996, 21.258541 ], [ -157.81474, 21.25745 ], [ -157.813021, 21.256393 ], [ -157.811751, 21.256457 ], [ -157.811798, 21.256091 ], [ -157.811936, 21.256111 ], [ -157.812, 21.255927 ], [ -157.813155, 21.255786 ], [ -157.813806, 21.255841 ], [ -157.815546, 21.256413 ], [ -157.816997, 21.257367 ], [ -157.818601, 21.257636 ], [ -157.820342, 21.260449 ], [ -157.821506, 21.261351 ], [ -157.821727, 21.262753 ], [ -157.821977, 21.263536 ], [ -157.822208, 21.263786 ], [ -157.822114, 21.263917 ], [ -157.822577, 21.263879 ], [ -157.822809, 21.264947 ], [ -157.822297, 21.265047 ], [ -157.822932, 21.26726 ], [ -157.823137, 21.267329 ], [ -157.823391, 21.268361 ], [ -157.822914, 21.268308 ], [ -157.822914, 21.270584 ], [ -157.823513, 21.271646 ], [ -157.823959, 21.271829 ], [ -157.824018, 21.2722 ], [ -157.824218, 21.272346 ], [ -157.825339, 21.274644 ], [ -157.827037, 21.276119 ], [ -157.828323, 21.276436 ], [ -157.829798, 21.276383 ], [ -157.829828, 21.276541 ], [ -157.831591, 21.276973 ], [ -157.832268, 21.277366 ], [ -157.832815, 21.277329 ], [ -157.833242, 21.277445 ], [ -157.834395, 21.278248 ], [ -157.835336, 21.278675 ], [ -157.835933, 21.279872 ], [ -157.836545, 21.280671 ], [ -157.837013, 21.281008 ], [ -157.837241, 21.281028 ], [ -157.837526, 21.280673 ], [ -157.837657, 21.280749 ], [ -157.837724, 21.281104 ], [ -157.837988, 21.281223 ], [ -157.839163, 21.281335 ], [ -157.840247, 21.280783 ], [ -157.843471, 21.285142 ], [ -157.843615, 21.285126 ], [ -157.84376, 21.285345 ], [ -157.843458, 21.285525 ], [ -157.841274, 21.282537 ], [ -157.840619, 21.282874 ], [ -157.843032, 21.286193 ], [ -157.842794, 21.286349 ], [ -157.840994, 21.283898 ], [ -157.840212, 21.28439 ], [ -157.839485, 21.283639 ], [ -157.83928, 21.283901 ], [ -157.839284, 21.284095 ], [ -157.841208, 21.286789 ], [ -157.841029, 21.286918 ], [ -157.841217, 21.287191 ], [ -157.840439, 21.287493 ], [ -157.840551, 21.287963 ], [ -157.841029, 21.287824 ], [ -157.841239, 21.288155 ], [ -157.841393, 21.288197 ], [ -157.842919, 21.287463 ], [ -157.844276, 21.287793 ], [ -157.846103, 21.281577 ], [ -157.846251, 21.281912 ], [ -157.846707, 21.282109 ], [ -157.846737, 21.282236 ], [ -157.846227, 21.282205 ], [ -157.846103, 21.28234 ], [ -157.846233, 21.282973 ], [ -157.847449, 21.283664 ], [ -157.847919, 21.283681 ], [ -157.847983, 21.28346 ], [ -157.848118, 21.283483 ], [ -157.848271, 21.283651 ], [ -157.848447, 21.284317 ], [ -157.848242, 21.284798 ], [ -157.846997, 21.286362 ], [ -157.846444, 21.286701 ], [ -157.846256, 21.287513 ], [ -157.846978, 21.288372 ], [ -157.84977, 21.28929 ], [ -157.853265, 21.290226 ], [ -157.855105, 21.291146 ], [ -157.855499, 21.291154 ], [ -157.855897, 21.290872 ], [ -157.85922, 21.290981 ], [ -157.859458, 21.29079 ], [ -157.858507, 21.291983 ], [ -157.858043, 21.29226 ], [ -157.85607, 21.291212 ], [ -157.855736, 21.291702 ], [ -157.855874, 21.29178 ], [ -157.855065, 21.293192 ], [ -157.855751, 21.293608 ], [ -157.85735, 21.294391 ], [ -157.858225, 21.293544 ], [ -157.858819, 21.293155 ], [ -157.859471, 21.293392 ], [ -157.85951, 21.293275 ], [ -157.859235, 21.293158 ], [ -157.859635, 21.292307 ], [ -157.860011, 21.292296 ], [ -157.860232, 21.291964 ], [ -157.859926, 21.291821 ], [ -157.860103, 21.29158 ], [ -157.86025, 21.291666 ], [ -157.86122, 21.290265 ], [ -157.866633, 21.294539 ], [ -157.865273, 21.295832 ], [ -157.86537, 21.29593 ], [ -157.866745, 21.294631 ], [ -157.868058, 21.295627 ], [ -157.868822, 21.295635 ], [ -157.869665, 21.295405 ], [ -157.869713, 21.29555 ], [ -157.869272, 21.295665 ], [ -157.868355, 21.297208 ], [ -157.868326, 21.297433 ], [ -157.868473, 21.297511 ], [ -157.867698, 21.299046 ], [ -157.864169, 21.30316 ], [ -157.864521, 21.303344 ], [ -157.863582, 21.303362 ], [ -157.863639, 21.303902 ], [ -157.865874, 21.303597 ], [ -157.865891, 21.303705 ], [ -157.86558, 21.303751 ], [ -157.865365, 21.303926 ], [ -157.865614, 21.304182 ], [ -157.865908, 21.304025 ], [ -157.865964, 21.304107 ], [ -157.864018, 21.305229 ], [ -157.864309, 21.305694 ], [ -157.865373, 21.305106 ], [ -157.865508, 21.305321 ], [ -157.864443, 21.305908 ], [ -157.864752, 21.306435 ], [ -157.866402, 21.305526 ], [ -157.866674, 21.307238 ], [ -157.86451, 21.309054 ], [ -157.864489, 21.309228 ], [ -157.86466, 21.309406 ], [ -157.86475, 21.309371 ], [ -157.864804, 21.309601 ], [ -157.86469, 21.309652 ], [ -157.864729, 21.30975 ], [ -157.864542, 21.309709 ], [ -157.864568, 21.309863 ], [ -157.864963, 21.309672 ], [ -157.86513, 21.310087 ], [ -157.865678, 21.30979 ], [ -157.865839, 21.309896 ], [ -157.865815, 21.310829 ], [ -157.865628, 21.310889 ], [ -157.865434, 21.312188 ], [ -157.865319, 21.312168 ], [ -157.865359, 21.312868 ], [ -157.865443, 21.312865 ], [ -157.86558, 21.313346 ], [ -157.866078, 21.313843 ], [ -157.866857, 21.31402 ], [ -157.867006, 21.313086 ], [ -157.867145, 21.313103 ], [ -157.867579, 21.310364 ], [ -157.868994, 21.309955 ], [ -157.869876, 21.312435 ], [ -157.870492, 21.312223 ], [ -157.87001, 21.310639 ], [ -157.869492, 21.30979 ], [ -157.869604, 21.309764 ], [ -157.871326, 21.310787 ], [ -157.871603, 21.310405 ], [ -157.869583, 21.309095 ], [ -157.869687, 21.308614 ], [ -157.870198, 21.308933 ], [ -157.870248, 21.308867 ], [ -157.873388, 21.310892 ], [ -157.873328, 21.310977 ], [ -157.873677, 21.3112 ], [ -157.87374, 21.311116 ], [ -157.877773, 21.313726 ], [ -157.877597, 21.314077 ], [ -157.877645, 21.314285 ], [ -157.877522, 21.314257 ], [ -157.877428, 21.314419 ], [ -157.877539, 21.314474 ], [ -157.877334, 21.314816 ], [ -157.877245, 21.314739 ], [ -157.877169, 21.314856 ], [ -157.877239, 21.314892 ], [ -157.877088, 21.315133 ], [ -157.877263, 21.315221 ], [ -157.876286, 21.316925 ], [ -157.876938, 21.317253 ], [ -157.877695, 21.315931 ], [ -157.877866, 21.316017 ], [ -157.87726, 21.317072 ], [ -157.87798, 21.317413 ], [ -157.878655, 21.316236 ], [ -157.879541, 21.316682 ], [ -157.8782, 21.318954 ], [ -157.878114, 21.319037 ], [ -157.877913, 21.318892 ], [ -157.877939, 21.319165 ], [ -157.877202, 21.319807 ], [ -157.877625, 21.320105 ], [ -157.879118, 21.319308 ], [ -157.88053, 21.316856 ], [ -157.880817, 21.317 ], [ -157.880525, 21.319757 ], [ -157.88119, 21.319826 ], [ -157.881508, 21.31712 ], [ -157.882215, 21.317185 ], [ -157.881943, 21.319852 ], [ -157.882659, 21.319933 ], [ -157.882985, 21.317064 ], [ -157.883129, 21.317077 ], [ -157.88307, 21.317716 ], [ -157.88326, 21.31773 ], [ -157.883356, 21.316834 ], [ -157.884887, 21.316253 ], [ -157.885578, 21.316163 ], [ -157.885386, 21.317187 ], [ -157.88615, 21.317278 ], [ -157.886294, 21.315788 ], [ -157.886536, 21.315681 ], [ -157.886607, 21.315808 ], [ -157.8887, 21.314928 ], [ -157.889393, 21.314869 ], [ -157.889587, 21.314757 ], [ -157.889816, 21.314809 ], [ -157.89078, 21.314539 ], [ -157.891114, 21.315237 ], [ -157.890969, 21.315295 ], [ -157.89105, 21.315454 ], [ -157.890798, 21.315556 ], [ -157.891315, 21.316716 ], [ -157.89108, 21.316845 ], [ -157.891504, 21.317715 ], [ -157.891415, 21.317782 ], [ -157.892315, 21.319568 ], [ -157.89188, 21.319782 ], [ -157.891793, 21.319655 ], [ -157.891563, 21.319897 ], [ -157.891628, 21.31997 ], [ -157.891253, 21.32025 ], [ -157.891301, 21.320601 ], [ -157.891825, 21.320522 ], [ -157.891945, 21.320753 ], [ -157.89192, 21.320532 ], [ -157.892487, 21.320299 ], [ -157.892719, 21.320724 ], [ -157.892615, 21.320777 ], [ -157.893503, 21.322503 ], [ -157.893392, 21.322534 ], [ -157.894486, 21.324311 ], [ -157.894327, 21.324369 ], [ -157.894828, 21.32528 ], [ -157.894685, 21.325663 ], [ -157.894069, 21.326107 ], [ -157.893634, 21.326357 ], [ -157.893423, 21.32617 ], [ -157.893035, 21.326511 ], [ -157.892935, 21.326781 ], [ -157.893329, 21.326851 ], [ -157.893277, 21.327484 ], [ -157.892989, 21.327924 ], [ -157.892577, 21.327809 ], [ -157.892647, 21.328166 ], [ -157.892476, 21.328404 ], [ -157.891689, 21.328941 ], [ -157.891038, 21.330304 ], [ -157.889404, 21.332008 ], [ -157.889923, 21.332274 ], [ -157.89107, 21.331074 ], [ -157.891812, 21.330739 ], [ -157.892629, 21.330799 ], [ -157.892857, 21.331134 ], [ -157.89272, 21.332161 ], [ -157.892825, 21.332474 ], [ -157.893147, 21.332831 ], [ -157.893255, 21.333184 ], [ -157.894109, 21.33338 ], [ -157.894253, 21.333087 ], [ -157.893392, 21.331328 ], [ -157.894573, 21.330498 ], [ -157.895358, 21.330668 ], [ -157.896223, 21.330516 ], [ -157.897033, 21.329825 ], [ -157.89724, 21.329461 ], [ -157.897709, 21.329053 ], [ -157.898221, 21.329255 ], [ -157.898602, 21.329795 ], [ -157.899072, 21.32978 ], [ -157.899342, 21.329542 ], [ -157.899407, 21.329231 ], [ -157.898902, 21.328672 ], [ -157.898891, 21.328442 ], [ -157.898656, 21.32812 ], [ -157.898615, 21.327884 ], [ -157.898884, 21.327624 ], [ -157.898897, 21.327444 ], [ -157.902219, 21.325126 ], [ -157.903418, 21.32409 ], [ -157.905429, 21.322721 ], [ -157.906351, 21.322221 ], [ -157.906587, 21.322182 ], [ -157.906598, 21.322318 ], [ -157.906281, 21.322609 ], [ -157.90641, 21.322705 ], [ -157.906839, 21.322739 ], [ -157.90718, 21.322958 ], [ -157.907727, 21.322749 ], [ -157.907945, 21.322548 ], [ -157.908079, 21.322079 ], [ -157.908608, 21.321784 ], [ -157.908373, 21.320915 ], [ -157.909279, 21.320194 ], [ -157.909491, 21.320127 ], [ -157.909773, 21.3204 ], [ -157.909961, 21.320045 ], [ -157.910478, 21.319908 ], [ -157.911254, 21.320211 ], [ -157.911419, 21.320149 ], [ -157.91146, 21.319951 ], [ -157.910661, 21.319589 ], [ -157.910644, 21.319376 ], [ -157.911102, 21.318792 ], [ -157.911872, 21.31839 ], [ -157.912606, 21.318264 ], [ -157.913164, 21.318399 ], [ -157.913499, 21.318722 ], [ -157.913629, 21.318713 ], [ -157.913858, 21.318363 ], [ -157.913812, 21.318087 ], [ -157.913135, 21.318123 ], [ -157.912613, 21.317921 ], [ -157.912559, 21.317776 ], [ -157.919426, 21.312874 ], [ -157.919614, 21.312162 ], [ -157.919414, 21.311447 ], [ -157.918932, 21.310856 ], [ -157.918392, 21.310604 ], [ -157.917434, 21.310494 ], [ -157.908095, 21.310456 ], [ -157.907297, 21.310198 ], [ -157.906856, 21.309897 ], [ -157.906362, 21.309307 ], [ -157.90621, 21.308922 ], [ -157.906152, 21.3051 ], [ -157.906352, 21.304654 ], [ -157.906782, 21.304232 ], [ -157.907493, 21.304034 ], [ -157.928538, 21.304074 ], [ -157.931046, 21.303774 ], [ -157.950163, 21.303832 ], [ -157.94873, 21.303881 ], [ -157.948682, 21.305828 ], [ -157.949357, 21.306216 ], [ -157.949423, 21.306388 ], [ -157.949411, 21.307278 ], [ -157.948734, 21.307798 ], [ -157.948711, 21.309546 ], [ -157.946137, 21.309575 ], [ -157.946936, 21.316311 ], [ -157.947817, 21.316439 ], [ -157.948258, 21.316618 ], [ -157.949692, 21.316726 ], [ -157.949885, 21.316772 ], [ -157.950103, 21.317022 ], [ -157.950802, 21.316968 ], [ -157.952096, 21.317247 ], [ -157.952389, 21.317212 ], [ -157.952548, 21.316938 ], [ -157.953623, 21.317003 ], [ -157.953713, 21.31634 ], [ -157.953506, 21.315963 ], [ -157.953577, 21.315932 ], [ -157.954341, 21.31605 ], [ -157.954136, 21.316166 ], [ -157.954053, 21.316965 ], [ -157.954393, 21.31689 ], [ -157.954494, 21.316421 ], [ -157.956251, 21.316577 ], [ -157.956374, 21.317065 ], [ -157.958432, 21.317765 ], [ -157.961376, 21.319983 ], [ -157.961805, 21.320685 ], [ -157.962215, 21.322387 ], [ -157.962891, 21.324275 ], [ -157.963774, 21.325541 ], [ -157.96408, 21.32561 ], [ -157.965407, 21.325135 ], [ -157.965732, 21.325309 ], [ -157.964097, 21.325981 ], [ -157.964508, 21.326873 ], [ -157.964179, 21.327725 ], [ -157.964608, 21.328582 ], [ -157.964837, 21.328696 ], [ -157.965802, 21.327807 ], [ -157.965954, 21.327804 ], [ -157.966206, 21.328686 ], [ -157.965902, 21.328693 ], [ -157.965361, 21.329259 ], [ -157.96609, 21.329987 ], [ -157.966789, 21.329535 ], [ -157.966865, 21.32963 ], [ -157.96623, 21.330087 ], [ -157.966642, 21.330252 ], [ -157.967288, 21.329845 ], [ -157.967336, 21.329927 ], [ -157.966807, 21.33033 ], [ -157.967776, 21.330765 ], [ -157.967519, 21.331269 ], [ -157.967635, 21.331302 ], [ -157.967906, 21.330807 ], [ -157.968271, 21.330881 ], [ -157.968529, 21.331267 ], [ -157.968653, 21.33181 ], [ -157.968352, 21.33628 ], [ -157.968212, 21.336537 ], [ -157.968077, 21.337743 ], [ -157.967848, 21.338292 ], [ -157.965273, 21.340685 ], [ -157.964691, 21.34139 ], [ -157.964791, 21.342995 ], [ -157.964962, 21.343186 ], [ -157.964903, 21.343438 ], [ -157.964944, 21.343538 ], [ -157.965273, 21.34359 ], [ -157.966297, 21.345105 ], [ -157.966144, 21.345212 ], [ -157.965956, 21.345058 ], [ -157.965991, 21.34537 ], [ -157.966196, 21.34542 ], [ -157.963497, 21.347997 ], [ -157.963775, 21.348247 ], [ -157.964063, 21.348185 ], [ -157.96652, 21.345938 ], [ -157.966897, 21.346374 ], [ -157.967196, 21.346479 ], [ -157.967949, 21.347595 ], [ -157.968036, 21.348065 ], [ -157.967918, 21.348982 ], [ -157.967566, 21.349747 ], [ -157.966913, 21.349969 ], [ -157.966666, 21.35032 ], [ -157.966248, 21.350394 ], [ -157.965961, 21.350708 ], [ -157.965103, 21.351132 ], [ -157.964497, 21.351576 ], [ -157.964175, 21.352034 ], [ -157.96268, 21.352432 ], [ -157.962499, 21.352394 ], [ -157.963215, 21.351098 ], [ -157.962998, 21.351015 ], [ -157.962246, 21.352194 ], [ -157.962051, 21.352066 ], [ -157.962146, 21.351611 ], [ -157.961975, 21.351407 ], [ -157.961528, 21.351593 ], [ -157.961059, 21.352331 ], [ -157.960688, 21.352293 ], [ -157.960511, 21.35221 ], [ -157.961264, 21.351041 ], [ -157.961323, 21.350906 ], [ -157.961211, 21.350833 ], [ -157.959741, 21.352639 ], [ -157.959483, 21.352507 ], [ -157.960935, 21.350321 ], [ -157.960935, 21.35005 ], [ -157.960706, 21.350017 ], [ -157.95913, 21.352306 ], [ -157.958959, 21.352214 ], [ -157.958207, 21.353339 ], [ -157.95803, 21.353225 ], [ -157.958372, 21.352671 ], [ -157.958113, 21.352512 ], [ -157.959642, 21.3502 ], [ -157.959642, 21.349969 ], [ -157.959347, 21.349904 ], [ -157.95769, 21.35231 ], [ -157.957431, 21.352187 ], [ -157.95432, 21.357014 ], [ -157.954056, 21.356904 ], [ -157.954831, 21.355653 ], [ -157.954151, 21.355306 ], [ -157.953387, 21.356466 ], [ -157.953239, 21.356384 ], [ -157.953998, 21.355228 ], [ -157.953822, 21.355123 ], [ -157.952798, 21.35667 ], [ -157.952711, 21.356615 ], [ -157.953698, 21.355041 ], [ -157.952962, 21.35467 ], [ -157.951975, 21.356164 ], [ -157.951735, 21.356031 ], [ -157.953493, 21.353282 ], [ -157.953509, 21.35307 ], [ -157.953358, 21.352943 ], [ -157.953075, 21.352779 ], [ -157.952799, 21.352867 ], [ -157.95117, 21.355364 ], [ -157.950876, 21.355204 ], [ -157.952558, 21.352608 ], [ -157.952493, 21.352486 ], [ -157.95204, 21.352194 ], [ -157.951692, 21.352219 ], [ -157.950441, 21.354212 ], [ -157.943028, 21.350009 ], [ -157.942735, 21.350369 ], [ -157.943698, 21.352218 ], [ -157.943639, 21.352358 ], [ -157.939895, 21.352582 ], [ -157.940041, 21.353364 ], [ -157.943217, 21.353845 ], [ -157.943892, 21.353669 ], [ -157.94391, 21.353759 ], [ -157.943234, 21.353931 ], [ -157.943334, 21.354117 ], [ -157.944021, 21.353977 ], [ -157.944051, 21.354054 ], [ -157.943357, 21.354266 ], [ -157.943474, 21.354574 ], [ -157.944186, 21.354389 ], [ -157.944221, 21.354475 ], [ -157.943516, 21.354692 ], [ -157.943545, 21.355099 ], [ -157.944426, 21.354842 ], [ -157.944426, 21.354924 ], [ -157.943515, 21.355211 ], [ -157.94331, 21.355833 ], [ -157.94054, 21.35886 ], [ -157.940893, 21.359119 ], [ -157.941752, 21.358208 ], [ -157.941845, 21.358285 ], [ -157.940981, 21.359197 ], [ -157.941357, 21.35947 ], [ -157.942199, 21.358608 ], [ -157.942263, 21.358685 ], [ -157.94144, 21.359547 ], [ -157.941816, 21.35983 ], [ -157.942757, 21.358752 ], [ -157.942945, 21.358889 ], [ -157.945738, 21.356151 ], [ -157.945884, 21.356225 ], [ -157.946802, 21.355449 ], [ -157.94873, 21.35776 ], [ -157.948259, 21.35857 ], [ -157.945326, 21.359749 ], [ -157.945355, 21.360769 ], [ -157.946907, 21.36017 ], [ -157.947125, 21.360528 ], [ -157.945331, 21.361221 ], [ -157.945325, 21.362251 ], [ -157.942537, 21.363385 ], [ -157.942362, 21.363189 ], [ -157.941738, 21.363244 ], [ -157.941067, 21.363949 ], [ -157.94068, 21.365193 ], [ -157.94405, 21.3639 ], [ -157.944108, 21.364027 ], [ -157.940622, 21.365468 ], [ -157.940462, 21.365851 ], [ -157.938257, 21.365137 ], [ -157.937881, 21.365821 ], [ -157.939904, 21.366547 ], [ -157.939615, 21.367286 ], [ -157.939451, 21.367285 ], [ -157.939062, 21.36843 ], [ -157.938863, 21.368605 ], [ -157.938639, 21.369222 ], [ -157.938192, 21.369179 ], [ -157.937157, 21.36975 ], [ -157.936669, 21.370682 ], [ -157.936175, 21.371266 ], [ -157.935982, 21.371296 ], [ -157.935573, 21.372007 ], [ -157.935749, 21.37246 ], [ -157.935978, 21.37262 ], [ -157.936148, 21.372964 ], [ -157.936189, 21.373326 ], [ -157.936583, 21.373527 ], [ -157.936554, 21.373725 ], [ -157.936465, 21.37377 ], [ -157.936336, 21.373598 ], [ -157.934555, 21.373857 ], [ -157.9344, 21.373937 ], [ -157.934761, 21.374297 ], [ -157.934699, 21.374364 ], [ -157.934228, 21.374063 ], [ -157.933601, 21.375409 ], [ -157.933718, 21.375943 ], [ -157.934083, 21.376045 ], [ -157.934419, 21.375758 ], [ -157.934595, 21.376586 ], [ -157.934689, 21.375719 ], [ -157.934748, 21.375615 ], [ -157.934907, 21.37563 ], [ -157.935383, 21.376243 ], [ -157.935506, 21.376781 ], [ -157.936335, 21.377392 ], [ -157.936875, 21.377472 ], [ -157.937217, 21.37737 ], [ -157.937864, 21.376814 ], [ -157.939199, 21.376529 ], [ -157.940022, 21.376047 ], [ -157.940604, 21.375102 ], [ -157.940825, 21.375135 ], [ -157.940966, 21.37486 ], [ -157.941065, 21.374884 ], [ -157.940913, 21.375194 ], [ -157.941106, 21.375317 ], [ -157.941262, 21.375061 ], [ -157.941351, 21.375084 ], [ -157.941185, 21.375363 ], [ -157.942215, 21.375934 ], [ -157.942832, 21.376607 ], [ -157.942832, 21.376959 ], [ -157.942296, 21.378139 ], [ -157.942455, 21.378903 ], [ -157.942238, 21.379403 ], [ -157.942378, 21.379436 ], [ -157.942626, 21.379189 ], [ -157.942662, 21.379374 ], [ -157.942279, 21.37972 ], [ -157.943237, 21.379851 ], [ -157.943428, 21.380037 ], [ -157.944886, 21.380493 ], [ -157.946239, 21.381491 ], [ -157.947067, 21.382286 ], [ -157.947473, 21.382348 ], [ -157.948043, 21.382758 ], [ -157.948742, 21.38288 ], [ -157.950054, 21.382405 ], [ -157.950642, 21.382526 ], [ -157.950872, 21.382681 ], [ -157.951617, 21.383471 ], [ -157.951618, 21.38306 ], [ -157.951994, 21.383063 ], [ -157.952389, 21.383223 ], [ -157.952823, 21.38314 ], [ -157.953136, 21.383481 ], [ -157.954905, 21.384522 ], [ -157.956798, 21.385324 ], [ -157.957492, 21.385847 ], [ -157.958445, 21.386964 ], [ -157.958956, 21.387324 ], [ -157.960585, 21.38784 ], [ -157.960785, 21.387548 ], [ -157.960997, 21.388046 ], [ -157.961325, 21.388179 ], [ -157.961549, 21.387593 ], [ -157.962354, 21.387585 ], [ -157.962748, 21.387764 ], [ -157.962936, 21.388645 ], [ -157.963007, 21.387842 ], [ -157.963319, 21.387573 ], [ -157.964871, 21.387126 ], [ -157.965736, 21.387114 ], [ -157.966124, 21.387215 ], [ -157.966641, 21.386469 ], [ -157.966964, 21.386462 ], [ -157.967647, 21.387297 ], [ -157.967977, 21.387412 ], [ -157.969022, 21.387016 ], [ -157.969352, 21.386756 ], [ -157.969593, 21.385597 ], [ -157.969558, 21.384748 ], [ -157.96901, 21.383159 ], [ -157.968134, 21.382332 ], [ -157.967688, 21.381606 ], [ -157.967406, 21.380611 ], [ -157.966787, 21.380404 ], [ -157.966706, 21.38015 ], [ -157.966676, 21.375182 ], [ -157.967006, 21.375143 ], [ -157.966988, 21.373409 ], [ -157.96674, 21.373344 ], [ -157.967406, 21.372214 ], [ -157.967576, 21.372355 ], [ -157.967811, 21.372009 ], [ -157.968314, 21.370937 ], [ -157.968214, 21.370901 ], [ -157.96879, 21.369798 ], [ -157.968938, 21.369875 ], [ -157.968855, 21.369951 ], [ -157.969348, 21.370099 ], [ -157.969926, 21.369981 ], [ -157.970019, 21.369769 ], [ -157.97096, 21.370294 ], [ -157.970742, 21.370442 ], [ -157.971108, 21.370611 ], [ -157.971183, 21.370458 ], [ -157.972354, 21.37103 ], [ -157.972213, 21.371201 ], [ -157.972442, 21.37131 ], [ -157.972513, 21.371076 ], [ -157.973464, 21.37166 ], [ -157.973254, 21.371812 ], [ -157.973506, 21.372003 ], [ -157.973255, 21.372006 ], [ -157.973121, 21.372164 ], [ -157.974666, 21.373063 ], [ -157.975137, 21.374664 ], [ -157.975595, 21.374875 ], [ -157.975749, 21.375097 ], [ -157.976054, 21.374991 ], [ -157.976107, 21.37551 ], [ -157.975443, 21.376627 ], [ -157.97592, 21.378152 ], [ -157.977607, 21.378347 ], [ -157.978659, 21.37969 ], [ -157.979693, 21.379579 ], [ -157.979965, 21.379811 ], [ -157.980487, 21.379882 ], [ -157.982581, 21.382383 ], [ -157.983098, 21.383059 ], [ -157.983469, 21.383897 ], [ -157.984298, 21.384661 ], [ -157.984922, 21.385649 ], [ -157.985081, 21.387593 ], [ -157.984652, 21.388037 ], [ -157.984403, 21.388035 ], [ -157.983947, 21.388602 ], [ -157.976965, 21.389149 ], [ -157.977331, 21.389574 ], [ -157.977429, 21.389943 ], [ -157.977067, 21.390287 ], [ -157.976383, 21.390028 ], [ -157.975575, 21.389354 ], [ -157.974588, 21.389225 ], [ -157.974241, 21.389816 ], [ -157.974228, 21.390178 ], [ -157.974645, 21.391101 ], [ -157.97581, 21.392025 ], [ -157.976218, 21.391696 ], [ -157.975963, 21.39141 ], [ -157.976536, 21.391266 ], [ -157.976584, 21.391054 ], [ -157.976888, 21.391034 ], [ -157.97691, 21.391454 ], [ -157.977298, 21.391405 ], [ -157.977326, 21.391679 ], [ -157.977735, 21.391674 ], [ -157.977679, 21.390929 ], [ -157.978038, 21.390795 ], [ -157.978006, 21.390625 ], [ -157.978349, 21.390489 ], [ -157.978924, 21.391577 ], [ -157.979062, 21.391517 ], [ -157.978827, 21.391016 ], [ -157.979034, 21.390907 ], [ -157.978984, 21.390818 ], [ -157.979469, 21.390654 ], [ -157.979638, 21.391102 ], [ -157.98025, 21.390708 ], [ -157.980569, 21.391221 ], [ -157.981244, 21.391371 ], [ -157.981958, 21.391852 ], [ -157.982516, 21.391943 ], [ -157.985277, 21.390887 ], [ -157.987039, 21.389446 ], [ -157.986934, 21.389347 ], [ -157.987146, 21.388147 ], [ -157.989841, 21.388022 ], [ -157.990493, 21.387885 ], [ -157.991533, 21.387404 ], [ -157.992193, 21.386789 ], [ -157.992505, 21.385935 ], [ -157.992832, 21.386055 ], [ -157.992946, 21.385402 ], [ -157.993233, 21.384879 ], [ -157.993374, 21.384876 ], [ -157.994389, 21.38355 ], [ -157.994996, 21.383091 ], [ -157.996139, 21.382511 ], [ -157.997268, 21.382002 ], [ -157.998337, 21.381727 ], [ -158.007632, 21.379698 ], [ -158.008776, 21.379064 ], [ -158.010709, 21.37882 ], [ -158.011173, 21.375797 ], [ -158.011808, 21.374804 ], [ -158.012396, 21.374338 ], [ -158.012533, 21.374452 ], [ -158.012363, 21.374821 ], [ -158.012522, 21.37503 ], [ -158.012422, 21.375481 ], [ -158.012558, 21.376236 ], [ -158.013522, 21.377678 ], [ -158.013763, 21.378402 ], [ -158.013993, 21.378426 ], [ -158.014375, 21.378126 ], [ -158.014845, 21.377993 ], [ -158.01524, 21.378474 ], [ -158.01568, 21.378197 ], [ -158.016532, 21.377425 ], [ -158.016903, 21.376709 ], [ -158.017591, 21.375073 ], [ -158.017366, 21.374543 ], [ -158.017554, 21.373858 ], [ -158.017837, 21.373756 ], [ -158.018377, 21.373781 ], [ -158.018618, 21.374275 ], [ -158.01876, 21.374308 ], [ -158.019007, 21.374164 ], [ -158.019701, 21.374119 ], [ -158.020477, 21.373807 ], [ -158.020905, 21.373222 ], [ -158.021205, 21.372086 ], [ -158.020214, 21.369325 ], [ -158.019266, 21.367824 ], [ -158.018584, 21.366948 ], [ -158.017714, 21.366771 ], [ -158.017032, 21.366487 ], [ -158.016638, 21.36621 ], [ -158.016174, 21.365579 ], [ -158.016673, 21.365446 ], [ -158.016908, 21.365245 ], [ -158.018107, 21.365211 ], [ -158.019595, 21.365825 ], [ -158.019765, 21.36645 ], [ -158.020425, 21.366648 ], [ -158.020879, 21.36667 ], [ -158.021402, 21.366369 ], [ -158.021572, 21.366469 ], [ -158.021743, 21.366338 ], [ -158.023074, 21.366159 ], [ -158.023877, 21.366914 ], [ -158.024802, 21.367196 ], [ -158.024731, 21.367549 ], [ -158.024994, 21.367664 ], [ -158.02508, 21.367486 ], [ -158.025218, 21.367747 ], [ -158.025219, 21.368935 ], [ -158.024736, 21.369252 ], [ -158.024623, 21.36966 ], [ -158.025728, 21.369669 ], [ -158.025823, 21.369583 ], [ -158.025697, 21.369714 ], [ -158.025773, 21.369969 ], [ -158.025556, 21.372368 ], [ -158.025599, 21.374069 ], [ -158.025879, 21.375629 ], [ -158.025586, 21.376281 ], [ -158.024927, 21.376765 ], [ -158.024958, 21.376877 ], [ -158.025702, 21.376859 ], [ -158.02638, 21.377146 ], [ -158.026936, 21.378027 ], [ -158.028311, 21.379484 ], [ -158.030327, 21.381907 ], [ -158.031028, 21.382964 ], [ -158.032767, 21.38488 ], [ -158.032534, 21.385038 ], [ -158.032764, 21.385392 ], [ -158.033007, 21.385254 ], [ -158.038595, 21.39832 ], [ -158.038265, 21.398439 ], [ -158.03858, 21.399331 ], [ -158.039038, 21.399162 ], [ -158.043737, 21.409465 ], [ -158.036303, 21.412528 ], [ -158.034929, 21.413524 ], [ -158.034706, 21.415751 ], [ -158.037033, 21.418829 ], [ -158.029404, 21.423526 ], [ -158.02908, 21.423568 ], [ -158.028982, 21.423765 ], [ -158.028727, 21.423544 ], [ -158.028532, 21.422983 ], [ -158.028525, 21.422534 ], [ -158.028304, 21.422254 ], [ -158.028273, 21.422006 ], [ -158.029345, 21.421954 ], [ -158.029415, 21.421678 ], [ -158.028166, 21.421429 ], [ -158.02779, 21.421179 ], [ -158.027816, 21.42082 ], [ -158.02795, 21.420595 ], [ -158.028391, 21.420396 ], [ -158.029082, 21.420387 ], [ -158.029638, 21.420209 ], [ -158.030691, 21.420389 ], [ -158.031152, 21.420254 ], [ -158.031394, 21.420055 ], [ -158.031347, 21.419774 ], [ -158.029713, 21.419175 ], [ -158.029007, 21.419191 ], [ -158.027559, 21.41874 ], [ -158.02692, 21.418003 ], [ -158.026181, 21.416372 ], [ -158.027223, 21.413946 ], [ -158.027236, 21.413684 ], [ -158.026475, 21.412436 ], [ -158.025496, 21.411676 ], [ -158.024315, 21.411221 ], [ -158.023864, 21.409973 ], [ -158.023321, 21.408986 ], [ -158.022863, 21.408534 ], [ -158.022612, 21.408404 ], [ -158.021839, 21.408607 ], [ -158.020813, 21.408061 ], [ -158.020685, 21.407654 ], [ -158.020882, 21.407308 ], [ -158.020889, 21.40552 ], [ -158.020549, 21.404818 ], [ -158.020087, 21.404335 ], [ -158.020037, 21.404011 ], [ -158.019395, 21.403479 ], [ -158.018853, 21.403383 ], [ -158.018955, 21.402824 ], [ -158.020053, 21.402449 ], [ -158.019891, 21.402095 ], [ -158.01927, 21.401769 ], [ -158.018506, 21.401587 ], [ -158.018189, 21.40116 ], [ -158.01789, 21.399136 ], [ -158.018064, 21.398523 ], [ -158.01978, 21.397078 ], [ -158.020181, 21.396241 ], [ -158.020162, 21.395642 ], [ -158.019538, 21.393826 ], [ -158.019374, 21.39094 ], [ -158.018891, 21.390826 ], [ -158.016928, 21.391465 ], [ -158.016458, 21.391846 ], [ -158.01644, 21.393455 ], [ -158.016276, 21.393981 ], [ -158.016252, 21.394415 ], [ -158.016594, 21.395388 ], [ -158.015693, 21.396149 ], [ -158.01516, 21.396412 ], [ -158.014399, 21.397501 ], [ -158.014427, 21.398854 ], [ -158.014778, 21.4005 ], [ -158.01439, 21.400561 ], [ -158.013362, 21.401495 ], [ -158.013042, 21.40215 ], [ -158.012346, 21.405005 ], [ -158.011899, 21.405511 ], [ -158.011742, 21.406072 ], [ -158.012197, 21.40754 ], [ -158.012192, 21.40865 ], [ -158.011223, 21.409007 ], [ -158.010882, 21.409627 ], [ -158.010559, 21.40901 ], [ -158.010256, 21.40871 ], [ -158.009213, 21.408485 ], [ -158.008396, 21.40933 ], [ -158.008095, 21.410221 ], [ -158.006564, 21.410083 ], [ -158.006539, 21.409909 ], [ -158.006231, 21.409714 ], [ -158.005741, 21.410222 ], [ -158.004623, 21.410477 ], [ -158.004533, 21.410212 ], [ -158.005176, 21.409729 ], [ -158.005272, 21.40919 ], [ -158.0043, 21.408313 ], [ -158.003595, 21.4084 ], [ -158.002013, 21.408279 ], [ -158.000638, 21.40915 ], [ -158.000269, 21.40954 ], [ -158.000078, 21.409459 ], [ -157.999848, 21.408792 ], [ -157.99949, 21.408391 ], [ -157.999224, 21.408281 ], [ -157.99829, 21.408476 ], [ -158.006911, 21.421623 ], [ -158.006826, 21.421673 ], [ -158.007384, 21.422822 ], [ -158.007588, 21.424567 ], [ -158.007935, 21.425341 ], [ -158.007936, 21.426073 ], [ -158.007692, 21.426363 ], [ -158.008184, 21.428511 ], [ -158.007745, 21.429987 ], [ -158.007315, 21.430624 ], [ -158.006454, 21.432561 ], [ -158.006661, 21.433607 ], [ -158.006464, 21.434587 ], [ -158.004782, 21.436863 ], [ -158.00451, 21.43859 ], [ -158.004248, 21.438799 ], [ -158.003476, 21.438997 ], [ -158.003083, 21.4394 ], [ -158.00214, 21.439016 ], [ -158.001525, 21.442522 ], [ -157.999482, 21.444151 ], [ -157.998258, 21.446306 ], [ -157.997704, 21.446489 ], [ -157.997083, 21.447064 ], [ -157.995131, 21.448161 ], [ -157.9938, 21.44922 ], [ -157.994585, 21.450182 ], [ -157.993544, 21.452141 ], [ -157.993532, 21.45205 ], [ -157.993497, 21.45247 ], [ -157.993116, 21.453045 ], [ -157.993226, 21.453627 ], [ -157.99305, 21.453885 ], [ -157.992747, 21.454052 ], [ -157.991194, 21.454141 ], [ -157.99045, 21.453946 ], [ -157.990421, 21.453176 ], [ -157.990698, 21.450441 ], [ -157.991122, 21.448179 ], [ -157.991381, 21.44696 ] ], [ [ -157.802689, 21.268792 ], [ -157.802641, 21.268849 ], [ -157.802806, 21.268985 ], [ -157.80285, 21.268923 ], [ -157.802689, 21.268792 ] ], [ [ -157.802389, 21.269128 ], [ -157.802251, 21.268977 ], [ -157.802184, 21.269033 ], [ -157.802325, 21.269177 ], [ -157.802389, 21.269128 ] ], [ [ -158.004493, 21.39942 ], [ -158.004355, 21.39913 ], [ -158.004158, 21.399202 ], [ -158.004281, 21.399499 ], [ -158.004493, 21.39942 ] ], [ [ -158.02112, 21.373684 ], [ -158.020625, 21.374134 ], [ -158.02102, 21.374154 ], [ -158.02121, 21.373765 ], [ -158.02112, 21.373684 ] ], [ [ -158.012908, 21.379534 ], [ -158.013126, 21.37932 ], [ -158.012916, 21.379159 ], [ -158.011682, 21.379135 ], [ -158.011839, 21.379303 ], [ -158.012524, 21.379476 ], [ -158.012908, 21.379534 ] ], [ [ -158.005243, 21.401191 ], [ -158.005168, 21.400658 ], [ -158.004384, 21.400753 ], [ -158.004458, 21.401288 ], [ -158.005243, 21.401191 ] ], [ [ -157.942079, 21.379335 ], [ -157.942308, 21.378867 ], [ -157.94215, 21.378256 ], [ -157.941931, 21.37786 ], [ -157.941761, 21.377789 ], [ -157.941367, 21.37808 ], [ -157.941761, 21.37927 ], [ -157.942079, 21.379335 ] ], [ [ -157.995944, 21.440482 ], [ -157.994872, 21.439949 ], [ -157.994437, 21.441432 ], [ -157.994813, 21.441615 ], [ -157.995372, 21.441377 ], [ -157.995695, 21.44092 ], [ -157.995944, 21.440482 ] ], [ [ -157.839711, 21.281701 ], [ -157.839119, 21.282133 ], [ -157.838556, 21.282295 ], [ -157.838409, 21.2825 ], [ -157.838558, 21.282939 ], [ -157.839172, 21.283192 ], [ -157.839527, 21.283083 ], [ -157.839668, 21.282627 ], [ -157.840214, 21.282275 ], [ -157.840103, 21.281843 ], [ -157.839711, 21.281701 ] ], [ [ -157.943044, 21.383792 ], [ -157.943708, 21.384266 ], [ -157.944684, 21.383692 ], [ -157.944987, 21.383101 ], [ -157.942709, 21.382052 ], [ -157.942198, 21.383087 ], [ -157.94155, 21.383381 ], [ -157.941948, 21.384063 ], [ -157.942779, 21.38413 ], [ -157.943044, 21.383792 ] ], [ [ -157.932104, 21.363645 ], [ -157.931887, 21.363622 ], [ -157.931524, 21.363201 ], [ -157.932107, 21.362935 ], [ -157.933602, 21.362563 ], [ -157.933741, 21.361794 ], [ -157.934179, 21.361135 ], [ -157.934604, 21.360758 ], [ -157.934201, 21.359188 ], [ -157.934238, 21.359006 ], [ -157.934692, 21.358656 ], [ -157.934964, 21.358228 ], [ -157.935085, 21.357607 ], [ -157.934934, 21.357111 ], [ -157.934543, 21.356828 ], [ -157.933287, 21.356419 ], [ -157.932339, 21.355903 ], [ -157.931315, 21.354851 ], [ -157.930974, 21.354932 ], [ -157.929065, 21.357156 ], [ -157.930101, 21.357888 ], [ -157.9305, 21.360203 ], [ -157.93027, 21.360301 ], [ -157.929356, 21.363213 ], [ -157.93068, 21.363885 ], [ -157.932113, 21.364008 ], [ -157.932104, 21.363645 ] ], [ [ -157.850196, 21.311434 ], [ -157.849518, 21.309989 ], [ -157.84912, 21.310202 ], [ -157.849075, 21.309861 ], [ -157.848656, 21.309582 ], [ -157.846762, 21.308887 ], [ -157.846481, 21.309163 ], [ -157.84612, 21.309294 ], [ -157.845577, 21.309817 ], [ -157.843259, 21.311072 ], [ -157.842418, 21.31281 ], [ -157.842235, 21.313839 ], [ -157.841976, 21.314405 ], [ -157.841858, 21.315718 ], [ -157.841987, 21.315725 ], [ -157.842183, 21.314296 ], [ -157.842445, 21.313907 ], [ -157.843024, 21.314009 ], [ -157.842989, 21.314569 ], [ -157.843927, 21.315197 ], [ -157.846869, 21.315814 ], [ -157.847519, 21.315801 ], [ -157.848163, 21.315476 ], [ -157.849047, 21.314779 ], [ -157.849503, 21.313768 ], [ -157.849934, 21.314183 ], [ -157.850277, 21.312208 ], [ -157.850196, 21.311434 ] ], [ [ -157.929727, 21.3123 ], [ -157.930269, 21.312755 ], [ -157.931003, 21.31322 ], [ -157.932513, 21.313799 ], [ -157.93269, 21.313972 ], [ -157.933335, 21.31384 ], [ -157.934188, 21.313914 ], [ -157.935674, 21.314339 ], [ -157.936433, 21.315008 ], [ -157.937408, 21.31556 ], [ -157.939254, 21.315789 ], [ -157.93963, 21.315416 ], [ -157.939765, 21.315417 ], [ -157.939806, 21.315594 ], [ -157.940352, 21.31576 ], [ -157.942304, 21.315808 ], [ -157.94278, 21.315979 ], [ -157.945942, 21.316197 ], [ -157.945196, 21.310189 ], [ -157.928912, 21.310113 ], [ -157.929075, 21.310299 ], [ -157.929587, 21.312041 ], [ -157.929727, 21.3123 ] ], [ [ -157.915504, 21.36393 ], [ -157.914732, 21.364261 ], [ -157.913414, 21.364442 ], [ -157.912341, 21.364171 ], [ -157.911363, 21.363715 ], [ -157.909131, 21.362294 ], [ -157.907346, 21.362212 ], [ -157.905943, 21.361859 ], [ -157.905304, 21.361607 ], [ -157.904889, 21.361132 ], [ -157.904546, 21.359649 ], [ -157.905032, 21.358793 ], [ -157.905294, 21.357997 ], [ -157.907613, 21.357288 ], [ -157.909258, 21.357314 ], [ -157.910197, 21.356394 ], [ -157.910892, 21.356068 ], [ -157.911992, 21.355925 ], [ -157.912985, 21.355974 ], [ -157.913912, 21.356089 ], [ -157.915173, 21.356591 ], [ -157.915989, 21.356502 ], [ -157.916856, 21.35599 ], [ -157.920014, 21.356601 ], [ -157.920816, 21.356979 ], [ -157.921062, 21.356723 ], [ -157.920278, 21.355642 ], [ -157.920222, 21.355149 ], [ -157.920575, 21.354667 ], [ -157.9199, 21.353648 ], [ -157.916545, 21.353027 ], [ -157.914922, 21.35311 ], [ -157.912639, 21.352699 ], [ -157.910301, 21.352532 ], [ -157.910435, 21.351134 ], [ -157.910197, 21.350607 ], [ -157.910138, 21.350136 ], [ -157.91053, 21.34923 ], [ -157.910558, 21.348847 ], [ -157.908741, 21.346591 ], [ -157.908115, 21.34633 ], [ -157.906808, 21.346563 ], [ -157.905746, 21.346468 ], [ -157.905183, 21.347039 ], [ -157.903157, 21.346008 ], [ -157.902997, 21.346271 ], [ -157.904705, 21.347173 ], [ -157.904222, 21.347989 ], [ -157.904167, 21.348371 ], [ -157.904264, 21.348808 ], [ -157.904816, 21.349419 ], [ -157.904855, 21.349599 ], [ -157.904624, 21.349668 ], [ -157.903619, 21.349435 ], [ -157.902702, 21.349532 ], [ -157.901915, 21.349199 ], [ -157.901588, 21.349172 ], [ -157.901043, 21.3496 ], [ -157.900848, 21.350001 ], [ -157.900817, 21.350498 ], [ -157.901453, 21.351889 ], [ -157.902386, 21.353428 ], [ -157.90292, 21.354141 ], [ -157.904053, 21.354991 ], [ -157.90427, 21.355228 ], [ -157.904283, 21.355412 ], [ -157.90265, 21.357036 ], [ -157.901088, 21.360093 ], [ -157.901405, 21.360221 ], [ -157.901795, 21.360817 ], [ -157.903044, 21.361232 ], [ -157.903553, 21.361636 ], [ -157.904873, 21.363097 ], [ -157.906799, 21.363388 ], [ -157.907011, 21.363487 ], [ -157.907103, 21.363747 ], [ -157.908001, 21.363928 ], [ -157.909013, 21.363647 ], [ -157.911212, 21.36427 ], [ -157.912139, 21.364704 ], [ -157.914582, 21.364965 ], [ -157.918534, 21.364128 ], [ -157.918783, 21.363964 ], [ -157.91855, 21.363528 ], [ -157.917513, 21.363792 ], [ -157.917095, 21.36407 ], [ -157.916542, 21.364211 ], [ -157.915733, 21.36397 ], [ -157.915504, 21.36393 ] ] ], [ [ [ -157.762924, 21.378729 ], [ -157.762534, 21.378595 ], [ -157.762431, 21.378326 ], [ -157.762437, 21.377321 ], [ -157.763105, 21.377223 ], [ -157.763266, 21.376603 ], [ -157.763544, 21.376248 ], [ -157.763708, 21.375702 ], [ -157.763274, 21.375606 ], [ -157.762885, 21.374942 ], [ -157.762972, 21.374887 ], [ -157.762861, 21.374354 ], [ -157.763084, 21.373813 ], [ -157.762912, 21.37355 ], [ -157.763129, 21.372992 ], [ -157.763102, 21.372646 ], [ -157.763622, 21.372284 ], [ -157.763856, 21.37227 ], [ -157.7639, 21.371912 ], [ -157.763668, 21.371669 ], [ -157.763447, 21.370721 ], [ -157.764164, 21.369966 ], [ -157.764687, 21.370042 ], [ -157.764825, 21.36968 ], [ -157.764459, 21.369165 ], [ -157.763852, 21.368666 ], [ -157.764133, 21.368057 ], [ -157.764687, 21.365838 ], [ -157.765536, 21.365415 ], [ -157.765916, 21.364961 ], [ -157.765873, 21.364449 ], [ -157.765677, 21.364167 ], [ -157.764539, 21.363817 ], [ -157.764355, 21.363287 ], [ -157.764521, 21.362469 ], [ -157.76549, 21.362531 ], [ -157.764855, 21.361872 ], [ -157.764607, 21.361264 ], [ -157.764661, 21.360539 ], [ -157.764122, 21.360314 ], [ -157.763597, 21.359914 ], [ -157.763169, 21.359074 ], [ -157.763664, 21.35882 ], [ -157.764506, 21.358678 ], [ -157.764443, 21.358435 ], [ -157.765382, 21.357941 ], [ -157.765792, 21.357955 ], [ -157.767074, 21.35731 ], [ -157.767792, 21.356357 ], [ -157.768046, 21.355584 ], [ -157.768415, 21.355085 ], [ -157.768781, 21.354814 ], [ -157.769055, 21.354353 ], [ -157.772887, 21.359146 ], [ -157.76796, 21.36168 ], [ -157.767407, 21.362392 ], [ -157.767712, 21.362471 ], [ -157.767886, 21.362714 ], [ -157.768851, 21.362589 ], [ -157.769193, 21.362433 ], [ -157.768982, 21.363751 ], [ -157.768815, 21.363993 ], [ -157.768293, 21.363917 ], [ -157.767954, 21.364432 ], [ -157.768057, 21.364746 ], [ -157.767873, 21.365048 ], [ -157.769004, 21.364759 ], [ -157.770013, 21.365597 ], [ -157.771081, 21.364471 ], [ -157.771646, 21.364338 ], [ -157.772482, 21.366004 ], [ -157.772453, 21.36666 ], [ -157.772819, 21.366999 ], [ -157.772679, 21.367554 ], [ -157.772174, 21.367516 ], [ -157.771057, 21.36863 ], [ -157.769452, 21.369568 ], [ -157.76988, 21.369667 ], [ -157.770262, 21.369461 ], [ -157.770845, 21.369509 ], [ -157.7712, 21.370357 ], [ -157.771043, 21.370755 ], [ -157.77136, 21.370956 ], [ -157.771288, 21.371067 ], [ -157.770802, 21.370964 ], [ -157.770488, 21.371121 ], [ -157.770227, 21.371818 ], [ -157.771152, 21.372013 ], [ -157.771941, 21.371777 ], [ -157.772125, 21.372274 ], [ -157.771658, 21.372585 ], [ -157.771535, 21.37282 ], [ -157.771739, 21.373286 ], [ -157.771908, 21.373466 ], [ -157.773618, 21.373412 ], [ -157.773649, 21.373721 ], [ -157.772905, 21.374398 ], [ -157.773506, 21.374642 ], [ -157.773676, 21.375075 ], [ -157.77289, 21.374783 ], [ -157.772292, 21.374724 ], [ -157.771156, 21.374028 ], [ -157.77156, 21.37538 ], [ -157.769562, 21.375091 ], [ -157.769483, 21.375223 ], [ -157.769063, 21.375144 ], [ -157.768806, 21.374957 ], [ -157.766491, 21.374489 ], [ -157.766214, 21.3749 ], [ -157.76629, 21.375265 ], [ -157.765976, 21.376625 ], [ -157.765692, 21.377281 ], [ -157.764228, 21.377179 ], [ -157.76424, 21.377464 ], [ -157.763932, 21.377633 ], [ -157.762924, 21.378729 ] ] ], [ [ [ -157.7291, 21.389786 ], [ -157.729434, 21.390669 ], [ -157.728894, 21.391307 ], [ -157.728953, 21.391503 ], [ -157.729576, 21.39205 ], [ -157.729629, 21.39316 ], [ -157.729396, 21.393968 ], [ -157.728596, 21.394958 ], [ -157.726877, 21.396026 ], [ -157.726389, 21.396466 ], [ -157.724773, 21.397039 ], [ -157.72288, 21.395951 ], [ -157.722187, 21.395792 ], [ -157.721574, 21.395774 ], [ -157.720768, 21.396228 ], [ -157.720423, 21.396203 ], [ -157.719669, 21.395597 ], [ -157.718075, 21.39464 ], [ -157.716647, 21.393618 ], [ -157.715906, 21.392943 ], [ -157.713749, 21.390302 ], [ -157.712779, 21.389279 ], [ -157.71205, 21.388699 ], [ -157.711503, 21.388036 ], [ -157.71042, 21.385299 ], [ -157.709573, 21.384254 ], [ -157.70908, 21.383333 ], [ -157.708815, 21.382681 ], [ -157.708657, 21.381708 ], [ -157.708427, 21.381305 ], [ -157.707587, 21.380833 ], [ -157.706864, 21.380787 ], [ -157.706253, 21.380597 ], [ -157.70584, 21.37988 ], [ -157.70577, 21.377901 ], [ -157.7059, 21.376714 ], [ -157.7066, 21.374583 ], [ -157.707647, 21.372351 ], [ -157.70889, 21.368612 ], [ -157.70929, 21.367797 ], [ -157.709737, 21.365931 ], [ -157.709689, 21.364982 ], [ -157.70932, 21.364966 ], [ -157.709396, 21.364654 ], [ -157.709784, 21.364373 ], [ -157.709549, 21.363834 ], [ -157.709119, 21.360054 ], [ -157.708239, 21.357545 ], [ -157.708237, 21.357324 ], [ -157.708655, 21.356984 ], [ -157.708655, 21.356772 ], [ -157.708532, 21.356698 ], [ -157.708179, 21.35689 ], [ -157.708015, 21.35674 ], [ -157.707822, 21.35602 ], [ -157.707833, 21.355591 ], [ -157.707462, 21.35501 ], [ -157.707298, 21.354295 ], [ -157.706592, 21.352501 ], [ -157.705741, 21.350959 ], [ -157.705623, 21.350881 ], [ -157.705405, 21.350988 ], [ -157.705241, 21.350842 ], [ -157.705135, 21.35043 ], [ -157.7054, 21.350437 ], [ -157.7054, 21.350184 ], [ -157.704865, 21.348838 ], [ -157.703566, 21.346872 ], [ -157.701826, 21.345066 ], [ -157.700534, 21.343023 ], [ -157.699547, 21.341778 ], [ -157.697778, 21.338959 ], [ -157.696473, 21.336524 ], [ -157.695033, 21.334597 ], [ -157.694394, 21.33345 ], [ -157.692284, 21.331071 ], [ -157.691038, 21.329973 ], [ -157.689493, 21.328967 ], [ -157.688288, 21.328325 ], [ -157.684374, 21.326601 ], [ -157.684186, 21.326428 ], [ -157.683758, 21.326474 ], [ -157.683305, 21.326362 ], [ -157.68203, 21.325783 ], [ -157.681724, 21.325948 ], [ -157.680531, 21.325473 ], [ -157.679384, 21.325216 ], [ -157.678364, 21.324494 ], [ -157.677587, 21.32428 ], [ -157.676594, 21.323215 ], [ -157.675857, 21.322902 ], [ -157.676198, 21.322244 ], [ -157.682125, 21.325009 ], [ -157.682431, 21.324402 ], [ -157.686104, 21.326076 ], [ -157.686236, 21.325871 ], [ -157.688647, 21.325703 ], [ -157.688802, 21.325419 ], [ -157.689827, 21.325914 ], [ -157.690216, 21.325807 ], [ -157.690316, 21.324557 ], [ -157.697521, 21.323355 ], [ -157.701201, 21.323543 ], [ -157.700816, 21.324531 ], [ -157.699988, 21.32547 ], [ -157.69901, 21.327034 ], [ -157.698958, 21.328803 ], [ -157.699238, 21.329768 ], [ -157.698509, 21.330532 ], [ -157.698797, 21.332147 ], [ -157.699762, 21.332342 ], [ -157.700288, 21.333252 ], [ -157.700835, 21.333643 ], [ -157.703613, 21.337074 ], [ -157.7037, 21.337331 ], [ -157.724991, 21.344597 ], [ -157.725333, 21.344346 ], [ -157.725194, 21.344153 ], [ -157.725459, 21.344006 ], [ -157.725657, 21.344194 ], [ -157.725979, 21.34368 ], [ -157.726506, 21.344008 ], [ -157.725817, 21.344801 ], [ -157.727388, 21.345859 ], [ -157.728464, 21.347216 ], [ -157.729083, 21.349058 ], [ -157.729547, 21.352534 ], [ -157.729419, 21.353689 ], [ -157.729524, 21.35446 ], [ -157.73021, 21.355318 ], [ -157.730784, 21.357529 ], [ -157.730981, 21.357844 ], [ -157.732436, 21.357792 ], [ -157.732851, 21.358233 ], [ -157.732257, 21.358515 ], [ -157.730484, 21.358957 ], [ -157.729808, 21.359624 ], [ -157.729265, 21.359949 ], [ -157.727396, 21.360045 ], [ -157.726777, 21.360256 ], [ -157.725711, 21.361166 ], [ -157.727022, 21.36248 ], [ -157.727403, 21.362605 ], [ -157.728375, 21.362254 ], [ -157.728698, 21.362405 ], [ -157.728691, 21.363164 ], [ -157.72975, 21.363553 ], [ -157.730194, 21.364046 ], [ -157.729968, 21.364231 ], [ -157.729368, 21.364319 ], [ -157.729199, 21.364836 ], [ -157.728838, 21.365246 ], [ -157.728651, 21.365123 ], [ -157.728352, 21.364328 ], [ -157.727942, 21.364854 ], [ -157.727677, 21.364862 ], [ -157.727192, 21.363857 ], [ -157.72666, 21.363561 ], [ -157.726183, 21.363728 ], [ -157.725415, 21.364701 ], [ -157.725506, 21.365852 ], [ -157.72514, 21.366097 ], [ -157.724134, 21.366117 ], [ -157.723221, 21.365829 ], [ -157.722697, 21.365853 ], [ -157.722273, 21.365299 ], [ -157.722002, 21.365913 ], [ -157.721481, 21.366476 ], [ -157.720708, 21.366827 ], [ -157.719706, 21.367216 ], [ -157.718121, 21.366973 ], [ -157.717547, 21.367342 ], [ -157.717264, 21.368287 ], [ -157.717367, 21.368541 ], [ -157.718555, 21.369172 ], [ -157.718787, 21.36952 ], [ -157.718478, 21.369947 ], [ -157.718652, 21.371478 ], [ -157.71946, 21.372412 ], [ -157.719365, 21.37288 ], [ -157.718631, 21.373541 ], [ -157.7183, 21.374012 ], [ -157.718152, 21.37452 ], [ -157.718418, 21.374677 ], [ -157.718546, 21.375073 ], [ -157.718471, 21.375805 ], [ -157.71815, 21.376589 ], [ -157.71768, 21.377187 ], [ -157.717065, 21.377441 ], [ -157.716233, 21.377553 ], [ -157.713731, 21.377711 ], [ -157.713029, 21.377481 ], [ -157.710464, 21.37769 ], [ -157.708125, 21.378309 ], [ -157.707889, 21.378768 ], [ -157.706642, 21.379793 ], [ -157.706807, 21.379879 ], [ -157.707096, 21.379702 ], [ -157.707952, 21.379524 ], [ -157.708852, 21.379016 ], [ -157.709757, 21.379305 ], [ -157.70938, 21.380161 ], [ -157.710376, 21.380969 ], [ -157.710664, 21.381033 ], [ -157.710804, 21.381015 ], [ -157.711949, 21.379861 ], [ -157.712143, 21.380295 ], [ -157.712569, 21.380508 ], [ -157.712949, 21.380171 ], [ -157.7132, 21.380738 ], [ -157.714186, 21.380562 ], [ -157.714249, 21.380341 ], [ -157.714432, 21.380322 ], [ -157.714568, 21.380984 ], [ -157.714485, 21.381686 ], [ -157.714716, 21.381731 ], [ -157.714548, 21.382221 ], [ -157.714815, 21.382253 ], [ -157.71503, 21.382457 ], [ -157.715012, 21.383376 ], [ -157.714711, 21.383908 ], [ -157.714824, 21.384002 ], [ -157.714522, 21.384277 ], [ -157.713695, 21.384638 ], [ -157.713741, 21.385329 ], [ -157.713525, 21.386693 ], [ -157.714105, 21.387255 ], [ -157.715095, 21.386307 ], [ -157.716987, 21.387967 ], [ -157.716635, 21.388302 ], [ -157.717126, 21.388738 ], [ -157.716888, 21.388967 ], [ -157.717327, 21.389392 ], [ -157.717429, 21.389294 ], [ -157.717583, 21.389429 ], [ -157.717899, 21.38991 ], [ -157.718276, 21.389546 ], [ -157.718083, 21.388957 ], [ -157.717837, 21.388641 ], [ -157.717851, 21.387987 ], [ -157.718158, 21.387614 ], [ -157.718632, 21.386399 ], [ -157.719134, 21.386001 ], [ -157.719132, 21.38576 ], [ -157.719447, 21.385596 ], [ -157.719456, 21.385409 ], [ -157.719825, 21.385182 ], [ -157.719739, 21.384881 ], [ -157.720008, 21.38497 ], [ -157.72007, 21.384217 ], [ -157.720406, 21.383108 ], [ -157.720082, 21.38254 ], [ -157.720651, 21.382462 ], [ -157.721095, 21.381405 ], [ -157.721746, 21.38113 ], [ -157.722255, 21.381022 ], [ -157.722695, 21.381122 ], [ -157.723121, 21.38084 ], [ -157.7237, 21.380781 ], [ -157.724299, 21.381144 ], [ -157.724548, 21.381092 ], [ -157.724671, 21.381224 ], [ -157.725412, 21.380939 ], [ -157.724337, 21.380834 ], [ -157.724176, 21.380193 ], [ -157.722346, 21.37798 ], [ -157.721968, 21.378282 ], [ -157.721467, 21.378144 ], [ -157.721251, 21.377034 ], [ -157.72078, 21.376471 ], [ -157.720819, 21.376115 ], [ -157.719146, 21.37406 ], [ -157.719555, 21.373531 ], [ -157.720287, 21.373103 ], [ -157.720388, 21.372075 ], [ -157.720324, 21.371613 ], [ -157.719898, 21.371161 ], [ -157.720035, 21.370249 ], [ -157.71989, 21.369604 ], [ -157.720323, 21.368614 ], [ -157.720708, 21.368269 ], [ -157.721484, 21.36835 ], [ -157.721638, 21.368505 ], [ -157.72245, 21.368408 ], [ -157.722714, 21.368147 ], [ -157.723227, 21.368164 ], [ -157.72355, 21.367675 ], [ -157.724205, 21.367753 ], [ -157.724731, 21.367601 ], [ -157.725034, 21.367694 ], [ -157.725247, 21.367986 ], [ -157.726317, 21.367904 ], [ -157.726668, 21.367744 ], [ -157.727809, 21.368488 ], [ -157.727848, 21.36883 ], [ -157.728893, 21.368878 ], [ -157.729129, 21.369087 ], [ -157.729654, 21.3689 ], [ -157.73008, 21.368578 ], [ -157.730843, 21.369151 ], [ -157.730811, 21.368796 ], [ -157.730965, 21.36849 ], [ -157.731437, 21.368475 ], [ -157.731847, 21.368833 ], [ -157.73228, 21.370122 ], [ -157.732792, 21.370331 ], [ -157.733136, 21.369971 ], [ -157.733241, 21.369552 ], [ -157.73268, 21.368398 ], [ -157.732115, 21.367884 ], [ -157.732055, 21.367385 ], [ -157.73314, 21.36596 ], [ -157.732958, 21.365129 ], [ -157.733749, 21.3647 ], [ -157.734143, 21.364059 ], [ -157.733889, 21.363294 ], [ -157.732414, 21.363786 ], [ -157.732021, 21.363752 ], [ -157.731678, 21.363454 ], [ -157.731552, 21.363169 ], [ -157.731722, 21.362892 ], [ -157.732642, 21.362765 ], [ -157.733249, 21.362355 ], [ -157.733708, 21.3623 ], [ -157.733531, 21.361986 ], [ -157.733052, 21.361825 ], [ -157.732543, 21.361034 ], [ -157.732448, 21.36085 ], [ -157.732704, 21.360597 ], [ -157.733816, 21.359696 ], [ -157.734396, 21.359854 ], [ -157.736372, 21.359069 ], [ -157.736725, 21.359165 ], [ -157.738369, 21.360757 ], [ -157.740612, 21.361112 ], [ -157.740841, 21.361275 ], [ -157.740839, 21.36209 ], [ -157.74137, 21.36307 ], [ -157.741078, 21.364117 ], [ -157.741278, 21.364687 ], [ -157.741273, 21.365205 ], [ -157.741636, 21.365485 ], [ -157.742131, 21.365553 ], [ -157.742325, 21.365825 ], [ -157.742136, 21.367236 ], [ -157.742407, 21.368046 ], [ -157.74233, 21.368741 ], [ -157.74261, 21.370459 ], [ -157.742856, 21.370712 ], [ -157.743118, 21.370798 ], [ -157.744087, 21.370653 ], [ -157.744901, 21.371547 ], [ -157.745142, 21.372038 ], [ -157.745289, 21.37326 ], [ -157.745896, 21.374183 ], [ -157.746697, 21.374884 ], [ -157.746428, 21.375168 ], [ -157.748702, 21.376826 ], [ -157.750808, 21.37806 ], [ -157.751616, 21.375309 ], [ -157.752588, 21.375841 ], [ -157.753811, 21.373805 ], [ -157.754219, 21.373721 ], [ -157.754871, 21.37425 ], [ -157.755608, 21.37432 ], [ -157.755828, 21.374551 ], [ -157.757069, 21.374758 ], [ -157.757488, 21.375138 ], [ -157.757664, 21.37513 ], [ -157.758721, 21.375681 ], [ -157.758748, 21.376212 ], [ -157.758946, 21.37615 ], [ -157.75908, 21.376422 ], [ -157.759409, 21.376555 ], [ -157.759229, 21.377277 ], [ -157.758774, 21.377266 ], [ -157.758269, 21.377674 ], [ -157.758409, 21.377912 ], [ -157.758333, 21.37836 ], [ -157.758104, 21.378645 ], [ -157.758368, 21.378987 ], [ -157.76028, 21.377943 ], [ -157.760421, 21.378228 ], [ -157.760252, 21.379418 ], [ -157.759533, 21.381937 ], [ -157.759128, 21.381855 ], [ -157.758754, 21.382201 ], [ -157.758383, 21.382949 ], [ -157.758476, 21.383151 ], [ -157.757517, 21.383831 ], [ -157.757471, 21.383927 ], [ -157.757605, 21.384033 ], [ -157.756685, 21.385446 ], [ -157.75579, 21.386364 ], [ -157.755326, 21.387406 ], [ -157.75399, 21.387544 ], [ -157.752774, 21.387402 ], [ -157.752574, 21.387185 ], [ -157.752012, 21.387961 ], [ -157.751951, 21.388322 ], [ -157.751561, 21.388851 ], [ -157.750969, 21.388734 ], [ -157.750202, 21.388816 ], [ -157.749797, 21.389255 ], [ -157.749123, 21.388715 ], [ -157.748694, 21.389184 ], [ -157.748041, 21.390236 ], [ -157.746669, 21.389695 ], [ -157.746634, 21.389272 ], [ -157.746444, 21.389304 ], [ -157.746226, 21.388559 ], [ -157.745367, 21.387998 ], [ -157.745542, 21.387777 ], [ -157.744625, 21.387245 ], [ -157.74408, 21.386743 ], [ -157.744035, 21.386337 ], [ -157.744194, 21.385845 ], [ -157.744651, 21.385187 ], [ -157.74496, 21.384249 ], [ -157.745439, 21.383419 ], [ -157.745799, 21.382563 ], [ -157.745898, 21.381708 ], [ -157.74643, 21.380944 ], [ -157.746842, 21.3799 ], [ -157.74658, 21.377773 ], [ -157.745759, 21.376795 ], [ -157.745525, 21.378569 ], [ -157.745601, 21.379185 ], [ -157.745842, 21.379728 ], [ -157.745432, 21.381498 ], [ -157.743217, 21.386348 ], [ -157.740295, 21.38535 ], [ -157.739099, 21.386159 ], [ -157.741664, 21.389016 ], [ -157.742935, 21.389247 ], [ -157.744252, 21.39014 ], [ -157.745004, 21.390157 ], [ -157.745407, 21.390651 ], [ -157.745237, 21.391247 ], [ -157.745955, 21.392499 ], [ -157.746161, 21.392373 ], [ -157.74605, 21.392211 ], [ -157.746833, 21.39154 ], [ -157.747403, 21.391723 ], [ -157.74757, 21.391407 ], [ -157.749866, 21.392237 ], [ -157.746874, 21.393375 ], [ -157.746418, 21.393314 ], [ -157.745956, 21.392881 ], [ -157.745425, 21.393171 ], [ -157.746125, 21.393851 ], [ -157.746944, 21.393945 ], [ -157.748417, 21.393382 ], [ -157.74875, 21.394642 ], [ -157.751747, 21.397999 ], [ -157.755782, 21.40642 ], [ -157.75691, 21.407198 ], [ -157.75767, 21.406773 ], [ -157.757631, 21.406454 ], [ -157.75801, 21.406309 ], [ -157.75805, 21.406605 ], [ -157.760085, 21.405854 ], [ -157.761629, 21.405652 ], [ -157.761637, 21.4055 ], [ -157.762432, 21.405559 ], [ -157.762471, 21.405329 ], [ -157.760219, 21.405461 ], [ -157.761004, 21.405157 ], [ -157.764555, 21.404538 ], [ -157.766486, 21.403488 ], [ -157.76515, 21.399154 ], [ -157.764475, 21.39468 ], [ -157.764883, 21.394401 ], [ -157.764564, 21.393448 ], [ -157.764165, 21.393569 ], [ -157.764062, 21.393284 ], [ -157.763659, 21.392944 ], [ -157.762626, 21.392765 ], [ -157.762129, 21.392521 ], [ -157.761675, 21.38913 ], [ -157.762222, 21.387754 ], [ -157.762476, 21.387472 ], [ -157.762497, 21.385241 ], [ -157.763188, 21.383139 ], [ -157.763133, 21.382834 ], [ -157.763331, 21.38271 ], [ -157.764454, 21.379623 ], [ -157.765306, 21.378526 ], [ -157.765577, 21.378744 ], [ -157.765735, 21.378525 ], [ -157.765407, 21.378366 ], [ -157.765703, 21.377833 ], [ -157.765692, 21.377281 ], [ -157.769752, 21.378266 ], [ -157.768934, 21.381107 ], [ -157.765756, 21.380028 ], [ -157.763438, 21.386176 ], [ -157.763205, 21.387833 ], [ -157.763285, 21.389238 ], [ -157.763604, 21.390589 ], [ -157.764429, 21.393046 ], [ -157.765053, 21.393966 ], [ -157.765503, 21.394221 ], [ -157.766121, 21.394315 ], [ -157.76686, 21.394176 ], [ -157.76785, 21.39327 ], [ -157.768575, 21.392928 ], [ -157.769309, 21.392838 ], [ -157.769951, 21.392497 ], [ -157.770515, 21.391975 ], [ -157.770562, 21.390758 ], [ -157.770772, 21.390591 ], [ -157.771036, 21.390594 ], [ -157.771621, 21.39082 ], [ -157.772004, 21.390354 ], [ -157.7722, 21.390622 ], [ -157.77218, 21.391008 ], [ -157.771587, 21.392103 ], [ -157.771563, 21.392692 ], [ -157.77243, 21.393694 ], [ -157.772789, 21.394293 ], [ -157.77282, 21.394888 ], [ -157.772608, 21.395388 ], [ -157.772577, 21.396137 ], [ -157.772773, 21.396458 ], [ -157.772807, 21.397995 ], [ -157.7721, 21.399056 ], [ -157.772934, 21.40007 ], [ -157.772824, 21.400657 ], [ -157.772355, 21.401239 ], [ -157.771659, 21.399691 ], [ -157.770795, 21.399738 ], [ -157.770162, 21.400399 ], [ -157.769964, 21.401138 ], [ -157.769068, 21.402032 ], [ -157.768536, 21.402279 ], [ -157.768011, 21.402713 ], [ -157.767962, 21.40364 ], [ -157.767192, 21.404308 ], [ -157.765161, 21.404957 ], [ -157.764072, 21.405142 ], [ -157.763046, 21.405784 ], [ -157.760917, 21.406023 ], [ -157.7601, 21.406581 ], [ -157.759712, 21.407134 ], [ -157.759692, 21.407503 ], [ -157.760064, 21.407699 ], [ -157.760066, 21.407875 ], [ -157.759793, 21.408202 ], [ -157.758432, 21.409051 ], [ -157.757523, 21.409796 ], [ -157.756879, 21.410561 ], [ -157.756507, 21.411632 ], [ -157.75695, 21.412404 ], [ -157.756064, 21.414157 ], [ -157.755309, 21.41446 ], [ -157.755087, 21.414704 ], [ -157.754217, 21.414652 ], [ -157.753624, 21.41529 ], [ -157.75368, 21.41562 ], [ -157.754514, 21.416675 ], [ -157.754615, 21.417994 ], [ -157.755258, 21.418242 ], [ -157.755634, 21.419323 ], [ -157.755285, 21.419694 ], [ -157.754911, 21.41983 ], [ -157.75441, 21.419785 ], [ -157.753794, 21.419262 ], [ -157.753348, 21.419288 ], [ -157.752927, 21.419452 ], [ -157.752413, 21.419901 ], [ -157.751811, 21.420727 ], [ -157.751926, 21.421084 ], [ -157.752287, 21.421367 ], [ -157.75362, 21.421773 ], [ -157.753763, 21.422059 ], [ -157.753618, 21.422208 ], [ -157.752962, 21.422368 ], [ -157.752782, 21.422667 ], [ -157.752885, 21.422936 ], [ -157.752832, 21.42347 ], [ -157.753163, 21.424243 ], [ -157.754367, 21.425426 ], [ -157.757936, 21.42611 ], [ -157.75777, 21.426536 ], [ -157.757825, 21.426766 ], [ -157.758265, 21.427164 ], [ -157.759675, 21.427196 ], [ -157.761015, 21.426689 ], [ -157.760995, 21.425203 ], [ -157.76167, 21.423441 ], [ -157.761389, 21.422932 ], [ -157.760548, 21.422362 ], [ -157.760622, 21.422096 ], [ -157.761908, 21.42197 ], [ -157.762644, 21.420934 ], [ -157.76238, 21.421008 ], [ -157.762317, 21.420513 ], [ -157.762635, 21.42007 ], [ -157.762608, 21.419668 ], [ -157.762762, 21.419292 ], [ -157.76336, 21.418621 ], [ -157.763276, 21.418369 ], [ -157.762226, 21.418016 ], [ -157.761617, 21.418208 ], [ -157.760378, 21.417751 ], [ -157.760416, 21.417403 ], [ -157.761169, 21.416797 ], [ -157.761916, 21.416879 ], [ -157.762499, 21.415976 ], [ -157.762104, 21.415198 ], [ -157.761265, 21.41427 ], [ -157.761522, 21.413486 ], [ -157.76295, 21.413441 ], [ -157.76324, 21.413135 ], [ -157.763243, 21.412277 ], [ -157.763417, 21.412022 ], [ -157.763729, 21.412102 ], [ -157.763927, 21.412446 ], [ -157.764233, 21.41251 ], [ -157.764467, 21.411869 ], [ -157.76611, 21.411074 ], [ -157.768624, 21.412063 ], [ -157.768903, 21.411726 ], [ -157.768792, 21.411159 ], [ -157.768608, 21.411079 ], [ -157.768412, 21.410734 ], [ -157.768448, 21.410397 ], [ -157.767859, 21.410182 ], [ -157.767745, 21.40998 ], [ -157.767794, 21.409595 ], [ -157.767257, 21.409472 ], [ -157.767119, 21.409127 ], [ -157.767045, 21.408759 ], [ -157.767288, 21.408405 ], [ -157.767231, 21.408009 ], [ -157.767469, 21.407655 ], [ -157.76789, 21.407563 ], [ -157.768374, 21.407707 ], [ -157.768589, 21.408085 ], [ -157.768831, 21.408127 ], [ -157.769169, 21.407876 ], [ -157.769421, 21.407175 ], [ -157.769655, 21.407684 ], [ -157.770508, 21.407809 ], [ -157.770806, 21.407657 ], [ -157.770985, 21.407287 ], [ -157.770911, 21.406446 ], [ -157.771405, 21.406441 ], [ -157.771402, 21.406739 ], [ -157.772256, 21.40694 ], [ -157.772259, 21.406104 ], [ -157.772769, 21.40538 ], [ -157.773063, 21.405341 ], [ -157.773693, 21.40588 ], [ -157.774181, 21.406129 ], [ -157.774311, 21.406402 ], [ -157.773451, 21.406988 ], [ -157.773618, 21.407538 ], [ -157.774209, 21.407634 ], [ -157.774497, 21.407884 ], [ -157.774473, 21.408606 ], [ -157.775995, 21.408477 ], [ -157.7762, 21.407936 ], [ -157.77637, 21.407874 ], [ -157.776311, 21.407723 ], [ -157.776548, 21.407636 ], [ -157.776289, 21.407174 ], [ -157.775459, 21.406509 ], [ -157.775537, 21.405805 ], [ -157.776129, 21.406089 ], [ -157.776666, 21.40533 ], [ -157.778056, 21.40528 ], [ -157.778111, 21.407463 ], [ -157.778279, 21.408562 ], [ -157.778933, 21.408017 ], [ -157.779346, 21.407883 ], [ -157.779273, 21.407405 ], [ -157.77953, 21.407258 ], [ -157.779909, 21.407285 ], [ -157.780235, 21.407495 ], [ -157.781083, 21.406383 ], [ -157.780682, 21.405941 ], [ -157.780797, 21.405659 ], [ -157.781526, 21.405663 ], [ -157.78252, 21.405158 ], [ -157.783625, 21.40511 ], [ -157.783743, 21.405009 ], [ -157.783673, 21.404647 ], [ -157.783217, 21.404542 ], [ -157.782909, 21.403717 ], [ -157.783463, 21.402569 ], [ -157.781657, 21.402694 ], [ -157.781674, 21.401572 ], [ -157.782414, 21.401578 ], [ -157.782522, 21.400896 ], [ -157.782373, 21.400596 ], [ -157.782626, 21.399653 ], [ -157.784531, 21.39967 ], [ -157.784566, 21.398523 ], [ -157.784747, 21.398223 ], [ -157.784728, 21.39792 ], [ -157.784914, 21.397698 ], [ -157.785629, 21.39742 ], [ -157.786271, 21.397321 ], [ -157.786193, 21.396668 ], [ -157.785734, 21.396286 ], [ -157.785957, 21.395836 ], [ -157.786101, 21.395901 ], [ -157.786407, 21.395406 ], [ -157.786813, 21.395626 ], [ -157.787003, 21.396021 ], [ -157.787518, 21.39644 ], [ -157.787682, 21.396398 ], [ -157.788138, 21.395885 ], [ -157.788034, 21.395608 ], [ -157.788298, 21.395174 ], [ -157.78864, 21.39497 ], [ -157.789099, 21.39513 ], [ -157.789118, 21.3948 ], [ -157.788958, 21.394002 ], [ -157.788581, 21.393407 ], [ -157.788018, 21.392928 ], [ -157.787056, 21.392507 ], [ -157.786384, 21.391528 ], [ -157.785853, 21.391271 ], [ -157.785684, 21.390978 ], [ -157.784982, 21.39059 ], [ -157.784584, 21.39018 ], [ -157.784002, 21.389209 ], [ -157.783933, 21.388748 ], [ -157.784093, 21.388189 ], [ -157.784465, 21.387755 ], [ -157.785295, 21.3874 ], [ -157.786138, 21.387529 ], [ -157.786684, 21.387013 ], [ -157.788641, 21.388178 ], [ -157.789548, 21.386298 ], [ -157.792502, 21.386314 ], [ -157.79282, 21.386627 ], [ -157.798295, 21.386669 ], [ -157.798392, 21.38665 ], [ -157.798315, 21.386353 ], [ -157.798664, 21.386416 ], [ -157.798704, 21.386581 ], [ -157.801794, 21.385882 ], [ -157.802043, 21.38633 ], [ -157.802038, 21.38708 ], [ -157.803021, 21.38726 ], [ -157.803073, 21.387365 ], [ -157.80302, 21.387735 ], [ -157.802526, 21.388065 ], [ -157.802115, 21.388621 ], [ -157.802249, 21.388798 ], [ -157.802932, 21.389051 ], [ -157.803255, 21.38932 ], [ -157.802791, 21.389738 ], [ -157.80262, 21.390065 ], [ -157.802602, 21.390636 ], [ -157.802743, 21.390944 ], [ -157.802931, 21.391188 ], [ -157.804448, 21.391998 ], [ -157.804635, 21.392356 ], [ -157.804621, 21.392688 ], [ -157.805816, 21.393733 ], [ -157.809083, 21.397939 ], [ -157.809492, 21.398096 ], [ -157.809374, 21.398325 ], [ -157.809783, 21.399006 ], [ -157.813006, 21.398623 ], [ -157.812813, 21.399863 ], [ -157.81436, 21.401229 ], [ -157.81279, 21.401929 ], [ -157.811513, 21.402771 ], [ -157.811908, 21.403068 ], [ -157.81326, 21.402505 ], [ -157.813249, 21.402704 ], [ -157.812842, 21.403106 ], [ -157.813642, 21.404169 ], [ -157.816177, 21.402523 ], [ -157.8191, 21.403757 ], [ -157.821551, 21.407095 ], [ -157.823932, 21.410068 ], [ -157.822162, 21.412474 ], [ -157.823826, 21.414137 ], [ -157.825897, 21.415102 ], [ -157.825788, 21.415556 ], [ -157.825698, 21.418919 ], [ -157.826673, 21.419346 ], [ -157.82677, 21.419929 ], [ -157.827454, 21.420289 ], [ -157.827343, 21.420572 ], [ -157.827443, 21.420813 ], [ -157.82692, 21.421154 ], [ -157.826425, 21.420883 ], [ -157.824383, 21.421728 ], [ -157.822881, 21.422513 ], [ -157.822241, 21.423109 ], [ -157.821724, 21.42318 ], [ -157.821144, 21.423037 ], [ -157.820644, 21.423593 ], [ -157.819459, 21.422745 ], [ -157.818057, 21.422464 ], [ -157.818247, 21.423084 ], [ -157.817479, 21.423242 ], [ -157.821646, 21.429717 ], [ -157.821536, 21.430854 ], [ -157.821155, 21.431396 ], [ -157.820631, 21.431759 ], [ -157.819815, 21.432079 ], [ -157.819579, 21.432381 ], [ -157.81939, 21.433613 ], [ -157.818936, 21.434382 ], [ -157.818515, 21.43481 ], [ -157.817567, 21.434801 ], [ -157.817054, 21.435004 ], [ -157.816761, 21.43539 ], [ -157.816762, 21.436751 ], [ -157.817063, 21.438106 ], [ -157.816831, 21.438226 ], [ -157.815456, 21.438138 ], [ -157.814116, 21.438252 ], [ -157.813406, 21.438139 ], [ -157.812728, 21.438346 ], [ -157.811962, 21.438301 ], [ -157.810902, 21.439402 ], [ -157.810731, 21.440187 ], [ -157.810151, 21.44086 ], [ -157.810235, 21.441238 ], [ -157.810398, 21.441362 ], [ -157.811417, 21.440592 ], [ -157.813728, 21.440657 ], [ -157.814709, 21.440544 ], [ -157.816445, 21.439948 ], [ -157.81712, 21.440139 ], [ -157.817705, 21.441036 ], [ -157.817926, 21.441627 ], [ -157.817598, 21.441975 ], [ -157.816551, 21.442353 ], [ -157.816495, 21.442691 ], [ -157.816611, 21.443918 ], [ -157.816455, 21.444874 ], [ -157.816468, 21.445739 ], [ -157.817356, 21.447253 ], [ -157.817545, 21.447789 ], [ -157.81698, 21.448632 ], [ -157.816747, 21.449232 ], [ -157.815685, 21.44944 ], [ -157.815409, 21.450272 ], [ -157.815749, 21.451505 ], [ -157.816767, 21.453309 ], [ -157.818065, 21.452644 ], [ -157.818168, 21.452758 ], [ -157.818652, 21.452511 ], [ -157.818487, 21.451992 ], [ -157.81885, 21.451907 ], [ -157.818627, 21.451433 ], [ -157.822049, 21.450632 ], [ -157.824072, 21.450454 ], [ -157.826009, 21.451705 ], [ -157.826367, 21.451703 ], [ -157.826474, 21.451475 ], [ -157.827053, 21.451519 ], [ -157.827477, 21.450998 ], [ -157.828756, 21.45235 ], [ -157.82878, 21.453435 ], [ -157.828534, 21.454272 ], [ -157.832182, 21.455401 ], [ -157.832573, 21.455735 ], [ -157.835017, 21.456017 ], [ -157.835153, 21.45553 ], [ -157.832593, 21.452191 ], [ -157.83215, 21.451374 ], [ -157.832127, 21.450581 ], [ -157.83042, 21.448009 ], [ -157.830095, 21.446896 ], [ -157.829458, 21.446116 ], [ -157.829473, 21.44514 ], [ -157.826147, 21.444186 ], [ -157.82417, 21.442712 ], [ -157.824384, 21.44215 ], [ -157.825162, 21.441473 ], [ -157.826279, 21.441331 ], [ -157.827066, 21.44054 ], [ -157.828945, 21.439403 ], [ -157.829228, 21.439465 ], [ -157.829472, 21.439795 ], [ -157.829623, 21.439822 ], [ -157.82993, 21.439306 ], [ -157.82882, 21.438628 ], [ -157.827772, 21.439178 ], [ -157.827308, 21.439253 ], [ -157.826819, 21.439781 ], [ -157.826381, 21.43996 ], [ -157.826113, 21.439249 ], [ -157.825836, 21.43925 ], [ -157.82532, 21.439667 ], [ -157.82478, 21.440736 ], [ -157.823757, 21.441407 ], [ -157.823276, 21.441455 ], [ -157.82312, 21.441072 ], [ -157.823161, 21.44079 ], [ -157.823367, 21.440532 ], [ -157.823419, 21.439645 ], [ -157.822648, 21.4395 ], [ -157.822996, 21.438975 ], [ -157.823524, 21.438628 ], [ -157.823333, 21.438506 ], [ -157.822501, 21.438671 ], [ -157.822193, 21.438346 ], [ -157.8221, 21.437372 ], [ -157.822595, 21.436856 ], [ -157.822764, 21.436473 ], [ -157.823262, 21.434523 ], [ -157.82385, 21.433938 ], [ -157.823618, 21.433364 ], [ -157.823777, 21.433097 ], [ -157.824408, 21.433134 ], [ -157.824677, 21.432764 ], [ -157.825051, 21.432873 ], [ -157.825202, 21.433322 ], [ -157.825366, 21.433264 ], [ -157.825723, 21.433477 ], [ -157.826208, 21.432536 ], [ -157.826608, 21.432451 ], [ -157.827146, 21.432066 ], [ -157.827142, 21.431317 ], [ -157.827275, 21.430999 ], [ -157.827699, 21.430931 ], [ -157.829245, 21.430316 ], [ -157.829967, 21.430185 ], [ -157.8301, 21.430034 ], [ -157.830179, 21.429641 ], [ -157.830412, 21.429284 ], [ -157.83034, 21.428933 ], [ -157.829548, 21.428298 ], [ -157.829541, 21.427213 ], [ -157.828971, 21.42729 ], [ -157.828927, 21.427132 ], [ -157.829248, 21.426734 ], [ -157.829106, 21.426484 ], [ -157.828451, 21.426375 ], [ -157.828364, 21.426184 ], [ -157.828586, 21.42586 ], [ -157.828361, 21.425545 ], [ -157.828069, 21.425413 ], [ -157.828101, 21.42523 ], [ -157.828287, 21.425089 ], [ -157.829044, 21.425234 ], [ -157.83023, 21.425127 ], [ -157.830715, 21.425433 ], [ -157.831297, 21.425431 ], [ -157.831808, 21.426424 ], [ -157.832265, 21.426531 ], [ -157.832826, 21.426343 ], [ -157.833391, 21.42636 ], [ -157.83392, 21.426542 ], [ -157.834453, 21.426427 ], [ -157.835169, 21.425889 ], [ -157.835689, 21.425115 ], [ -157.836538, 21.425602 ], [ -157.836243, 21.426036 ], [ -157.836332, 21.427796 ], [ -157.836264, 21.42975 ], [ -157.836363, 21.430126 ], [ -157.836767, 21.430552 ], [ -157.837168, 21.430683 ], [ -157.837761, 21.430603 ], [ -157.838688, 21.429899 ], [ -157.83969, 21.429554 ], [ -157.841651, 21.42853 ], [ -157.842555, 21.429051 ], [ -157.841491, 21.430273 ], [ -157.841086, 21.431321 ], [ -157.840261, 21.431985 ], [ -157.839242, 21.433109 ], [ -157.839445, 21.434235 ], [ -157.838963, 21.435264 ], [ -157.839322, 21.436287 ], [ -157.839667, 21.436456 ], [ -157.839953, 21.437415 ], [ -157.840321, 21.437777 ], [ -157.841645, 21.437508 ], [ -157.842633, 21.437158 ], [ -157.843524, 21.43562 ], [ -157.843091, 21.434955 ], [ -157.843137, 21.43387 ], [ -157.843855, 21.434093 ], [ -157.844074, 21.433933 ], [ -157.844386, 21.432896 ], [ -157.844649, 21.432793 ], [ -157.84475, 21.433049 ], [ -157.84582, 21.433011 ], [ -157.845808, 21.43348 ], [ -157.846254, 21.433156 ], [ -157.846536, 21.433219 ], [ -157.8468, 21.432731 ], [ -157.847814, 21.433141 ], [ -157.847724, 21.434343 ], [ -157.84834, 21.435995 ], [ -157.851502, 21.436028 ], [ -157.85246, 21.435623 ], [ -157.853038, 21.436596 ], [ -157.852019, 21.437477 ], [ -157.850863, 21.437984 ], [ -157.850648, 21.437979 ], [ -157.850582, 21.438385 ], [ -157.852022, 21.438873 ], [ -157.851373, 21.440184 ], [ -157.849792, 21.439728 ], [ -157.849265, 21.439904 ], [ -157.848389, 21.437908 ], [ -157.847099, 21.438299 ], [ -157.847378, 21.439978 ], [ -157.847042, 21.43998 ], [ -157.847127, 21.440274 ], [ -157.846179, 21.440657 ], [ -157.846046, 21.440069 ], [ -157.845138, 21.440422 ], [ -157.844647, 21.441056 ], [ -157.843921, 21.442423 ], [ -157.845803, 21.441226 ], [ -157.846272, 21.441044 ], [ -157.847325, 21.441138 ], [ -157.848009, 21.441502 ], [ -157.847186, 21.442062 ], [ -157.846843, 21.442127 ], [ -157.846975, 21.442239 ], [ -157.846967, 21.442592 ], [ -157.847288, 21.44268 ], [ -157.846385, 21.442874 ], [ -157.847546, 21.443191 ], [ -157.84749, 21.443393 ], [ -157.847043, 21.443726 ], [ -157.846598, 21.443771 ], [ -157.846521, 21.444353 ], [ -157.846331, 21.444477 ], [ -157.846236, 21.444795 ], [ -157.845651, 21.444888 ], [ -157.845694, 21.444975 ], [ -157.846306, 21.444936 ], [ -157.846558, 21.444662 ], [ -157.846352, 21.445296 ], [ -157.846443, 21.445405 ], [ -157.847139, 21.445565 ], [ -157.847019, 21.446029 ], [ -157.848012, 21.446025 ], [ -157.848251, 21.446117 ], [ -157.848199, 21.446487 ], [ -157.848356, 21.447029 ], [ -157.847828, 21.447596 ], [ -157.847668, 21.448097 ], [ -157.847726, 21.449138 ], [ -157.847898, 21.449164 ], [ -157.848364, 21.448771 ], [ -157.848828, 21.448737 ], [ -157.849319, 21.44853 ], [ -157.849828, 21.448589 ], [ -157.85015, 21.448913 ], [ -157.851577, 21.449202 ], [ -157.851953, 21.448046 ], [ -157.851086, 21.44697 ], [ -157.850857, 21.446317 ], [ -157.857004, 21.445547 ], [ -157.857991, 21.447807 ], [ -157.857903, 21.448353 ], [ -157.859089, 21.449713 ], [ -157.859684, 21.449472 ], [ -157.860396, 21.4511 ], [ -157.858124, 21.454274 ], [ -157.856657, 21.454273 ], [ -157.856129, 21.453049 ], [ -157.855754, 21.452783 ], [ -157.854278, 21.453397 ], [ -157.853759, 21.454249 ], [ -157.85392, 21.455051 ], [ -157.854403, 21.455382 ], [ -157.855261, 21.454849 ], [ -157.855771, 21.455003 ], [ -157.855972, 21.45609 ], [ -157.856272, 21.456553 ], [ -157.856868, 21.456855 ], [ -157.856541, 21.458084 ], [ -157.854581, 21.458319 ], [ -157.854114, 21.45884 ], [ -157.853648, 21.459129 ], [ -157.853504, 21.459478 ], [ -157.853812, 21.45975 ], [ -157.854427, 21.459738 ], [ -157.854755, 21.46037 ], [ -157.855391, 21.460044 ], [ -157.855596, 21.460392 ], [ -157.856009, 21.460401 ], [ -157.856384, 21.460014 ], [ -157.857514, 21.45943 ], [ -157.858117, 21.459535 ], [ -157.859524, 21.459237 ], [ -157.86047, 21.458061 ], [ -157.860607, 21.458032 ], [ -157.861405, 21.459238 ], [ -157.861361, 21.459355 ], [ -157.861473, 21.459342 ], [ -157.862447, 21.460813 ], [ -157.861247, 21.461451 ], [ -157.859859, 21.461242 ], [ -157.859704, 21.461448 ], [ -157.86013, 21.462036 ], [ -157.859523, 21.463106 ], [ -157.859679, 21.463504 ], [ -157.859997, 21.463482 ], [ -157.86029, 21.463657 ], [ -157.862115, 21.463594 ], [ -157.863183, 21.464001 ], [ -157.86285, 21.466333 ], [ -157.861891, 21.466204 ], [ -157.861581, 21.466293 ], [ -157.861581, 21.466542 ], [ -157.86139, 21.466667 ], [ -157.86032, 21.46655 ], [ -157.859054, 21.466019 ], [ -157.858062, 21.465961 ], [ -157.857293, 21.466092 ], [ -157.857517, 21.466639 ], [ -157.85683, 21.466708 ], [ -157.856646, 21.466899 ], [ -157.856899, 21.467098 ], [ -157.857378, 21.467198 ], [ -157.858051, 21.467532 ], [ -157.858506, 21.467595 ], [ -157.859126, 21.467901 ], [ -157.859221, 21.468203 ], [ -157.85975, 21.468672 ], [ -157.85915, 21.468965 ], [ -157.858864, 21.468855 ], [ -157.858655, 21.469018 ], [ -157.85886, 21.469935 ], [ -157.856734, 21.469272 ], [ -157.856245, 21.469508 ], [ -157.856272, 21.469893 ], [ -157.855451, 21.470306 ], [ -157.854739, 21.471153 ], [ -157.853804, 21.4704 ], [ -157.853245, 21.470179 ], [ -157.852009, 21.470022 ], [ -157.851181, 21.469576 ], [ -157.85064, 21.469647 ], [ -157.849131, 21.468737 ], [ -157.848754, 21.468973 ], [ -157.84943, 21.469994 ], [ -157.84959, 21.471739 ], [ -157.849794, 21.472572 ], [ -157.847117, 21.472396 ], [ -157.846305, 21.472497 ], [ -157.847054, 21.473426 ], [ -157.84667, 21.474446 ], [ -157.846467, 21.474355 ], [ -157.845885, 21.47534 ], [ -157.845399, 21.475841 ], [ -157.845102, 21.475844 ], [ -157.844572, 21.475596 ], [ -157.843544, 21.475934 ], [ -157.842229, 21.475342 ], [ -157.842457, 21.474967 ], [ -157.84311, 21.474438 ], [ -157.84314, 21.472871 ], [ -157.843381, 21.472552 ], [ -157.844339, 21.47189 ], [ -157.844346, 21.470874 ], [ -157.844245, 21.470354 ], [ -157.843316, 21.468053 ], [ -157.842611, 21.467511 ], [ -157.842251, 21.466447 ], [ -157.842298, 21.466004 ], [ -157.843023, 21.464889 ], [ -157.842946, 21.464071 ], [ -157.842622, 21.463346 ], [ -157.841816, 21.462595 ], [ -157.841381, 21.461382 ], [ -157.840793, 21.460492 ], [ -157.840551, 21.460233 ], [ -157.840063, 21.460008 ], [ -157.839704, 21.460096 ], [ -157.839286, 21.460446 ], [ -157.839028, 21.460475 ], [ -157.838934, 21.459892 ], [ -157.838546, 21.460048 ], [ -157.83824, 21.459707 ], [ -157.837852, 21.459627 ], [ -157.837922, 21.459113 ], [ -157.837839, 21.458787 ], [ -157.837304, 21.458137 ], [ -157.836592, 21.45769 ], [ -157.834869, 21.457587 ], [ -157.834563, 21.45777 ], [ -157.834252, 21.458179 ], [ -157.834257, 21.458857 ], [ -157.833987, 21.459925 ], [ -157.83418, 21.460555 ], [ -157.834721, 21.461006 ], [ -157.834033, 21.460883 ], [ -157.833804, 21.460981 ], [ -157.833645, 21.461359 ], [ -157.833739, 21.461789 ], [ -157.833486, 21.462031 ], [ -157.832764, 21.462324 ], [ -157.8329, 21.462538 ], [ -157.832632, 21.462635 ], [ -157.832661, 21.462495 ], [ -157.832328, 21.461978 ], [ -157.832403, 21.461396 ], [ -157.831922, 21.459595 ], [ -157.831222, 21.457941 ], [ -157.830898, 21.457591 ], [ -157.830634, 21.457481 ], [ -157.830122, 21.457934 ], [ -157.829881, 21.457941 ], [ -157.829622, 21.457795 ], [ -157.829016, 21.456697 ], [ -157.827346, 21.456392 ], [ -157.826923, 21.456095 ], [ -157.826506, 21.456278 ], [ -157.826451, 21.456169 ], [ -157.826665, 21.456044 ], [ -157.826593, 21.45593 ], [ -157.826306, 21.456132 ], [ -157.826511, 21.455596 ], [ -157.826369, 21.455003 ], [ -157.825822, 21.454123 ], [ -157.824887, 21.453235 ], [ -157.823887, 21.45345 ], [ -157.82341, 21.453401 ], [ -157.823082, 21.453232 ], [ -157.822687, 21.452655 ], [ -157.822293, 21.452413 ], [ -157.820404, 21.452567 ], [ -157.819387, 21.452948 ], [ -157.818346, 21.453727 ], [ -157.817105, 21.454427 ], [ -157.816427, 21.454675 ], [ -157.815893, 21.454405 ], [ -157.81501, 21.452551 ], [ -157.814375, 21.450501 ], [ -157.814394, 21.448857 ], [ -157.813305, 21.446193 ], [ -157.811606, 21.442884 ], [ -157.809971, 21.44411 ], [ -157.810064, 21.444535 ], [ -157.809811, 21.44456 ], [ -157.809641, 21.443963 ], [ -157.810768, 21.44304 ], [ -157.810563, 21.442809 ], [ -157.809709, 21.443462 ], [ -157.809624, 21.443344 ], [ -157.810564, 21.442596 ], [ -157.810919, 21.442906 ], [ -157.811371, 21.442588 ], [ -157.81106, 21.44227 ], [ -157.809882, 21.441941 ], [ -157.809319, 21.442091 ], [ -157.809119, 21.442324 ], [ -157.80923, 21.442686 ], [ -157.808883, 21.442566 ], [ -157.808776, 21.442687 ], [ -157.808788, 21.443035 ], [ -157.807483, 21.442936 ], [ -157.807366, 21.442659 ], [ -157.807284, 21.442076 ], [ -157.807566, 21.441658 ], [ -157.808389, 21.441583 ], [ -157.808601, 21.441449 ], [ -157.808743, 21.440614 ], [ -157.80859, 21.439877 ], [ -157.809643, 21.439762 ], [ -157.810531, 21.438644 ], [ -157.811178, 21.43723 ], [ -157.811019, 21.437026 ], [ -157.810583, 21.437014 ], [ -157.810296, 21.436203 ], [ -157.809337, 21.434999 ], [ -157.807862, 21.432563 ], [ -157.80698, 21.431812 ], [ -157.806262, 21.431544 ], [ -157.80491, 21.430049 ], [ -157.804434, 21.429277 ], [ -157.804128, 21.42839 ], [ -157.80327, 21.427404 ], [ -157.803058, 21.426765 ], [ -157.802835, 21.426755 ], [ -157.802517, 21.426965 ], [ -157.80177, 21.426828 ], [ -157.801535, 21.42605 ], [ -157.800753, 21.425398 ], [ -157.800782, 21.425299 ], [ -157.79989, 21.424276 ], [ -157.799874, 21.424728 ], [ -157.799212, 21.42503 ], [ -157.79863, 21.424967 ], [ -157.798107, 21.425194 ], [ -157.79686, 21.42476 ], [ -157.79636, 21.424694 ], [ -157.795736, 21.424892 ], [ -157.794854, 21.425487 ], [ -157.794489, 21.426067 ], [ -157.795112, 21.428673 ], [ -157.795041, 21.428776 ], [ -157.794112, 21.428837 ], [ -157.792165, 21.428724 ], [ -157.791495, 21.428272 ], [ -157.791131, 21.427605 ], [ -157.791495, 21.426596 ], [ -157.791478, 21.426036 ], [ -157.791679, 21.425405 ], [ -157.791661, 21.425066 ], [ -157.791291, 21.424585 ], [ -157.79149, 21.424469 ], [ -157.791378, 21.424224 ], [ -157.789532, 21.424811 ], [ -157.788896, 21.42482 ], [ -157.788374, 21.424284 ], [ -157.788033, 21.423152 ], [ -157.788026, 21.422763 ], [ -157.788057, 21.422488 ], [ -157.788333, 21.422657 ], [ -157.78855, 21.422505 ], [ -157.788622, 21.42153 ], [ -157.789221, 21.420983 ], [ -157.789377, 21.420406 ], [ -157.789771, 21.420436 ], [ -157.790538, 21.419968 ], [ -157.790533, 21.41952 ], [ -157.789945, 21.419372 ], [ -157.789987, 21.419254 ], [ -157.789839, 21.419136 ], [ -157.789922, 21.418649 ], [ -157.790016, 21.418649 ], [ -157.789969, 21.419024 ], [ -157.79011, 21.419224 ], [ -157.790604, 21.419065 ], [ -157.790216, 21.418353 ], [ -157.789945, 21.418251 ], [ -157.79034, 21.418218 ], [ -157.79031, 21.418362 ], [ -157.790633, 21.418943 ], [ -157.791004, 21.418869 ], [ -157.791021, 21.418733 ], [ -157.791228, 21.418622 ], [ -157.791081, 21.41821 ], [ -157.790499, 21.418269 ], [ -157.790481, 21.418142 ], [ -157.791275, 21.418026 ], [ -157.791463, 21.41786 ], [ -157.79007, 21.418072 ], [ -157.789858, 21.417849 ], [ -157.789652, 21.417816 ], [ -157.78814, 21.417949 ], [ -157.787629, 21.417657 ], [ -157.787207, 21.416077 ], [ -157.787206, 21.415698 ], [ -157.786989, 21.415249 ], [ -157.787101, 21.414337 ], [ -157.785954, 21.413182 ], [ -157.784279, 21.412415 ], [ -157.784121, 21.412464 ], [ -157.783415, 21.412201 ], [ -157.783244, 21.411911 ], [ -157.782781, 21.411673 ], [ -157.783279, 21.411672 ], [ -157.784331, 21.411172 ], [ -157.783521, 21.409596 ], [ -157.782097, 21.410245 ], [ -157.781204, 21.410801 ], [ -157.781236, 21.411117 ], [ -157.781074, 21.411294 ], [ -157.780845, 21.41123 ], [ -157.780975, 21.410788 ], [ -157.780774, 21.410872 ], [ -157.780409, 21.411231 ], [ -157.780098, 21.411811 ], [ -157.780233, 21.411866 ], [ -157.780654, 21.411603 ], [ -157.780169, 21.412015 ], [ -157.779763, 21.411664 ], [ -157.778711, 21.411801 ], [ -157.776858, 21.411788 ], [ -157.775316, 21.41263 ], [ -157.774176, 21.412979 ], [ -157.773805, 21.412976 ], [ -157.772906, 21.412576 ], [ -157.773212, 21.411887 ], [ -157.77293, 21.41142 ], [ -157.772742, 21.411473 ], [ -157.772983, 21.412098 ], [ -157.772622, 21.412565 ], [ -157.771794, 21.412948 ], [ -157.771843, 21.413774 ], [ -157.771537, 21.414671 ], [ -157.771032, 21.414622 ], [ -157.769997, 21.414235 ], [ -157.769385, 21.414262 ], [ -157.769085, 21.414491 ], [ -157.768951, 21.415334 ], [ -157.768544, 21.41604 ], [ -157.767657, 21.416228 ], [ -157.766804, 21.415833 ], [ -157.767068, 21.416319 ], [ -157.766492, 21.416152 ], [ -157.766322, 21.416986 ], [ -157.766634, 21.418967 ], [ -157.76647, 21.419092 ], [ -157.765592, 21.419131 ], [ -157.765252, 21.419381 ], [ -157.7651, 21.419656 ], [ -157.76493, 21.420729 ], [ -157.764312, 21.421294 ], [ -157.764295, 21.421913 ], [ -157.764759, 21.423041 ], [ -157.765418, 21.423818 ], [ -157.765531, 21.424767 ], [ -157.765072, 21.425536 ], [ -157.76439, 21.42596 ], [ -157.764431, 21.426611 ], [ -157.764155, 21.427327 ], [ -157.764255, 21.427635 ], [ -157.764002, 21.427873 ], [ -157.763839, 21.42826 ], [ -157.762673, 21.428594 ], [ -157.761209, 21.428484 ], [ -157.761057, 21.428646 ], [ -157.761085, 21.429269 ], [ -157.760443, 21.427944 ], [ -157.758447, 21.428079 ], [ -157.754567, 21.427631 ], [ -157.754143, 21.428526 ], [ -157.737914, 21.428342 ], [ -157.73809, 21.426744 ], [ -157.738048, 21.425615 ], [ -157.738254, 21.42525 ], [ -157.738736, 21.424961 ], [ -157.739076, 21.424209 ], [ -157.739325, 21.424256 ], [ -157.739959, 21.424672 ], [ -157.740031, 21.425192 ], [ -157.740207, 21.425378 ], [ -157.741253, 21.425395 ], [ -157.741477, 21.425492 ], [ -157.742518, 21.424727 ], [ -157.743347, 21.423839 ], [ -157.743706, 21.422509 ], [ -157.743888, 21.422425 ], [ -157.744353, 21.422559 ], [ -157.744475, 21.422389 ], [ -157.744787, 21.420675 ], [ -157.744669, 21.420344 ], [ -157.744539, 21.418329 ], [ -157.743781, 21.416064 ], [ -157.74248, 21.411425 ], [ -157.741374, 21.408883 ], [ -157.739822, 21.406161 ], [ -157.739726, 21.405794 ], [ -157.737945, 21.403532 ], [ -157.73584, 21.401424 ], [ -157.734845, 21.400753 ], [ -157.733076, 21.399881 ], [ -157.732882, 21.399568 ], [ -157.729212, 21.398723 ], [ -157.727531, 21.398602 ], [ -157.72669, 21.39832 ], [ -157.726014, 21.397917 ], [ -157.726289, 21.3971 ], [ -157.728652, 21.395707 ], [ -157.729474, 21.395001 ], [ -157.730022, 21.39416 ], [ -157.730275, 21.393254 ], [ -157.730192, 21.391322 ], [ -157.729892, 21.389963 ], [ -157.729406, 21.389044 ], [ -157.728908, 21.388819 ], [ -157.728089, 21.387597 ], [ -157.727896, 21.38706 ], [ -157.727667, 21.384669 ], [ -157.728351, 21.382412 ], [ -157.728731, 21.382122 ], [ -157.730014, 21.38182 ], [ -157.730645, 21.381502 ], [ -157.73116, 21.380998 ], [ -157.731637, 21.380224 ], [ -157.732037, 21.379906 ], [ -157.732523, 21.37974 ], [ -157.733179, 21.379773 ], [ -157.733552, 21.379968 ], [ -157.733862, 21.380332 ], [ -157.733989, 21.380861 ], [ -157.733864, 21.381353 ], [ -157.734175, 21.381532 ], [ -157.734368, 21.381837 ], [ -157.734397, 21.382704 ], [ -157.734253, 21.383475 ], [ -157.734378, 21.384201 ], [ -157.734909, 21.384401 ], [ -157.73504, 21.384935 ], [ -157.736117, 21.384871 ], [ -157.736348, 21.384634 ], [ -157.736499, 21.384189 ], [ -157.736836, 21.383846 ], [ -157.736921, 21.383941 ], [ -157.736975, 21.383866 ], [ -157.737172, 21.383383 ], [ -157.738357, 21.382707 ], [ -157.739638, 21.382216 ], [ -157.739394, 21.381725 ], [ -157.73936, 21.381354 ], [ -157.739552, 21.380818 ], [ -157.740603, 21.380384 ], [ -157.740408, 21.37977 ], [ -157.739978, 21.379773 ], [ -157.739676, 21.379545 ], [ -157.739704, 21.379314 ], [ -157.740271, 21.379066 ], [ -157.740227, 21.378764 ], [ -157.739579, 21.378704 ], [ -157.739548, 21.378401 ], [ -157.740026, 21.378138 ], [ -157.739944, 21.377485 ], [ -157.739527, 21.377488 ], [ -157.739208, 21.377331 ], [ -157.739227, 21.377012 ], [ -157.739719, 21.376738 ], [ -157.739424, 21.374732 ], [ -157.738962, 21.374519 ], [ -157.73845, 21.372907 ], [ -157.737883, 21.373209 ], [ -157.737486, 21.372363 ], [ -157.737374, 21.372427 ], [ -157.737323, 21.372766 ], [ -157.737424, 21.373613 ], [ -157.737609, 21.373601 ], [ -157.737734, 21.374094 ], [ -157.737999, 21.374391 ], [ -157.73791, 21.37442 ], [ -157.738581, 21.375559 ], [ -157.738729, 21.376036 ], [ -157.73856, 21.376561 ], [ -157.737991, 21.377005 ], [ -157.737696, 21.377724 ], [ -157.738035, 21.378438 ], [ -157.738161, 21.379154 ], [ -157.738123, 21.379859 ], [ -157.737583, 21.381156 ], [ -157.737116, 21.381712 ], [ -157.736537, 21.381989 ], [ -157.735623, 21.381763 ], [ -157.73528, 21.381312 ], [ -157.735233, 21.380767 ], [ -157.735737, 21.379663 ], [ -157.735875, 21.378555 ], [ -157.735605, 21.378454 ], [ -157.735321, 21.379117 ], [ -157.734791, 21.379368 ], [ -157.734199, 21.379217 ], [ -157.7331, 21.378282 ], [ -157.732891, 21.378072 ], [ -157.732909, 21.377626 ], [ -157.732256, 21.377553 ], [ -157.731775, 21.377789 ], [ -157.731675, 21.378046 ], [ -157.73205, 21.378314 ], [ -157.732203, 21.378687 ], [ -157.732047, 21.379215 ], [ -157.731285, 21.379846 ], [ -157.73075, 21.380714 ], [ -157.730238, 21.38129 ], [ -157.729736, 21.381561 ], [ -157.72843, 21.381928 ], [ -157.728054, 21.382242 ], [ -157.727808, 21.382706 ], [ -157.727303, 21.384636 ], [ -157.727515, 21.386972 ], [ -157.727733, 21.387695 ], [ -157.728485, 21.388831 ], [ -157.7291, 21.389786 ] ], [ [ -157.73534, 21.365143 ], [ -157.735316, 21.364873 ], [ -157.735135, 21.364915 ], [ -157.735162, 21.365188 ], [ -157.73534, 21.365143 ] ], [ [ -157.83011, 21.457841 ], [ -157.830291, 21.457732 ], [ -157.830303, 21.457483 ], [ -157.83018, 21.457345 ], [ -157.829786, 21.457351 ], [ -157.829833, 21.457803 ], [ -157.83011, 21.457841 ] ], [ [ -157.840912, 21.449093 ], [ -157.841904, 21.449304 ], [ -157.842338, 21.449556 ], [ -157.842368, 21.449446 ], [ -157.843944, 21.44887 ], [ -157.84361, 21.448063 ], [ -157.843235, 21.447732 ], [ -157.842598, 21.447751 ], [ -157.842617, 21.44877 ], [ -157.841023, 21.448698 ], [ -157.840912, 21.449093 ] ] ], [ [ [ -157.754088, 21.456339 ], [ -157.753728, 21.456332 ], [ -157.753618, 21.456218 ], [ -157.753188, 21.456324 ], [ -157.75287, 21.456262 ], [ -157.752558, 21.455849 ], [ -157.752257, 21.455675 ], [ -157.750617, 21.455311 ], [ -157.749376, 21.454583 ], [ -157.746876, 21.453851 ], [ -157.743522, 21.453659 ], [ -157.742858, 21.453518 ], [ -157.741523, 21.453756 ], [ -157.740552, 21.454205 ], [ -157.739964, 21.454309 ], [ -157.739412, 21.455542 ], [ -157.7391, 21.455833 ], [ -157.738453, 21.455987 ], [ -157.737552, 21.455903 ], [ -157.736993, 21.456075 ], [ -157.736865, 21.456268 ], [ -157.736024, 21.456475 ], [ -157.734978, 21.454642 ], [ -157.734915, 21.45363 ], [ -157.734691, 21.453 ], [ -157.733761, 21.45226 ], [ -157.733023, 21.45204 ], [ -157.731766, 21.450928 ], [ -157.728025, 21.44893 ], [ -157.729666, 21.447199 ], [ -157.730709, 21.446937 ], [ -157.734689, 21.446292 ], [ -157.73602, 21.445449 ], [ -157.738394, 21.444223 ], [ -157.738349, 21.440278 ], [ -157.740011, 21.440264 ], [ -157.74035, 21.440574 ], [ -157.743487, 21.441631 ], [ -157.743428, 21.440371 ], [ -157.74372, 21.438459 ], [ -157.744299, 21.437322 ], [ -157.751375, 21.439165 ], [ -157.752291, 21.438661 ], [ -157.753406, 21.438599 ], [ -157.754264, 21.438047 ], [ -157.755169, 21.437786 ], [ -157.75589, 21.437204 ], [ -157.75675, 21.437534 ], [ -157.756832, 21.438231 ], [ -157.75708, 21.43855 ], [ -157.758484, 21.437756 ], [ -157.758767, 21.437751 ], [ -157.759356, 21.437221 ], [ -157.760152, 21.437262 ], [ -157.761147, 21.43791 ], [ -157.762562, 21.438585 ], [ -157.762601, 21.438838 ], [ -157.76211, 21.439832 ], [ -157.762381, 21.440069 ], [ -157.762559, 21.44003 ], [ -157.762806, 21.439711 ], [ -157.763771, 21.438097 ], [ -157.764127, 21.438122 ], [ -157.764316, 21.438354 ], [ -157.765372, 21.437616 ], [ -157.765407, 21.437725 ], [ -157.764332, 21.438471 ], [ -157.765012, 21.439249 ], [ -157.767259, 21.440399 ], [ -157.77225, 21.442667 ], [ -157.776774, 21.443364 ], [ -157.777155, 21.44376 ], [ -157.778055, 21.445338 ], [ -157.778549, 21.445983 ], [ -157.778472, 21.446588 ], [ -157.778042, 21.447172 ], [ -157.77676, 21.448368 ], [ -157.77656, 21.449072 ], [ -157.7766, 21.44956 ], [ -157.777271, 21.450021 ], [ -157.777588, 21.450461 ], [ -157.777576, 21.451003 ], [ -157.777329, 21.451715 ], [ -157.776875, 21.452312 ], [ -157.776152, 21.452862 ], [ -157.77431, 21.453666 ], [ -157.772956, 21.457211 ], [ -157.772544, 21.457289 ], [ -157.768781, 21.456435 ], [ -157.768247, 21.456454 ], [ -157.76804, 21.456755 ], [ -157.767829, 21.457801 ], [ -157.767154, 21.458356 ], [ -157.76643, 21.458685 ], [ -157.766665, 21.459075 ], [ -157.76606, 21.459558 ], [ -157.765684, 21.461163 ], [ -157.765196, 21.461815 ], [ -157.764796, 21.461983 ], [ -157.764479, 21.462356 ], [ -157.764038, 21.462456 ], [ -157.763525, 21.462873 ], [ -157.763214, 21.46283 ], [ -157.762913, 21.462258 ], [ -157.763113, 21.461948 ], [ -157.76349, 21.461775 ], [ -157.763701, 21.461483 ], [ -157.76383, 21.461091 ], [ -157.763795, 21.460657 ], [ -157.763501, 21.460041 ], [ -157.76293, 21.459445 ], [ -157.760418, 21.458207 ], [ -157.759647, 21.457989 ], [ -157.758853, 21.457924 ], [ -157.758123, 21.457467 ], [ -157.756341, 21.456921 ], [ -157.754453, 21.456586 ], [ -157.754088, 21.456339 ] ] ], [ [ [ -157.854913, 21.481174 ], [ -157.854958, 21.480882 ], [ -157.85526, 21.480931 ], [ -157.855212, 21.481218 ], [ -157.854913, 21.481174 ] ] ], [ [ [ -157.855513, 21.481158 ], [ -157.855582, 21.481446 ], [ -157.855278, 21.481507 ], [ -157.855218, 21.481218 ], [ -157.855513, 21.481158 ] ] ], [ [ [ -157.846188, 21.482256 ], [ -157.845657, 21.482214 ], [ -157.84506, 21.482352 ], [ -157.844995, 21.482461 ], [ -157.844855, 21.481715 ], [ -157.845846, 21.482065 ], [ -157.847065, 21.482161 ], [ -157.847454, 21.481688 ], [ -157.847912, 21.481909 ], [ -157.848371, 21.481964 ], [ -157.848566, 21.481936 ], [ -157.848995, 21.481602 ], [ -157.849404, 21.481988 ], [ -157.84982, 21.482176 ], [ -157.851971, 21.482335 ], [ -157.851996, 21.482138 ], [ -157.853489, 21.482063 ], [ -157.853844, 21.481855 ], [ -157.853892, 21.48238 ], [ -157.854151, 21.48247 ], [ -157.85455, 21.482174 ], [ -157.855696, 21.481918 ], [ -157.856021, 21.481733 ], [ -157.856326, 21.482121 ], [ -157.856405, 21.482915 ], [ -157.854991, 21.482852 ], [ -157.85467, 21.48317 ], [ -157.854134, 21.483374 ], [ -157.854214, 21.483909 ], [ -157.85287, 21.483925 ], [ -157.852863, 21.483848 ], [ -157.851727, 21.484199 ], [ -157.850952, 21.483607 ], [ -157.849266, 21.483544 ], [ -157.847545, 21.483054 ], [ -157.846698, 21.482608 ], [ -157.846523, 21.482823 ], [ -157.845999, 21.482472 ], [ -157.846188, 21.482256 ] ], [ [ -157.855984, 21.482604 ], [ -157.856014, 21.482894 ], [ -157.856327, 21.482861 ], [ -157.856305, 21.48268 ], [ -157.855984, 21.482604 ] ] ], [ [ [ -157.849194, 21.493005 ], [ -157.849234, 21.492543 ], [ -157.849619, 21.492418 ], [ -157.849639, 21.492197 ], [ -157.849901, 21.492041 ], [ -157.850459, 21.492104 ], [ -157.850547, 21.493679 ], [ -157.853592, 21.500748 ], [ -157.854802, 21.50268 ], [ -157.852412, 21.503335 ], [ -157.852428, 21.502896 ], [ -157.852234, 21.502443 ], [ -157.852063, 21.501331 ], [ -157.851386, 21.499334 ], [ -157.850595, 21.496262 ], [ -157.848952, 21.494001 ], [ -157.848476, 21.494002 ], [ -157.848024, 21.493836 ], [ -157.847147, 21.493044 ], [ -157.847011, 21.492682 ], [ -157.847064, 21.492235 ], [ -157.848186, 21.492906 ], [ -157.849413, 21.493192 ], [ -157.849194, 21.493005 ] ] ], [ [ [ -157.83661, 21.531828 ], [ -157.836227, 21.530764 ], [ -157.835086, 21.528935 ], [ -157.834539, 21.527486 ], [ -157.83431, 21.526441 ], [ -157.834598, 21.526073 ], [ -157.834756, 21.524557 ], [ -157.834734, 21.52275 ], [ -157.835092, 21.522373 ], [ -157.835334, 21.521083 ], [ -157.835375, 21.518048 ], [ -157.835845, 21.517753 ], [ -157.836254, 21.518091 ], [ -157.835914, 21.518787 ], [ -157.8352, 21.523455 ], [ -157.834945, 21.526326 ], [ -157.835812, 21.529171 ], [ -157.837719, 21.532347 ], [ -157.838071, 21.533218 ], [ -157.837698, 21.533391 ], [ -157.837304, 21.532542 ], [ -157.83661, 21.531828 ] ] ], [ [ [ -157.841987, 21.537579 ], [ -157.841769, 21.537611 ], [ -157.841706, 21.537467 ], [ -157.841353, 21.537548 ], [ -157.84141, 21.537757 ], [ -157.841056, 21.537892 ], [ -157.840669, 21.536834 ], [ -157.8413, 21.536602 ], [ -157.84147, 21.536734 ], [ -157.841705, 21.536642 ], [ -157.841869, 21.53688 ], [ -157.84182, 21.537083 ], [ -157.841987, 21.537579 ] ] ], [ [ [ -157.84113, 21.538196 ], [ -157.841519, 21.538187 ], [ -157.842043, 21.539737 ], [ -157.841607, 21.539833 ], [ -157.841361, 21.538978 ], [ -157.84113, 21.538196 ] ] ], [ [ [ -157.841964, 21.540121 ], [ -157.842062, 21.540392 ], [ -157.842238, 21.540431 ], [ -157.842822, 21.541816 ], [ -157.842803, 21.542014 ], [ -157.842997, 21.542109 ], [ -157.843192, 21.541956 ], [ -157.844423, 21.542541 ], [ -157.844236, 21.543096 ], [ -157.843468, 21.542739 ], [ -157.842409, 21.542039 ], [ -157.841693, 21.540159 ], [ -157.841964, 21.540121 ] ] ], [ [ [ -157.863703, 21.558593 ], [ -157.863855, 21.560071 ], [ -157.859044, 21.557989 ], [ -157.855719, 21.557108 ], [ -157.855555, 21.557727 ], [ -157.8548, 21.558038 ], [ -157.852981, 21.557235 ], [ -157.852227, 21.556765 ], [ -157.85059, 21.555064 ], [ -157.850373, 21.554575 ], [ -157.847512, 21.550779 ], [ -157.84684, 21.550264 ], [ -157.847318, 21.550033 ], [ -157.846562, 21.548596 ], [ -157.846567, 21.54792 ], [ -157.846793, 21.546777 ], [ -157.846645, 21.54595 ], [ -157.845948, 21.544653 ], [ -157.846191, 21.544429 ], [ -157.846491, 21.544436 ], [ -157.846342, 21.54404 ], [ -157.846532, 21.543627 ], [ -157.846678, 21.543662 ], [ -157.846671, 21.544019 ], [ -157.846846, 21.544097 ], [ -157.846929, 21.543988 ], [ -157.84734, 21.544151 ], [ -157.847354, 21.544486 ], [ -157.847613, 21.544536 ], [ -157.847623, 21.54484 ], [ -157.847352, 21.544888 ], [ -157.847843, 21.546173 ], [ -157.848443, 21.54622 ], [ -157.848299, 21.546599 ], [ -157.847917, 21.546647 ], [ -157.848255, 21.547831 ], [ -157.848276, 21.548289 ], [ -157.848658, 21.548351 ], [ -157.849146, 21.550798 ], [ -157.849667, 21.550404 ], [ -157.850011, 21.550753 ], [ -157.849687, 21.550927 ], [ -157.851494, 21.553233 ], [ -157.853288, 21.552174 ], [ -157.854786, 21.553484 ], [ -157.855369, 21.553437 ], [ -157.855947, 21.554029 ], [ -157.855854, 21.55438 ], [ -157.856402, 21.554911 ], [ -157.862542, 21.557013 ], [ -157.863703, 21.558593 ] ] ] ] } }
]
}
